<?xml version="1.0" encoding="UTF-8"?>
<Entities
 majorVersion="9"
 minorVersion="3"
 universal="password">
    <Mashups>
        <Mashup
         aspect.isFlex="true"
         aspect.isResponsive="true"
         aspect.mashupType="mashup"
         columns="0.0"
         description=""
         documentationContent=""
         homeMashup=""
         name="KBMultiMachineLossComparisonCollectionMashup"
         projectName="PTCDefaultProject"
         rows="0.0"
         tags="">
            <avatar></avatar>
            <DesignTimePermissions>
                <Create></Create>
                <Read></Read>
                <Update></Update>
                <Delete></Delete>
                <Metadata></Metadata>
            </DesignTimePermissions>
            <RunTimePermissions>
                <Permissions
                 resourceName="*">
                    <PropertyRead>
                        <Principal
                         isPermitted="true"
                         name="KBUserGroup"
                         type="Group"></Principal>
                    </PropertyRead>
                    <PropertyWrite></PropertyWrite>
                    <ServiceInvoke>
                        <Principal
                         isPermitted="true"
                         name="KBUserGroup"
                         type="Group"></Principal>
                    </ServiceInvoke>
                    <EventInvoke></EventInvoke>
                    <EventSubscribe></EventSubscribe>
                </Permissions>
            </RunTimePermissions>
            <VisibilityPermissions>
                <Visibility>
                    <Principal
                     isPermitted="true"
                     name="KBOrganization"
                     type="Organization"></Principal>
                </Visibility>
            </VisibilityPermissions>
            <ConfigurationTableDefinitions></ConfigurationTableDefinitions>
            <ConfigurationTables>
                <ConfigurationTable
                 dataShapeName=""
                 description="Mashup Mobile Settings"
                 isHidden="true"
                 isMultiRow="false"
                 name="MobileSettings"
                 ordinal="0">
                    <DataShape>
                        <FieldDefinitions>
                            <FieldDefinition
                             aspect.defaultValue="false"
                             aspect.friendlyName="Disable Zoom"
                             baseType="BOOLEAN"
                             description="Disables zooming in and out within the mashup"
                             name="disableZoom"
                             ordinal="0"></FieldDefinition>
                            <FieldDefinition
                             aspect.defaultValue="true"
                             aspect.friendlyName="Full Screen Mode"
                             baseType="BOOLEAN"
                             description="Open the mashup in full screen mode"
                             name="fullScreenMode"
                             ordinal="0"></FieldDefinition>
                            <FieldDefinition
                             aspect.friendlyName="Height"
                             baseType="STRING"
                             description="The height of the mashup page"
                             name="height"
                             ordinal="0"></FieldDefinition>
                            <FieldDefinition
                             aspect.defaultValue="device-height"
                             aspect.friendlyName="Height Type"
                             baseType="STRING"
                             description="Use the height of the device display, or a custom height (in px)"
                             name="heightType"
                             ordinal="0"></FieldDefinition>
                            <FieldDefinition
                             aspect.defaultValue="1.0"
                             aspect.friendlyName="Initial Scale"
                             baseType="NUMBER"
                             description="The initial zoom scale when the mashup is loaded for the first time"
                             name="initialScale"
                             ordinal="0"></FieldDefinition>
                            <FieldDefinition
                             aspect.friendlyName="Shortcut Icon Title"
                             baseType="STRING"
                             description="A title for the mashup shortcut on the iOS home screen"
                             name="iosShortcutIconTitle"
                             ordinal="0"></FieldDefinition>
                            <FieldDefinition
                             aspect.defaultValue="black-translucent"
                             aspect.friendlyName="Status Bar Appearance"
                             baseType="STRING"
                             description="The style of the iOS status bar"
                             name="iosStatusBarAppearance"
                             ordinal="0"></FieldDefinition>
                            <FieldDefinition
                             aspect.defaultValue="10.0"
                             aspect.friendlyName="Maximum Scale"
                             baseType="NUMBER"
                             description="The maximum scale that users can zoom out to"
                             name="maximumScale"
                             ordinal="0"></FieldDefinition>
                            <FieldDefinition
                             aspect.defaultValue="0.1"
                             aspect.friendlyName="Minimum Scale"
                             baseType="NUMBER"
                             description="The minimum scale that users can zoom out to"
                             name="minimumScale"
                             ordinal="0"></FieldDefinition>
                            <FieldDefinition
                             aspect.friendlyName="Width"
                             baseType="STRING"
                             description="The width of the mashup page"
                             name="width"
                             ordinal="0"></FieldDefinition>
                            <FieldDefinition
                             aspect.defaultValue="device-width"
                             aspect.friendlyName="Width Type"
                             baseType="STRING"
                             description="Use the width of the device display, or a custom width (in px)"
                             name="widthType"
                             ordinal="0"></FieldDefinition>
                        </FieldDefinitions>
                    </DataShape>
                    <Rows>
                        <Row>
                            <disableZoom>false</disableZoom>
                            <fullScreenMode>true</fullScreenMode>
                            <height>
                            <![CDATA[
                            device-height
                            ]]>
                            </height>
                            <heightType>
                            <![CDATA[
                            device-height
                            ]]>
                            </heightType>
                            <initialScale>1.0</initialScale>
                            <iosShortcutIconTitle></iosShortcutIconTitle>
                            <iosStatusBarAppearance>
                            <![CDATA[
                            black-translucent
                            ]]>
                            </iosStatusBarAppearance>
                            <maximumScale>10.0</maximumScale>
                            <minimumScale>0.1</minimumScale>
                            <width>
                            <![CDATA[
                            device-width
                            ]]>
                            </width>
                            <widthType>
                            <![CDATA[
                            device-width
                            ]]>
                            </widthType>
                        </Row>
                    </Rows>
                </ConfigurationTable>
            </ConfigurationTables>
            <ParameterDefinitions>
                <FieldDefinition
                 aspect.bindingDirection="BOTH"
                 aspect.isMandatory="false"
                 baseType="STRING"
                 description=""
                 name="DBKpiName"
                 ordinal="0"></FieldDefinition>
                <FieldDefinition
                 aspect.bindingDirection="IN"
                 aspect.isMandatory="false"
                 baseType="STRING"
                 description=""
                 name="Division"
                 ordinal="0"></FieldDefinition>
                <FieldDefinition
                 aspect.bindingDirection="IN"
                 aspect.isMandatory="false"
                 baseType="DATETIME"
                 description=""
                 name="EndDate"
                 ordinal="0"></FieldDefinition>
                <FieldDefinition
                 aspect.bindingDirection="IN"
                 aspect.isMandatory="false"
                 baseType="STRING"
                 description=""
                 name="Group"
                 ordinal="0"></FieldDefinition>
                <FieldDefinition
                 aspect.bindingDirection="IN"
                 aspect.isMandatory="false"
                 baseType="BOOLEAN"
                 description=""
                 name="HideProductiveState"
                 ordinal="0"></FieldDefinition>
                <FieldDefinition
                 aspect.bindingDirection="IN"
                 aspect.isMandatory="false"
                 baseType="BOOLEAN"
                 description=""
                 name="isLevel2True"
                 ordinal="0"></FieldDefinition>
                <FieldDefinition
                 aspect.bindingDirection="IN"
                 aspect.isMandatory="false"
                 baseType="STRING"
                 description=""
                 name="LevelTabSelection"
                 ordinal="0"></FieldDefinition>
                <FieldDefinition
                 aspect.bindingDirection="IN"
                 aspect.isMandatory="false"
                 baseType="STRING"
                 description=""
                 name="MashupSelectedName"
                 ordinal="0"></FieldDefinition>
                <FieldDefinition
                 aspect.bindingDirection="IN"
                 aspect.isMandatory="false"
                 baseType="BOOLEAN"
                 description=""
                 name="showAPO"
                 ordinal="0"></FieldDefinition>
                <FieldDefinition
                 aspect.bindingDirection="IN"
                 aspect.isMandatory="false"
                 baseType="BOOLEAN"
                 description=""
                 name="showKPI"
                 ordinal="0"></FieldDefinition>
                <FieldDefinition
                 aspect.bindingDirection="IN"
                 aspect.isMandatory="false"
                 baseType="DATETIME"
                 description=""
                 name="StartDate"
                 ordinal="0"></FieldDefinition>
                <FieldDefinition
                 aspect.bindingDirection="BOTH"
                 aspect.isMandatory="false"
                 baseType="STRING"
                 description=""
                 name="ThingName"
                 ordinal="0"></FieldDefinition>
                <FieldDefinition
                 aspect.bindingDirection="IN"
                 aspect.isMandatory="false"
                 baseType="INTEGER"
                 description=""
                 name="UID"
                 ordinal="0"></FieldDefinition>
            </ParameterDefinitions>
            <Things></Things>
            <ThingShapes></ThingShapes>
            <ThingTemplates></ThingTemplates>
            <mashupContent>
            <![CDATA[
            {
              "CustomMashupCss" : "",
              "Data" : {
                "Session" : {
                  "DataName" : "Session",
                  "EntityName" : "",
                  "EntityType" : "Session",
                  "Id" : "session",
                  "Services" : [ {
                    "APIMethod" : "post",
                    "Characteristic" : "Services",
                    "Id" : "SessionInterface",
                    "Name" : "GetGlobalSessionValues",
                    "Parameters" : { },
                    "RefreshInterval" : 0,
                    "Target" : "GetGlobalSessionValues"
                  } ]
                },
                "UserExtensions" : {
                  "DataName" : "UserExtensions",
                  "EntityName" : "",
                  "EntityType" : "UserExtensions",
                  "Id" : "UserExtensions",
                  "Services" : [ {
                    "APIMethod" : "post",
                    "Characteristic" : "Services",
                    "Id" : "UserExtensionInterface",
                    "Name" : "GetCurrentUserExtensionProperties",
                    "Parameters" : { },
                    "RefreshInterval" : 0,
                    "Target" : "GetCurrentUserExtensionProperties"
                  } ]
                }
              },
              "DataBindings" : [ {
                "Id" : "fb8140f0-767b-443c-8517-81c2e48aba1e",
                "PropertyMaps" : [ {
                  "SourceProperty" : "HideProductiveState",
                  "SourcePropertyBaseType" : "BOOLEAN",
                  "SourcePropertyType" : "property",
                  "TargetProperty" : "HideProductiveState",
                  "TargetPropertyBaseType" : "BOOLEAN",
                  "TargetPropertyType" : "property"
                } ],
                "SourceArea" : "Mashup",
                "SourceId" : "mashup-root",
                "SourceSection" : "",
                "TargetArea" : "UI",
                "TargetId" : "mashupcontainer-11",
                "TargetSection" : ""
              }, {
                "Id" : "6d950a62-cdd6-4d9e-b1f7-4de6718a93ce",
                "PropertyMaps" : [ {
                  "SourceProperty" : "EndDate",
                  "SourcePropertyBaseType" : "DATETIME",
                  "SourcePropertyType" : "property",
                  "TargetProperty" : "EndTime",
                  "TargetPropertyBaseType" : "DATETIME",
                  "TargetPropertyType" : "property"
                } ],
                "SourceArea" : "Mashup",
                "SourceId" : "mashup-root",
                "SourceSection" : "",
                "TargetArea" : "UI",
                "TargetId" : "mashupcontainer-11",
                "TargetSection" : ""
              }, {
                "Id" : "4f4a9a24-ac8c-46bc-96fc-01c9fa3c60c4",
                "PropertyMaps" : [ {
                  "SourceProperty" : "StartDate",
                  "SourcePropertyBaseType" : "DATETIME",
                  "SourcePropertyType" : "property",
                  "TargetProperty" : "StartTime",
                  "TargetPropertyBaseType" : "DATETIME",
                  "TargetPropertyType" : "property"
                } ],
                "SourceArea" : "Mashup",
                "SourceId" : "mashup-root",
                "SourceSection" : "",
                "TargetArea" : "UI",
                "TargetId" : "mashupcontainer-11",
                "TargetSection" : ""
              }, {
                "Id" : "48a87617-3084-443a-b041-fba745133fad",
                "PropertyMaps" : [ {
                  "SourceProperty" : "isLevel2True",
                  "SourcePropertyBaseType" : "BOOLEAN",
                  "SourcePropertyType" : "property",
                  "TargetProperty" : "isLevel2True",
                  "TargetPropertyBaseType" : "BOOLEAN",
                  "TargetPropertyType" : "property"
                } ],
                "SourceArea" : "Mashup",
                "SourceId" : "mashup-root",
                "SourceSection" : "",
                "TargetArea" : "UI",
                "TargetId" : "mashupcontainer-11",
                "TargetSection" : ""
              }, {
                "Id" : "099b0359-4635-486a-8878-97eb58149ee8",
                "PropertyMaps" : [ {
                  "SourceProperty" : "language",
                  "SourcePropertyBaseType" : "STRING",
                  "SourcePropertyType" : "Field",
                  "TargetProperty" : "Language",
                  "TargetPropertyBaseType" : "STRING",
                  "TargetPropertyType" : "property"
                } ],
                "SourceArea" : "UserExtensions",
                "SourceDetails" : "AllData",
                "SourceId" : "UserExtensions",
                "SourceSection" : "UserExtensions",
                "TargetArea" : "UI",
                "TargetId" : "mashupcontainer-11",
                "TargetSection" : ""
              }, {
                "Id" : "e76e767b-7cab-49db-afd5-66f6487810f0",
                "PropertyMaps" : [ {
                  "SourceProperty" : "LevelTabSelection",
                  "SourcePropertyBaseType" : "STRING",
                  "SourcePropertyType" : "property",
                  "TargetProperty" : "SelectedTabValue",
                  "TargetPropertyBaseType" : "STRING",
                  "TargetPropertyType" : "property"
                } ],
                "SourceArea" : "Mashup",
                "SourceId" : "mashup-root",
                "SourceSection" : "",
                "TargetArea" : "UI",
                "TargetId" : "mashupcontainer-11",
                "TargetSection" : ""
              }, {
                "Id" : "dc918c1c-b680-48aa-99a7-76b3cbf75a61",
                "PropertyMaps" : [ {
                  "SourceProperty" : "HideProductiveState",
                  "SourcePropertyBaseType" : "BOOLEAN",
                  "SourcePropertyType" : "property",
                  "TargetProperty" : "NoProduction",
                  "TargetPropertyBaseType" : "BOOLEAN",
                  "TargetPropertyType" : "property"
                } ],
                "SourceArea" : "Mashup",
                "SourceId" : "mashup-root",
                "SourceSection" : "",
                "TargetArea" : "UI",
                "TargetId" : "mashupcontainer-11",
                "TargetSection" : ""
              }, {
                "Id" : "bc8320f0-8d94-4936-98cc-80b81a09af45",
                "PropertyMaps" : [ {
                  "SourceProperty" : "Group",
                  "SourcePropertyBaseType" : "STRING",
                  "SourcePropertyType" : "property",
                  "TargetProperty" : "Group",
                  "TargetPropertyBaseType" : "STRING",
                  "TargetPropertyType" : "property"
                } ],
                "SourceArea" : "Mashup",
                "SourceId" : "mashup-root",
                "SourceSection" : "",
                "TargetArea" : "UI",
                "TargetId" : "mashupcontainer-11",
                "TargetSection" : ""
              }, {
                "Id" : "2a1770e5-23af-4003-b1b0-85b9a7096ddc",
                "PropertyMaps" : [ {
                  "SourceProperty" : "MashupSelectedName",
                  "SourcePropertyBaseType" : "STRING",
                  "SourcePropertyType" : "property",
                  "TargetProperty" : "Name",
                  "TargetPropertyBaseType" : "MASHUPNAME",
                  "TargetPropertyType" : "property"
                } ],
                "SourceArea" : "Mashup",
                "SourceId" : "mashup-root",
                "SourceSection" : "",
                "TargetArea" : "UI",
                "TargetId" : "mashupcontainer-11",
                "TargetSection" : ""
              }, {
                "Id" : "9928e6c1-b7cf-4b31-949f-1c229befb1bf",
                "PropertyMaps" : [ {
                  "SourceProperty" : "ThingName",
                  "SourcePropertyBaseType" : "STRING",
                  "SourcePropertyType" : "property",
                  "TargetProperty" : "Station",
                  "TargetPropertyBaseType" : "STRING",
                  "TargetPropertyType" : "property"
                } ],
                "SourceArea" : "Mashup",
                "SourceId" : "mashup-root",
                "SourceSection" : "",
                "TargetArea" : "UI",
                "TargetId" : "mashupcontainer-11",
                "TargetSection" : ""
              }, {
                "Id" : "f045a598-312e-4059-9bc9-356c72a55301",
                "PropertyMaps" : [ {
                  "SourceProperty" : "ThingName",
                  "SourcePropertyBaseType" : "STRING",
                  "SourcePropertyType" : "property",
                  "TargetProperty" : "Machine",
                  "TargetPropertyBaseType" : "STRING",
                  "TargetPropertyType" : "property"
                } ],
                "SourceArea" : "Mashup",
                "SourceId" : "mashup-root",
                "SourceSection" : "",
                "TargetArea" : "UI",
                "TargetId" : "mashupcontainer-11",
                "TargetSection" : ""
              }, {
                "Id" : "c9c790a1-2bc4-42cd-a4d0-01f57dd8cb71",
                "PropertyMaps" : [ {
                  "SourceProperty" : "DBKpiName",
                  "SourcePropertyBaseType" : "STRING",
                  "SourcePropertyType" : "property",
                  "TargetProperty" : "Machine1",
                  "TargetPropertyBaseType" : "STRING",
                  "TargetPropertyType" : "property"
                } ],
                "SourceArea" : "Mashup",
                "SourceId" : "mashup-root",
                "SourceSection" : "",
                "TargetArea" : "UI",
                "TargetId" : "mashupcontainer-11",
                "TargetSection" : ""
              }, {
                "Id" : "5eda00e6-c32b-4582-8b6c-df7f4e1705a2",
                "PropertyMaps" : [ {
                  "SourceProperty" : "ThingName",
                  "SourcePropertyBaseType" : "STRING",
                  "SourcePropertyType" : "property",
                  "TargetProperty" : "LabelText",
                  "TargetPropertyBaseType" : "STRING",
                  "TargetPropertyType" : "property"
                } ],
                "SourceArea" : "Mashup",
                "SourceId" : "mashup-root",
                "SourceSection" : "",
                "TargetArea" : "UI",
                "TargetId" : "ptcslabel-47",
                "TargetSection" : ""
              }, {
                "Id" : "ec15ab32-4249-4106-82df-466b3c1d09a9",
                "PropertyMaps" : [ {
                  "SourceProperty" : "EndDate",
                  "SourcePropertyBaseType" : "DATETIME",
                  "SourcePropertyType" : "property",
                  "TargetProperty" : "EndDate",
                  "TargetPropertyBaseType" : "DATETIME",
                  "TargetPropertyType" : "property"
                } ],
                "SourceArea" : "Mashup",
                "SourceId" : "mashup-root",
                "SourceSection" : "",
                "TargetArea" : "UI",
                "TargetId" : "mashupcontainer-49",
                "TargetSection" : ""
              }, {
                "Id" : "4be57cc9-c07f-4da3-94dc-6c1162c4bf6d",
                "PropertyMaps" : [ {
                  "SourceProperty" : "StartDate",
                  "SourcePropertyBaseType" : "DATETIME",
                  "SourcePropertyType" : "property",
                  "TargetProperty" : "StartDate",
                  "TargetPropertyBaseType" : "DATETIME",
                  "TargetPropertyType" : "property"
                } ],
                "SourceArea" : "Mashup",
                "SourceId" : "mashup-root",
                "SourceSection" : "",
                "TargetArea" : "UI",
                "TargetId" : "mashupcontainer-49",
                "TargetSection" : ""
              }, {
                "Id" : "13a7e1c0-31cc-4690-b19e-e304f620fc65",
                "PropertyMaps" : [ {
                  "SourceProperty" : "showKPI",
                  "SourcePropertyBaseType" : "BOOLEAN",
                  "SourcePropertyType" : "property",
                  "TargetProperty" : "Visible",
                  "TargetPropertyBaseType" : "BOOLEAN",
                  "TargetPropertyType" : "property"
                } ],
                "SourceArea" : "Mashup",
                "SourceId" : "mashup-root",
                "SourceSection" : "",
                "TargetArea" : "UI",
                "TargetId" : "mashupcontainer-49",
                "TargetSection" : ""
              }, {
                "Id" : "35cfeedf-ac72-423a-a1e4-9ffd8ca12ce3",
                "PropertyMaps" : [ {
                  "SourceProperty" : "DBKpiName",
                  "SourcePropertyBaseType" : "STRING",
                  "SourcePropertyType" : "property",
                  "TargetProperty" : "DBKpiName",
                  "TargetPropertyBaseType" : "STRING",
                  "TargetPropertyType" : "property"
                } ],
                "SourceArea" : "Mashup",
                "SourceId" : "mashup-root",
                "SourceSection" : "",
                "TargetArea" : "UI",
                "TargetId" : "mashupcontainer-49",
                "TargetSection" : ""
              }, {
                "Id" : "ac5338c0-d7e3-429f-b284-c881641935af",
                "PropertyMaps" : [ {
                  "SourceProperty" : "showAPO",
                  "SourcePropertyBaseType" : "BOOLEAN",
                  "SourcePropertyType" : "property",
                  "TargetProperty" : "Visible",
                  "TargetPropertyBaseType" : "BOOLEAN",
                  "TargetPropertyType" : "property"
                } ],
                "SourceArea" : "Mashup",
                "SourceId" : "mashup-root",
                "SourceSection" : "",
                "TargetArea" : "UI",
                "TargetId" : "mashupcontainer-62",
                "TargetSection" : ""
              }, {
                "Id" : "e8cc798f-5975-4fb8-a096-6aefb5aefa20",
                "PropertyMaps" : [ {
                  "SourceProperty" : "StartDate",
                  "SourcePropertyBaseType" : "DATETIME",
                  "SourcePropertyType" : "property",
                  "TargetProperty" : "StartDate",
                  "TargetPropertyBaseType" : "DATETIME",
                  "TargetPropertyType" : "property"
                } ],
                "SourceArea" : "Mashup",
                "SourceId" : "mashup-root",
                "SourceSection" : "",
                "TargetArea" : "UI",
                "TargetId" : "mashupcontainer-62",
                "TargetSection" : ""
              }, {
                "Id" : "98644cb5-506f-43ae-9353-40b249a26d11",
                "PropertyMaps" : [ {
                  "SourceProperty" : "EndDate",
                  "SourcePropertyBaseType" : "DATETIME",
                  "SourcePropertyType" : "property",
                  "TargetProperty" : "EndDate",
                  "TargetPropertyBaseType" : "DATETIME",
                  "TargetPropertyType" : "property"
                } ],
                "SourceArea" : "Mashup",
                "SourceId" : "mashup-root",
                "SourceSection" : "",
                "TargetArea" : "UI",
                "TargetId" : "mashupcontainer-62",
                "TargetSection" : ""
              }, {
                "Id" : "25c5828f-416d-4e46-805e-cd2ea3267dd4",
                "PropertyMaps" : [ {
                  "SourceProperty" : "DBKpiName",
                  "SourcePropertyBaseType" : "STRING",
                  "SourcePropertyType" : "property",
                  "TargetProperty" : "Machine2",
                  "TargetPropertyBaseType" : "STRING",
                  "TargetPropertyType" : "property"
                } ],
                "SourceArea" : "Mashup",
                "SourceId" : "mashup-root",
                "SourceSection" : "",
                "TargetArea" : "UI",
                "TargetId" : "mashupcontainer-62",
                "TargetSection" : ""
              } ],
              "DesignTimePermissions" : { },
              "Events" : [ {
                "EventHandlerArea" : "UI",
                "EventHandlerId" : "mashupcontainer-11",
                "EventHandlerService" : "Refresh",
                "EventTriggerArea" : "Mashup",
                "EventTriggerEvent" : "HideProductiveStateChanged",
                "EventTriggerId" : "mashup-root",
                "EventTriggerSection" : "",
                "Id" : "5059da29-4dc4-4c94-8724-6a64a8b00bf5"
              }, {
                "EventHandlerArea" : "UI",
                "EventHandlerId" : "mashupcontainer-11",
                "EventHandlerService" : "Refresh",
                "EventTriggerArea" : "Mashup",
                "EventTriggerEvent" : "EndDateChanged",
                "EventTriggerId" : "mashup-root",
                "EventTriggerSection" : "",
                "Id" : "c39f3da8-eab5-43a2-acab-6946a7b7176d"
              }, {
                "EventHandlerArea" : "UI",
                "EventHandlerId" : "mashupcontainer-11",
                "EventHandlerService" : "Refresh",
                "EventTriggerArea" : "Mashup",
                "EventTriggerEvent" : "StartDateChanged",
                "EventTriggerId" : "mashup-root",
                "EventTriggerSection" : "",
                "Id" : "5194aa73-28c7-4b23-b79c-6c91036f7eff"
              }, {
                "EventHandlerArea" : "UI",
                "EventHandlerId" : "mashupcontainer-11",
                "EventHandlerService" : "Refresh",
                "EventTriggerArea" : "Mashup",
                "EventTriggerEvent" : "isLevel2TrueChanged",
                "EventTriggerId" : "mashup-root",
                "EventTriggerSection" : "",
                "Id" : "63b116c3-fada-4c89-88d6-a1ad046cf94c"
              }, {
                "EventHandlerArea" : "UI",
                "EventHandlerId" : "mashupcontainer-11",
                "EventHandlerService" : "Refresh",
                "EventTriggerArea" : "Mashup",
                "EventTriggerEvent" : "RefreshRequested",
                "EventTriggerId" : "mashup-root",
                "EventTriggerSection" : "",
                "Id" : "5776cfa4-24d6-41be-86c1-d0102c20458b"
              }, {
                "EventHandlerArea" : "UI",
                "EventHandlerId" : "mashupcontainer-11",
                "EventHandlerService" : "Refresh",
                "EventTriggerArea" : "Mashup",
                "EventTriggerEvent" : "Loaded",
                "EventTriggerId" : "mashup-root",
                "EventTriggerSection" : "",
                "Id" : "f064cb5e-4eb6-457e-aaa6-f5f6a9ae7d54"
              }, {
                "EventHandlerArea" : "UI",
                "EventHandlerId" : "mashupcontainer-11",
                "EventHandlerService" : "Refresh",
                "EventTriggerArea" : "Mashup",
                "EventTriggerEvent" : "MashupSelectedNameChanged",
                "EventTriggerId" : "mashup-root",
                "EventTriggerSection" : "",
                "Id" : "83d5e83a-3414-4e8d-9b6d-b3195590c7b4"
              }, {
                "EventHandlerArea" : "UI",
                "EventHandlerId" : "mashupcontainer-11",
                "EventHandlerService" : "Refresh",
                "EventTriggerArea" : "Mashup",
                "EventTriggerEvent" : "DBKpiNameChanged",
                "EventTriggerId" : "mashup-root",
                "EventTriggerSection" : "",
                "Id" : "021dd833-2a04-4b1c-8d35-60f18f07bf82"
              }, {
                "EventHandlerArea" : "UI",
                "EventHandlerId" : "mashupcontainer-11",
                "EventHandlerService" : "Refresh",
                "EventTriggerArea" : "Mashup",
                "EventTriggerEvent" : "ThingNameChanged",
                "EventTriggerId" : "mashup-root",
                "EventTriggerSection" : "",
                "Id" : "7e5600a6-1c9c-462b-9efb-08aadc9c4464"
              }, {
                "EventHandlerArea" : "UI",
                "EventHandlerId" : "mashupcontainer-49",
                "EventHandlerService" : "Refresh",
                "EventTriggerArea" : "Mashup",
                "EventTriggerEvent" : "Loaded",
                "EventTriggerId" : "mashup-root",
                "EventTriggerSection" : "",
                "Id" : "3af30f7c-be3e-4cea-b2b0-7562959f9e47"
              }, {
                "EventHandlerArea" : "UI",
                "EventHandlerId" : "mashupcontainer-49",
                "EventHandlerService" : "Refresh",
                "EventTriggerArea" : "Mashup",
                "EventTriggerEvent" : "RefreshRequested",
                "EventTriggerId" : "mashup-root",
                "EventTriggerSection" : "",
                "Id" : "b2fbc2c6-3caa-4e82-bb1a-9fe052a17428"
              }, {
                "EventHandlerArea" : "UI",
                "EventHandlerId" : "mashupcontainer-49",
                "EventHandlerService" : "Refresh",
                "EventTriggerArea" : "Mashup",
                "EventTriggerEvent" : "StartDateChanged",
                "EventTriggerId" : "mashup-root",
                "EventTriggerSection" : "",
                "Id" : "3847d5d6-98ad-4523-b9eb-b5701616e6c9"
              }, {
                "EventHandlerArea" : "UI",
                "EventHandlerId" : "mashupcontainer-49",
                "EventHandlerService" : "Refresh",
                "EventTriggerArea" : "Mashup",
                "EventTriggerEvent" : "EndDateChanged",
                "EventTriggerId" : "mashup-root",
                "EventTriggerSection" : "",
                "Id" : "9f6a5a94-4a15-4b3b-9d7f-3c3b0dda07df"
              }, {
                "EventHandlerArea" : "UI",
                "EventHandlerId" : "mashupcontainer-49",
                "EventHandlerService" : "Refresh",
                "EventTriggerArea" : "Mashup",
                "EventTriggerEvent" : "DBKpiNameChanged",
                "EventTriggerId" : "mashup-root",
                "EventTriggerSection" : "",
                "Id" : "f2ec1917-e20e-43af-8b9f-b5f5b65c4379"
              }, {
                "EventHandlerArea" : "UI",
                "EventHandlerId" : "mashupcontainer-49",
                "EventHandlerService" : "Refresh",
                "EventTriggerArea" : "Mashup",
                "EventTriggerEvent" : "ThingNameChanged",
                "EventTriggerId" : "mashup-root",
                "EventTriggerSection" : "",
                "Id" : "5be87914-a9bc-4479-aa23-b29167d6ec39"
              }, {
                "EventHandlerArea" : "UI",
                "EventHandlerId" : "mashupcontainer-62",
                "EventHandlerService" : "Refresh",
                "EventTriggerArea" : "Mashup",
                "EventTriggerEvent" : "RefreshRequested",
                "EventTriggerId" : "mashup-root",
                "EventTriggerSection" : "",
                "Id" : "7fad1694-c0a1-444c-a2a2-d8b0887534f4"
              }, {
                "EventHandlerArea" : "UI",
                "EventHandlerId" : "mashupcontainer-62",
                "EventHandlerService" : "Refresh",
                "EventTriggerArea" : "Mashup",
                "EventTriggerEvent" : "Loaded",
                "EventTriggerId" : "mashup-root",
                "EventTriggerSection" : "",
                "Id" : "ba18d3f4-95d0-42b1-a640-6271f94b6f3b"
              }, {
                "EventHandlerArea" : "UI",
                "EventHandlerId" : "mashupcontainer-62",
                "EventHandlerService" : "Refresh",
                "EventTriggerArea" : "Mashup",
                "EventTriggerEvent" : "EndDateChanged",
                "EventTriggerId" : "mashup-root",
                "EventTriggerSection" : "",
                "Id" : "6df7a588-87f5-4e28-a1b8-030c6ef8e5f9"
              }, {
                "EventHandlerArea" : "UI",
                "EventHandlerId" : "mashupcontainer-62",
                "EventHandlerService" : "Refresh",
                "EventTriggerArea" : "Mashup",
                "EventTriggerEvent" : "StartDateChanged",
                "EventTriggerId" : "mashup-root",
                "EventTriggerSection" : "",
                "Id" : "f6487102-d26d-442f-a24d-38badcf555f7"
              } ],
              "Reminders" : [ ],
              "RunTimePermissions" : { },
              "UI" : {
                "Properties" : {
                  "AddToDashboardButton" : "SimplePlus",
                  "AddToDashboardButtonStyle" : "DefaultAddToDashboardButtonStyle",
                  "Area" : "Mashup",
                  "BGImage" : "",
                  "BGImageRepeat" : "no-repeat",
                  "BGImageSize" : "auto",
                  "Columns" : 0,
                  "ConfigureGadgetButton" : "SimpleGear",
                  "ConfigureGadgetButtonStyle" : "DefaultConfigureGadgetButtonStyle",
                  "DisplayName" : "Mashup",
                  "EnableParameterEditing" : false,
                  "Height" : 618,
                  "HideProductiveState" : false,
                  "Id" : "mashup-root",
                  "IgnoreWarningsInViewMashup" : false,
                  "IsPrintLayout" : false,
                  "Left" : 0,
                  "Margin" : "5",
                  "MashupToEditGadget" : "DefaultMashupToEditGadget",
                  "MinHeight" : 0,
                  "MinWidth" : 0,
                  "ResponsiveLayout" : true,
                  "Rows" : 0,
                  "ShowDataLoading" : true,
                  "Style" : "DefaultMashupStyle",
                  "StyleProperties" : {
                    "data" : {
                      "flexcontainer-2" : {
                        "parts" : {
                          "$" : {
                            "$" : {
                              "border-color" : "rgba(0,0,0,1)",
                              "border-radius" : "1px",
                              "border-style" : "solid",
                              "border-width" : "1px",
                              "padding-left" : "2px",
                              "padding-right" : "2px"
                            }
                          }
                        },
                        "widget" : "flex-container"
                      },
                      "flexcontainer-76" : {
                        "parts" : {
                          "$" : {
                            "$" : {
                              "background" : "#ededed",
                              "border-color" : "inherit",
                              "border-radius" : "initial",
                              "border-style" : "none",
                              "border-width" : "0px",
                              "padding-bottom" : "",
                              "padding-left" : "",
                              "padding-right" : "",
                              "padding-top" : ""
                            }
                          }
                        },
                        "widget" : "flex-container"
                      },
                      "flexcontainer-79" : {
                        "parts" : {
                          "$" : {
                            "$" : {
                              "background" : "#ededed",
                              "border-color" : "inherit",
                              "border-radius" : "initial",
                              "border-style" : "none",
                              "border-width" : "0px",
                              "padding-bottom" : "",
                              "padding-left" : "",
                              "padding-right" : "",
                              "padding-top" : ""
                            }
                          }
                        },
                        "widget" : "flex-container"
                      },
                      "flexcontainer-80" : {
                        "parts" : {
                          "$" : {
                            "$" : {
                              "background" : "#ededed",
                              "border-color" : "inherit",
                              "border-radius" : "initial",
                              "border-style" : "none",
                              "border-width" : "0px",
                              "padding-bottom" : "",
                              "padding-left" : "",
                              "padding-right" : "",
                              "padding-top" : ""
                            }
                          }
                        },
                        "widget" : "flex-container"
                      },
                      "ptcslabel-47" : {
                        "parts" : {
                          "$" : {
                            "$" : {
                              "font-size" : "16px",
                              "font-weight" : "400"
                            }
                          }
                        },
                        "widget" : "ptcs-label"
                      }
                    },
                    "meta" : {
                      "type" : "WidgetStyler",
                      "version" : "1.0"
                    }
                  },
                  "StyleTheme" : "PTC Convergence Theme",
                  "Title" : "",
                  "TitleBar" : false,
                  "TitleBarStyle" : "DefaultTitleBarStyle",
                  "TitleBarText" : "Gadget Title Here",
                  "Top" : 0,
                  "Type" : "mashup",
                  "UseMasterTheme" : false,
                  "UseTheme" : false,
                  "UseThemeForHybrids" : false,
                  "Visible" : true,
                  "Width" : 1024,
                  "Z-index" : 10,
                  "__TypeDisplayName" : "Mashup",
                  "_currentParameterDefs" : [ {
                    "Aspects" : {
                      "bindingDirection" : "IN",
                      "isMandatory" : false
                    },
                    "BaseType" : "DATETIME",
                    "Description" : "",
                    "ParameterName" : "StartDate"
                  }, {
                    "Aspects" : {
                      "bindingDirection" : "IN",
                      "isMandatory" : false
                    },
                    "BaseType" : "DATETIME",
                    "Description" : "",
                    "ParameterName" : "EndDate"
                  }, {
                    "Aspects" : {
                      "bindingDirection" : "IN",
                      "isMandatory" : false
                    },
                    "BaseType" : "BOOLEAN",
                    "DefaultValue" : false,
                    "Description" : "",
                    "ParameterName" : "HideProductiveState"
                  }, {
                    "Aspects" : {
                      "bindingDirection" : "IN",
                      "isMandatory" : false
                    },
                    "BaseType" : "BOOLEAN",
                    "DefaultValue" : false,
                    "Description" : "",
                    "ParameterName" : "isLevel2True"
                  }, {
                    "Aspects" : {
                      "bindingDirection" : "IN",
                      "isMandatory" : false
                    },
                    "BaseType" : "STRING",
                    "Description" : "",
                    "ParameterName" : "Group"
                  }, {
                    "Aspects" : {
                      "bindingDirection" : "IN",
                      "isMandatory" : false
                    },
                    "BaseType" : "STRING",
                    "Description" : "",
                    "ParameterName" : "LevelTabSelection"
                  }, {
                    "Aspects" : {
                      "bindingDirection" : "IN",
                      "isMandatory" : false
                    },
                    "BaseType" : "STRING",
                    "Description" : "",
                    "ParameterName" : "MashupSelectedName"
                  }, {
                    "Aspects" : {
                      "bindingDirection" : "IN",
                      "isMandatory" : false
                    },
                    "BaseType" : "BOOLEAN",
                    "DefaultValue" : false,
                    "Description" : "",
                    "ParameterName" : "showAPO"
                  }, {
                    "Aspects" : {
                      "bindingDirection" : "IN",
                      "isMandatory" : false
                    },
                    "BaseType" : "BOOLEAN",
                    "DefaultValue" : false,
                    "Description" : "",
                    "ParameterName" : "showKPI"
                  }, {
                    "Aspects" : {
                      "bindingDirection" : "IN",
                      "isMandatory" : false
                    },
                    "BaseType" : "STRING",
                    "Description" : "",
                    "ParameterName" : "Division"
                  }, {
                    "Aspects" : {
                      "bindingDirection" : "BOTH",
                      "isMandatory" : false
                    },
                    "BaseType" : "STRING",
                    "Description" : "",
                    "ParameterName" : "DBKpiName"
                  }, {
                    "Aspects" : {
                      "bindingDirection" : "BOTH",
                      "isMandatory" : false
                    },
                    "BaseType" : "STRING",
                    "Description" : "",
                    "ParameterName" : "ThingName"
                  }, {
                    "Aspects" : {
                      "bindingDirection" : "IN",
                      "isMandatory" : false
                    },
                    "BaseType" : "INTEGER",
                    "Description" : "",
                    "ParameterName" : "UID"
                  } ],
                  "id_index" : 80,
                  "isLevel2True" : false,
                  "showAPO" : false,
                  "showKPI" : false,
                  "supportsAutoResize" : true
                },
                "Widgets" : [ {
                  "Properties" : {
                    "Area" : "UI",
                    "CollapseTabIcon" : "",
                    "DisplayName" : "container-2",
                    "EnableContainerUnload" : false,
                    "EnableExpandCollapse" : false,
                    "ExpandCollapseTabLocation" : "inside",
                    "ExpandTabIcon" : "",
                    "Expanded" : true,
                    "Id" : "flexcontainer-2",
                    "LastContainer" : true,
                    "LazyLoading" : false,
                    "Margin" : "",
                    "Overlay" : false,
                    "ResponsiveLayout" : true,
                    "ShowDataLoading" : true,
                    "ShowExpandCollapseTab" : false,
                    "SourceURL" : "",
                    "Style" : "DefaultContainerStyle",
                    "StyleProperties" : { },
                    "Type" : "flexcontainer",
                    "UseTheme" : true,
                    "Visible" : true,
                    "Z-index" : 10,
                    "__TypeDisplayName" : "Responsive Container",
                    "align-content" : "flex-start",
                    "align-items" : "flex-start",
                    "flex-basis" : "auto",
                    "flex-direction" : "column",
                    "flex-grow" : 1,
                    "flex-max-height" : "",
                    "flex-max-width" : "",
                    "flex-min-height" : "",
                    "flex-min-width" : "",
                    "flex-shrink" : 1,
                    "flex-size" : "default",
                    "flex-wrap" : "nowrap",
                    "iconClass" : "widgets-flexcontainer",
                    "isLocked" : true,
                    "justify-content" : "flex-start",
                    "positioning" : "responsive",
                    "userCannotRemove" : true
                  },
                  "Widgets" : [ {
                    "Properties" : {
                      "Area" : "UI",
                      "CollapseTabIcon" : "",
                      "DisplayName" : "container-76",
                      "EnableContainerUnload" : false,
                      "EnableExpandCollapse" : false,
                      "ExpandCollapseTabLocation" : "inside",
                      "ExpandTabIcon" : "",
                      "Expanded" : true,
                      "Id" : "flexcontainer-76",
                      "LastContainer" : false,
                      "LazyLoading" : false,
                      "Margin" : "",
                      "Overlay" : false,
                      "ResponsiveLayout" : false,
                      "ShowDataLoading" : true,
                      "ShowExpandCollapseTab" : false,
                      "SourceURL" : "",
                      "Style" : "DefaultContainerStyle",
                      "StyleProperties" : { },
                      "Type" : "flexcontainer",
                      "UseTheme" : true,
                      "Visible" : true,
                      "Z-index" : 10,
                      "__TypeDisplayName" : "Responsive Container",
                      "align-content" : "flex-start",
                      "align-items" : "center",
                      "flex-basis" : "auto",
                      "flex-direction" : "row",
                      "flex-grow" : 1,
                      "flex-max-height" : "40px",
                      "flex-max-width" : "",
                      "flex-min-height" : "40px",
                      "flex-min-width" : "",
                      "flex-shrink" : 1,
                      "flex-size" : "fixed",
                      "flex-wrap" : "nowrap",
                      "iconClass" : "widgets-flexcontainer-fixed",
                      "isLocked" : false,
                      "justify-content" : "flex-start",
                      "positioning" : "responsive",
                      "userCannotRemove" : false
                    },
                    "Widgets" : [ {
                      "Properties" : {
                        "Area" : "UI",
                        "CollapseTabIcon" : "",
                        "DisplayName" : "container-79",
                        "EnableContainerUnload" : false,
                        "EnableExpandCollapse" : false,
                        "ExpandCollapseTabLocation" : "inside",
                        "ExpandTabIcon" : "",
                        "Expanded" : true,
                        "Id" : "flexcontainer-79",
                        "LastContainer" : false,
                        "LazyLoading" : false,
                        "Margin" : "",
                        "Overlay" : false,
                        "ResponsiveLayout" : false,
                        "ShowDataLoading" : true,
                        "ShowExpandCollapseTab" : false,
                        "SourceURL" : "",
                        "Style" : "DefaultContainerStyle",
                        "StyleProperties" : { },
                        "Type" : "flexcontainer",
                        "UseTheme" : true,
                        "Visible" : true,
                        "Z-index" : 10,
                        "__TypeDisplayName" : "Responsive Container",
                        "align-content" : "flex-start",
                        "align-items" : "center",
                        "flex-basis" : "auto",
                        "flex-direction" : "row",
                        "flex-grow" : 1,
                        "flex-max-height" : "",
                        "flex-max-width" : "",
                        "flex-min-height" : "",
                        "flex-min-width" : "",
                        "flex-shrink" : 1,
                        "flex-size" : "default",
                        "flex-wrap" : "nowrap",
                        "iconClass" : "widgets-flexcontainer",
                        "isLocked" : false,
                        "justify-content" : "flex-start",
                        "positioning" : "responsive",
                        "userCannotRemove" : false
                      },
                      "Widgets" : [ {
                        "Properties" : {
                          "Area" : "UI",
                          "DisclosureControl" : "show-more",
                          "DisplayName" : "ptcs-label-47",
                          "HorizontalAlignment" : "center",
                          "Id" : "ptcslabel-47",
                          "LabelText" : "Label",
                          "LabelType" : "body",
                          "LastContainer" : false,
                          "Left" : 15,
                          "Margin" : "5",
                          "MultiLine" : true,
                          "PreserveWhiteSpace" : false,
                          "ResponsiveLayout" : false,
                          "ShowDataLoading" : true,
                          "Top" : 0,
                          "Type" : "ptcslabel",
                          "UseTheme" : true,
                          "VerticalAlignment" : "center",
                          "Visible" : true,
                          "Z-index" : 10,
                          "__TypeDisplayName" : "Label",
                          "overflowShowLessTxt" : "[[showLess]]",
                          "overflowShowMoreTxt" : "[[showMore]]"
                        },
                        "Widgets" : [ ]
                      } ]
                    }, {
                      "Properties" : {
                        "Area" : "UI",
                        "CollapseTabIcon" : "",
                        "DisplayName" : "container-80",
                        "EnableContainerUnload" : false,
                        "EnableExpandCollapse" : false,
                        "ExpandCollapseTabLocation" : "inside",
                        "ExpandTabIcon" : "",
                        "Expanded" : true,
                        "Id" : "flexcontainer-80",
                        "LastContainer" : false,
                        "LazyLoading" : false,
                        "Margin" : "",
                        "Overlay" : false,
                        "ResponsiveLayout" : true,
                        "ShowDataLoading" : true,
                        "ShowExpandCollapseTab" : false,
                        "SourceURL" : "",
                        "Style" : "DefaultContainerStyle",
                        "StyleProperties" : { },
                        "Type" : "flexcontainer",
                        "UseTheme" : true,
                        "Visible" : true,
                        "Z-index" : 10,
                        "__TypeDisplayName" : "Responsive Container",
                        "align-content" : "flex-start",
                        "align-items" : "flex-start",
                        "flex-basis" : "auto",
                        "flex-direction" : "row",
                        "flex-grow" : 1,
                        "flex-max-height" : "",
                        "flex-max-width" : "",
                        "flex-min-height" : "",
                        "flex-min-width" : "",
                        "flex-shrink" : 1,
                        "flex-size" : "default",
                        "flex-wrap" : "nowrap",
                        "iconClass" : "widgets-flexcontainer",
                        "isLocked" : false,
                        "justify-content" : "flex-start",
                        "positioning" : "responsive",
                        "userCannotRemove" : false
                      },
                      "Widgets" : [ {
                        "Properties" : {
                          "Area" : "UI",
                          "DisplayName" : "mashupcontainer-49",
                          "Height" : 300,
                          "Id" : "mashupcontainer-49",
                          "LastContainer" : false,
                          "Left" : 39,
                          "Margin" : "5",
                          "MashupParameters" : [ {
                            "BaseType" : "DATETIME",
                            "Description" : "",
                            "ParameterName" : "StartDate",
                            "ParmDef" : {
                              "aspects" : {
                                "bindingDirection" : "IN",
                                "isMandatory" : "false"
                              },
                              "baseType" : "DATETIME",
                              "description" : "",
                              "name" : "StartDate",
                              "ordinal" : 0
                            }
                          }, {
                            "BaseType" : "STRING",
                            "Description" : "",
                            "ParameterName" : "DBKpiName",
                            "ParmDef" : {
                              "aspects" : {
                                "bindingDirection" : "IN",
                                "isMandatory" : "false"
                              },
                              "baseType" : "STRING",
                              "description" : "",
                              "name" : "DBKpiName",
                              "ordinal" : 0
                            }
                          }, {
                            "BaseType" : "DATETIME",
                            "Description" : "",
                            "ParameterName" : "EndDate",
                            "ParmDef" : {
                              "aspects" : {
                                "bindingDirection" : "IN",
                                "isMandatory" : "false"
                              },
                              "baseType" : "DATETIME",
                              "description" : "",
                              "name" : "EndDate",
                              "ordinal" : 0
                            }
                          } ],
                          "Name" : "KBMultiMachineLossComparisonKPIMashup",
                          "ResizeToContent" : false,
                          "ResponsiveLayout" : true,
                          "ShowDataLoading" : true,
                          "TabSequenceGroup" : 0,
                          "Top" : 76,
                          "Type" : "mashupcontainer",
                          "Visible" : true,
                          "Width" : 400,
                          "Z-index" : 10,
                          "__TypeDisplayName" : "Contained Mashup"
                        },
                        "Widgets" : [ ]
                      } ]
                    } ]
                  }, {
                    "Properties" : {
                      "Area" : "UI",
                      "CollapseTabIcon" : "",
                      "DisplayName" : "container-75",
                      "EnableContainerUnload" : false,
                      "EnableExpandCollapse" : false,
                      "ExpandCollapseTabLocation" : "inside",
                      "ExpandTabIcon" : "",
                      "Expanded" : true,
                      "Id" : "flexcontainer-75",
                      "LastContainer" : true,
                      "LazyLoading" : false,
                      "Margin" : "",
                      "Overlay" : false,
                      "ResponsiveLayout" : false,
                      "ShowDataLoading" : true,
                      "ShowExpandCollapseTab" : false,
                      "SourceURL" : "",
                      "Style" : "DefaultContainerStyle",
                      "StyleProperties" : { },
                      "Type" : "flexcontainer",
                      "UseTheme" : true,
                      "Visible" : true,
                      "Z-index" : 10,
                      "__TypeDisplayName" : "Responsive Container",
                      "align-content" : "flex-start",
                      "align-items" : "flex-start",
                      "flex-basis" : "auto",
                      "flex-direction" : "column",
                      "flex-grow" : 1,
                      "flex-max-height" : "",
                      "flex-max-width" : "",
                      "flex-min-height" : "",
                      "flex-min-width" : "",
                      "flex-shrink" : 1,
                      "flex-size" : "default",
                      "flex-wrap" : "nowrap",
                      "iconClass" : "widgets-flexcontainer",
                      "isLocked" : true,
                      "justify-content" : "flex-start",
                      "positioning" : "responsive",
                      "userCannotRemove" : false
                    },
                    "Widgets" : [ {
                      "Properties" : {
                        "Area" : "UI",
                        "CollapseTabIcon" : "",
                        "DisplayName" : "container-60",
                        "EnableContainerUnload" : false,
                        "EnableExpandCollapse" : false,
                        "ExpandCollapseTabLocation" : "inside",
                        "ExpandTabIcon" : "",
                        "Expanded" : true,
                        "Id" : "flexcontainer-60",
                        "LastContainer" : true,
                        "LazyLoading" : false,
                        "Margin" : "",
                        "Overlay" : false,
                        "ResponsiveLayout" : false,
                        "ShowDataLoading" : true,
                        "ShowExpandCollapseTab" : false,
                        "SourceURL" : "",
                        "Style" : "DefaultContainerStyle",
                        "StyleProperties" : { },
                        "Type" : "flexcontainer",
                        "UseTheme" : true,
                        "Visible" : true,
                        "Z-index" : 10,
                        "__TypeDisplayName" : "Responsive Container",
                        "align-content" : "flex-start",
                        "align-items" : "flex-start",
                        "flex-basis" : "auto",
                        "flex-direction" : "row",
                        "flex-grow" : 1,
                        "flex-max-height" : "",
                        "flex-max-width" : "",
                        "flex-min-height" : "",
                        "flex-min-width" : "",
                        "flex-shrink" : 1,
                        "flex-size" : "default",
                        "flex-wrap" : "nowrap",
                        "iconClass" : "widgets-flexcontainer",
                        "isLocked" : true,
                        "justify-content" : "flex-start",
                        "positioning" : "responsive",
                        "userCannotRemove" : false
                      },
                      "Widgets" : [ {
                        "Properties" : {
                          "Area" : "UI",
                          "DisplayName" : "mashupcontainer-11",
                          "Height" : 300,
                          "HideProductiveState" : false,
                          "Id" : "mashupcontainer-11",
                          "LastContainer" : false,
                          "Left" : 242.01388549804688,
                          "Margin" : "5",
                          "MashupParameters" : [ {
                            "BaseType" : "STRING",
                            "Description" : "",
                            "ParameterName" : "Station",
                            "ParmDef" : {
                              "aspects" : {
                                "bindingDirection" : "IN",
                                "isMandatory" : "false"
                              },
                              "baseType" : "STRING",
                              "description" : "",
                              "name" : "Station",
                              "ordinal" : 0
                            }
                          }, {
                            "BaseType" : "STRING",
                            "Description" : "",
                            "ParameterName" : "Group",
                            "ParmDef" : {
                              "aspects" : {
                                "bindingDirection" : "IN",
                                "isMandatory" : "false"
                              },
                              "baseType" : "STRING",
                              "description" : "",
                              "name" : "Group",
                              "ordinal" : 0
                            }
                          }, {
                            "BaseType" : "BOOLEAN",
                            "DefaultValue" : false,
                            "Description" : "",
                            "ParameterName" : "NoProduction",
                            "ParmDef" : {
                              "aspects" : {
                                "bindingDirection" : "IN",
                                "isMandatory" : "false"
                              },
                              "baseType" : "BOOLEAN",
                              "description" : "",
                              "name" : "NoProduction",
                              "ordinal" : 0
                            }
                          }, {
                            "BaseType" : "DATETIME",
                            "Description" : "",
                            "ParameterName" : "EndTime",
                            "ParmDef" : {
                              "aspects" : {
                                "bindingDirection" : "IN",
                                "isMandatory" : "false"
                              },
                              "baseType" : "DATETIME",
                              "description" : "",
                              "name" : "EndTime",
                              "ordinal" : 0
                            }
                          }, {
                            "BaseType" : "STRING",
                            "Description" : "",
                            "ParameterName" : "GenericRadioButton",
                            "ParmDef" : {
                              "aspects" : {
                                "bindingDirection" : "IN",
                                "isMandatory" : "false"
                              },
                              "baseType" : "STRING",
                              "description" : "",
                              "name" : "GenericRadioButton",
                              "ordinal" : 0
                            }
                          }, {
                            "BaseType" : "DATETIME",
                            "Description" : "",
                            "ParameterName" : "StartTime",
                            "ParmDef" : {
                              "aspects" : {
                                "bindingDirection" : "IN",
                                "isMandatory" : "false"
                              },
                              "baseType" : "DATETIME",
                              "description" : "",
                              "name" : "StartTime",
                              "ordinal" : 0
                            }
                          }, {
                            "BaseType" : "BOOLEAN",
                            "DefaultValue" : false,
                            "Description" : "",
                            "ParameterName" : "HideProductiveState",
                            "ParmDef" : {
                              "aspects" : {
                                "bindingDirection" : "IN",
                                "isMandatory" : "false"
                              },
                              "baseType" : "BOOLEAN",
                              "description" : "",
                              "name" : "HideProductiveState",
                              "ordinal" : 0
                            }
                          }, {
                            "BaseType" : "STRING",
                            "Description" : "",
                            "ParameterName" : "Machine1",
                            "ParmDef" : {
                              "aspects" : {
                                "bindingDirection" : "IN",
                                "isMandatory" : "false"
                              },
                              "baseType" : "STRING",
                              "description" : "",
                              "name" : "Machine1",
                              "ordinal" : 0
                            }
                          }, {
                            "BaseType" : "BOOLEAN",
                            "DefaultValue" : false,
                            "Description" : "",
                            "ParameterName" : "isLevel2True",
                            "ParmDef" : {
                              "aspects" : {
                                "bindingDirection" : "IN",
                                "isMandatory" : "false"
                              },
                              "baseType" : "BOOLEAN",
                              "description" : "",
                              "name" : "isLevel2True",
                              "ordinal" : 0
                            }
                          }, {
                            "BaseType" : "STRING",
                            "Description" : "",
                            "ParameterName" : "SelectedTabValue",
                            "ParmDef" : {
                              "aspects" : {
                                "bindingDirection" : "IN",
                                "isMandatory" : "false"
                              },
                              "baseType" : "STRING",
                              "description" : "",
                              "name" : "SelectedTabValue",
                              "ordinal" : 0
                            }
                          }, {
                            "BaseType" : "STRING",
                            "Description" : "",
                            "ParameterName" : "Machine",
                            "ParmDef" : {
                              "aspects" : {
                                "bindingDirection" : "IN",
                                "isMandatory" : "false"
                              },
                              "baseType" : "STRING",
                              "description" : "",
                              "name" : "Machine",
                              "ordinal" : 0
                            }
                          } ],
                          "Name" : "KBMultiMachineLossComparisonDummyMashup",
                          "NoProduction" : false,
                          "ResizeToContent" : false,
                          "ResponsiveLayout" : true,
                          "ShowDataLoading" : true,
                          "TabSequenceGroup" : 0,
                          "Top" : 81.56249237060547,
                          "Type" : "mashupcontainer",
                          "Visible" : true,
                          "Width" : 400,
                          "Z-index" : 10,
                          "__TypeDisplayName" : "Contained Mashup",
                          "isLevel2True" : false
                        },
                        "Widgets" : [ ]
                      } ]
                    }, {
                      "Properties" : {
                        "Area" : "UI",
                        "CollapseTabIcon" : "",
                        "DisplayName" : "container-61",
                        "EnableContainerUnload" : false,
                        "EnableExpandCollapse" : false,
                        "ExpandCollapseTabLocation" : "inside",
                        "ExpandTabIcon" : "",
                        "Expanded" : true,
                        "Id" : "flexcontainer-61",
                        "LastContainer" : false,
                        "LazyLoading" : false,
                        "Margin" : "",
                        "Overlay" : false,
                        "ResponsiveLayout" : false,
                        "ShowDataLoading" : true,
                        "ShowExpandCollapseTab" : false,
                        "SourceURL" : "",
                        "Style" : "DefaultContainerStyle",
                        "StyleProperties" : { },
                        "Type" : "flexcontainer",
                        "UseTheme" : true,
                        "Visible" : true,
                        "Z-index" : 10,
                        "__TypeDisplayName" : "Responsive Container",
                        "align-content" : "flex-start",
                        "align-items" : "flex-start",
                        "flex-basis" : "auto",
                        "flex-direction" : "row",
                        "flex-grow" : 1,
                        "flex-max-height" : "140px",
                        "flex-max-width" : "",
                        "flex-min-height" : "140px",
                        "flex-min-width" : "",
                        "flex-shrink" : 1,
                        "flex-size" : "fixed",
                        "flex-wrap" : "nowrap",
                        "iconClass" : "widgets-flexcontainer-fixed",
                        "isLocked" : false,
                        "justify-content" : "flex-start",
                        "positioning" : "responsive",
                        "userCannotRemove" : false
                      },
                      "Widgets" : [ {
                        "Properties" : {
                          "Area" : "UI",
                          "DisplayName" : "mashupcontainer-62",
                          "Division" : "CVS",
                          "Height" : 300,
                          "Id" : "mashupcontainer-62",
                          "LastContainer" : false,
                          "Left" : 422,
                          "Margin" : "5",
                          "MashupParameters" : [ {
                            "BaseType" : "DATETIME",
                            "Description" : "",
                            "ParameterName" : "StartDate",
                            "ParmDef" : {
                              "aspects" : {
                                "bindingDirection" : "IN",
                                "isMandatory" : "false"
                              },
                              "baseType" : "DATETIME",
                              "description" : "",
                              "name" : "StartDate",
                              "ordinal" : 0
                            }
                          }, {
                            "BaseType" : "STRING",
                            "DefaultValue" : "CVS",
                            "Description" : "",
                            "ParameterName" : "Division",
                            "ParmDef" : {
                              "aspects" : {
                                "bindingDirection" : "IN",
                                "isMandatory" : "false"
                              },
                              "baseType" : "STRING",
                              "description" : "",
                              "name" : "Division",
                              "ordinal" : 0
                            }
                          }, {
                            "BaseType" : "STRING",
                            "Description" : "",
                            "ParameterName" : "Machine2",
                            "ParmDef" : {
                              "aspects" : {
                                "bindingDirection" : "IN",
                                "isMandatory" : "false"
                              },
                              "baseType" : "STRING",
                              "description" : "",
                              "name" : "Machine2",
                              "ordinal" : 0
                            }
                          }, {
                            "BaseType" : "DATETIME",
                            "Description" : "",
                            "ParameterName" : "EndDate",
                            "ParmDef" : {
                              "aspects" : {
                                "bindingDirection" : "IN",
                                "isMandatory" : "false"
                              },
                              "baseType" : "DATETIME",
                              "description" : "",
                              "name" : "EndDate",
                              "ordinal" : 0
                            }
                          } ],
                          "Name" : "KBMultiMachineLossComparisonChart",
                          "ResizeToContent" : false,
                          "ResponsiveLayout" : true,
                          "ShowDataLoading" : true,
                          "TabSequenceGroup" : 0,
                          "Top" : 41,
                          "Type" : "mashupcontainer",
                          "Visible" : true,
                          "Width" : 400,
                          "Z-index" : 10,
                          "__TypeDisplayName" : "Contained Mashup"
                        },
                        "Widgets" : [ ]
                      } ]
                    } ]
                  } ]
                } ]
              },
              "mashupType" : "mashup"
            }
            ]]>
            </mashupContent>
            <preview></preview>
        </Mashup>
    </Mashups>
</Entities>
