<?xml version="1.0" encoding="UTF-8"?>
<Entities
 majorVersion="9"
 minorVersion="3"
 universal="password">
    <Mashups>
        <Mashup
         aspect.isFlex="true"
         aspect.isResponsive="true"
         aspect.mashupType="mashup"
         columns="0.0"
         description=""
         documentationContent=""
         homeMashup=""
         name="KBDailyManagementSystemCulminatedNumberOfPartsMashup"
         projectName="KBsmartKPI"
         rows="0.0"
         tags="">
            <avatar></avatar>
            <DesignTimePermissions>
                <Create></Create>
                <Read>
                    <Principal
                     isPermitted="true"
                     name="KBMachineOperatorUserGroup"
                     type="Group"></Principal>
                    <Principal
                     isPermitted="true"
                     name="KBMesKitHelperUser"
                     type="User"></Principal>
                </Read>
                <Update></Update>
                <Delete></Delete>
                <Metadata></Metadata>
            </DesignTimePermissions>
            <RunTimePermissions>
                <Permissions
                 resourceName="*">
                    <PropertyRead>
                        <Principal
                         isPermitted="true"
                         name="KBMachineOperatorUserGroup"
                         type="Group"></Principal>
                        <Principal
                         isPermitted="true"
                         name="KBMesKitHelperUser"
                         type="User"></Principal>
                        <Principal
                         isPermitted="true"
                         name="KBUserGroup"
                         type="Group"></Principal>
                    </PropertyRead>
                    <PropertyWrite></PropertyWrite>
                    <ServiceInvoke>
                        <Principal
                         isPermitted="true"
                         name="KBMachineOperatorUserGroup"
                         type="Group"></Principal>
                        <Principal
                         isPermitted="true"
                         name="KBMesKitHelperUser"
                         type="User"></Principal>
                        <Principal
                         isPermitted="true"
                         name="KBUserGroup"
                         type="Group"></Principal>
                    </ServiceInvoke>
                    <EventInvoke></EventInvoke>
                    <EventSubscribe></EventSubscribe>
                </Permissions>
            </RunTimePermissions>
            <VisibilityPermissions>
                <Visibility>
                    <Principal
                     isPermitted="true"
                     name="KBBackGroundWorker"
                     type="Organization"></Principal>
                    <Principal
                     isPermitted="true"
                     name="KBOrganization"
                     type="Organization"></Principal>
                </Visibility>
            </VisibilityPermissions>
            <ConfigurationTableDefinitions></ConfigurationTableDefinitions>
            <ConfigurationTables>
                <ConfigurationTable
                 dataShapeName=""
                 description="Mashup Mobile Settings"
                 isHidden="true"
                 isMultiRow="false"
                 name="MobileSettings"
                 ordinal="0">
                    <DataShape>
                        <FieldDefinitions>
                            <FieldDefinition
                             aspect.defaultValue="false"
                             aspect.friendlyName="Disable Zoom"
                             baseType="BOOLEAN"
                             description="Disables zooming in and out within the mashup"
                             name="disableZoom"
                             ordinal="0"></FieldDefinition>
                            <FieldDefinition
                             aspect.defaultValue="true"
                             aspect.friendlyName="Full Screen Mode"
                             baseType="BOOLEAN"
                             description="Open the mashup in full screen mode"
                             name="fullScreenMode"
                             ordinal="0"></FieldDefinition>
                            <FieldDefinition
                             aspect.friendlyName="Height"
                             baseType="STRING"
                             description="The height of the mashup page"
                             name="height"
                             ordinal="0"></FieldDefinition>
                            <FieldDefinition
                             aspect.defaultValue="device-height"
                             aspect.friendlyName="Height Type"
                             baseType="STRING"
                             description="Use the height of the device display, or a custom height (in px)"
                             name="heightType"
                             ordinal="0"></FieldDefinition>
                            <FieldDefinition
                             aspect.defaultValue="1.0"
                             aspect.friendlyName="Initial Scale"
                             baseType="NUMBER"
                             description="The initial zoom scale when the mashup is loaded for the first time"
                             name="initialScale"
                             ordinal="0"></FieldDefinition>
                            <FieldDefinition
                             aspect.friendlyName="Shortcut Icon Title"
                             baseType="STRING"
                             description="A title for the mashup shortcut on the iOS home screen"
                             name="iosShortcutIconTitle"
                             ordinal="0"></FieldDefinition>
                            <FieldDefinition
                             aspect.defaultValue="black-translucent"
                             aspect.friendlyName="Status Bar Appearance"
                             baseType="STRING"
                             description="The style of the iOS status bar"
                             name="iosStatusBarAppearance"
                             ordinal="0"></FieldDefinition>
                            <FieldDefinition
                             aspect.defaultValue="10.0"
                             aspect.friendlyName="Maximum Scale"
                             baseType="NUMBER"
                             description="The maximum scale that users can zoom out to"
                             name="maximumScale"
                             ordinal="0"></FieldDefinition>
                            <FieldDefinition
                             aspect.defaultValue="0.1"
                             aspect.friendlyName="Minimum Scale"
                             baseType="NUMBER"
                             description="The minimum scale that users can zoom out to"
                             name="minimumScale"
                             ordinal="0"></FieldDefinition>
                            <FieldDefinition
                             aspect.friendlyName="Width"
                             baseType="STRING"
                             description="The width of the mashup page"
                             name="width"
                             ordinal="0"></FieldDefinition>
                            <FieldDefinition
                             aspect.defaultValue="device-width"
                             aspect.friendlyName="Width Type"
                             baseType="STRING"
                             description="Use the width of the device display, or a custom width (in px)"
                             name="widthType"
                             ordinal="0"></FieldDefinition>
                        </FieldDefinitions>
                    </DataShape>
                    <Rows>
                        <Row>
                            <disableZoom>false</disableZoom>
                            <fullScreenMode>true</fullScreenMode>
                            <height></height>
                            <heightType>
                            <![CDATA[
                            device-height
                            ]]>
                            </heightType>
                            <initialScale>1.0</initialScale>
                            <iosShortcutIconTitle></iosShortcutIconTitle>
                            <iosStatusBarAppearance>
                            <![CDATA[
                            black-translucent
                            ]]>
                            </iosStatusBarAppearance>
                            <maximumScale>10.0</maximumScale>
                            <minimumScale>0.1</minimumScale>
                            <width></width>
                            <widthType>
                            <![CDATA[
                            device-width
                            ]]>
                            </widthType>
                        </Row>
                    </Rows>
                </ConfigurationTable>
            </ConfigurationTables>
            <ParameterDefinitions>
                <FieldDefinition
                 aspect.bindingDirection="IN"
                 aspect.isMandatory="false"
                 baseType="STRING"
                 description=""
                 name="Division"
                 ordinal="0"></FieldDefinition>
                <FieldDefinition
                 aspect.bindingDirection="IN"
                 aspect.isMandatory="false"
                 baseType="DATETIME"
                 description=""
                 name="EndDate"
                 ordinal="0"></FieldDefinition>
                <FieldDefinition
                 aspect.bindingDirection="IN"
                 aspect.isMandatory="false"
                 baseType="STRING"
                 description=""
                 name="Machine"
                 ordinal="0"></FieldDefinition>
                <FieldDefinition
                 aspect.bindingDirection="IN"
                 aspect.isMandatory="false"
                 baseType="INTEGER"
                 description=""
                 name="MaxTimeInSec"
                 ordinal="0"></FieldDefinition>
                <FieldDefinition
                 aspect.bindingDirection="IN"
                 aspect.isMandatory="false"
                 baseType="INTEGER"
                 description=""
                 name="MinTimeInSec"
                 ordinal="0"></FieldDefinition>
                <FieldDefinition
                 aspect.bindingDirection="IN"
                 aspect.isMandatory="false"
                 baseType="DATETIME"
                 description=""
                 name="StartDate"
                 ordinal="0"></FieldDefinition>
            </ParameterDefinitions>
            <Things></Things>
            <ThingShapes></ThingShapes>
            <ThingTemplates></ThingTemplates>
            <mashupContent>
            <![CDATA[
            {
              "CustomMashupCss" : ".abline .widget-ptcschartline::part(chart-layout)::part(legend)::part(grid){\n  row-gap: 6px 32px;\n}\n\n\n",
              "Data" : {
                "Session" : {
                  "DataName" : "Session",
                  "EntityName" : "",
                  "EntityType" : "Session",
                  "Id" : "session",
                  "Services" : [ {
                    "APIMethod" : "post",
                    "Characteristic" : "Services",
                    "Id" : "SessionInterface",
                    "Name" : "GetGlobalSessionValues",
                    "Parameters" : { },
                    "RefreshInterval" : 0,
                    "Target" : "GetGlobalSessionValues"
                  } ]
                },
                "Things_KBKPILocalThingWorxDatabaseThing" : {
                  "DataName" : "Things_KBKPILocalThingWorxDatabaseThing",
                  "EntityName" : "KBKPILocalThingWorxDatabaseThing",
                  "EntityType" : "Things",
                  "Id" : "1bf7019d-7cf3-4edf-9de1-4a73d2deced4",
                  "RefreshInterval" : 0,
                  "Services" : [ {
                    "APIMethod" : "post",
                    "Characteristic" : "Services",
                    "Id" : "5d24ccee-0212-4730-944c-74a0d12b0c94",
                    "Name" : "GetCVSProductionTargetDetail",
                    "Parameters" : { },
                    "RefreshInterval" : 0,
                    "Target" : "GetCVSProductionTargetDetail"
                  }, {
                    "APIMethod" : "post",
                    "Characteristic" : "Services",
                    "Id" : "c14ad2c0-ec00-4f32-b10d-f196dd1f764a",
                    "Name" : "GetCumulativeDLP1Data",
                    "Parameters" : { },
                    "RefreshInterval" : 0,
                    "Target" : "GetCumulativeDLP1Data"
                  }, {
                    "APIMethod" : "post",
                    "Characteristic" : "Services",
                    "Id" : "3b30d27a-260f-4d11-bf48-82c2f77fd624",
                    "Name" : "GetCulminatedNumberOfNOKParts_V1",
                    "Parameters" : { },
                    "RefreshInterval" : 0,
                    "Target" : "GetCulminatedNumberOfNOKParts_V1"
                  }, {
                    "APIMethod" : "post",
                    "Characteristic" : "Services",
                    "Id" : "bc90ef36-f0c6-40df-b530-7d7d8151ef5c",
                    "Name" : "GetCulminatedNumberOfParts",
                    "Parameters" : { },
                    "RefreshInterval" : 0,
                    "Target" : "GetCulminatedNumberOfParts"
                  } ]
                },
                "UserExtensions" : {
                  "DataName" : "UserExtensions",
                  "EntityName" : "",
                  "EntityType" : "UserExtensions",
                  "Id" : "UserExtensions",
                  "Services" : [ {
                    "APIMethod" : "post",
                    "Characteristic" : "Services",
                    "Id" : "UserExtensionInterface",
                    "Name" : "GetCurrentUserExtensionProperties",
                    "Parameters" : { },
                    "RefreshInterval" : 0,
                    "Target" : "GetCurrentUserExtensionProperties"
                  } ]
                }
              },
              "DataBindings" : [ {
                "Id" : "d0e9d8b7-a37c-4e77-87c8-35231467ed13",
                "PropertyMaps" : [ {
                  "SourceProperty" : "StartDate",
                  "SourcePropertyBaseType" : "DATETIME",
                  "SourcePropertyType" : "Property",
                  "TargetProperty" : "StartDate",
                  "TargetPropertyBaseType" : "DATETIME",
                  "TargetPropertyType" : "property"
                } ],
                "SourceArea" : "Mashup",
                "SourceId" : "mashup-root",
                "SourceSection" : "",
                "TargetArea" : "UI",
                "TargetId" : "navigationfunction-50",
                "TargetSection" : ""
              }, {
                "Id" : "9564378b-37ef-4cb8-95b5-c1ea2d5240fe",
                "PropertyMaps" : [ {
                  "SourceProperty" : "EndDate",
                  "SourcePropertyBaseType" : "DATETIME",
                  "SourcePropertyType" : "Property",
                  "TargetProperty" : "EndDate",
                  "TargetPropertyBaseType" : "DATETIME",
                  "TargetPropertyType" : "property"
                } ],
                "SourceArea" : "Mashup",
                "SourceId" : "mashup-root",
                "SourceSection" : "",
                "TargetArea" : "UI",
                "TargetId" : "navigationfunction-50",
                "TargetSection" : ""
              }, {
                "Id" : "a5bd713e-f639-4f77-a76c-e1ef0eec1b14",
                "PropertyMaps" : [ {
                  "SourceProperty" : "Machine",
                  "SourcePropertyBaseType" : "STRING",
                  "SourcePropertyType" : "Property",
                  "TargetProperty" : "KBLocalMachineThing",
                  "TargetPropertyBaseType" : "STRING",
                  "TargetPropertyType" : "property"
                } ],
                "SourceArea" : "Mashup",
                "SourceId" : "mashup-root",
                "SourceSection" : "",
                "TargetArea" : "UI",
                "TargetId" : "navigationfunction-50",
                "TargetSection" : ""
              }, {
                "Id" : "9a1bacad-ba3c-4149-b763-3b52ed834b27",
                "PropertyMaps" : [ {
                  "SourceProperty" : "EndDate",
                  "SourcePropertyBaseType" : "DATETIME",
                  "SourcePropertyType" : "Property",
                  "TargetProperty" : "EndDate",
                  "TargetPropertyBaseType" : "DATETIME",
                  "TargetPropertyType" : "property"
                } ],
                "SourceArea" : "Mashup",
                "SourceId" : "mashup-root",
                "SourceSection" : "",
                "TargetArea" : "UI",
                "TargetId" : "navigationfunction-51",
                "TargetSection" : ""
              }, {
                "Id" : "34a995d2-c246-4059-9a1f-2de1f9436939",
                "PropertyMaps" : [ {
                  "SourceProperty" : "StartDate",
                  "SourcePropertyBaseType" : "DATETIME",
                  "SourcePropertyType" : "Property",
                  "TargetProperty" : "StartDate",
                  "TargetPropertyBaseType" : "DATETIME",
                  "TargetPropertyType" : "property"
                } ],
                "SourceArea" : "Mashup",
                "SourceId" : "mashup-root",
                "SourceSection" : "",
                "TargetArea" : "UI",
                "TargetId" : "navigationfunction-51",
                "TargetSection" : ""
              }, {
                "Id" : "7d0d15a2-3cd4-4854-87e1-9d085f8acf9e",
                "PropertyMaps" : [ {
                  "SourceProperty" : "Machine",
                  "SourcePropertyBaseType" : "STRING",
                  "SourcePropertyType" : "Property",
                  "TargetProperty" : "KBLocalMachineThing",
                  "TargetPropertyBaseType" : "STRING",
                  "TargetPropertyType" : "property"
                } ],
                "SourceArea" : "Mashup",
                "SourceId" : "mashup-root",
                "SourceSection" : "",
                "TargetArea" : "UI",
                "TargetId" : "navigationfunction-51",
                "TargetSection" : ""
              }, {
                "Id" : "193ce27f-dd2c-4d28-ae3e-53d321114668",
                "PropertyMaps" : [ {
                  "SourceProperty" : "StartDate",
                  "SourcePropertyBaseType" : "DATETIME",
                  "SourcePropertyType" : "property",
                  "TargetProperty" : "XAxisMinimumValues",
                  "TargetPropertyBaseType" : "DATETIME",
                  "TargetPropertyType" : "property"
                } ],
                "SourceArea" : "Mashup",
                "SourceId" : "mashup-root",
                "SourceSection" : "",
                "TargetArea" : "UI",
                "TargetId" : "ptcschartline-43",
                "TargetSection" : ""
              }, {
                "Id" : "437548f5-587d-4aa0-8ccd-9fade518a6d6",
                "PropertyMaps" : [ {
                  "SourceProperty" : "EndDate",
                  "SourcePropertyBaseType" : "DATETIME",
                  "SourcePropertyType" : "property",
                  "TargetProperty" : "XAxisMaximumValues",
                  "TargetPropertyBaseType" : "DATETIME",
                  "TargetPropertyType" : "property"
                } ],
                "SourceArea" : "Mashup",
                "SourceId" : "mashup-root",
                "SourceSection" : "",
                "TargetArea" : "UI",
                "TargetId" : "ptcschartline-43",
                "TargetSection" : ""
              }, {
                "Id" : "50fc5100-b944-472d-b418-14d5498a635c",
                "PropertyMaps" : [ {
                  "SourceProperty" : "Machine",
                  "SourcePropertyBaseType" : "STRING",
                  "SourcePropertyType" : "property",
                  "TargetProperty" : "LineThingName",
                  "TargetPropertyBaseType" : "STRING",
                  "TargetPropertyType" : "Parameter"
                } ],
                "SourceArea" : "Mashup",
                "SourceId" : "mashup-root",
                "SourceSection" : "",
                "TargetArea" : "Data",
                "TargetId" : "GetCVSProductionTargetDetail",
                "TargetSection" : "Things_KBKPILocalThingWorxDatabaseThing"
              }, {
                "Id" : "4a53d6f4-a7f7-4306-97ca-846a8050cb1b",
                "PropertyMaps" : [ {
                  "SourceProperty" : "StartDate",
                  "SourcePropertyBaseType" : "DATETIME",
                  "SourcePropertyType" : "property",
                  "TargetProperty" : "StartTime",
                  "TargetPropertyBaseType" : "DATETIME",
                  "TargetPropertyType" : "Parameter"
                } ],
                "SourceArea" : "Mashup",
                "SourceId" : "mashup-root",
                "SourceSection" : "",
                "TargetArea" : "Data",
                "TargetId" : "GetCVSProductionTargetDetail",
                "TargetSection" : "Things_KBKPILocalThingWorxDatabaseThing"
              }, {
                "Id" : "48f85d5e-c7ee-4475-ac68-e7c3d5e52ffa",
                "PropertyMaps" : [ {
                  "SourceProperty" : "EndDate",
                  "SourcePropertyBaseType" : "DATETIME",
                  "SourcePropertyType" : "property",
                  "TargetProperty" : "EndTime",
                  "TargetPropertyBaseType" : "DATETIME",
                  "TargetPropertyType" : "Parameter"
                } ],
                "SourceArea" : "Mashup",
                "SourceId" : "mashup-root",
                "SourceSection" : "",
                "TargetArea" : "Data",
                "TargetId" : "GetCVSProductionTargetDetail",
                "TargetSection" : "Things_KBKPILocalThingWorxDatabaseThing"
              }, {
                "Id" : "86df65a1-923f-45c0-8530-3239757e2bd7",
                "PropertyMaps" : [ {
                  "SourceProperty" : "",
                  "SourcePropertyBaseType" : "INFOTABLE",
                  "SourcePropertyType" : "InfoTable",
                  "TargetProperty" : "DataSource1",
                  "TargetPropertyBaseType" : "INFOTABLE",
                  "TargetPropertyType" : "property"
                } ],
                "SourceArea" : "Data",
                "SourceDetails" : "AllData",
                "SourceId" : "GetCVSProductionTargetDetail",
                "SourceSection" : "Things_KBKPILocalThingWorxDatabaseThing",
                "TargetArea" : "UI",
                "TargetId" : "ptcschartline-43",
                "TargetSection" : ""
              }, {
                "Id" : "da3ac1f1-89f5-46c0-b5b7-b6ca77192df4",
                "PropertyMaps" : [ {
                  "SourceProperty" : "",
                  "SourcePropertyBaseType" : "INFOTABLE",
                  "SourcePropertyType" : "InfoTable",
                  "TargetProperty" : "DataSource4",
                  "TargetPropertyBaseType" : "INFOTABLE",
                  "TargetPropertyType" : "property"
                } ],
                "SourceArea" : "Data",
                "SourceDetails" : "AllData",
                "SourceId" : "GetCumulativeDLP1Data",
                "SourceSection" : "Things_KBKPILocalThingWorxDatabaseThing",
                "TargetArea" : "UI",
                "TargetId" : "ptcschartline-43",
                "TargetSection" : ""
              }, {
                "Id" : "de1c461f-6cca-4935-8a17-b16daefa772e",
                "PropertyMaps" : [ {
                  "SourceProperty" : "Machine",
                  "SourcePropertyBaseType" : "STRING",
                  "SourcePropertyType" : "property",
                  "TargetProperty" : "Machine",
                  "TargetPropertyBaseType" : "STRING",
                  "TargetPropertyType" : "Parameter"
                } ],
                "SourceArea" : "Mashup",
                "SourceId" : "mashup-root",
                "SourceSection" : "",
                "TargetArea" : "Data",
                "TargetId" : "GetCumulativeDLP1Data",
                "TargetSection" : "Things_KBKPILocalThingWorxDatabaseThing"
              }, {
                "Id" : "2e325a9c-19fd-46ce-813f-0d9395d33c9b",
                "PropertyMaps" : [ {
                  "SourceProperty" : "StartDate",
                  "SourcePropertyBaseType" : "DATETIME",
                  "SourcePropertyType" : "property",
                  "TargetProperty" : "StartTime",
                  "TargetPropertyBaseType" : "DATETIME",
                  "TargetPropertyType" : "Parameter"
                } ],
                "SourceArea" : "Mashup",
                "SourceId" : "mashup-root",
                "SourceSection" : "",
                "TargetArea" : "Data",
                "TargetId" : "GetCumulativeDLP1Data",
                "TargetSection" : "Things_KBKPILocalThingWorxDatabaseThing"
              }, {
                "Id" : "e2ef1852-915c-4822-8b9c-6ce0c5a5a516",
                "PropertyMaps" : [ {
                  "SourceProperty" : "EndDate",
                  "SourcePropertyBaseType" : "DATETIME",
                  "SourcePropertyType" : "property",
                  "TargetProperty" : "EndTime",
                  "TargetPropertyBaseType" : "DATETIME",
                  "TargetPropertyType" : "Parameter"
                } ],
                "SourceArea" : "Mashup",
                "SourceId" : "mashup-root",
                "SourceSection" : "",
                "TargetArea" : "Data",
                "TargetId" : "GetCumulativeDLP1Data",
                "TargetSection" : "Things_KBKPILocalThingWorxDatabaseThing"
              }, {
                "Id" : "7b1575ca-ea33-4355-905c-46209d41ce42",
                "PropertyMaps" : [ {
                  "SourceProperty" : "",
                  "SourcePropertyBaseType" : "INFOTABLE",
                  "SourcePropertyType" : "InfoTable",
                  "TargetProperty" : "DataSource2",
                  "TargetPropertyBaseType" : "INFOTABLE",
                  "TargetPropertyType" : "property"
                } ],
                "SourceArea" : "Data",
                "SourceDetails" : "AllData",
                "SourceId" : "GetCulminatedNumberOfParts",
                "SourceSection" : "Things_KBKPILocalThingWorxDatabaseThing",
                "TargetArea" : "UI",
                "TargetId" : "ptcschartline-43",
                "TargetSection" : ""
              }, {
                "Id" : "bcb1a681-748b-493c-9872-c477a81a5c71",
                "PropertyMaps" : [ {
                  "SourceProperty" : "Machine",
                  "SourcePropertyBaseType" : "STRING",
                  "SourcePropertyType" : "property",
                  "TargetProperty" : "Machine",
                  "TargetPropertyBaseType" : "STRING",
                  "TargetPropertyType" : "Parameter"
                } ],
                "SourceArea" : "Mashup",
                "SourceId" : "mashup-root",
                "SourceSection" : "",
                "TargetArea" : "Data",
                "TargetId" : "GetCulminatedNumberOfParts",
                "TargetSection" : "Things_KBKPILocalThingWorxDatabaseThing"
              }, {
                "Id" : "16765433-cf08-48cb-866d-ab5f058ea3d9",
                "PropertyMaps" : [ {
                  "SourceProperty" : "StartDate",
                  "SourcePropertyBaseType" : "DATETIME",
                  "SourcePropertyType" : "property",
                  "TargetProperty" : "StartDate",
                  "TargetPropertyBaseType" : "DATETIME",
                  "TargetPropertyType" : "Parameter"
                } ],
                "SourceArea" : "Mashup",
                "SourceId" : "mashup-root",
                "SourceSection" : "",
                "TargetArea" : "Data",
                "TargetId" : "GetCulminatedNumberOfParts",
                "TargetSection" : "Things_KBKPILocalThingWorxDatabaseThing"
              }, {
                "Id" : "d2d2be6e-60b3-4169-8688-5091c9840dc6",
                "PropertyMaps" : [ {
                  "SourceProperty" : "EndDate",
                  "SourcePropertyBaseType" : "DATETIME",
                  "SourcePropertyType" : "property",
                  "TargetProperty" : "EndDate",
                  "TargetPropertyBaseType" : "DATETIME",
                  "TargetPropertyType" : "Parameter"
                } ],
                "SourceArea" : "Mashup",
                "SourceId" : "mashup-root",
                "SourceSection" : "",
                "TargetArea" : "Data",
                "TargetId" : "GetCulminatedNumberOfParts",
                "TargetSection" : "Things_KBKPILocalThingWorxDatabaseThing"
              }, {
                "Id" : "02e9453a-73fb-48a0-be68-a265d2c1cc9d",
                "PropertyMaps" : [ {
                  "SourceProperty" : "Machine",
                  "SourcePropertyBaseType" : "STRING",
                  "SourcePropertyType" : "property",
                  "TargetProperty" : "Machine",
                  "TargetPropertyBaseType" : "STRING",
                  "TargetPropertyType" : "Parameter"
                } ],
                "SourceArea" : "Mashup",
                "SourceId" : "mashup-root",
                "SourceSection" : "",
                "TargetArea" : "Data",
                "TargetId" : "GetCulminatedNumberOfNOKParts_V1",
                "TargetSection" : "Things_KBKPILocalThingWorxDatabaseThing"
              }, {
                "Id" : "cb3d7b62-311b-4b28-94ff-e23269f81350",
                "PropertyMaps" : [ {
                  "SourceProperty" : "StartDate",
                  "SourcePropertyBaseType" : "DATETIME",
                  "SourcePropertyType" : "property",
                  "TargetProperty" : "StartDate",
                  "TargetPropertyBaseType" : "DATETIME",
                  "TargetPropertyType" : "Parameter"
                } ],
                "SourceArea" : "Mashup",
                "SourceId" : "mashup-root",
                "SourceSection" : "",
                "TargetArea" : "Data",
                "TargetId" : "GetCulminatedNumberOfNOKParts_V1",
                "TargetSection" : "Things_KBKPILocalThingWorxDatabaseThing"
              }, {
                "Id" : "a751354c-5d89-432d-8a76-3d29ab79d966",
                "PropertyMaps" : [ {
                  "SourceProperty" : "EndDate",
                  "SourcePropertyBaseType" : "DATETIME",
                  "SourcePropertyType" : "property",
                  "TargetProperty" : "EndDate",
                  "TargetPropertyBaseType" : "DATETIME",
                  "TargetPropertyType" : "Parameter"
                } ],
                "SourceArea" : "Mashup",
                "SourceId" : "mashup-root",
                "SourceSection" : "",
                "TargetArea" : "Data",
                "TargetId" : "GetCulminatedNumberOfNOKParts_V1",
                "TargetSection" : "Things_KBKPILocalThingWorxDatabaseThing"
              }, {
                "Id" : "c666781f-fcaa-4024-8c68-ace215dc4edf",
                "PropertyMaps" : [ {
                  "SourceProperty" : "",
                  "SourcePropertyBaseType" : "INFOTABLE",
                  "SourcePropertyType" : "InfoTable",
                  "TargetProperty" : "DataSource3",
                  "TargetPropertyBaseType" : "INFOTABLE",
                  "TargetPropertyType" : "property"
                } ],
                "SourceArea" : "Data",
                "SourceDetails" : "AllData",
                "SourceId" : "GetCulminatedNumberOfNOKParts_V1",
                "SourceSection" : "Things_KBKPILocalThingWorxDatabaseThing",
                "TargetArea" : "UI",
                "TargetId" : "ptcschartline-43",
                "TargetSection" : ""
              } ],
              "DesignTimePermissions" : {
                "Create" : [ ],
                "Delete" : [ ],
                "Metadata" : [ ],
                "Read" : [ ],
                "Update" : [ ]
              },
              "Events" : [ {
                "EventHandlerArea" : "UI",
                "EventHandlerId" : "navigationfunction-50",
                "EventHandlerService" : "Navigate",
                "EventTriggerArea" : "UI",
                "EventTriggerEvent" : "SeriesClicked",
                "EventTriggerId" : "ptcschartline-43",
                "EventTriggerSection" : "",
                "Id" : "8ef98ae1-92f9-41d6-bd51-544e7a84362c"
              }, {
                "EventHandlerArea" : "UI",
                "EventHandlerId" : "navigationfunction-50",
                "EventHandlerService" : "Navigate",
                "EventTriggerArea" : "UI",
                "EventTriggerEvent" : "Clicked",
                "EventTriggerId" : "ptcsbutton-48",
                "EventTriggerSection" : "",
                "Id" : "9ff78c5a-ee68-4743-a0c0-dc35838e4a12"
              }, {
                "EventHandlerArea" : "UI",
                "EventHandlerId" : "navigationfunction-51",
                "EventHandlerService" : "Navigate",
                "EventTriggerArea" : "UI",
                "EventTriggerEvent" : "Clicked",
                "EventTriggerId" : "ptcsbutton-49",
                "EventTriggerSection" : "",
                "Id" : "c285e59f-31b8-44c4-914e-251de2d33f09"
              }, {
                "EventHandlerArea" : "Data",
                "EventHandlerId" : "Things_KBKPILocalThingWorxDatabaseThing",
                "EventHandlerService" : "GetCVSProductionTargetDetail",
                "EventTriggerArea" : "Mashup",
                "EventTriggerEvent" : "Loaded",
                "EventTriggerId" : "mashup-root",
                "EventTriggerSection" : "",
                "Id" : "181e7456-145c-44c5-96a9-d2e6d5acd66c"
              }, {
                "EventHandlerArea" : "Data",
                "EventHandlerId" : "Things_KBKPILocalThingWorxDatabaseThing",
                "EventHandlerService" : "GetCumulativeDLP1Data",
                "EventTriggerArea" : "Mashup",
                "EventTriggerEvent" : "Loaded",
                "EventTriggerId" : "mashup-root",
                "EventTriggerSection" : "",
                "Id" : "f06a2aaf-934e-4be3-92f1-1228b174c511"
              }, {
                "EventHandlerArea" : "Data",
                "EventHandlerId" : "Things_KBKPILocalThingWorxDatabaseThing",
                "EventHandlerService" : "GetCulminatedNumberOfParts",
                "EventTriggerArea" : "Mashup",
                "EventTriggerEvent" : "Loaded",
                "EventTriggerId" : "mashup-root",
                "EventTriggerSection" : "",
                "Id" : "d253beae-222b-46a5-a0b5-54827c35a48a"
              }, {
                "EventHandlerArea" : "Data",
                "EventHandlerId" : "Things_KBKPILocalThingWorxDatabaseThing",
                "EventHandlerService" : "GetCulminatedNumberOfNOKParts_V1",
                "EventTriggerArea" : "Mashup",
                "EventTriggerEvent" : "Loaded",
                "EventTriggerId" : "mashup-root",
                "EventTriggerSection" : "",
                "Id" : "65d7f470-c852-4636-b341-166e628f3493"
              }, {
                "EventHandlerArea" : "Data",
                "EventHandlerId" : "Things_KBKPILocalThingWorxDatabaseThing",
                "EventHandlerService" : "GetCulminatedNumberOfNOKParts_V1",
                "EventTriggerArea" : "Mashup",
                "EventTriggerEvent" : "RefreshRequested",
                "EventTriggerId" : "mashup-root",
                "EventTriggerSection" : "",
                "Id" : "7edfbd82-79ea-45c0-8483-89e300f4f924"
              }, {
                "EventHandlerArea" : "Data",
                "EventHandlerId" : "Things_KBKPILocalThingWorxDatabaseThing",
                "EventHandlerService" : "GetCulminatedNumberOfParts",
                "EventTriggerArea" : "Mashup",
                "EventTriggerEvent" : "RefreshRequested",
                "EventTriggerId" : "mashup-root",
                "EventTriggerSection" : "",
                "Id" : "9e1c00ff-41e1-45a3-b357-983e1aef7426"
              }, {
                "EventHandlerArea" : "Data",
                "EventHandlerId" : "Things_KBKPILocalThingWorxDatabaseThing",
                "EventHandlerService" : "GetCVSProductionTargetDetail",
                "EventTriggerArea" : "Mashup",
                "EventTriggerEvent" : "RefreshRequested",
                "EventTriggerId" : "mashup-root",
                "EventTriggerSection" : "",
                "Id" : "4745d7c6-6d24-44d1-bbc9-14541acfb809"
              }, {
                "EventHandlerArea" : "Data",
                "EventHandlerId" : "Things_KBKPILocalThingWorxDatabaseThing",
                "EventHandlerService" : "GetCumulativeDLP1Data",
                "EventTriggerArea" : "Mashup",
                "EventTriggerEvent" : "RefreshRequested",
                "EventTriggerId" : "mashup-root",
                "EventTriggerSection" : "",
                "Id" : "80cecaf1-02ef-4bad-bb62-b39bcb98d04b"
              }, {
                "EventHandlerArea" : "Data",
                "EventHandlerId" : "Things_KBKPILocalThingWorxDatabaseThing",
                "EventHandlerService" : "GetCulminatedNumberOfNOKParts_V1",
                "EventTriggerArea" : "Mashup",
                "EventTriggerEvent" : "MachineChanged",
                "EventTriggerId" : "mashup-root",
                "EventTriggerSection" : "",
                "Id" : "20a83806-5699-4c04-bcbe-f6a8c153cc53"
              }, {
                "EventHandlerArea" : "Data",
                "EventHandlerId" : "Things_KBKPILocalThingWorxDatabaseThing",
                "EventHandlerService" : "GetCulminatedNumberOfParts",
                "EventTriggerArea" : "Mashup",
                "EventTriggerEvent" : "MachineChanged",
                "EventTriggerId" : "mashup-root",
                "EventTriggerSection" : "",
                "Id" : "bc0418ad-47d9-4236-8ab3-203e70caafe5"
              }, {
                "EventHandlerArea" : "Data",
                "EventHandlerId" : "Things_KBKPILocalThingWorxDatabaseThing",
                "EventHandlerService" : "GetCumulativeDLP1Data",
                "EventTriggerArea" : "Mashup",
                "EventTriggerEvent" : "MachineChanged",
                "EventTriggerId" : "mashup-root",
                "EventTriggerSection" : "",
                "Id" : "fdd19db0-0ac4-4e17-b03c-ab73bd67ee11"
              }, {
                "EventHandlerArea" : "Data",
                "EventHandlerId" : "Things_KBKPILocalThingWorxDatabaseThing",
                "EventHandlerService" : "GetCVSProductionTargetDetail",
                "EventTriggerArea" : "Mashup",
                "EventTriggerEvent" : "MachineChanged",
                "EventTriggerId" : "mashup-root",
                "EventTriggerSection" : "",
                "Id" : "3077a4c6-c2a1-4a27-b11b-e3c1ecc91c6a"
              }, {
                "EventHandlerArea" : "Data",
                "EventHandlerId" : "Things_KBKPILocalThingWorxDatabaseThing",
                "EventHandlerService" : "GetCulminatedNumberOfNOKParts_V1",
                "EventTriggerArea" : "Mashup",
                "EventTriggerEvent" : "StartDateChanged",
                "EventTriggerId" : "mashup-root",
                "EventTriggerSection" : "",
                "Id" : "e851d5ba-17d8-4bb5-8246-734bcddbc877"
              }, {
                "EventHandlerArea" : "Data",
                "EventHandlerId" : "Things_KBKPILocalThingWorxDatabaseThing",
                "EventHandlerService" : "GetCulminatedNumberOfParts",
                "EventTriggerArea" : "Mashup",
                "EventTriggerEvent" : "StartDateChanged",
                "EventTriggerId" : "mashup-root",
                "EventTriggerSection" : "",
                "Id" : "ca02300a-b684-4d50-91ca-5576eaca38e1"
              }, {
                "EventHandlerArea" : "Data",
                "EventHandlerId" : "Things_KBKPILocalThingWorxDatabaseThing",
                "EventHandlerService" : "GetCumulativeDLP1Data",
                "EventTriggerArea" : "Mashup",
                "EventTriggerEvent" : "StartDateChanged",
                "EventTriggerId" : "mashup-root",
                "EventTriggerSection" : "",
                "Id" : "623116b0-97a0-4747-a9ae-83660e4d1336"
              }, {
                "EventHandlerArea" : "Data",
                "EventHandlerId" : "Things_KBKPILocalThingWorxDatabaseThing",
                "EventHandlerService" : "GetCVSProductionTargetDetail",
                "EventTriggerArea" : "Mashup",
                "EventTriggerEvent" : "StartDateChanged",
                "EventTriggerId" : "mashup-root",
                "EventTriggerSection" : "",
                "Id" : "5c6bb9c3-699c-4935-8e44-fc65cff9c2ef"
              }, {
                "EventHandlerArea" : "Data",
                "EventHandlerId" : "Things_KBKPILocalThingWorxDatabaseThing",
                "EventHandlerService" : "GetCulminatedNumberOfNOKParts_V1",
                "EventTriggerArea" : "Mashup",
                "EventTriggerEvent" : "EndDateChanged",
                "EventTriggerId" : "mashup-root",
                "EventTriggerSection" : "",
                "Id" : "ac469740-6141-4b1c-9a7b-d5df7c803a78"
              }, {
                "EventHandlerArea" : "Data",
                "EventHandlerId" : "Things_KBKPILocalThingWorxDatabaseThing",
                "EventHandlerService" : "GetCulminatedNumberOfParts",
                "EventTriggerArea" : "Mashup",
                "EventTriggerEvent" : "EndDateChanged",
                "EventTriggerId" : "mashup-root",
                "EventTriggerSection" : "",
                "Id" : "457e08a2-ab87-41c8-8378-1c2ab17c964e"
              }, {
                "EventHandlerArea" : "Data",
                "EventHandlerId" : "Things_KBKPILocalThingWorxDatabaseThing",
                "EventHandlerService" : "GetCumulativeDLP1Data",
                "EventTriggerArea" : "Mashup",
                "EventTriggerEvent" : "EndDateChanged",
                "EventTriggerId" : "mashup-root",
                "EventTriggerSection" : "",
                "Id" : "5d57da2c-6809-4a5c-bf97-3206c569a150"
              }, {
                "EventHandlerArea" : "Data",
                "EventHandlerId" : "Things_KBKPILocalThingWorxDatabaseThing",
                "EventHandlerService" : "GetCVSProductionTargetDetail",
                "EventTriggerArea" : "Mashup",
                "EventTriggerEvent" : "EndDateChanged",
                "EventTriggerId" : "mashup-root",
                "EventTriggerSection" : "",
                "Id" : "3f985861-6939-410b-883a-032609b41b35"
              } ],
              "Reminders" : [ ],
              "RunTimePermissions" : {
                "permissions" : [ {
                  "EventInvoke" : [ ],
                  "EventSubscribe" : [ ],
                  "PropertyRead" : [ {
                    "isPermitted" : true,
                    "name" : "KBUserGroup",
                    "type" : "Group"
                  }, {
                    "isPermitted" : true,
                    "name" : "KBMesKitHelperUser",
                    "type" : "User"
                  } ],
                  "PropertyWrite" : [ ],
                  "ServiceInvoke" : [ {
                    "isPermitted" : true,
                    "name" : "KBUserGroup",
                    "type" : "Group"
                  }, {
                    "isPermitted" : true,
                    "name" : "KBMesKitHelperUser",
                    "type" : "User"
                  } ],
                  "resourceName" : "*"
                } ]
              },
              "UI" : {
                "Properties" : {
                  "AddToDashboardButton" : "SimplePlus",
                  "AddToDashboardButtonStyle" : "DefaultAddToDashboardButtonStyle",
                  "Area" : "Mashup",
                  "BGImage" : "",
                  "BGImageRepeat" : "no-repeat",
                  "BGImageSize" : "auto",
                  "Columns" : 0,
                  "ConfigureGadgetButton" : "SimpleGear",
                  "ConfigureGadgetButtonStyle" : "DefaultConfigureGadgetButtonStyle",
                  "DisplayName" : "Mashup",
                  "EnableParameterEditing" : false,
                  "Height" : 618,
                  "Id" : "mashup-root",
                  "IgnoreWarningsInViewMashup" : false,
                  "IsPrintLayout" : false,
                  "Left" : 0,
                  "Margin" : "5",
                  "MashupToEditGadget" : "DefaultMashupToEditGadget",
                  "MaxTimeInSec" : 300,
                  "MigratedOn" : "2023-02-22T05:39:41.000Z",
                  "MinHeight" : 0,
                  "MinTimeInSec" : 0,
                  "MinWidth" : 0,
                  "ResponsiveLayout" : true,
                  "Rows" : 0,
                  "ShowDataLoading" : true,
                  "Style" : "DefaultMashupStyle",
                  "StyleProperties" : {
                    "data" : {
                      "flexcontainer-44" : {
                        "parts" : {
                          "$" : {
                            "$" : {
                              "background" : "rgba(255,255,255,1)"
                            }
                          }
                        },
                        "widget" : "flex-container"
                      },
                      "flexcontainer-45" : {
                        "parts" : {
                          "$" : {
                            "$" : {
                              "background" : "rgba(255,255,255,1)"
                            }
                          }
                        },
                        "widget" : "flex-container"
                      },
                      "flexcontainer-46" : {
                        "parts" : {
                          "$" : {
                            "$" : {
                              "background" : "rgba(255,255,255,1)"
                            }
                          }
                        },
                        "widget" : "flex-container"
                      },
                      "ptcsbutton-48" : {
                        "parts" : {
                          "$" : {
                            "$" : {
                              "min-height" : "15px"
                            }
                          },
                          "label" : {
                            "$" : {
                              "font-size" : "12px"
                            },
                            "hover" : {
                              "font-size" : "12px"
                            }
                          }
                        },
                        "widget" : "ptcs-button"
                      },
                      "ptcsbutton-49" : {
                        "parts" : {
                          "$" : {
                            "$" : {
                              "min-height" : "15px"
                            }
                          },
                          "label" : {
                            "$" : {
                              "font-size" : "12px"
                            },
                            "hover" : {
                              "font-size" : "12px"
                            }
                          }
                        },
                        "widget" : "ptcs-button"
                      },
                      "ptcschartline-43" : {
                        "parts" : {
                          "$" : {
                            "$" : {
                              "min-width" : "180px"
                            }
                          },
                          "chart-layout" : {
                            "$" : {
                              "padding-bottom" : "2px",
                              "padding-left" : "15px",
                              "padding-right" : "5px",
                              "padding-top" : "2px"
                            }
                          },
                          "legend-label" : {
                            "$" : {
                              "font-family" : "Helvetica",
                              "font-size" : "12px",
                              "font-weight" : "600"
                            }
                          },
                          "legend-marker" : {
                            "$" : {
                              "margin-right" : "3px"
                            },
                            "serie1" : {
                              "background" : "#bb68c8"
                            },
                            "serie2" : {
                              "background" : "rgba(82,199,93,1)"
                            },
                            "serie3" : {
                              "background" : "rgba(191,48,48,1)"
                            },
                            "serie4" : {
                              "background" : "#8D909A"
                            }
                          },
                          "line" : {
                            "serie1" : {
                              "stroke" : "#bb68c8"
                            },
                            "serie2" : {
                              "stroke" : "rgba(82,199,93,1)"
                            },
                            "serie3" : {
                              "stroke" : "rgba(191,48,48,1)"
                            },
                            "serie4" : {
                              "stroke" : "#8D909A"
                            }
                          },
                          "marker" : {
                            "serie1" : {
                              "fill" : "#bb68c8"
                            },
                            "serie2" : {
                              "fill" : "rgba(82,199,93,1)"
                            },
                            "serie3" : {
                              "fill" : "rgba(191,48,48,1)"
                            },
                            "serie4" : {
                              "fill" : "#8D909A"
                            }
                          },
                          "title-label" : {
                            "$" : {
                              "font-family" : "Calibri",
                              "font-size" : "9px",
                              "font-style" : "normal",
                              "font-weight" : "100",
                              "text-decoration" : "inherit"
                            }
                          },
                          "xaxis-tick-label" : {
                            "$" : {
                              "font-size" : "14px",
                              "font-weight" : "600"
                            }
                          },
                          "yaxis-tick-label" : {
                            "$" : {
                              "font-size" : "14px",
                              "font-weight" : "600"
                            }
                          },
                          "yaxis2-tick-label" : {
                            "$" : {
                              "font-size" : "14px",
                              "font-weight" : "600"
                            }
                          }
                        },
                        "widget" : "ptcs-chart-line"
                      }
                    },
                    "meta" : {
                      "type" : "WidgetStyler",
                      "version" : "1.0"
                    }
                  },
                  "StyleTheme" : "KBStandardStyleTheme",
                  "Title" : "",
                  "TitleBar" : false,
                  "TitleBarStyle" : "DefaultTitleBarStyle",
                  "TitleBarText" : "Gadget Title Here",
                  "Top" : 0,
                  "Type" : "mashup",
                  "UseMasterTheme" : false,
                  "UseTheme" : false,
                  "UseThemeForHybrids" : false,
                  "Visible" : true,
                  "Width" : 1024,
                  "Z-index" : 10,
                  "__TypeDisplayName" : "Mashup",
                  "_currentParameterDefs" : [ {
                    "Aspects" : {
                      "bindingDirection" : "IN",
                      "isMandatory" : false
                    },
                    "BaseType" : "STRING",
                    "Description" : "",
                    "ParameterName" : "Machine"
                  }, {
                    "Aspects" : {
                      "bindingDirection" : "IN",
                      "isMandatory" : false
                    },
                    "BaseType" : "DATETIME",
                    "Description" : "",
                    "ParameterName" : "StartDate"
                  }, {
                    "Aspects" : {
                      "bindingDirection" : "IN",
                      "isMandatory" : false
                    },
                    "BaseType" : "DATETIME",
                    "Description" : "",
                    "ParameterName" : "EndDate"
                  }, {
                    "Aspects" : {
                      "bindingDirection" : "IN",
                      "isMandatory" : false
                    },
                    "BaseType" : "INTEGER",
                    "DefaultValue" : 300,
                    "Description" : "",
                    "ParameterName" : "MaxTimeInSec"
                  }, {
                    "Aspects" : {
                      "bindingDirection" : "IN",
                      "isMandatory" : false
                    },
                    "BaseType" : "INTEGER",
                    "DefaultValue" : 0,
                    "Description" : "",
                    "ParameterName" : "MinTimeInSec"
                  }, {
                    "Aspects" : {
                      "bindingDirection" : "IN",
                      "isMandatory" : false
                    },
                    "BaseType" : "STRING",
                    "Description" : "",
                    "ParameterName" : "Division"
                  } ],
                  "id_index" : 51,
                  "supportsAutoResize" : true
                },
                "Widgets" : [ {
                  "Properties" : {
                    "Area" : "UI",
                    "CollapseTabIcon" : "",
                    "DisplayName" : "container-44",
                    "EnableContainerUnload" : false,
                    "EnableExpandCollapse" : false,
                    "ExpandCollapseTabLocation" : "inside",
                    "ExpandTabIcon" : "",
                    "Expanded" : true,
                    "Id" : "flexcontainer-44",
                    "LastContainer" : true,
                    "LazyLoading" : false,
                    "Margin" : "",
                    "Overlay" : false,
                    "ResponsiveLayout" : true,
                    "Scrolling" : "auto-scroll",
                    "ShowDataLoading" : true,
                    "ShowExpandCollapseTab" : false,
                    "SourceURL" : "",
                    "Style" : "DefaultContainerStyle",
                    "StyleProperties" : { },
                    "Type" : "flexcontainer",
                    "UseTheme" : true,
                    "Visible" : true,
                    "Z-index" : 10,
                    "__TypeDisplayName" : "Flex Container",
                    "align-content" : "flex-start",
                    "align-items" : "flex-start",
                    "flex-basis" : "auto",
                    "flex-direction" : "column",
                    "flex-grow" : 1,
                    "flex-max-height" : "",
                    "flex-max-width" : "",
                    "flex-min-height" : "",
                    "flex-min-width" : "",
                    "flex-shrink" : 1,
                    "flex-size" : "default",
                    "flex-wrap" : "nowrap",
                    "iconClass" : "widgets-flexcontainer",
                    "justify-content" : "flex-start",
                    "positioning" : "responsive",
                    "userCannotRemove" : true
                  },
                  "Widgets" : [ {
                    "Properties" : {
                      "Area" : "UI",
                      "CollapseTabIcon" : "",
                      "DisplayName" : "container-45",
                      "EnableContainerUnload" : false,
                      "EnableExpandCollapse" : true,
                      "ExpandCollapseTabLocation" : "outside",
                      "ExpandTabIcon" : "",
                      "Expanded" : true,
                      "Id" : "flexcontainer-45",
                      "LastContainer" : false,
                      "LazyLoading" : false,
                      "Margin" : "0 0 0 0",
                      "Overlay" : false,
                      "ResponsiveLayout" : true,
                      "ShowDataLoading" : true,
                      "ShowExpandCollapseTab" : false,
                      "SourceURL" : "",
                      "Style" : "DefaultContainerStyle",
                      "StyleProperties" : { },
                      "Type" : "flexcontainer",
                      "UseTheme" : true,
                      "Visible" : true,
                      "Z-index" : 10,
                      "__TypeDisplayName" : "Flex Container",
                      "align-content" : "flex-start",
                      "align-items" : "flex-start",
                      "flex-basis" : "auto",
                      "flex-direction" : "row",
                      "flex-grow" : 5,
                      "flex-max-height" : "",
                      "flex-max-width" : "",
                      "flex-min-height" : "",
                      "flex-min-width" : "",
                      "flex-shrink" : "0",
                      "flex-size" : "default",
                      "flex-wrap" : "nowrap",
                      "iconClass" : "widgets-flexcontainer",
                      "isLocked" : false,
                      "justify-content" : "flex-start",
                      "positioning" : "responsive",
                      "userCannotRemove" : false
                    },
                    "Widgets" : [ {
                      "Properties" : {
                        "Area" : "UI",
                        "ButtonType" : "primary",
                        "ContextID" : "",
                        "Disabled" : false,
                        "DisplayName" : "navigation-48",
                        "Height" : 23,
                        "Icon" : "",
                        "Id" : "ptcsbutton-48",
                        "Label" : "Target Calculation",
                        "LabelAlignment" : "left",
                        "LastContainer" : false,
                        "Left" : 0,
                        "Margin" : "5",
                        "MashupParameters" : [ {
                          "BaseType" : "STRING",
                          "Description" : "",
                          "ParameterName" : "KBLocalMachineThing",
                          "ParmDef" : {
                            "aspects" : {
                              "bindingDirection" : "BOTH",
                              "isMandatory" : "false",
                              "ordinal" : "0"
                            },
                            "baseType" : "STRING",
                            "description" : "",
                            "name" : "KBLocalMachineThing",
                            "ordinal" : 0
                          }
                        }, {
                          "BaseType" : "NUMBER",
                          "Description" : "",
                          "ParameterName" : "ShiftFactor",
                          "ParmDef" : {
                            "aspects" : {
                              "bindingDirection" : "IN",
                              "isMandatory" : "false",
                              "ordinal" : "3"
                            },
                            "baseType" : "NUMBER",
                            "description" : "",
                            "name" : "ShiftFactor",
                            "ordinal" : 0
                          }
                        }, {
                          "BaseType" : "DATETIME",
                          "Description" : "",
                          "ParameterName" : "StartDate",
                          "ParmDef" : {
                            "aspects" : {
                              "bindingDirection" : "BOTH",
                              "isMandatory" : "false",
                              "ordinal" : "1"
                            },
                            "baseType" : "DATETIME",
                            "description" : "",
                            "name" : "StartDate",
                            "ordinal" : 0
                          }
                        }, {
                          "BaseType" : "DATETIME",
                          "Description" : "",
                          "ParameterName" : "EndDate",
                          "ParmDef" : {
                            "aspects" : {
                              "bindingDirection" : "BOTH",
                              "isMandatory" : "false",
                              "ordinal" : "2"
                            },
                            "baseType" : "DATETIME",
                            "description" : "",
                            "name" : "EndDate",
                            "ordinal" : 0
                          }
                        } ],
                        "MultiLine" : false,
                        "ResponsiveLayout" : false,
                        "ShowDataLoading" : true,
                        "TabSequence" : 0,
                        "TooltipField" : "",
                        "Top" : 0,
                        "Type" : "ptcsbutton",
                        "UseTheme" : true,
                        "Visible" : true,
                        "Z-index" : 10,
                        "__TypeDisplayName" : "Navigation"
                      },
                      "Widgets" : [ ]
                    }, {
                      "Properties" : {
                        "Area" : "UI",
                        "ButtonType" : "primary",
                        "ContextID" : "",
                        "Disabled" : false,
                        "DisplayName" : "navigation-49",
                        "Height" : 23,
                        "Icon" : "",
                        "Id" : "ptcsbutton-49",
                        "Label" : "Actual Calculation",
                        "LabelAlignment" : "left",
                        "LastContainer" : false,
                        "Left" : 0,
                        "Margin" : "5",
                        "MashupParameters" : [ {
                          "BaseType" : "STRING",
                          "Description" : "",
                          "ParameterName" : "KBLocalMachineThing",
                          "ParmDef" : {
                            "aspects" : {
                              "ordinal" : "0"
                            },
                            "baseType" : "STRING",
                            "description" : "",
                            "name" : "KBLocalMachineThing",
                            "ordinal" : 0
                          }
                        }, {
                          "BaseType" : "DATETIME",
                          "Description" : "",
                          "ParameterName" : "StartDate",
                          "ParmDef" : {
                            "aspects" : {
                              "ordinal" : "1"
                            },
                            "baseType" : "DATETIME",
                            "description" : "",
                            "name" : "StartDate",
                            "ordinal" : 0
                          }
                        }, {
                          "BaseType" : "DATETIME",
                          "Description" : "",
                          "ParameterName" : "EndDate",
                          "ParmDef" : {
                            "aspects" : {
                              "ordinal" : "2"
                            },
                            "baseType" : "DATETIME",
                            "description" : "",
                            "name" : "EndDate",
                            "ordinal" : 0
                          }
                        } ],
                        "MultiLine" : false,
                        "ResponsiveLayout" : false,
                        "ShowDataLoading" : true,
                        "TabSequence" : 0,
                        "TooltipField" : "",
                        "Top" : 0,
                        "Type" : "ptcsbutton",
                        "UseTheme" : true,
                        "Visible" : true,
                        "Z-index" : 10,
                        "__TypeDisplayName" : "Navigation"
                      },
                      "Widgets" : [ ]
                    } ]
                  }, {
                    "Properties" : {
                      "Area" : "UI",
                      "CollapseTabIcon" : "",
                      "DisplayName" : "container-46",
                      "EnableContainerUnload" : false,
                      "EnableExpandCollapse" : false,
                      "ExpandCollapseTabLocation" : "inside",
                      "ExpandTabIcon" : "",
                      "Expanded" : true,
                      "Id" : "flexcontainer-46",
                      "LastContainer" : true,
                      "LazyLoading" : false,
                      "Margin" : "0 0 0 0",
                      "Overlay" : false,
                      "ResponsiveLayout" : true,
                      "Scrolling" : "auto-scroll",
                      "ShowDataLoading" : true,
                      "ShowExpandCollapseTab" : false,
                      "SourceURL" : "",
                      "Style" : "DefaultContainerStyle",
                      "StyleProperties" : { },
                      "Type" : "flexcontainer",
                      "UseTheme" : true,
                      "Visible" : true,
                      "Z-index" : 10,
                      "__TypeDisplayName" : "Flex Container",
                      "align-content" : "flex-start",
                      "align-items" : "flex-start",
                      "flex-basis" : "auto",
                      "flex-direction" : "column",
                      "flex-grow" : 95,
                      "flex-max-height" : "",
                      "flex-max-width" : "",
                      "flex-min-height" : "",
                      "flex-min-width" : "",
                      "flex-shrink" : 1,
                      "flex-size" : "default",
                      "flex-wrap" : "nowrap",
                      "iconClass" : "widgets-flexcontainer",
                      "isLocked" : false,
                      "justify-content" : "flex-start",
                      "positioning" : "responsive",
                      "userCannotRemove" : false
                    },
                    "Widgets" : [ {
                      "Properties" : {
                        "Area" : "UI",
                        "ChartMinWidth" : 450,
                        "ChartType" : "runchart",
                        "CurveFitting" : "linear",
                        "DataField1" : "counter",
                        "DataField2" : "culminatedNumberOfParts",
                        "DataField3" : "culminatedNumberOfParts",
                        "DataField4" : "DLP1TargetCumulative",
                        "DataField5" : "DLP1TargetCumulative",
                        "DataLabel1" : "[[KBDailyManagementSystemMashup.CumulativeTargetSAPProcessingTimeCO]]",
                        "DataLabel10" : "",
                        "DataLabel11" : "",
                        "DataLabel12" : "",
                        "DataLabel13" : "",
                        "DataLabel14" : "",
                        "DataLabel15" : "",
                        "DataLabel16" : "",
                        "DataLabel17" : "",
                        "DataLabel18" : "",
                        "DataLabel19" : "",
                        "DataLabel2" : "[[KBDailyManagementSystemMashup.CulminatedNumbersOfOkParts]]",
                        "DataLabel20" : "",
                        "DataLabel21" : "",
                        "DataLabel22" : "",
                        "DataLabel23" : "",
                        "DataLabel24" : "",
                        "DataLabel3" : "[[KBDailyManagementSystemMashup.CulminatedNumbersOfNOkParts]]",
                        "DataLabel4" : "[[KBDailyManagementSystemMashup.CumulativeDLP1Target]]",
                        "DataLabel5" : "Cumulative DLP1 Labour Production Target",
                        "DataLabel6" : "",
                        "DataLabel7" : "",
                        "DataLabel8" : "",
                        "DataLabel9" : "",
                        "DataPointSelection" : "auto",
                        "DataSeriesStyle10_StateParameters" : [ ],
                        "DataSeriesStyle11_StateParameters" : [ ],
                        "DataSeriesStyle12_StateParameters" : [ ],
                        "DataSeriesStyle13_StateParameters" : [ ],
                        "DataSeriesStyle14_StateParameters" : [ ],
                        "DataSeriesStyle15_StateParameters" : [ ],
                        "DataSeriesStyle16_StateParameters" : [ ],
                        "DataSeriesStyle17_StateParameters" : [ ],
                        "DataSeriesStyle18_StateParameters" : [ ],
                        "DataSeriesStyle19_StateParameters" : [ ],
                        "DataSeriesStyle1_StateParameters" : [ ],
                        "DataSeriesStyle20_StateParameters" : [ ],
                        "DataSeriesStyle21_StateParameters" : [ ],
                        "DataSeriesStyle22_StateParameters" : [ ],
                        "DataSeriesStyle23_StateParameters" : [ ],
                        "DataSeriesStyle24_StateParameters" : [ ],
                        "DataSeriesStyle2_StateParameters" : [ ],
                        "DataSeriesStyle3_StateParameters" : [ ],
                        "DataSeriesStyle4_StateParameters" : [ ],
                        "DataSeriesStyle5_StateParameters" : [ ],
                        "DataSeriesStyle6_StateParameters" : [ ],
                        "DataSeriesStyle7_StateParameters" : [ ],
                        "DataSeriesStyle8_StateParameters" : [ ],
                        "DataSeriesStyle9_StateParameters" : [ ],
                        "DataSeriesStyle_StateParameters" : [ ],
                        "DateRangeHintText" : "[[selectDateAndTime]]",
                        "DirectSelectionZoom" : "none",
                        "Disabled" : false,
                        "DisplayName" : "timeserieschart-43",
                        "DragSelectionZoom" : "none",
                        "FillContainer" : true,
                        "Height" : 240,
                        "HideLegend" : false,
                        "HideLegendLabel" : "[[hideLegend]]",
                        "HideLines" : false,
                        "HideMarkers" : true,
                        "HideNotes" : false,
                        "HideValues" : true,
                        "HideXAxis" : false,
                        "HideYAxis" : false,
                        "HorizontalAxisMaxHeight" : 85,
                        "HorizontalEndZoomLabel" : "",
                        "HorizontalIntervalAnchorPoint" : "start",
                        "HorizontalIntervalAnchorPointLabel" : "",
                        "HorizontalIntervalControl" : "none",
                        "HorizontalIntervalControlLabel" : "",
                        "HorizontalRangeZoom" : false,
                        "HorizontalSliderZoom" : false,
                        "HorizontalSliderZoomMaxLabel" : "",
                        "HorizontalSliderZoomMinLabel" : "",
                        "HorizontalStartZoomLabel" : "",
                        "HorizontalZoom" : true,
                        "Id" : "ptcschartline-43",
                        "Label" : "",
                        "LabelAlignment" : "center",
                        "LabelPosition" : "top",
                        "LabelReset" : null,
                        "LabelType" : "label",
                        "LastContainer" : false,
                        "Left" : 0,
                        "LegendAlignment" : "start",
                        "LegendFilter" : false,
                        "LegendMarkerShapes" : "circle",
                        "LegendMaxWidth" : 1800,
                        "LegendPosition" : "top",
                        "Margin" : "0",
                        "MarkerShape" : "circle",
                        "MarkerSize" : 6,
                        "MultipleDataSources" : true,
                        "Notes" : "",
                        "NotesAlignment" : "left",
                        "NotesPosition" : "bottom",
                        "NumberOfReferenceLines" : 0,
                        "NumberOfSeries" : 4,
                        "NumberOfXLabels" : 7,
                        "NumberOfYLabels" : 7,
                        "PointerType" : "auto",
                        "ReferenceLine10Axis" : "xaxis",
                        "ReferenceLine10Value" : "",
                        "ReferenceLine11Axis" : "xaxis",
                        "ReferenceLine11Value" : "",
                        "ReferenceLine12Axis" : "xaxis",
                        "ReferenceLine12Value" : "",
                        "ReferenceLine13Axis" : "xaxis",
                        "ReferenceLine13Value" : "",
                        "ReferenceLine14Axis" : "xaxis",
                        "ReferenceLine14Value" : "",
                        "ReferenceLine15Axis" : "xaxis",
                        "ReferenceLine15Value" : "",
                        "ReferenceLine16Axis" : "xaxis",
                        "ReferenceLine16Value" : "",
                        "ReferenceLine17Axis" : "xaxis",
                        "ReferenceLine17Value" : "",
                        "ReferenceLine18Axis" : "xaxis",
                        "ReferenceLine18Value" : "",
                        "ReferenceLine19Axis" : "xaxis",
                        "ReferenceLine19Value" : "",
                        "ReferenceLine1Axis" : "xaxis",
                        "ReferenceLine1Value" : "",
                        "ReferenceLine20Axis" : "xaxis",
                        "ReferenceLine20Value" : "",
                        "ReferenceLine21Axis" : "xaxis",
                        "ReferenceLine21Value" : "",
                        "ReferenceLine22Axis" : "xaxis",
                        "ReferenceLine22Value" : "",
                        "ReferenceLine23Axis" : "xaxis",
                        "ReferenceLine23Value" : "",
                        "ReferenceLine24Axis" : "xaxis",
                        "ReferenceLine24Value" : "",
                        "ReferenceLine2Axis" : "xaxis",
                        "ReferenceLine2Value" : "",
                        "ReferenceLine3Axis" : "xaxis",
                        "ReferenceLine3Value" : "",
                        "ReferenceLine4Axis" : "xaxis",
                        "ReferenceLine4Value" : "",
                        "ReferenceLine5Axis" : "xaxis",
                        "ReferenceLine5Value" : "",
                        "ReferenceLine6Axis" : "xaxis",
                        "ReferenceLine6Value" : "",
                        "ReferenceLine7Axis" : "xaxis",
                        "ReferenceLine7Value" : "",
                        "ReferenceLine8Axis" : "xaxis",
                        "ReferenceLine8Value" : "",
                        "ReferenceLine9Axis" : "xaxis",
                        "ReferenceLine9Value" : "",
                        "ResetButtonType" : "tertiary",
                        "ResponsiveLayout" : true,
                        "ReverseSecondYAxis" : false,
                        "ReverseXAxis" : false,
                        "ReverseYAxis" : false,
                        "RulersInFront" : false,
                        "SecondYAxis" : true,
                        "SecondYAxisFormat" : "0000",
                        "SecondYAxisLabel" : "",
                        "SecondYAxisLabelAlignment" : "center",
                        "SecondYAxisMinValue" : 0,
                        "SecondYAxisType" : "number",
                        "SelectionMode" : "none",
                        "Series10MarkerType" : "default",
                        "Series11MarkerType" : "default",
                        "Series12MarkerType" : "default",
                        "Series13MarkerType" : "default",
                        "Series14MarkerType" : "default",
                        "Series15MarkerType" : "default",
                        "Series16MarkerType" : "default",
                        "Series17MarkerType" : "default",
                        "Series18MarkerType" : "default",
                        "Series19MarkerType" : "default",
                        "Series1MarkerType" : "default",
                        "Series20MarkerType" : "default",
                        "Series21MarkerType" : "default",
                        "Series22MarkerType" : "default",
                        "Series23MarkerType" : "default",
                        "Series24MarkerType" : "default",
                        "Series2MarkerType" : "default",
                        "Series3MarkerType" : "default",
                        "Series4MarkerType" : "default",
                        "Series5MarkerType" : "default",
                        "Series6MarkerType" : "default",
                        "Series7MarkerType" : "default",
                        "Series8MarkerType" : "default",
                        "Series9MarkerType" : "default",
                        "SeriesStacking" : "none",
                        "SeriesStyle1" : "DefaultChartStyle18",
                        "SeriesStyle10" : "DefaultChartStyle10",
                        "SeriesStyle11" : "DefaultChartStyle11",
                        "SeriesStyle12" : "DefaultChartStyle12",
                        "SeriesStyle13" : "DefaultChartStyle13",
                        "SeriesStyle14" : "DefaultChartStyle14",
                        "SeriesStyle15" : "DefaultChartStyle15",
                        "SeriesStyle16" : "DefaultChartStyle16",
                        "SeriesStyle2" : "DefaultChartStyle1",
                        "SeriesStyle3" : "DefaultChartStyle3",
                        "SeriesStyle4" : "DefaultChartStyle6",
                        "SeriesStyle5" : "DefaultChartStyle9",
                        "SeriesStyle6" : "DefaultChartStyle6",
                        "SeriesStyle7" : "DefaultChartStyle7",
                        "SeriesStyle8" : "DefaultChartStyle8",
                        "SeriesStyle9" : "DefaultChartStyle9",
                        "ShowArea" : false,
                        "ShowDataLoading" : true,
                        "ShowHideLegend" : false,
                        "ShowHideLegendButtonType" : "tertiary",
                        "ShowHorizontalAnchorPointControl" : false,
                        "ShowLegendLabel" : "[[showLegend]]",
                        "ShowXAxisRuler" : true,
                        "ShowYAxisRuler" : true,
                        "ShowZeroValueRuler" : false,
                        "ShowZoomButtons" : false,
                        "SparkView" : false,
                        "StackOrder" : "auto",
                        "StepPosition" : "center",
                        "StringClearAll" : "[[clearAll]]",
                        "StringEnd" : "[[endRange]]",
                        "StringSelectAll" : "[[selectAll]]",
                        "StringStart" : "[[startRange]]",
                        "TabSequence" : 0,
                        "Top" : 0,
                        "Type" : "ptcschartline",
                        "UseSampleDataInRuntime" : false,
                        "UseSecondYAxis1" : false,
                        "UseSecondYAxis10" : false,
                        "UseSecondYAxis11" : false,
                        "UseSecondYAxis12" : false,
                        "UseSecondYAxis13" : false,
                        "UseSecondYAxis14" : false,
                        "UseSecondYAxis15" : false,
                        "UseSecondYAxis16" : false,
                        "UseSecondYAxis17" : false,
                        "UseSecondYAxis18" : false,
                        "UseSecondYAxis19" : false,
                        "UseSecondYAxis2" : false,
                        "UseSecondYAxis20" : false,
                        "UseSecondYAxis21" : false,
                        "UseSecondYAxis22" : false,
                        "UseSecondYAxis23" : false,
                        "UseSecondYAxis24" : false,
                        "UseSecondYAxis3" : true,
                        "UseSecondYAxis4" : false,
                        "UseSecondYAxis5" : false,
                        "UseSecondYAxis6" : false,
                        "UseSecondYAxis7" : false,
                        "UseSecondYAxis8" : false,
                        "UseSecondYAxis9" : false,
                        "UseTheme" : true,
                        "ValuesPosition" : "above",
                        "ValuesTooltip" : "[[LineChartDefaultTooltip]]",
                        "VerticalAxisMaxWidth" : 85,
                        "VerticalSliderZoom" : false,
                        "VerticalSliderZoomMaxLabel" : "",
                        "VerticalSliderZoomMinLabel" : "",
                        "VerticalZoom" : true,
                        "Visible" : true,
                        "Width" : 640,
                        "XAxisDateFormatToken" : "HH:mm",
                        "XAxisField1" : "ProductionTime",
                        "XAxisField2" : "ProductionTime",
                        "XAxisField3" : "ProductionTime",
                        "XAxisField4" : "newTime",
                        "XAxisField5" : "newTime",
                        "XAxisFormat" : "0000.0",
                        "XAxisLabel" : "",
                        "XAxisLabelAlignment" : "start",
                        "XAxisLabelFormat" : "datetime",
                        "XAxisMaximumValues" : false,
                        "XAxisMinimum" : "2020-08-18T22:00:00.000Z",
                        "XAxisMinimumValues" : "2020-08-18T22:00:00.000Z",
                        "XAxisType" : "date",
                        "YAxisAutoscale" : true,
                        "YAxisDateFormatToken" : "",
                        "YAxisFormat" : "0000",
                        "YAxisLabel" : "",
                        "YAxisLabelAlignment" : "center",
                        "YAxisMinimumValues" : 0,
                        "YAxisRulerAlignment" : "secondary",
                        "YAxisType" : "number",
                        "YAxisZeroscale" : false,
                        "Z-index" : 10,
                        "__TypeDisplayName" : "Zeitreihendiagramm"
                      },
                      "Widgets" : [ ]
                    } ]
                  } ]
                }, {
                  "Properties" : {
                    "Area" : "UI",
                    "ClickOutsideToClose" : false,
                    "CloseButton" : true,
                    "DisplayName" : "ptcsbutton-48-Navigation",
                    "Id" : "navigationfunction-50",
                    "IncludeLegacyHeightAdjustment" : true,
                    "LastContainer" : false,
                    "Left" : 0,
                    "LegacyHeightAdjustmentEnabled" : true,
                    "Margin" : "5",
                    "MashupParameters" : [ {
                      "BaseType" : "STRING",
                      "Description" : "",
                      "ParameterName" : "KBLocalMachineThing",
                      "ParmDef" : {
                        "aspects" : {
                          "bindingDirection" : "BOTH",
                          "isMandatory" : "false"
                        },
                        "baseType" : "STRING",
                        "description" : "",
                        "name" : "KBLocalMachineThing",
                        "ordinal" : 0
                      }
                    }, {
                      "BaseType" : "NUMBER",
                      "Description" : "",
                      "ParameterName" : "ShiftFactor",
                      "ParmDef" : {
                        "aspects" : {
                          "bindingDirection" : "IN",
                          "isMandatory" : "false"
                        },
                        "baseType" : "NUMBER",
                        "description" : "",
                        "name" : "ShiftFactor",
                        "ordinal" : 0
                      }
                    }, {
                      "BaseType" : "DATETIME",
                      "Description" : "",
                      "ParameterName" : "StartDate",
                      "ParmDef" : {
                        "aspects" : {
                          "bindingDirection" : "BOTH",
                          "isMandatory" : "false"
                        },
                        "baseType" : "DATETIME",
                        "description" : "",
                        "name" : "StartDate",
                        "ordinal" : 0
                      }
                    }, {
                      "BaseType" : "DATETIME",
                      "Description" : "",
                      "ParameterName" : "EndDate",
                      "ParmDef" : {
                        "aspects" : {
                          "bindingDirection" : "BOTH",
                          "isMandatory" : "false"
                        },
                        "baseType" : "DATETIME",
                        "description" : "",
                        "name" : "EndDate",
                        "ordinal" : 0
                      }
                    } ],
                    "MissingMashupMessage" : "Mashup must be selected",
                    "PopupHeight" : 0,
                    "PopupScrollbar" : "auto",
                    "PopupTitle" : "",
                    "PopupWidth" : 0,
                    "RedirectTo" : "mashup",
                    "ReloadOnReplace" : false,
                    "ResponsiveLayout" : false,
                    "RoundedCorners" : true,
                    "ShowDataLoading" : true,
                    "TabSequence" : 0,
                    "TargetMashup" : "KBLocalAndonCVSTargetMashup",
                    "TargetWindowType" : "modal-popup",
                    "Text" : "tw.navigationfunction-ide.properties.text.default-value",
                    "Top" : 0,
                    "Type" : "navigationfunction",
                    "UseTheme" : true,
                    "Visible" : true,
                    "Z-index" : 10,
                    "__TypeDisplayName" : "Navigation",
                    "_currentParameterDefs" : [ {
                      "BaseType" : "DATETIME",
                      "Description" : "",
                      "ParameterName" : "EndDate",
                      "bindingDirection" : "Both",
                      "bindingType" : "Property",
                      "isBindingSource" : true,
                      "isBindingTarget" : true,
                      "shown" : true
                    }, {
                      "BaseType" : "STRING",
                      "Description" : "",
                      "ParameterName" : "KBLocalMachineThing",
                      "bindingDirection" : "Both",
                      "bindingType" : "Property",
                      "isBindingSource" : true,
                      "isBindingTarget" : true,
                      "shown" : true
                    }, {
                      "BaseType" : "NUMBER",
                      "Description" : "",
                      "ParameterName" : "ShiftFactor",
                      "bindingDirection" : "Target",
                      "bindingType" : "Property",
                      "isBindingSource" : false,
                      "isBindingTarget" : true,
                      "shown" : true
                    }, {
                      "BaseType" : "DATETIME",
                      "Description" : "",
                      "ParameterName" : "StartDate",
                      "bindingDirection" : "Both",
                      "bindingType" : "Property",
                      "isBindingSource" : true,
                      "isBindingTarget" : true,
                      "shown" : true
                    } ]
                  },
                  "Widgets" : [ ]
                }, {
                  "Properties" : {
                    "Area" : "UI",
                    "ClickOutsideToClose" : false,
                    "CloseButton" : true,
                    "DisplayName" : "ptcsbutton-49-Navigation",
                    "Id" : "navigationfunction-51",
                    "IncludeLegacyHeightAdjustment" : true,
                    "LastContainer" : false,
                    "Left" : 0,
                    "LegacyHeightAdjustmentEnabled" : true,
                    "Margin" : "5",
                    "MashupParameters" : [ {
                      "BaseType" : "STRING",
                      "Description" : "",
                      "ParameterName" : "KBLocalMachineThing",
                      "ParmDef" : {
                        "aspects" : { },
                        "baseType" : "STRING",
                        "description" : "",
                        "name" : "KBLocalMachineThing",
                        "ordinal" : 0
                      }
                    }, {
                      "BaseType" : "DATETIME",
                      "Description" : "",
                      "ParameterName" : "StartDate",
                      "ParmDef" : {
                        "aspects" : { },
                        "baseType" : "DATETIME",
                        "description" : "",
                        "name" : "StartDate",
                        "ordinal" : 0
                      }
                    }, {
                      "BaseType" : "DATETIME",
                      "Description" : "",
                      "ParameterName" : "EndDate",
                      "ParmDef" : {
                        "aspects" : { },
                        "baseType" : "DATETIME",
                        "description" : "",
                        "name" : "EndDate",
                        "ordinal" : 0
                      }
                    } ],
                    "MissingMashupMessage" : "Mashup must be selected",
                    "PopupHeight" : 0,
                    "PopupScrollbar" : "auto",
                    "PopupTitle" : "",
                    "PopupWidth" : 0,
                    "RedirectTo" : "mashup",
                    "ReloadOnReplace" : false,
                    "ResponsiveLayout" : false,
                    "RoundedCorners" : true,
                    "ShowDataLoading" : true,
                    "TabSequence" : 0,
                    "TargetMashup" : "KBLocalAndonCVSActualMashup",
                    "TargetWindowType" : "modal-popup",
                    "Text" : "tw.navigationfunction-ide.properties.text.default-value",
                    "Top" : 0,
                    "Type" : "navigationfunction",
                    "UseTheme" : true,
                    "Visible" : true,
                    "Z-index" : 10,
                    "__TypeDisplayName" : "Navigation",
                    "_currentParameterDefs" : [ {
                      "BaseType" : "DATETIME",
                      "Description" : "",
                      "ParameterName" : "EndDate",
                      "bindingDirection" : "Both",
                      "bindingType" : "Property",
                      "isBindingSource" : true,
                      "isBindingTarget" : true,
                      "shown" : true
                    }, {
                      "BaseType" : "STRING",
                      "Description" : "",
                      "ParameterName" : "KBLocalMachineThing",
                      "bindingDirection" : "Both",
                      "bindingType" : "Property",
                      "isBindingSource" : true,
                      "isBindingTarget" : true,
                      "shown" : true
                    }, {
                      "BaseType" : "DATETIME",
                      "Description" : "",
                      "ParameterName" : "StartDate",
                      "bindingDirection" : "Both",
                      "bindingType" : "Property",
                      "isBindingSource" : true,
                      "isBindingTarget" : true,
                      "shown" : true
                    } ]
                  },
                  "Widgets" : [ ]
                } ]
              },
              "mashupType" : "mashup"
            }
            ]]>
            </mashupContent>
            <preview></preview>
        </Mashup>
    </Mashups>
</Entities>
