<?xml version="1.0" encoding="UTF-8"?>
<Entities
 majorVersion="9"
 minorVersion="3"
 universal="password">
    <Mashups>
        <Mashup
         aspect.isFlex="true"
         aspect.isResponsive="true"
         aspect.mashupType="mashup"
         columns="0.0"
         description=""
         documentationContent=""
         homeMashup=""
         name="KBDailyManagementSystemKpiMashup"
         projectName="KBsmartKPI"
         rows="0.0"
         tags="">
            <avatar></avatar>
            <DesignTimePermissions>
                <Create></Create>
                <Read></Read>
                <Update></Update>
                <Delete></Delete>
                <Metadata></Metadata>
            </DesignTimePermissions>
            <RunTimePermissions>
                <Permissions
                 resourceName="*">
                    <PropertyRead>
                        <Principal
                         isPermitted="true"
                         name="KBUserGroup"
                         type="Group"></Principal>
                    </PropertyRead>
                    <PropertyWrite></PropertyWrite>
                    <ServiceInvoke>
                        <Principal
                         isPermitted="true"
                         name="KBUserGroup"
                         type="Group"></Principal>
                    </ServiceInvoke>
                    <EventInvoke></EventInvoke>
                    <EventSubscribe></EventSubscribe>
                </Permissions>
            </RunTimePermissions>
            <VisibilityPermissions>
                <Visibility>
                    <Principal
                     isPermitted="true"
                     name="KBOrganization"
                     type="Organization"></Principal>
                </Visibility>
            </VisibilityPermissions>
            <ConfigurationTableDefinitions></ConfigurationTableDefinitions>
            <ConfigurationTables>
                <ConfigurationTable
                 dataShapeName=""
                 description="Mashup Mobile Settings"
                 isHidden="true"
                 isMultiRow="false"
                 name="MobileSettings"
                 ordinal="0">
                    <DataShape>
                        <FieldDefinitions>
                            <FieldDefinition
                             aspect.defaultValue="false"
                             aspect.friendlyName="Disable Zoom"
                             baseType="BOOLEAN"
                             description="Disables zooming in and out within the mashup"
                             name="disableZoom"
                             ordinal="0"></FieldDefinition>
                            <FieldDefinition
                             aspect.defaultValue="true"
                             aspect.friendlyName="Full Screen Mode"
                             baseType="BOOLEAN"
                             description="Open the mashup in full screen mode"
                             name="fullScreenMode"
                             ordinal="0"></FieldDefinition>
                            <FieldDefinition
                             aspect.friendlyName="Height"
                             baseType="STRING"
                             description="The height of the mashup page"
                             name="height"
                             ordinal="0"></FieldDefinition>
                            <FieldDefinition
                             aspect.defaultValue="device-height"
                             aspect.friendlyName="Height Type"
                             baseType="STRING"
                             description="Use the height of the device display, or a custom height (in px)"
                             name="heightType"
                             ordinal="0"></FieldDefinition>
                            <FieldDefinition
                             aspect.defaultValue="1.0"
                             aspect.friendlyName="Initial Scale"
                             baseType="NUMBER"
                             description="The initial zoom scale when the mashup is loaded for the first time"
                             name="initialScale"
                             ordinal="0"></FieldDefinition>
                            <FieldDefinition
                             aspect.friendlyName="Shortcut Icon Title"
                             baseType="STRING"
                             description="A title for the mashup shortcut on the iOS home screen"
                             name="iosShortcutIconTitle"
                             ordinal="0"></FieldDefinition>
                            <FieldDefinition
                             aspect.defaultValue="black-translucent"
                             aspect.friendlyName="Status Bar Appearance"
                             baseType="STRING"
                             description="The style of the iOS status bar"
                             name="iosStatusBarAppearance"
                             ordinal="0"></FieldDefinition>
                            <FieldDefinition
                             aspect.defaultValue="10.0"
                             aspect.friendlyName="Maximum Scale"
                             baseType="NUMBER"
                             description="The maximum scale that users can zoom out to"
                             name="maximumScale"
                             ordinal="0"></FieldDefinition>
                            <FieldDefinition
                             aspect.defaultValue="0.1"
                             aspect.friendlyName="Minimum Scale"
                             baseType="NUMBER"
                             description="The minimum scale that users can zoom out to"
                             name="minimumScale"
                             ordinal="0"></FieldDefinition>
                            <FieldDefinition
                             aspect.friendlyName="Width"
                             baseType="STRING"
                             description="The width of the mashup page"
                             name="width"
                             ordinal="0"></FieldDefinition>
                            <FieldDefinition
                             aspect.defaultValue="device-width"
                             aspect.friendlyName="Width Type"
                             baseType="STRING"
                             description="Use the width of the device display, or a custom width (in px)"
                             name="widthType"
                             ordinal="0"></FieldDefinition>
                        </FieldDefinitions>
                    </DataShape>
                    <Rows>
                        <Row>
                            <disableZoom>false</disableZoom>
                            <fullScreenMode>true</fullScreenMode>
                            <height></height>
                            <heightType>
                            <![CDATA[
                            device-height
                            ]]>
                            </heightType>
                            <initialScale>1.0</initialScale>
                            <iosShortcutIconTitle></iosShortcutIconTitle>
                            <iosStatusBarAppearance>
                            <![CDATA[
                            black-translucent
                            ]]>
                            </iosStatusBarAppearance>
                            <maximumScale>10.0</maximumScale>
                            <minimumScale>0.1</minimumScale>
                            <width></width>
                            <widthType>
                            <![CDATA[
                            device-width
                            ]]>
                            </widthType>
                        </Row>
                    </Rows>
                </ConfigurationTable>
            </ConfigurationTables>
            <ParameterDefinitions>
                <FieldDefinition
                 aspect.bindingDirection="IN"
                 aspect.isMandatory="false"
                 baseType="STRING"
                 description=""
                 name="Division"
                 ordinal="0"></FieldDefinition>
                <FieldDefinition
                 aspect.bindingDirection="IN"
                 aspect.isMandatory="false"
                 baseType="DATETIME"
                 description=""
                 name="EndDate"
                 ordinal="0"></FieldDefinition>
                <FieldDefinition
                 aspect.bindingDirection="IN"
                 aspect.isMandatory="false"
                 baseType="STRING"
                 description=""
                 name="Machine"
                 ordinal="0"></FieldDefinition>
                <FieldDefinition
                 aspect.bindingDirection="IN"
                 aspect.isMandatory="false"
                 baseType="DATETIME"
                 description=""
                 name="StartDate"
                 ordinal="0"></FieldDefinition>
            </ParameterDefinitions>
            <Things></Things>
            <ThingShapes></ThingShapes>
            <ThingTemplates></ThingTemplates>
            <mashupContent>
            <![CDATA[
            {
              "CustomMashupCss" : ".ptcLabelClass .widget-ptcslabel{\nfont-size:10px}",
              "Data" : {
                "Session" : {
                  "DataName" : "Session",
                  "EntityName" : "",
                  "EntityType" : "Session",
                  "Id" : "session",
                  "Services" : [ {
                    "APIMethod" : "post",
                    "Characteristic" : "Services",
                    "Id" : "SessionInterface",
                    "Name" : "GetGlobalSessionValues",
                    "Parameters" : { },
                    "RefreshInterval" : 0,
                    "Target" : "GetGlobalSessionValues"
                  } ]
                },
                "Things_KBKPILocalThingWorxDatabaseThing" : {
                  "DataName" : "Things_KBKPILocalThingWorxDatabaseThing",
                  "EntityName" : "KBKPILocalThingWorxDatabaseThing",
                  "EntityType" : "Things",
                  "Id" : "9350e143-cf1e-4a63-85d3-71135418d170",
                  "Services" : [ {
                    "APIMethod" : "post",
                    "Characteristic" : "Services",
                    "Id" : "3e4e67b4-000e-4b82-b896-7b0091b0e32b",
                    "Name" : "GetAllKpiDataForTruck",
                    "Parameters" : { },
                    "RefreshInterval" : 0,
                    "Target" : "GetAllKpiDataForTruck"
                  }, {
                    "APIMethod" : "post",
                    "Characteristic" : "Services",
                    "Id" : "5581d8b9-c307-4efc-a0cb-cd31a977d554",
                    "Name" : "GetCVSProductionTarget",
                    "Parameters" : { },
                    "RefreshInterval" : 0,
                    "Target" : "GetCVSProductionTarget"
                  } ]
                },
                "Things_KBSmartKPIHelperThing" : {
                  "DataName" : "Things_KBSmartKPIHelperThing",
                  "EntityName" : "KBSmartKPIHelperThing",
                  "EntityType" : "Things",
                  "Id" : "cdaaeda1-e89e-40b8-995c-eb453f17de8d",
                  "Services" : [ {
                    "APIMethod" : "post",
                    "Characteristic" : "Services",
                    "Id" : "2c1c696b-f1ce-449e-a784-8ed6bc6fbb8c",
                    "Name" : "GetKPITruckFromInfoTable",
                    "Parameters" : {
                      "KPIName" : "RQ"
                    },
                    "RefreshInterval" : 0,
                    "Target" : "GetKPITruckFromInfoTable"
                  }, {
                    "APIMethod" : "post",
                    "Characteristic" : "Services",
                    "Id" : "759ef9db-db76-41a4-b3e8-4b95a72ef1c7",
                    "Name" : "GetKPITruckFromInfoTable1",
                    "Parameters" : {
                      "KPIName" : "CVS: OEE (Version 2)"
                    },
                    "RefreshInterval" : 0,
                    "Target" : "GetKPITruckFromInfoTable"
                  }, {
                    "APIMethod" : "post",
                    "Characteristic" : "Services",
                    "Id" : "c2205317-fea1-4c51-b1bd-29d340b21ce0",
                    "Name" : "GetKPITruckFromInfoTable2",
                    "Parameters" : {
                      "KPIName" : "CVS: Retests"
                    },
                    "RefreshInterval" : 0,
                    "Target" : "GetKPITruckFromInfoTable"
                  }, {
                    "APIMethod" : "post",
                    "Characteristic" : "Services",
                    "Id" : "11404abe-066c-4d45-8bf9-d4f96364fbf5",
                    "Name" : "GetKPITruckFromInfoTable3",
                    "Parameters" : {
                      "KPIName" : "OutputIO"
                    },
                    "RefreshInterval" : 0,
                    "Target" : "GetKPITruckFromInfoTable"
                  }, {
                    "APIMethod" : "post",
                    "Characteristic" : "Services",
                    "Id" : "2e5ffdbd-99a1-47c8-8911-b846ed021f8b",
                    "Name" : "GetKPITruckFromInfoTable4",
                    "Parameters" : {
                      "KPIName" : "OutputNIO"
                    },
                    "RefreshInterval" : 0,
                    "Target" : "GetKPITruckFromInfoTable"
                  } ]
                },
                "UserExtensions" : {
                  "DataName" : "UserExtensions",
                  "EntityName" : "",
                  "EntityType" : "UserExtensions",
                  "Id" : "UserExtensions",
                  "Services" : [ {
                    "APIMethod" : "post",
                    "Characteristic" : "Services",
                    "Id" : "UserExtensionInterface",
                    "Name" : "GetCurrentUserExtensionProperties",
                    "Parameters" : { },
                    "RefreshInterval" : 0,
                    "Target" : "GetCurrentUserExtensionProperties"
                  } ]
                }
              },
              "DataBindings" : [ {
                "Id" : "f8a8eba4-f2da-4cf8-b3dc-b352f83358a2",
                "PropertyMaps" : [ {
                  "SourceProperty" : "StartDate",
                  "SourcePropertyBaseType" : "DATETIME",
                  "TargetProperty" : "StartDate",
                  "TargetPropertyBaseType" : "DATETIME",
                  "TargetPropertyType" : "Parameter"
                } ],
                "SourceArea" : "Mashup",
                "SourceId" : "mashup-root",
                "SourceSection" : "",
                "TargetArea" : "Data",
                "TargetId" : "GetAllKpiDataForTruck",
                "TargetSection" : "Things_KBKPILocalThingWorxDatabaseThing"
              }, {
                "Id" : "c7cce141-cde7-48c8-9629-e9b80cd8d255",
                "PropertyMaps" : [ {
                  "SourceProperty" : "EndDate",
                  "SourcePropertyBaseType" : "DATETIME",
                  "TargetProperty" : "EndDate",
                  "TargetPropertyBaseType" : "DATETIME",
                  "TargetPropertyType" : "Parameter"
                } ],
                "SourceArea" : "Mashup",
                "SourceId" : "mashup-root",
                "SourceSection" : "",
                "TargetArea" : "Data",
                "TargetId" : "GetAllKpiDataForTruck",
                "TargetSection" : "Things_KBKPILocalThingWorxDatabaseThing"
              }, {
                "Id" : "9a1b0af3-f169-415d-8ba2-ef3003504689",
                "PropertyMaps" : [ {
                  "SourceProperty" : "Machine",
                  "SourcePropertyBaseType" : "STRING",
                  "TargetProperty" : "Machine",
                  "TargetPropertyBaseType" : "STRING",
                  "TargetPropertyType" : "Parameter"
                } ],
                "SourceArea" : "Mashup",
                "SourceId" : "mashup-root",
                "SourceSection" : "",
                "TargetArea" : "Data",
                "TargetId" : "GetAllKpiDataForTruck",
                "TargetSection" : "Things_KBKPILocalThingWorxDatabaseThing"
              }, {
                "Id" : "28e8d3ed-877c-4015-b2fd-077fe79138ac",
                "PropertyMaps" : [ {
                  "SourceProperty" : "",
                  "SourcePropertyBaseType" : "INFOTABLE",
                  "TargetProperty" : "AllKPIsTruckInfoTable",
                  "TargetPropertyBaseType" : "INFOTABLE",
                  "TargetPropertyType" : "Parameter"
                } ],
                "SourceArea" : "Data",
                "SourceDetails" : "AllData",
                "SourceId" : "GetAllKpiDataForTruck",
                "SourceSection" : "Things_KBKPILocalThingWorxDatabaseThing",
                "TargetArea" : "Data",
                "TargetId" : "GetKPITruckFromInfoTable",
                "TargetSection" : "Things_KBSmartKPIHelperThing"
              }, {
                "Id" : "703c6e57-50be-41e8-9796-98f5244e44d4",
                "PropertyMaps" : [ {
                  "SourceProperty" : "result",
                  "SourcePropertyBaseType" : "NUMBER",
                  "SourcePropertyType" : "Field",
                  "TargetProperty" : "LabelText",
                  "TargetPropertyBaseType" : "STRING",
                  "TargetPropertyType" : "property"
                } ],
                "SourceArea" : "Data",
                "SourceDetails" : "AllData",
                "SourceId" : "GetKPITruckFromInfoTable",
                "SourceSection" : "Things_KBSmartKPIHelperThing",
                "TargetArea" : "UI",
                "TargetId" : "ptcslabel-46",
                "TargetSection" : ""
              }, {
                "Id" : "510e1d0a-941c-4962-af02-f690cb38c8f6",
                "PropertyMaps" : [ {
                  "SourceProperty" : "result",
                  "SourcePropertyBaseType" : "NUMBER",
                  "SourcePropertyType" : "Field",
                  "TargetProperty" : "Data",
                  "TargetPropertyBaseType" : "NUMBER",
                  "TargetPropertyType" : "property"
                } ],
                "SourceArea" : "Data",
                "SourceDetails" : "AllData",
                "SourceId" : "GetKPITruckFromInfoTable",
                "SourceSection" : "Things_KBSmartKPIHelperThing",
                "TargetArea" : "UI",
                "TargetId" : "progressgauge-48",
                "TargetSection" : ""
              }, {
                "Id" : "135f9296-75d0-4944-8c26-d3c60945fab8",
                "PropertyMaps" : [ {
                  "SourceProperty" : "result",
                  "SourcePropertyBaseType" : "NUMBER",
                  "SourcePropertyType" : "Field",
                  "TargetProperty" : "LabelText",
                  "TargetPropertyBaseType" : "STRING",
                  "TargetPropertyType" : "property"
                } ],
                "SourceArea" : "Data",
                "SourceDetails" : "AllData",
                "SourceId" : "GetKPITruckFromInfoTable1",
                "SourceSection" : "Things_KBSmartKPIHelperThing",
                "TargetArea" : "UI",
                "TargetId" : "ptcslabel-59",
                "TargetSection" : ""
              }, {
                "Id" : "17099267-354c-4e10-aa69-4414b953da2e",
                "PropertyMaps" : [ {
                  "SourceProperty" : "result",
                  "SourcePropertyBaseType" : "NUMBER",
                  "SourcePropertyType" : "Field",
                  "TargetProperty" : "Data",
                  "TargetPropertyBaseType" : "NUMBER",
                  "TargetPropertyType" : "property"
                } ],
                "SourceArea" : "Data",
                "SourceDetails" : "AllData",
                "SourceId" : "GetKPITruckFromInfoTable1",
                "SourceSection" : "Things_KBSmartKPIHelperThing",
                "TargetArea" : "UI",
                "TargetId" : "progressgauge-51",
                "TargetSection" : ""
              }, {
                "Id" : "702ec9e3-fef4-450a-bb15-9354868f7afa",
                "PropertyMaps" : [ {
                  "SourceProperty" : "result",
                  "SourcePropertyBaseType" : "NUMBER",
                  "SourcePropertyType" : "Field",
                  "TargetProperty" : "LabelText",
                  "TargetPropertyBaseType" : "STRING",
                  "TargetPropertyType" : "property"
                } ],
                "SourceArea" : "Data",
                "SourceDetails" : "AllData",
                "SourceId" : "GetKPITruckFromInfoTable2",
                "SourceSection" : "Things_KBSmartKPIHelperThing",
                "TargetArea" : "UI",
                "TargetId" : "ptcslabel-61",
                "TargetSection" : ""
              }, {
                "Id" : "748e0bb1-6d4b-42e8-8c8c-f258a17fc9f5",
                "PropertyMaps" : [ {
                  "SourceProperty" : "Machine",
                  "SourcePropertyBaseType" : "STRING",
                  "TargetProperty" : "LineThingName",
                  "TargetPropertyBaseType" : "STRING",
                  "TargetPropertyType" : "Parameter"
                } ],
                "SourceArea" : "Mashup",
                "SourceId" : "mashup-root",
                "SourceSection" : "",
                "TargetArea" : "Data",
                "TargetId" : "GetCVSProductionTarget",
                "TargetSection" : "Things_KBKPILocalThingWorxDatabaseThing"
              }, {
                "Id" : "e939ccb5-226f-4cd6-802e-c1910aef1fb6",
                "PropertyMaps" : [ {
                  "SourceProperty" : "StartDate",
                  "SourcePropertyBaseType" : "DATETIME",
                  "TargetProperty" : "StartTime",
                  "TargetPropertyBaseType" : "DATETIME",
                  "TargetPropertyType" : "Parameter"
                } ],
                "SourceArea" : "Mashup",
                "SourceId" : "mashup-root",
                "SourceSection" : "",
                "TargetArea" : "Data",
                "TargetId" : "GetCVSProductionTarget",
                "TargetSection" : "Things_KBKPILocalThingWorxDatabaseThing"
              }, {
                "Id" : "4a994904-a053-4ffd-bc8b-27d859559544",
                "PropertyMaps" : [ {
                  "SourceProperty" : "EndDate",
                  "SourcePropertyBaseType" : "DATETIME",
                  "TargetProperty" : "EndTime",
                  "TargetPropertyBaseType" : "DATETIME",
                  "TargetPropertyType" : "Parameter"
                } ],
                "SourceArea" : "Mashup",
                "SourceId" : "mashup-root",
                "SourceSection" : "",
                "TargetArea" : "Data",
                "TargetId" : "GetCVSProductionTarget",
                "TargetSection" : "Things_KBKPILocalThingWorxDatabaseThing"
              }, {
                "Id" : "fb45adf9-241a-4ac1-aa35-1c8cd0283550",
                "PropertyMaps" : [ {
                  "SourceProperty" : "OK",
                  "SourcePropertyBaseType" : "INTEGER",
                  "SourcePropertyType" : "Field",
                  "TargetProperty" : "LabelText",
                  "TargetPropertyBaseType" : "STRING",
                  "TargetPropertyType" : "property"
                } ],
                "SourceArea" : "Data",
                "SourceDetails" : "AllData",
                "SourceId" : "GetCVSProductionTarget",
                "SourceSection" : "Things_KBKPILocalThingWorxDatabaseThing",
                "TargetArea" : "UI",
                "TargetId" : "ptcslabel-63",
                "TargetSection" : ""
              }, {
                "Id" : "1bbadcbb-b2a5-4a0a-a90a-8780bd8c291b",
                "PropertyMaps" : [ {
                  "SourceProperty" : "",
                  "SourcePropertyBaseType" : "INFOTABLE",
                  "TargetProperty" : "AllKPIsTruckInfoTable",
                  "TargetPropertyBaseType" : "INFOTABLE",
                  "TargetPropertyType" : "Parameter"
                } ],
                "SourceArea" : "Data",
                "SourceDetails" : "AllData",
                "SourceId" : "GetAllKpiDataForTruck",
                "SourceSection" : "Things_KBKPILocalThingWorxDatabaseThing",
                "TargetArea" : "Data",
                "TargetId" : "GetKPITruckFromInfoTable1",
                "TargetSection" : "Things_KBSmartKPIHelperThing"
              }, {
                "Id" : "766fc4fd-aff3-41b4-b4b2-27bdcf529310",
                "PropertyMaps" : [ {
                  "SourceProperty" : "",
                  "SourcePropertyBaseType" : "INFOTABLE",
                  "TargetProperty" : "AllKPIsTruckInfoTable",
                  "TargetPropertyBaseType" : "INFOTABLE",
                  "TargetPropertyType" : "Parameter"
                } ],
                "SourceArea" : "Data",
                "SourceDetails" : "AllData",
                "SourceId" : "GetAllKpiDataForTruck",
                "SourceSection" : "Things_KBKPILocalThingWorxDatabaseThing",
                "TargetArea" : "Data",
                "TargetId" : "GetKPITruckFromInfoTable2",
                "TargetSection" : "Things_KBSmartKPIHelperThing"
              }, {
                "Id" : "258638a5-9669-4808-a373-95465489eccc",
                "PropertyMaps" : [ {
                  "SourceProperty" : "",
                  "SourcePropertyBaseType" : "INFOTABLE",
                  "TargetProperty" : "AllKPIsTruckInfoTable",
                  "TargetPropertyBaseType" : "INFOTABLE",
                  "TargetPropertyType" : "Parameter"
                } ],
                "SourceArea" : "Data",
                "SourceDetails" : "AllData",
                "SourceId" : "GetAllKpiDataForTruck",
                "SourceSection" : "Things_KBKPILocalThingWorxDatabaseThing",
                "TargetArea" : "Data",
                "TargetId" : "GetKPITruckFromInfoTable3",
                "TargetSection" : "Things_KBSmartKPIHelperThing"
              }, {
                "Id" : "8ede12ef-c153-4f3c-a398-3b4c9928e5e2",
                "PropertyMaps" : [ {
                  "SourceProperty" : "",
                  "SourcePropertyBaseType" : "INFOTABLE",
                  "TargetProperty" : "AllKPIsTruckInfoTable",
                  "TargetPropertyBaseType" : "INFOTABLE",
                  "TargetPropertyType" : "Parameter"
                } ],
                "SourceArea" : "Data",
                "SourceDetails" : "AllData",
                "SourceId" : "GetAllKpiDataForTruck",
                "SourceSection" : "Things_KBKPILocalThingWorxDatabaseThing",
                "TargetArea" : "Data",
                "TargetId" : "GetKPITruckFromInfoTable4",
                "TargetSection" : "Things_KBSmartKPIHelperThing"
              }, {
                "Id" : "2a689cd0-1e98-4a33-a857-b909f1a937d3",
                "PropertyMaps" : [ {
                  "SourceProperty" : "result",
                  "SourcePropertyBaseType" : "NUMBER",
                  "SourcePropertyType" : "Field",
                  "TargetProperty" : "OK",
                  "TargetPropertyBaseType" : "NUMBER",
                  "TargetPropertyType" : "property"
                } ],
                "SourceArea" : "Data",
                "SourceDetails" : "AllData",
                "SourceId" : "GetKPITruckFromInfoTable3",
                "SourceSection" : "Things_KBSmartKPIHelperThing",
                "TargetArea" : "UI",
                "TargetId" : "expression2-65",
                "TargetSection" : ""
              }, {
                "Id" : "e03c6cce-d02d-461e-bc9e-ca8958995baa",
                "PropertyMaps" : [ {
                  "SourceProperty" : "result",
                  "SourcePropertyBaseType" : "NUMBER",
                  "SourcePropertyType" : "Field",
                  "TargetProperty" : "NOK",
                  "TargetPropertyBaseType" : "NUMBER",
                  "TargetPropertyType" : "property"
                } ],
                "SourceArea" : "Data",
                "SourceDetails" : "AllData",
                "SourceId" : "GetKPITruckFromInfoTable4",
                "SourceSection" : "Things_KBSmartKPIHelperThing",
                "TargetArea" : "UI",
                "TargetId" : "expression2-65",
                "TargetSection" : ""
              }, {
                "Id" : "9a79bcd7-cac0-4ec8-a593-ec6fdbd622de",
                "PropertyMaps" : [ {
                  "SourceProperty" : "Output",
                  "SourcePropertyBaseType" : "STRING",
                  "SourcePropertyType" : "Property",
                  "TargetProperty" : "LabelText",
                  "TargetPropertyBaseType" : "STRING",
                  "TargetPropertyType" : "property"
                } ],
                "SourceArea" : "UI",
                "SourceId" : "expression2-65",
                "SourceSection" : "",
                "TargetArea" : "UI",
                "TargetId" : "ptcslabel-62",
                "TargetSection" : ""
              } ],
              "DesignTimePermissions" : {
                "Create" : [ ],
                "Delete" : [ ],
                "Metadata" : [ ],
                "Read" : [ ],
                "Update" : [ ]
              },
              "Events" : [ {
                "EventHandlerArea" : "Data",
                "EventHandlerId" : "Things_KBKPILocalThingWorxDatabaseThing",
                "EventHandlerService" : "GetAllKpiDataForTruck",
                "EventTriggerArea" : "Mashup",
                "EventTriggerEvent" : "Loaded",
                "EventTriggerId" : "mashup-root",
                "EventTriggerSection" : "",
                "Id" : "e6c9a084-87ce-4f83-9d1a-d5547081463c"
              }, {
                "EventHandlerArea" : "Data",
                "EventHandlerId" : "Things_KBKPILocalThingWorxDatabaseThing",
                "EventHandlerService" : "GetAllKpiDataForTruck",
                "EventTriggerArea" : "Mashup",
                "EventTriggerEvent" : "MachineChanged",
                "EventTriggerId" : "mashup-root",
                "EventTriggerSection" : "",
                "Id" : "9e3307ff-624e-4f71-88e1-82a32e95ed02"
              }, {
                "EventHandlerArea" : "Data",
                "EventHandlerId" : "Things_KBKPILocalThingWorxDatabaseThing",
                "EventHandlerService" : "GetAllKpiDataForTruck",
                "EventTriggerArea" : "Mashup",
                "EventTriggerEvent" : "StartDateChanged",
                "EventTriggerId" : "mashup-root",
                "EventTriggerSection" : "",
                "Id" : "dd5d74da-9dc2-4d77-ae81-082fb2190acb"
              }, {
                "EventHandlerArea" : "Data",
                "EventHandlerId" : "Things_KBKPILocalThingWorxDatabaseThing",
                "EventHandlerService" : "GetAllKpiDataForTruck",
                "EventTriggerArea" : "Mashup",
                "EventTriggerEvent" : "EndDateChanged",
                "EventTriggerId" : "mashup-root",
                "EventTriggerSection" : "",
                "Id" : "dc1c0e7d-5b6a-473b-8707-b0bf21ba7a5d"
              }, {
                "EventHandlerArea" : "Data",
                "EventHandlerId" : "Things_KBSmartKPIHelperThing",
                "EventHandlerService" : "GetKPITruckFromInfoTable",
                "EventTriggerArea" : "Data",
                "EventTriggerEvent" : "ServiceInvokeCompleted",
                "EventTriggerId" : "GetAllKpiDataForTruck",
                "EventTriggerSection" : "Things_KBKPILocalThingWorxDatabaseThing",
                "Id" : "cc75e0e9-d0ed-4a64-bc28-117a00e406df"
              }, {
                "EventHandlerArea" : "Data",
                "EventHandlerId" : "Things_KBSmartKPIHelperThing",
                "EventHandlerService" : "GetKPITruckFromInfoTable1",
                "EventTriggerArea" : "Data",
                "EventTriggerEvent" : "ServiceInvokeCompleted",
                "EventTriggerId" : "GetAllKpiDataForTruck",
                "EventTriggerSection" : "Things_KBKPILocalThingWorxDatabaseThing",
                "Id" : "c2a42af9-c09b-4481-bae6-5366ac064943"
              }, {
                "EventHandlerArea" : "Data",
                "EventHandlerId" : "Things_KBSmartKPIHelperThing",
                "EventHandlerService" : "GetKPITruckFromInfoTable2",
                "EventTriggerArea" : "Data",
                "EventTriggerEvent" : "ServiceInvokeCompleted",
                "EventTriggerId" : "GetAllKpiDataForTruck",
                "EventTriggerSection" : "Things_KBKPILocalThingWorxDatabaseThing",
                "Id" : "bdf9605a-9ad5-41bc-b93e-8e01a367995a"
              }, {
                "EventHandlerArea" : "Data",
                "EventHandlerId" : "Things_KBSmartKPIHelperThing",
                "EventHandlerService" : "GetKPITruckFromInfoTable3",
                "EventTriggerArea" : "Data",
                "EventTriggerEvent" : "ServiceInvokeCompleted",
                "EventTriggerId" : "GetAllKpiDataForTruck",
                "EventTriggerSection" : "Things_KBKPILocalThingWorxDatabaseThing",
                "Id" : "fe919157-1c0d-4570-9e09-285e619368e0"
              }, {
                "EventHandlerArea" : "Data",
                "EventHandlerId" : "Things_KBKPILocalThingWorxDatabaseThing",
                "EventHandlerService" : "GetCVSProductionTarget",
                "EventTriggerArea" : "Data",
                "EventTriggerEvent" : "ServiceInvokeCompleted",
                "EventTriggerId" : "GetAllKpiDataForTruck",
                "EventTriggerSection" : "Things_KBKPILocalThingWorxDatabaseThing",
                "Id" : "8ccbc7d5-e256-4a9d-b7dd-3d2efd57fa7e"
              }, {
                "EventHandlerArea" : "Data",
                "EventHandlerId" : "Things_KBSmartKPIHelperThing",
                "EventHandlerService" : "GetKPITruckFromInfoTable4",
                "EventTriggerArea" : "Data",
                "EventTriggerEvent" : "ServiceInvokeCompleted",
                "EventTriggerId" : "GetKPITruckFromInfoTable3",
                "EventTriggerSection" : "Things_KBSmartKPIHelperThing",
                "Id" : "58b98a83-ecad-4698-9aae-69e3739677d8"
              }, {
                "EventHandlerArea" : "UI",
                "EventHandlerId" : "expression2-65",
                "EventHandlerService" : "Evaluate",
                "EventTriggerArea" : "Data",
                "EventTriggerEvent" : "ServiceInvokeCompleted",
                "EventTriggerId" : "GetKPITruckFromInfoTable4",
                "EventTriggerSection" : "Things_KBSmartKPIHelperThing",
                "Id" : "601eb4e0-4188-476d-bf93-196da660a93e"
              }, {
                "EventHandlerArea" : "Data",
                "EventHandlerId" : "Things_KBKPILocalThingWorxDatabaseThing",
                "EventHandlerService" : "GetAllKpiDataForTruck",
                "EventTriggerArea" : "Mashup",
                "EventTriggerEvent" : "RefreshRequested",
                "EventTriggerId" : "mashup-root",
                "EventTriggerSection" : "",
                "Id" : "50fced53-8079-4e63-a185-9171e53d483a"
              } ],
              "Reminders" : [ ],
              "RunTimePermissions" : {
                "permissions" : [ {
                  "EventInvoke" : [ ],
                  "EventSubscribe" : [ ],
                  "PropertyRead" : [ {
                    "isPermitted" : true,
                    "name" : "KBUserGroup",
                    "type" : "Group"
                  } ],
                  "PropertyWrite" : [ ],
                  "ServiceInvoke" : [ {
                    "isPermitted" : true,
                    "name" : "KBUserGroup",
                    "type" : "Group"
                  } ],
                  "resourceName" : "*"
                } ]
              },
              "UI" : {
                "Properties" : {
                  "AddToDashboardButton" : "SimplePlus",
                  "AddToDashboardButtonStyle" : "DefaultAddToDashboardButtonStyle",
                  "Area" : "Mashup",
                  "BGImage" : "",
                  "BGImageRepeat" : "no-repeat",
                  "BGImageSize" : "auto",
                  "Columns" : 0,
                  "ConfigureGadgetButton" : "SimpleGear",
                  "ConfigureGadgetButtonStyle" : "DefaultConfigureGadgetButtonStyle",
                  "DisplayName" : "Mashup",
                  "EnableParameterEditing" : false,
                  "Height" : 618,
                  "Id" : "mashup-root",
                  "IgnoreWarningsInViewMashup" : false,
                  "IsPrintLayout" : false,
                  "Left" : 0,
                  "Margin" : "5",
                  "MashupToEditGadget" : "DefaultMashupToEditGadget",
                  "MigratedOn" : "2023-02-22T05:06:09.000Z",
                  "MinHeight" : 0,
                  "MinWidth" : 0,
                  "ResponsiveLayout" : true,
                  "Rows" : 0,
                  "ShowDataLoading" : true,
                  "Style" : "DefaultMashupStyle",
                  "StyleTheme" : "KBStandardStyleTheme",
                  "Title" : "",
                  "TitleBar" : false,
                  "TitleBarStyle" : "DefaultTitleBarStyle",
                  "TitleBarText" : "Gadget Title Here",
                  "Top" : 0,
                  "Type" : "mashup",
                  "UseMasterTheme" : false,
                  "UseTheme" : false,
                  "UseThemeForHybrids" : false,
                  "Visible" : true,
                  "Width" : 1024,
                  "Z-index" : 10,
                  "__TypeDisplayName" : "Mashup",
                  "_currentParameterDefs" : [ {
                    "Aspects" : {
                      "bindingDirection" : "IN",
                      "isMandatory" : false
                    },
                    "BaseType" : "STRING",
                    "Description" : "",
                    "ParameterName" : "Machine"
                  }, {
                    "Aspects" : {
                      "bindingDirection" : "IN",
                      "isMandatory" : false
                    },
                    "BaseType" : "DATETIME",
                    "Description" : "",
                    "ParameterName" : "StartDate"
                  }, {
                    "Aspects" : {
                      "bindingDirection" : "IN",
                      "isMandatory" : false
                    },
                    "BaseType" : "DATETIME",
                    "Description" : "",
                    "ParameterName" : "EndDate"
                  }, {
                    "Aspects" : {
                      "bindingDirection" : "IN",
                      "isMandatory" : false
                    },
                    "BaseType" : "STRING",
                    "Description" : "",
                    "ParameterName" : "Division"
                  } ],
                  "id_index" : 65,
                  "supportsAutoResize" : true
                },
                "Widgets" : [ {
                  "Properties" : {
                    "Area" : "UI",
                    "CollapseTabIcon" : "",
                    "DisplayName" : "container-44",
                    "EnableContainerUnload" : false,
                    "EnableExpandCollapse" : false,
                    "ExpandCollapseTabLocation" : "inside",
                    "ExpandTabIcon" : "",
                    "Expanded" : true,
                    "Id" : "flexcontainer-44",
                    "LastContainer" : true,
                    "LazyLoading" : false,
                    "Margin" : "",
                    "Overlay" : false,
                    "ResponsiveLayout" : true,
                    "ShowDataLoading" : true,
                    "ShowExpandCollapseTab" : false,
                    "SourceURL" : "",
                    "Style" : "DefaultContainerStyle",
                    "StyleProperties" : { },
                    "Type" : "flexcontainer",
                    "UseTheme" : true,
                    "Visible" : true,
                    "Z-index" : 10,
                    "align-content" : "flex-start",
                    "align-items" : "flex-start",
                    "flex-basis" : "auto",
                    "flex-direction" : "row",
                    "flex-grow" : 1,
                    "flex-max-height" : "",
                    "flex-max-width" : "",
                    "flex-min-height" : "",
                    "flex-min-width" : "",
                    "flex-shrink" : 1,
                    "flex-size" : "default",
                    "flex-wrap" : "nowrap",
                    "iconClass" : "widgets-flexcontainer",
                    "justify-content" : "flex-start",
                    "positioning" : "static",
                    "userCannotRemove" : true
                  },
                  "Widgets" : [ {
                    "Properties" : {
                      "Area" : "UI",
                      "CustomClass" : "",
                      "DisclosureControl" : "show-more",
                      "DisplayName" : "label-45",
                      "HorizontalAlignment" : "left",
                      "Id" : "ptcslabel-45",
                      "LabelText" : "[[KBDailyManagementSystemKpiMashup.RQ]]",
                      "LabelType" : "title",
                      "LastContainer" : false,
                      "Left" : 5,
                      "Margin" : "5",
                      "MultiLine" : true,
                      "PreserveWhiteSpace" : false,
                      "ResponsiveLayout" : false,
                      "ShowDataLoading" : true,
                      "TooltipField" : "",
                      "Top" : 30,
                      "Type" : "ptcslabel",
                      "UseTheme" : true,
                      "VerticalAlignment" : "flex-start",
                      "Visible" : true,
                      "Width" : 75,
                      "Z-index" : 10,
                      "__TypeDisplayName" : "Beschriftung",
                      "overflowShowLessTxt" : "[[showLess]]",
                      "overflowShowMoreTxt" : "[[showMore]]"
                    },
                    "Widgets" : [ ]
                  }, {
                    "Properties" : {
                      "Area" : "UI",
                      "DisclosureControl" : "show-more",
                      "DisplayName" : "label-46",
                      "Height" : 22,
                      "HorizontalAlignment" : "left",
                      "Id" : "ptcslabel-46",
                      "LabelText" : "",
                      "LabelType" : "label",
                      "LastContainer" : false,
                      "Left" : 130,
                      "Margin" : "5",
                      "MultiLine" : true,
                      "PreserveWhiteSpace" : false,
                      "ResponsiveLayout" : false,
                      "ShowDataLoading" : true,
                      "TooltipField" : "",
                      "Top" : 30,
                      "Type" : "ptcslabel",
                      "UseTheme" : true,
                      "VerticalAlignment" : "flex-start",
                      "Visible" : true,
                      "Width" : 75,
                      "Z-index" : 10,
                      "__TypeDisplayName" : "Beschriftung",
                      "overflowShowLessTxt" : "[[showLess]]",
                      "overflowShowMoreTxt" : "[[showMore]]"
                    },
                    "Widgets" : [ ]
                  }, {
                    "Properties" : {
                      "Area" : "UI",
                      "CustomClass" : "",
                      "DisclosureControl" : "show-more",
                      "DisplayName" : "label-47",
                      "HorizontalAlignment" : "left",
                      "Id" : "ptcslabel-47",
                      "LabelText" : "[[KBDailyManagementSystemKpiMashup.Actual]]",
                      "LabelType" : "title",
                      "LastContainer" : false,
                      "Left" : 130,
                      "Margin" : "5",
                      "MultiLine" : true,
                      "PreserveWhiteSpace" : false,
                      "ResponsiveLayout" : false,
                      "ShowDataLoading" : true,
                      "TooltipField" : "",
                      "Top" : 0,
                      "Type" : "ptcslabel",
                      "UseTheme" : true,
                      "VerticalAlignment" : "flex-start",
                      "Visible" : true,
                      "Width" : 75,
                      "Z-index" : 10,
                      "__TypeDisplayName" : "Beschriftung",
                      "overflowShowLessTxt" : "[[showLess]]",
                      "overflowShowMoreTxt" : "[[showMore]]"
                    },
                    "Widgets" : [ ]
                  }, {
                    "Properties" : {
                      "Aperture" : 360,
                      "Area" : "UI",
                      "DisplayName" : "progressgauge-48",
                      "GaugeBorder" : 1,
                      "GaugeFaceStyle" : "DefaultProgressGaugeFaceStyle",
                      "GaugeStyle" : "DefaultProgressGaugeStyle",
                      "Height" : 40,
                      "Id" : "progressgauge-48",
                      "LastContainer" : false,
                      "Left" : 85,
                      "Margin" : "5",
                      "MaxValue" : 100.1,
                      "MinValue" : 0,
                      "ProgressFormatter_StateParameters" : [ ],
                      "ProgressStyle" : "DefaultProgressGaugeIndicatorStyle",
                      "ReferenceAngle" : 0,
                      "ResponsiveLayout" : false,
                      "RingWidth" : 13,
                      "ShowDataLoading" : true,
                      "Top" : 25,
                      "Type" : "progressgauge",
                      "ValueDecimals" : 2,
                      "ValueDigits" : 0,
                      "ValueFormatter_StateParameters" : [ ],
                      "ValueStyle" : "KBProductionAdvisorGaugeStyle",
                      "Visible" : true,
                      "Width" : 40,
                      "Z-index" : 10,
                      "__TypeDisplayName" : "Progress Gauge"
                    },
                    "Widgets" : [ ]
                  }, {
                    "Properties" : {
                      "Area" : "UI",
                      "CustomClass" : "",
                      "DisclosureControl" : "show-more",
                      "DisplayName" : "label-49",
                      "HorizontalAlignment" : "left",
                      "Id" : "ptcslabel-49",
                      "LabelText" : "[[KBDailyManagementSystemKpiMashup.Target]]",
                      "LabelType" : "title",
                      "LastContainer" : false,
                      "Left" : 210,
                      "Margin" : "5",
                      "MultiLine" : true,
                      "PreserveWhiteSpace" : false,
                      "ResponsiveLayout" : false,
                      "ShowDataLoading" : true,
                      "TooltipField" : "",
                      "Top" : 0,
                      "Type" : "ptcslabel",
                      "UseTheme" : true,
                      "VerticalAlignment" : "flex-start",
                      "Visible" : true,
                      "Width" : 75,
                      "Z-index" : 10,
                      "__TypeDisplayName" : "Beschriftung",
                      "overflowShowLessTxt" : "[[showLess]]",
                      "overflowShowMoreTxt" : "[[showMore]]"
                    },
                    "Widgets" : [ ]
                  }, {
                    "Properties" : {
                      "Area" : "UI",
                      "CustomClass" : "",
                      "DisclosureControl" : "show-more",
                      "DisplayName" : "label-50",
                      "HorizontalAlignment" : "left",
                      "Id" : "ptcslabel-50",
                      "LabelText" : "[[KBDailyManagementSystemKpiMashup.Trend]]",
                      "LabelType" : "title",
                      "LastContainer" : false,
                      "Left" : 290,
                      "Margin" : "5",
                      "MultiLine" : true,
                      "PreserveWhiteSpace" : false,
                      "ResponsiveLayout" : false,
                      "ShowDataLoading" : true,
                      "TooltipField" : "",
                      "Top" : 0,
                      "Type" : "ptcslabel",
                      "UseTheme" : true,
                      "VerticalAlignment" : "flex-start",
                      "Visible" : true,
                      "Width" : 75,
                      "Z-index" : 10,
                      "__TypeDisplayName" : "Beschriftung",
                      "overflowShowLessTxt" : "[[showLess]]",
                      "overflowShowMoreTxt" : "[[showMore]]"
                    },
                    "Widgets" : [ ]
                  }, {
                    "Properties" : {
                      "Aperture" : 360,
                      "Area" : "UI",
                      "DisplayName" : "progressgauge-51",
                      "GaugeBorder" : 1,
                      "GaugeFaceStyle" : "DefaultProgressGaugeFaceStyle",
                      "GaugeStyle" : "DefaultProgressGaugeStyle",
                      "Height" : 40,
                      "Id" : "progressgauge-51",
                      "LastContainer" : false,
                      "Left" : 85,
                      "Margin" : "5",
                      "MaxValue" : 100.1,
                      "MinValue" : 0,
                      "ProgressFormatter_StateParameters" : [ ],
                      "ProgressStyle" : "DefaultProgressGaugeIndicatorStyle",
                      "ReferenceAngle" : 0,
                      "ResponsiveLayout" : false,
                      "RingWidth" : 13,
                      "ShowDataLoading" : true,
                      "Top" : 60,
                      "Type" : "progressgauge",
                      "ValueDecimals" : 2,
                      "ValueDigits" : 0,
                      "ValueFormatter_StateParameters" : [ ],
                      "ValueStyle" : "KBProductionAdvisorGaugeStyle",
                      "Visible" : true,
                      "Width" : 40,
                      "Z-index" : 10,
                      "__TypeDisplayName" : "Progress Gauge"
                    },
                    "Widgets" : [ ]
                  }, {
                    "Properties" : {
                      "Aperture" : 360,
                      "Area" : "UI",
                      "DisplayName" : "progressgauge-52",
                      "GaugeBorder" : 1,
                      "GaugeFaceStyle" : "DefaultProgressGaugeFaceStyle",
                      "GaugeStyle" : "DefaultProgressGaugeStyle",
                      "Height" : 40,
                      "Id" : "progressgauge-52",
                      "LastContainer" : false,
                      "Left" : 85,
                      "Margin" : "5",
                      "MaxValue" : 100.1,
                      "MinValue" : 0,
                      "ProgressFormatter_StateParameters" : [ ],
                      "ProgressStyle" : "DefaultProgressGaugeIndicatorStyle",
                      "ReferenceAngle" : 0,
                      "ResponsiveLayout" : false,
                      "RingWidth" : 13,
                      "ShowDataLoading" : true,
                      "Top" : 95,
                      "Type" : "progressgauge",
                      "ValueDecimals" : 2,
                      "ValueDigits" : 0,
                      "ValueFormatter_StateParameters" : [ ],
                      "ValueStyle" : "KBProductionAdvisorGaugeStyle",
                      "Visible" : true,
                      "Width" : 40,
                      "Z-index" : 10,
                      "__TypeDisplayName" : "Progress Gauge"
                    },
                    "Widgets" : [ ]
                  }, {
                    "Properties" : {
                      "Area" : "UI",
                      "CustomClass" : "",
                      "DisclosureControl" : "show-more",
                      "DisplayName" : "label-55",
                      "HorizontalAlignment" : "left",
                      "Id" : "ptcslabel-55",
                      "LabelText" : "[[KBDailyManagementSystemKpiMashup.OEE]]",
                      "LabelType" : "title",
                      "LastContainer" : false,
                      "Left" : 5,
                      "Margin" : "5",
                      "MultiLine" : true,
                      "PreserveWhiteSpace" : false,
                      "ResponsiveLayout" : false,
                      "ShowDataLoading" : true,
                      "TooltipField" : "",
                      "Top" : 65,
                      "Type" : "ptcslabel",
                      "UseTheme" : true,
                      "VerticalAlignment" : "flex-start",
                      "Visible" : true,
                      "Width" : 75,
                      "Z-index" : 10,
                      "__TypeDisplayName" : "Beschriftung",
                      "overflowShowLessTxt" : "[[showLess]]",
                      "overflowShowMoreTxt" : "[[showMore]]"
                    },
                    "Widgets" : [ ]
                  }, {
                    "Properties" : {
                      "Area" : "UI",
                      "CustomClass" : "",
                      "DisclosureControl" : "show-more",
                      "DisplayName" : "label-56",
                      "HorizontalAlignment" : "left",
                      "Id" : "ptcslabel-56",
                      "LabelText" : "[[KBDailyManagementSystemKpiMashup.DLP1]]",
                      "LabelType" : "title",
                      "LastContainer" : false,
                      "Left" : 5,
                      "Margin" : "5",
                      "MultiLine" : true,
                      "PreserveWhiteSpace" : false,
                      "ResponsiveLayout" : false,
                      "ShowDataLoading" : true,
                      "TooltipField" : "",
                      "Top" : 100,
                      "Type" : "ptcslabel",
                      "UseTheme" : true,
                      "VerticalAlignment" : "flex-start",
                      "Visible" : true,
                      "Width" : 75,
                      "Z-index" : 10,
                      "__TypeDisplayName" : "Beschriftung",
                      "overflowShowLessTxt" : "[[showLess]]",
                      "overflowShowMoreTxt" : "[[showMore]]"
                    },
                    "Widgets" : [ ]
                  }, {
                    "Properties" : {
                      "Area" : "UI",
                      "CustomClass" : "",
                      "DisclosureControl" : "show-more",
                      "DisplayName" : "label-57",
                      "HorizontalAlignment" : "left",
                      "Id" : "ptcslabel-57",
                      "LabelText" : "[[KBDailyManagementSystemKpiMashup.Retests]]",
                      "LabelType" : "title",
                      "LastContainer" : false,
                      "Left" : 5,
                      "Margin" : "5",
                      "MultiLine" : true,
                      "PreserveWhiteSpace" : false,
                      "ResponsiveLayout" : false,
                      "ShowDataLoading" : true,
                      "TooltipField" : "",
                      "Top" : 135,
                      "Type" : "ptcslabel",
                      "UseTheme" : true,
                      "VerticalAlignment" : "flex-start",
                      "Visible" : true,
                      "Width" : 75,
                      "Z-index" : 10,
                      "__TypeDisplayName" : "Beschriftung",
                      "overflowShowLessTxt" : "[[showLess]]",
                      "overflowShowMoreTxt" : "[[showMore]]"
                    },
                    "Widgets" : [ ]
                  }, {
                    "Properties" : {
                      "Area" : "UI",
                      "CustomClass" : "",
                      "DisclosureControl" : "show-more",
                      "DisplayName" : "label-58",
                      "HorizontalAlignment" : "left",
                      "Id" : "ptcslabel-58",
                      "LabelText" : "[[KBDailyManagementSystemKpiMashup.OK/NOK]]",
                      "LabelType" : "title",
                      "LastContainer" : false,
                      "Left" : 5,
                      "Margin" : "5",
                      "MultiLine" : true,
                      "PreserveWhiteSpace" : false,
                      "ResponsiveLayout" : false,
                      "ShowDataLoading" : true,
                      "TooltipField" : "",
                      "Top" : 170,
                      "Type" : "ptcslabel",
                      "UseTheme" : true,
                      "VerticalAlignment" : "flex-start",
                      "Visible" : true,
                      "Width" : 75,
                      "Z-index" : 10,
                      "__TypeDisplayName" : "Beschriftung",
                      "overflowShowLessTxt" : "[[showLess]]",
                      "overflowShowMoreTxt" : "[[showMore]]"
                    },
                    "Widgets" : [ ]
                  }, {
                    "Properties" : {
                      "Area" : "UI",
                      "DisclosureControl" : "show-more",
                      "DisplayName" : "label-59",
                      "Height" : 22,
                      "HorizontalAlignment" : "left",
                      "Id" : "ptcslabel-59",
                      "LabelText" : "",
                      "LabelType" : "label",
                      "LastContainer" : false,
                      "Left" : 130,
                      "Margin" : "5",
                      "MultiLine" : true,
                      "PreserveWhiteSpace" : false,
                      "ResponsiveLayout" : false,
                      "ShowDataLoading" : true,
                      "TooltipField" : "",
                      "Top" : 65,
                      "Type" : "ptcslabel",
                      "UseTheme" : true,
                      "VerticalAlignment" : "flex-start",
                      "Visible" : true,
                      "Width" : 75,
                      "Z-index" : 10,
                      "__TypeDisplayName" : "Beschriftung",
                      "overflowShowLessTxt" : "[[showLess]]",
                      "overflowShowMoreTxt" : "[[showMore]]"
                    },
                    "Widgets" : [ ]
                  }, {
                    "Properties" : {
                      "Area" : "UI",
                      "DisclosureControl" : "show-more",
                      "DisplayName" : "label-60",
                      "HorizontalAlignment" : "left",
                      "Id" : "ptcslabel-60",
                      "LabelText" : "",
                      "LabelType" : "label",
                      "LastContainer" : false,
                      "Left" : 130,
                      "Margin" : "5",
                      "MultiLine" : true,
                      "PreserveWhiteSpace" : false,
                      "ResponsiveLayout" : false,
                      "ShowDataLoading" : true,
                      "TooltipField" : "",
                      "Top" : 100,
                      "Type" : "ptcslabel",
                      "UseTheme" : true,
                      "VerticalAlignment" : "flex-start",
                      "Visible" : true,
                      "Width" : 75,
                      "Z-index" : 10,
                      "__TypeDisplayName" : "Beschriftung",
                      "overflowShowLessTxt" : "[[showLess]]",
                      "overflowShowMoreTxt" : "[[showMore]]"
                    },
                    "Widgets" : [ ]
                  }, {
                    "Properties" : {
                      "Area" : "UI",
                      "DisclosureControl" : "show-more",
                      "DisplayName" : "label-61",
                      "Height" : 22,
                      "HorizontalAlignment" : "left",
                      "Id" : "ptcslabel-61",
                      "LabelText" : "",
                      "LabelType" : "label",
                      "LastContainer" : false,
                      "Left" : 130,
                      "Margin" : "5",
                      "MultiLine" : true,
                      "PreserveWhiteSpace" : false,
                      "ResponsiveLayout" : false,
                      "ShowDataLoading" : true,
                      "TooltipField" : "",
                      "Top" : 135,
                      "Type" : "ptcslabel",
                      "UseTheme" : true,
                      "VerticalAlignment" : "flex-start",
                      "Visible" : true,
                      "Width" : 75,
                      "Z-index" : 10,
                      "__TypeDisplayName" : "Beschriftung",
                      "overflowShowLessTxt" : "[[showLess]]",
                      "overflowShowMoreTxt" : "[[showMore]]"
                    },
                    "Widgets" : [ ]
                  }, {
                    "Properties" : {
                      "Area" : "UI",
                      "DisclosureControl" : "show-more",
                      "DisplayName" : "label-62",
                      "Height" : 22,
                      "HorizontalAlignment" : "left",
                      "Id" : "ptcslabel-62",
                      "LabelText" : "",
                      "LabelType" : "label",
                      "LastContainer" : false,
                      "Left" : 130,
                      "Margin" : "5",
                      "MultiLine" : true,
                      "PreserveWhiteSpace" : false,
                      "ResponsiveLayout" : false,
                      "ShowDataLoading" : true,
                      "TooltipField" : "",
                      "Top" : 170,
                      "Type" : "ptcslabel",
                      "UseTheme" : true,
                      "VerticalAlignment" : "flex-start",
                      "Visible" : true,
                      "Width" : 75,
                      "Z-index" : 10,
                      "__TypeDisplayName" : "Beschriftung",
                      "overflowShowLessTxt" : "[[showLess]]",
                      "overflowShowMoreTxt" : "[[showMore]]"
                    },
                    "Widgets" : [ ]
                  }, {
                    "Properties" : {
                      "Area" : "UI",
                      "DisclosureControl" : "show-more",
                      "DisplayName" : "label-63",
                      "Height" : 22,
                      "HorizontalAlignment" : "left",
                      "Id" : "ptcslabel-63",
                      "LabelText" : "",
                      "LabelType" : "label",
                      "LastContainer" : false,
                      "Left" : 210,
                      "Margin" : "5",
                      "MultiLine" : true,
                      "PreserveWhiteSpace" : false,
                      "ResponsiveLayout" : false,
                      "ShowDataLoading" : true,
                      "TooltipField" : "",
                      "Top" : 170,
                      "Type" : "ptcslabel",
                      "UseTheme" : true,
                      "VerticalAlignment" : "flex-start",
                      "Visible" : true,
                      "Width" : 75,
                      "Z-index" : 10,
                      "__TypeDisplayName" : "Beschriftung",
                      "overflowShowLessTxt" : "[[showLess]]",
                      "overflowShowMoreTxt" : "[[showMore]]"
                    },
                    "Widgets" : [ ]
                  } ]
                }, {
                  "Properties" : {
                    "Area" : "UI",
                    "AutoEvaluate" : false,
                    "DataChangeType" : "ALWAYS",
                    "DisplayName" : "GetPartCout",
                    "Expression" : "Output=OK+\"/\"+NOK;",
                    "FireOnFirstValue" : false,
                    "Height" : 28,
                    "Id" : "expression2-65",
                    "LastContainer" : false,
                    "Left" : null,
                    "Margin" : "5",
                    "OutputBaseType" : "STRING",
                    "ResponsiveLayout" : false,
                    "ShowDataLoading" : true,
                    "Top" : null,
                    "Type" : "expression2",
                    "Visible" : true,
                    "Width" : 200,
                    "Z-index" : 10,
                    "__TypeDisplayName" : "Expression",
                    "_currentParameterDefs" : [ {
                      "BaseType" : "NUMBER",
                      "Description" : "",
                      "ParameterName" : "OK",
                      "bindingDirection" : "Target",
                      "bindingType" : "Property",
                      "isBindingSource" : false,
                      "isBindingTarget" : true,
                      "shown" : true
                    }, {
                      "BaseType" : "NUMBER",
                      "Description" : "",
                      "ParameterName" : "NOK",
                      "bindingDirection" : "Target",
                      "bindingType" : "Property",
                      "isBindingSource" : false,
                      "isBindingTarget" : true,
                      "shown" : true
                    } ]
                  },
                  "Widgets" : [ ]
                } ]
              },
              "mashupType" : "mashup"
            }
            ]]>
            </mashupContent>
            <preview></preview>
        </Mashup>
    </Mashups>
</Entities>
