<?xml version="1.0" encoding="UTF-8"?>
<Entities
 majorVersion="9"
 minorVersion="3"
 universal="password">
    <Mashups>
        <Mashup      
         aspect.isEditableExtensionObject="false"
         aspect.isExtension="true"   
         aspect.isFlex="true"
         aspect.isResponsive="true"
         aspect.mashupType="mashup"
         columns="0.0"
         description=""
         documentationContent=""
         homeMashup=""
         name="KBDailyManagementSystemCycleTime10APOMashup"
         projectName="KBsmartKPI"
         rows="0.0"
         tags="">
            <avatar></avatar>
            <DesignTimePermissions>
                <Create></Create>
                <Read></Read>
                <Update></Update>
                <Delete></Delete>
                <Metadata></Metadata>
            </DesignTimePermissions>
            <RunTimePermissions>
                <Permissions
                 resourceName="*">
                    <PropertyRead>
                        <Principal
                         isPermitted="true"
                         name="KBUserGroup"
                         type="Group"></Principal>
                    </PropertyRead>
                    <PropertyWrite></PropertyWrite>
                    <ServiceInvoke>
                        <Principal
                         isPermitted="true"
                         name="KBUserGroup"
                         type="Group"></Principal>
                    </ServiceInvoke>
                    <EventInvoke></EventInvoke>
                    <EventSubscribe></EventSubscribe>
                </Permissions>
            </RunTimePermissions>
            <VisibilityPermissions>
                <Visibility>
                    <Principal
                     isPermitted="true"
                     name="KBOrganization"
                     type="Organization"></Principal>
                </Visibility>
            </VisibilityPermissions>
            <ConfigurationTableDefinitions></ConfigurationTableDefinitions>
            <ConfigurationTables>
                <ConfigurationTable
                 dataShapeName=""
                 description="Mashup Mobile Settings"
                 isHidden="true"
                 isMultiRow="false"
                 name="MobileSettings"
                 ordinal="0">
                    <DataShape>
                        <FieldDefinitions>
                            <FieldDefinition
                             aspect.defaultValue="false"
                             aspect.friendlyName="Disable Zoom"
                             baseType="BOOLEAN"
                             description="Disables zooming in and out within the mashup"
                             name="disableZoom"
                             ordinal="0"></FieldDefinition>
                            <FieldDefinition
                             aspect.defaultValue="true"
                             aspect.friendlyName="Full Screen Mode"
                             baseType="BOOLEAN"
                             description="Open the mashup in full screen mode"
                             name="fullScreenMode"
                             ordinal="0"></FieldDefinition>
                            <FieldDefinition
                             aspect.friendlyName="Height"
                             baseType="STRING"
                             description="The height of the mashup page"
                             name="height"
                             ordinal="0"></FieldDefinition>
                            <FieldDefinition
                             aspect.defaultValue="device-height"
                             aspect.friendlyName="Height Type"
                             baseType="STRING"
                             description="Use the height of the device display, or a custom height (in px)"
                             name="heightType"
                             ordinal="0"></FieldDefinition>
                            <FieldDefinition
                             aspect.defaultValue="1.0"
                             aspect.friendlyName="Initial Scale"
                             baseType="NUMBER"
                             description="The initial zoom scale when the mashup is loaded for the first time"
                             name="initialScale"
                             ordinal="0"></FieldDefinition>
                            <FieldDefinition
                             aspect.friendlyName="Shortcut Icon Title"
                             baseType="STRING"
                             description="A title for the mashup shortcut on the iOS home screen"
                             name="iosShortcutIconTitle"
                             ordinal="0"></FieldDefinition>
                            <FieldDefinition
                             aspect.defaultValue="black-translucent"
                             aspect.friendlyName="Status Bar Appearance"
                             baseType="STRING"
                             description="The style of the iOS status bar"
                             name="iosStatusBarAppearance"
                             ordinal="0"></FieldDefinition>
                            <FieldDefinition
                             aspect.defaultValue="10.0"
                             aspect.friendlyName="Maximum Scale"
                             baseType="NUMBER"
                             description="The maximum scale that users can zoom out to"
                             name="maximumScale"
                             ordinal="0"></FieldDefinition>
                            <FieldDefinition
                             aspect.defaultValue="0.1"
                             aspect.friendlyName="Minimum Scale"
                             baseType="NUMBER"
                             description="The minimum scale that users can zoom out to"
                             name="minimumScale"
                             ordinal="0"></FieldDefinition>
                            <FieldDefinition
                             aspect.friendlyName="Width"
                             baseType="STRING"
                             description="The width of the mashup page"
                             name="width"
                             ordinal="0"></FieldDefinition>
                            <FieldDefinition
                             aspect.defaultValue="device-width"
                             aspect.friendlyName="Width Type"
                             baseType="STRING"
                             description="Use the width of the device display, or a custom width (in px)"
                             name="widthType"
                             ordinal="0"></FieldDefinition>
                        </FieldDefinitions>
                    </DataShape>
                    <Rows>
                        <Row>
                            <disableZoom>false</disableZoom>
                            <fullScreenMode>true</fullScreenMode>
                            <height></height>
                            <heightType>
                            <![CDATA[
                            device-height
                            ]]>
                            </heightType>
                            <initialScale>1.0</initialScale>
                            <iosShortcutIconTitle></iosShortcutIconTitle>
                            <iosStatusBarAppearance>
                            <![CDATA[
                            black-translucent
                            ]]>
                            </iosStatusBarAppearance>
                            <maximumScale>10.0</maximumScale>
                            <minimumScale>0.1</minimumScale>
                            <width></width>
                            <widthType>
                            <![CDATA[
                            device-width
                            ]]>
                            </widthType>
                        </Row>
                    </Rows>
                </ConfigurationTable>
            </ConfigurationTables>
            <ParameterDefinitions>
                <FieldDefinition
                 aspect.bindingDirection="IN"
                 aspect.isMandatory="false"
                 baseType="STRING"
                 description=""
                 name="Division"
                 ordinal="0"></FieldDefinition>
                <FieldDefinition
                 aspect.bindingDirection="IN"
                 aspect.isMandatory="false"
                 baseType="DATETIME"
                 description=""
                 name="EndDate"
                 ordinal="0"></FieldDefinition>
                <FieldDefinition
                 aspect.bindingDirection="IN"
                 aspect.isMandatory="false"
                 baseType="STRING"
                 description=""
                 name="Machine"
                 ordinal="0"></FieldDefinition>
                <FieldDefinition
                 aspect.bindingDirection="IN"
                 aspect.isMandatory="false"
                 baseType="INTEGER"
                 description=""
                 name="MaxTimeInSec"
                 ordinal="0"></FieldDefinition>
                <FieldDefinition
                 aspect.bindingDirection="IN"
                 aspect.isMandatory="false"
                 baseType="INTEGER"
                 description=""
                 name="MinTimeInSec"
                 ordinal="0"></FieldDefinition>
                <FieldDefinition
                 aspect.bindingDirection="IN"
                 aspect.isMandatory="false"
                 baseType="DATETIME"
                 description=""
                 name="StartDate"
                 ordinal="0"></FieldDefinition>
            </ParameterDefinitions>
            <Things></Things>
            <ThingShapes></ThingShapes>
            <ThingTemplates></ThingTemplates>
            <mashupContent>
            <![CDATA[
            {
              "CustomMashupCss" : "",
              "Data" : {
                "Session" : {
                  "DataName" : "Session",
                  "EntityName" : "",
                  "EntityType" : "Session",
                  "Id" : "session",
                  "Services" : [ {
                    "APIMethod" : "post",
                    "Characteristic" : "Services",
                    "Id" : "SessionInterface",
                    "Name" : "GetGlobalSessionValues",
                    "Parameters" : { },
                    "RefreshInterval" : 0,
                    "Target" : "GetGlobalSessionValues"
                  } ]
                },
                "Things_KBKPILocalThingWorxDatabaseThing" : {
                  "DataName" : "Things_KBKPILocalThingWorxDatabaseThing",
                  "EntityName" : "KBKPILocalThingWorxDatabaseThing",
                  "EntityType" : "Things",
                  "Id" : "004fdf7a-8ed6-4b78-9efb-e40f538b4ca2",
                  "Services" : [ {
                    "APIMethod" : "post",
                    "Characteristic" : "Services",
                    "Id" : "652053e1-69fb-4169-89e8-9d09e29d463a",
                    "Name" : "GetCVSTimeLossRawDataPartial",
                    "Parameters" : {
                      "PartName" : "Part10"
                    },
                    "RefreshInterval" : 0,
                    "Target" : "GetCVSTimeLossRawDataPartial"
                  } ]
                },
                "UserExtensions" : {
                  "DataName" : "UserExtensions",
                  "EntityName" : "",
                  "EntityType" : "UserExtensions",
                  "Id" : "UserExtensions",
                  "Services" : [ {
                    "APIMethod" : "post",
                    "Characteristic" : "Services",
                    "Id" : "UserExtensionInterface",
                    "Name" : "GetCurrentUserExtensionProperties",
                    "Parameters" : { },
                    "RefreshInterval" : 0,
                    "Target" : "GetCurrentUserExtensionProperties"
                  } ]
                }
              },
              "DataBindings" : [ {
                "Id" : "05abe379-1b5c-460d-8d22-c00ac13c58e4",
                "PropertyMaps" : [ {
                  "SourceProperty" : "Machine",
                  "SourcePropertyBaseType" : "STRING",
                  "TargetProperty" : "Machine",
                  "TargetPropertyBaseType" : "STRING",
                  "TargetPropertyType" : "Parameter"
                } ],
                "SourceArea" : "Mashup",
                "SourceId" : "mashup-root",
                "SourceSection" : "",
                "TargetArea" : "Data",
                "TargetId" : "GetCVSTimeLossRawDataPartial",
                "TargetSection" : "Things_KBKPILocalThingWorxDatabaseThing"
              }, {
                "Id" : "4cca46bf-a05f-474f-b2e3-87102ebaa5a1",
                "PropertyMaps" : [ {
                  "SourceProperty" : "EndDate",
                  "SourcePropertyBaseType" : "DATETIME",
                  "TargetProperty" : "EndDate",
                  "TargetPropertyBaseType" : "DATETIME",
                  "TargetPropertyType" : "Parameter"
                } ],
                "SourceArea" : "Mashup",
                "SourceId" : "mashup-root",
                "SourceSection" : "",
                "TargetArea" : "Data",
                "TargetId" : "GetCVSTimeLossRawDataPartial",
                "TargetSection" : "Things_KBKPILocalThingWorxDatabaseThing"
              }, {
                "Id" : "d4a88442-00ca-4b6b-8c07-5ec4ebbfa64b",
                "PropertyMaps" : [ {
                  "SourceProperty" : "StartDate",
                  "SourcePropertyBaseType" : "DATETIME",
                  "TargetProperty" : "StartDate",
                  "TargetPropertyBaseType" : "DATETIME",
                  "TargetPropertyType" : "Parameter"
                } ],
                "SourceArea" : "Mashup",
                "SourceId" : "mashup-root",
                "SourceSection" : "",
                "TargetArea" : "Data",
                "TargetId" : "GetCVSTimeLossRawDataPartial",
                "TargetSection" : "Things_KBKPILocalThingWorxDatabaseThing"
              }, {
                "Id" : "b5632a0f-c0c1-458e-a82a-b2d029290f8e",
                "PropertyMaps" : [ {
                  "SourceProperty" : "",
                  "SourcePropertyBaseType" : "INFOTABLE",
                  "SourcePropertyType" : "InfoTable",
                  "TargetProperty" : "Data",
                  "TargetPropertyBaseType" : "INFOTABLE",
                  "TargetPropertyType" : "property"
                } ],
                "SourceArea" : "Data",
                "SourceDetails" : "AllData",
                "SourceId" : "GetCVSTimeLossRawDataPartial",
                "SourceName" : "GetCVSTimeLossRawDataPartial",
                "SourceSection" : "Things_KBKPILocalThingWorxDatabaseThing",
                "TargetArea" : "UI",
                "TargetId" : "ptcschartline-6",
                "TargetSection" : ""
              }, {
                "Id" : "a2e7bb73-fe82-4545-b484-20f519f7ff66",
                "PropertyMaps" : [ {
                  "SourceProperty" : "StartDate",
                  "SourcePropertyBaseType" : "DATETIME",
                  "SourcePropertyType" : "Property",
                  "TargetProperty" : "XAxisMinimumValues",
                  "TargetPropertyBaseType" : "NUMBER",
                  "TargetPropertyType" : "property"
                } ],
                "SourceArea" : "Mashup",
                "SourceId" : "mashup-root",
                "SourceSection" : "",
                "TargetArea" : "UI",
                "TargetId" : "ptcschartline-6",
                "TargetSection" : ""
              }, {
                "Id" : "8aab6060-ab72-4960-892c-91c590ceef89",
                "PropertyMaps" : [ {
                  "SourceProperty" : "EndDate",
                  "SourcePropertyBaseType" : "DATETIME",
                  "SourcePropertyType" : "Property",
                  "TargetProperty" : "XAxisMaximumValues",
                  "TargetPropertyBaseType" : "NUMBER",
                  "TargetPropertyType" : "property"
                } ],
                "SourceArea" : "Mashup",
                "SourceId" : "mashup-root",
                "SourceSection" : "",
                "TargetArea" : "UI",
                "TargetId" : "ptcschartline-6",
                "TargetSection" : ""
              }, {
                "Id" : "d01044ec-6fb3-4629-a3ac-308a19cb4c94",
                "PropertyMaps" : [ {
                  "SourceProperty" : "MinTimeInSec",
                  "SourcePropertyBaseType" : "INTEGER",
                  "SourcePropertyType" : "Property",
                  "TargetProperty" : "YAxisMinimumValues",
                  "TargetPropertyBaseType" : "NUMBER",
                  "TargetPropertyType" : "property"
                } ],
                "SourceArea" : "Mashup",
                "SourceId" : "mashup-root",
                "SourceSection" : "",
                "TargetArea" : "UI",
                "TargetId" : "ptcschartline-6",
                "TargetSection" : ""
              } ],
              "DesignTimePermissions" : {
                "Create" : [ ],
                "Delete" : [ ],
                "Metadata" : [ ],
                "Read" : [ ],
                "Update" : [ ]
              },
              "Events" : [ {
                "EventHandlerArea" : "Data",
                "EventHandlerId" : "Things_KBKPILocalThingWorxDatabaseThing",
                "EventHandlerService" : "GetCVSTimeLossRawDataPartial",
                "EventTriggerArea" : "Mashup",
                "EventTriggerEvent" : "Loaded",
                "EventTriggerId" : "mashup-root",
                "EventTriggerSection" : "",
                "Id" : "550c5f8d-fc34-403e-849a-549f3e37814a"
              }, {
                "EventHandlerArea" : "Data",
                "EventHandlerId" : "Things_KBKPILocalThingWorxDatabaseThing",
                "EventHandlerService" : "GetCVSTimeLossRawDataPartial",
                "EventTriggerArea" : "Mashup",
                "EventTriggerEvent" : "RefreshRequested",
                "EventTriggerId" : "mashup-root",
                "EventTriggerSection" : "",
                "Id" : "1064e7e1-874e-4965-81aa-72b0095ce18f"
              }, {
                "EventHandlerArea" : "Data",
                "EventHandlerId" : "Things_KBKPILocalThingWorxDatabaseThing",
                "EventHandlerService" : "GetCVSTimeLossRawDataPartial",
                "EventTriggerArea" : "Mashup",
                "EventTriggerEvent" : "MachineChanged",
                "EventTriggerId" : "mashup-root",
                "EventTriggerSection" : "",
                "Id" : "f18ddd2f-8803-40ba-a83e-f1ef523097f6"
              }, {
                "EventHandlerArea" : "Data",
                "EventHandlerId" : "Things_KBKPILocalThingWorxDatabaseThing",
                "EventHandlerService" : "GetCVSTimeLossRawDataPartial",
                "EventTriggerArea" : "Mashup",
                "EventTriggerEvent" : "StartDateChanged",
                "EventTriggerId" : "mashup-root",
                "EventTriggerSection" : "",
                "Id" : "2fa4d94d-936d-4cf3-b05e-e8a84fa259c9"
              }, {
                "EventHandlerArea" : "Data",
                "EventHandlerId" : "Things_KBKPILocalThingWorxDatabaseThing",
                "EventHandlerService" : "GetCVSTimeLossRawDataPartial",
                "EventTriggerArea" : "Mashup",
                "EventTriggerEvent" : "EndDateChanged",
                "EventTriggerId" : "mashup-root",
                "EventTriggerSection" : "",
                "Id" : "30fb95bb-34a3-423c-bc1d-e9e833b8709e"
              } ],
              "Reminders" : [ ],
              "RunTimePermissions" : {
                "permissions" : [ {
                  "EventInvoke" : [ ],
                  "EventSubscribe" : [ ],
                  "PropertyRead" : [ {
                    "isPermitted" : true,
                    "name" : "KBUserGroup",
                    "type" : "Group"
                  } ],
                  "PropertyWrite" : [ ],
                  "ServiceInvoke" : [ {
                    "isPermitted" : true,
                    "name" : "KBUserGroup",
                    "type" : "Group"
                  } ],
                  "resourceName" : "*"
                } ]
              },
              "UI" : {
                "Properties" : {
                  "AddToDashboardButton" : "SimplePlus",
                  "AddToDashboardButtonStyle" : "DefaultAddToDashboardButtonStyle",
                  "Area" : "Mashup",
                  "BGImage" : "",
                  "BGImageRepeat" : "no-repeat",
                  "BGImageSize" : "auto",
                  "Columns" : 0,
                  "ConfigureGadgetButton" : "SimpleGear",
                  "ConfigureGadgetButtonStyle" : "DefaultConfigureGadgetButtonStyle",
                  "DisplayName" : "Mashup",
                  "EnableParameterEditing" : false,
                  "Height" : 618,
                  "Id" : "mashup-root",
                  "IgnoreWarningsInViewMashup" : false,
                  "IsPrintLayout" : false,
                  "Left" : 0,
                  "Margin" : "5",
                  "MashupToEditGadget" : "DefaultMashupToEditGadget",
                  "MaxTimeInSec" : 300,
                  "MigratedOn" : "2023-03-29T13:23:20.000Z",
                  "MinHeight" : 0,
                  "MinTimeInSec" : 0,
                  "MinWidth" : 0,
                  "ResponsiveLayout" : true,
                  "Rows" : 0,
                  "ShowDataLoading" : true,
                  "Style" : "DefaultMashupStyle",
                  "StyleProperties" : {
                    "data" : {
                      "ptcschartline-6" : {
                        "parts" : {
                          "chart-layout" : {
                            "$" : {
                              "padding-bottom" : "2px",
                              "padding-left" : "20px",
                              "padding-top" : "2px"
                            }
                          },
                          "legend-label" : {
                            "$" : {
                              "font-size" : "12px",
                              "font-weight" : "600"
                            }
                          },
                          "legend-marker" : {
                            "$" : {
                              "margin-right" : "3px"
                            },
                            "serie4" : {
                              "background" : "rgba(155,94,3,1)"
                            }
                          },
                          "line" : {
                            "serie4" : {
                              "stroke" : "rgba(155,94,3,1)"
                            }
                          },
                          "marker" : {
                            "serie4" : {
                              "fill" : "rgba(155,94,3,1)"
                            }
                          },
                          "xaxis-tick-label" : {
                            "$" : {
                              "font-size" : "14px",
                              "font-weight" : "600"
                            }
                          },
                          "yaxis-tick-label" : {
                            "$" : {
                              "font-size" : "14px",
                              "font-weight" : "600"
                            }
                          },
                          "yaxis2-tick-label" : {
                            "$" : {
                              "font-size" : "14px",
                              "font-weight" : "600"
                            }
                          }
                        },
                        "widget" : "ptcs-chart-line"
                      }
                    },
                    "meta" : {
                      "type" : "WidgetStyler",
                      "version" : "1.0"
                    }
                  },
                  "StyleTheme" : "KBStandardStyleTheme",
                  "Title" : "",
                  "TitleBar" : false,
                  "TitleBarStyle" : "DefaultTitleBarStyle",
                  "TitleBarText" : "Gadget Title Here",
                  "Top" : 0,
                  "Type" : "mashup",
                  "UseMasterTheme" : false,
                  "UseTheme" : false,
                  "UseThemeForHybrids" : false,
                  "Visible" : true,
                  "Width" : 1024,
                  "Z-index" : 10,
                  "__TypeDisplayName" : "Mashup",
                  "_currentParameterDefs" : [ {
                    "Aspects" : {
                      "bindingDirection" : "IN",
                      "isMandatory" : false
                    },
                    "BaseType" : "STRING",
                    "Description" : "",
                    "ParameterName" : "Machine"
                  }, {
                    "Aspects" : {
                      "bindingDirection" : "IN",
                      "isMandatory" : false
                    },
                    "BaseType" : "DATETIME",
                    "Description" : "",
                    "ParameterName" : "StartDate"
                  }, {
                    "Aspects" : {
                      "bindingDirection" : "IN",
                      "isMandatory" : false
                    },
                    "BaseType" : "DATETIME",
                    "Description" : "",
                    "ParameterName" : "EndDate"
                  }, {
                    "Aspects" : {
                      "bindingDirection" : "IN",
                      "isMandatory" : false
                    },
                    "BaseType" : "INTEGER",
                    "DefaultValue" : 300,
                    "Description" : "",
                    "ParameterName" : "MaxTimeInSec"
                  }, {
                    "Aspects" : {
                      "bindingDirection" : "IN",
                      "isMandatory" : false
                    },
                    "BaseType" : "INTEGER",
                    "DefaultValue" : 0,
                    "Description" : "",
                    "ParameterName" : "MinTimeInSec"
                  }, {
                    "Aspects" : {
                      "bindingDirection" : "IN",
                      "isMandatory" : false
                    },
                    "BaseType" : "STRING",
                    "Description" : "",
                    "ParameterName" : "Division"
                  } ],
                  "id_index" : 43,
                  "supportsAutoResize" : true
                },
                "Widgets" : [ {
                  "Properties" : {
                    "Area" : "UI",
                    "CollapseTabIcon" : "",
                    "DisplayName" : "container-43",
                    "EnableContainerUnload" : false,
                    "EnableExpandCollapse" : false,
                    "ExpandCollapseTabLocation" : "inside",
                    "ExpandTabIcon" : "",
                    "Expanded" : true,
                    "Id" : "flexcontainer-43",
                    "LastContainer" : true,
                    "LazyLoading" : false,
                    "Margin" : "",
                    "Overlay" : false,
                    "ResponsiveLayout" : true,
                    "Scrolling" : "auto-scroll",
                    "ShowDataLoading" : true,
                    "ShowExpandCollapseTab" : false,
                    "SourceURL" : "",
                    "Style" : "DefaultContainerStyle",
                    "StyleProperties" : { },
                    "Type" : "flexcontainer",
                    "UseTheme" : true,
                    "Visible" : true,
                    "Z-index" : 10,
                    "align-content" : "flex-start",
                    "align-items" : "flex-start",
                    "flex-basis" : "auto",
                    "flex-direction" : "row",
                    "flex-grow" : 1,
                    "flex-max-height" : "",
                    "flex-max-width" : "",
                    "flex-min-height" : "",
                    "flex-min-width" : "",
                    "flex-shrink" : 1,
                    "flex-size" : "default",
                    "flex-wrap" : "nowrap",
                    "iconClass" : "widgets-flexcontainer",
                    "justify-content" : "flex-start",
                    "positioning" : "responsive",
                    "userCannotRemove" : true
                  },
                  "Widgets" : [ {
                    "Properties" : {
                      "Area" : "UI",
                      "ChartType" : "runchart",
                      "CurveFitting" : "linear",
                      "DataField1" : "Duration_in_sec",
                      "DataField2" : "DurationAveragePerOrder_in_sec",
                      "DataField3" : "ProcessingTimeInSecCOTotal",
                      "DataField4" : "ProcessingTimeInSecAPOTotal",
                      "DataField5" : "tgMaxTimeInSecTotal",
                      "DataField6" : "PlannedNumberOfWorkers",
                      "DataField7" : "NumberOfParts",
                      "DataLabel1" : "[[KBDailyManagementSystemMashup.ProductionTime]]",
                      "DataLabel10" : "",
                      "DataLabel11" : "",
                      "DataLabel12" : "",
                      "DataLabel13" : "",
                      "DataLabel14" : "",
                      "DataLabel15" : "",
                      "DataLabel16" : "",
                      "DataLabel17" : "",
                      "DataLabel18" : "",
                      "DataLabel19" : "",
                      "DataLabel2" : "[[KBDailyManagementSystemMashup.AvgProductionTimePerOrder]]",
                      "DataLabel20" : "",
                      "DataLabel21" : "",
                      "DataLabel22" : "",
                      "DataLabel23" : "",
                      "DataLabel24" : "",
                      "DataLabel3" : "[[KBDailyManagementSystemMashup.SAPProcessingTimeCO]]",
                      "DataLabel4" : "[[KBDailyManagementSystemMashup.SAPProcessingTimeAPO]]",
                      "DataLabel5" : "[[KBDailyManagementSystemMashup.SAPtgMax]]",
                      "DataLabel6" : "SAP Planned Number of Workers",
                      "DataLabel7" : "Number of parts",
                      "DataLabel8" : "",
                      "DataLabel9" : "",
                      "DataPointSelection" : "auto",
                      "DataSeriesStyle10_StateParameters" : [ ],
                      "DataSeriesStyle11_StateParameters" : [ ],
                      "DataSeriesStyle12_StateParameters" : [ ],
                      "DataSeriesStyle13_StateParameters" : [ ],
                      "DataSeriesStyle14_StateParameters" : [ ],
                      "DataSeriesStyle15_StateParameters" : [ ],
                      "DataSeriesStyle16_StateParameters" : [ ],
                      "DataSeriesStyle17_StateParameters" : [ ],
                      "DataSeriesStyle18_StateParameters" : [ ],
                      "DataSeriesStyle19_StateParameters" : [ ],
                      "DataSeriesStyle1_StateParameters" : [ ],
                      "DataSeriesStyle20_StateParameters" : [ ],
                      "DataSeriesStyle21_StateParameters" : [ ],
                      "DataSeriesStyle22_StateParameters" : [ ],
                      "DataSeriesStyle23_StateParameters" : [ ],
                      "DataSeriesStyle24_StateParameters" : [ ],
                      "DataSeriesStyle2_StateParameters" : [ ],
                      "DataSeriesStyle3_StateParameters" : [ ],
                      "DataSeriesStyle4_StateParameters" : [ ],
                      "DataSeriesStyle5_StateParameters" : [ ],
                      "DataSeriesStyle6_StateParameters" : [ ],
                      "DataSeriesStyle7_StateParameters" : [ ],
                      "DataSeriesStyle8_StateParameters" : [ ],
                      "DataSeriesStyle9_StateParameters" : [ ],
                      "DataSeriesStyle_StateParameters" : [ ],
                      "DateRangeHintText" : "[[selectDateAndTime]]",
                      "DirectSelectionZoom" : "none",
                      "Disabled" : false,
                      "DisplayName" : "timeserieschart-6",
                      "DragSelectionZoom" : "none",
                      "FillContainer" : true,
                      "Height" : 240,
                      "HideLegend" : false,
                      "HideLegendLabel" : "[[hideLegend]]",
                      "HideLines" : false,
                      "HideMarkers" : true,
                      "HideNotes" : false,
                      "HideValues" : true,
                      "HideXAxis" : false,
                      "HideYAxis" : false,
                      "HorizontalAxisMaxHeight" : 85,
                      "HorizontalEndZoomLabel" : "",
                      "HorizontalIntervalAnchorPoint" : "start",
                      "HorizontalIntervalAnchorPointLabel" : "",
                      "HorizontalIntervalControl" : "none",
                      "HorizontalIntervalControlLabel" : "",
                      "HorizontalRangeZoom" : false,
                      "HorizontalSliderZoom" : false,
                      "HorizontalSliderZoomMaxLabel" : "",
                      "HorizontalSliderZoomMinLabel" : "",
                      "HorizontalStartZoomLabel" : "",
                      "HorizontalZoom" : true,
                      "Id" : "ptcschartline-6",
                      "Label" : "",
                      "LabelAlignment" : "center",
                      "LabelPosition" : "top",
                      "LabelReset" : "[[reset]]",
                      "LabelType" : "sub-header",
                      "LastContainer" : false,
                      "Left" : 380,
                      "LegendAlignment" : "start",
                      "LegendFilter" : false,
                      "LegendMarkerShapes" : "square",
                      "LegendMaxWidth" : 736,
                      "LegendPosition" : "top",
                      "Margin" : "5",
                      "MarkerShape" : "circle",
                      "MarkerSize" : 6,
                      "MultipleDataSources" : false,
                      "Notes" : "",
                      "NotesAlignment" : "left",
                      "NotesPosition" : "bottom",
                      "NumberOfReferenceLines" : 0,
                      "NumberOfSeries" : 5,
                      "NumberOfXLabels" : 3,
                      "NumberOfYLabels" : 3,
                      "PointerType" : "auto",
                      "ReferenceLine10Axis" : "xaxis",
                      "ReferenceLine10Value" : "",
                      "ReferenceLine11Axis" : "xaxis",
                      "ReferenceLine11Value" : "",
                      "ReferenceLine12Axis" : "xaxis",
                      "ReferenceLine12Value" : "",
                      "ReferenceLine13Axis" : "xaxis",
                      "ReferenceLine13Value" : "",
                      "ReferenceLine14Axis" : "xaxis",
                      "ReferenceLine14Value" : "",
                      "ReferenceLine15Axis" : "xaxis",
                      "ReferenceLine15Value" : "",
                      "ReferenceLine16Axis" : "xaxis",
                      "ReferenceLine16Value" : "",
                      "ReferenceLine17Axis" : "xaxis",
                      "ReferenceLine17Value" : "",
                      "ReferenceLine18Axis" : "xaxis",
                      "ReferenceLine18Value" : "",
                      "ReferenceLine19Axis" : "xaxis",
                      "ReferenceLine19Value" : "",
                      "ReferenceLine1Axis" : "xaxis",
                      "ReferenceLine1Value" : "",
                      "ReferenceLine20Axis" : "xaxis",
                      "ReferenceLine20Value" : "",
                      "ReferenceLine21Axis" : "xaxis",
                      "ReferenceLine21Value" : "",
                      "ReferenceLine22Axis" : "xaxis",
                      "ReferenceLine22Value" : "",
                      "ReferenceLine23Axis" : "xaxis",
                      "ReferenceLine23Value" : "",
                      "ReferenceLine24Axis" : "xaxis",
                      "ReferenceLine24Value" : "",
                      "ReferenceLine2Axis" : "xaxis",
                      "ReferenceLine2Value" : "",
                      "ReferenceLine3Axis" : "xaxis",
                      "ReferenceLine3Value" : "",
                      "ReferenceLine4Axis" : "xaxis",
                      "ReferenceLine4Value" : "",
                      "ReferenceLine5Axis" : "xaxis",
                      "ReferenceLine5Value" : "",
                      "ReferenceLine6Axis" : "xaxis",
                      "ReferenceLine6Value" : "",
                      "ReferenceLine7Axis" : "xaxis",
                      "ReferenceLine7Value" : "",
                      "ReferenceLine8Axis" : "xaxis",
                      "ReferenceLine8Value" : "",
                      "ReferenceLine9Axis" : "xaxis",
                      "ReferenceLine9Value" : "",
                      "ResetButtonType" : "transparent",
                      "ResponsiveLayout" : true,
                      "ReverseSecondYAxis" : false,
                      "ReverseXAxis" : false,
                      "ReverseYAxis" : false,
                      "RulersInFront" : false,
                      "SecondYAxis" : true,
                      "SecondYAxisFormat" : "0000.0",
                      "SecondYAxisLabel" : "",
                      "SecondYAxisLabelAlignment" : "center",
                      "SecondYAxisType" : "number",
                      "SelectionMode" : "single",
                      "Series10MarkerType" : "default",
                      "Series11MarkerType" : "default",
                      "Series12MarkerType" : "default",
                      "Series13MarkerType" : "default",
                      "Series14MarkerType" : "default",
                      "Series15MarkerType" : "default",
                      "Series16MarkerType" : "default",
                      "Series17MarkerType" : "default",
                      "Series18MarkerType" : "default",
                      "Series19MarkerType" : "default",
                      "Series1MarkerType" : "default",
                      "Series20MarkerType" : "default",
                      "Series21MarkerType" : "default",
                      "Series22MarkerType" : "default",
                      "Series23MarkerType" : "default",
                      "Series24MarkerType" : "default",
                      "Series2MarkerType" : "default",
                      "Series3MarkerType" : "default",
                      "Series4MarkerType" : "default",
                      "Series5MarkerType" : "default",
                      "Series6MarkerType" : "default",
                      "Series7MarkerType" : "default",
                      "Series8MarkerType" : "default",
                      "Series9MarkerType" : "default",
                      "SeriesStacking" : "none",
                      "SeriesStyle1" : "DefaultChartStyle1",
                      "SeriesStyle10" : "DefaultChartStyle10",
                      "SeriesStyle11" : "DefaultChartStyle11",
                      "SeriesStyle12" : "DefaultChartStyle12",
                      "SeriesStyle13" : "DefaultChartStyle13",
                      "SeriesStyle14" : "DefaultChartStyle14",
                      "SeriesStyle15" : "DefaultChartStyle15",
                      "SeriesStyle16" : "DefaultChartStyle16",
                      "SeriesStyle2" : "DefaultChartStyle6",
                      "SeriesStyle3" : "DefaultChartStyle3",
                      "SeriesStyle4" : "DefaultChartStyle4",
                      "SeriesStyle5" : "DefaultChartStyle2",
                      "SeriesStyle6" : "DefaultChartStyle6",
                      "SeriesStyle7" : "DefaultChartStyle7",
                      "SeriesStyle8" : "DefaultChartStyle8",
                      "SeriesStyle9" : "DefaultChartStyle9",
                      "ShowArea" : false,
                      "ShowDataLoading" : true,
                      "ShowHideLegend" : false,
                      "ShowHideLegendButtonType" : "transparent",
                      "ShowHorizontalAnchorPointControl" : false,
                      "ShowLegendLabel" : "[[showLegend]]",
                      "ShowXAxisRuler" : true,
                      "ShowYAxisRuler" : true,
                      "ShowZeroValueRuler" : false,
                      "ShowZoomButtons" : false,
                      "SparkView" : false,
                      "StackOrder" : "auto",
                      "StepPosition" : "center",
                      "StringClearAll" : "[[clearAll]]",
                      "StringEnd" : "[[endRange]]",
                      "StringSelectAll" : "[[selectAll]]",
                      "StringStart" : "[[startRange]]",
                      "TabSequence" : 0,
                      "Top" : 30,
                      "Type" : "ptcschartline",
                      "UseSampleDataInRuntime" : false,
                      "UseSecondYAxis1" : false,
                      "UseSecondYAxis10" : false,
                      "UseSecondYAxis11" : false,
                      "UseSecondYAxis12" : false,
                      "UseSecondYAxis13" : false,
                      "UseSecondYAxis14" : false,
                      "UseSecondYAxis15" : false,
                      "UseSecondYAxis16" : false,
                      "UseSecondYAxis17" : false,
                      "UseSecondYAxis18" : false,
                      "UseSecondYAxis19" : false,
                      "UseSecondYAxis2" : false,
                      "UseSecondYAxis20" : false,
                      "UseSecondYAxis21" : false,
                      "UseSecondYAxis22" : false,
                      "UseSecondYAxis23" : false,
                      "UseSecondYAxis24" : false,
                      "UseSecondYAxis3" : false,
                      "UseSecondYAxis4" : false,
                      "UseSecondYAxis5" : false,
                      "UseSecondYAxis6" : true,
                      "UseSecondYAxis7" : true,
                      "UseSecondYAxis8" : false,
                      "UseSecondYAxis9" : false,
                      "UseTheme" : true,
                      "ValuesPosition" : "above",
                      "ValuesTooltip" : "[[LineChartDefaultTooltip]]",
                      "VerticalAxisMaxWidth" : 85,
                      "VerticalSliderZoom" : false,
                      "VerticalSliderZoomMaxLabel" : "",
                      "VerticalSliderZoomMinLabel" : "",
                      "VerticalZoom" : true,
                      "Visible" : true,
                      "Width" : 640,
                      "XAxisDateFormatToken" : "HH:mm",
                      "XAxisField" : "StatusTime",
                      "XAxisFormat" : "0000.0",
                      "XAxisLabel" : "",
                      "XAxisLabelAlignment" : "start",
                      "XAxisLabelFormat" : "datetime",
                      "XAxisMaximumValues" : false,
                      "XAxisMinimumValues" : false,
                      "XAxisType" : "date",
                      "YAxisAutoscale" : true,
                      "YAxisDateFormatToken" : "",
                      "YAxisFormat" : "0000.0",
                      "YAxisLabel" : "",
                      "YAxisLabelAlignment" : "center",
                      "YAxisMinimumValues" : 0,
                      "YAxisRulerAlignment" : "primary",
                      "YAxisType" : "number",
                      "YAxisZeroscale" : false,
                      "Z-index" : 10,
                      "__TypeDisplayName" : "Zeitreihendiagramm"
                    },
                    "Widgets" : [ ]
                  } ]
                } ]
              },
              "mashupType" : "mashup"
            }
            ]]>
            </mashupContent>
            <preview></preview>
        </Mashup>
    </Mashups>
</Entities>
