<?xml version="1.0" encoding="UTF-8" standalone="no"?>
<Entities build="b167" majorVersion="8" minorVersion="2"
	modelPersistenceProviderPackage="MssqlPersistenceProviderPackage"
	revision="2" schemaVersion="1020" universal="">
	<DataShapes>
		<DataShape baseDataShape="" description=""
			documentationContent="" homeMashup=""
			lastModifiedDate="2019-05-17T19:45:42.269+02:00"
			name="KBSumMachineStatusDataShape" projectName="KBsmartKPI"
			tags="KB:OGS">
			<Owner name="adm-konasm" type="User" />
			<avatar />
			<DesignTimePermissions>
				<Create />
				<Read />
				<Update />
				<Delete />
				<Metadata />
			</DesignTimePermissions>
			<RunTimePermissions />
			<VisibilityPermissions>
				<Visibility />
			</VisibilityPermissions>
			<ConfigurationTables />
			<FieldDefinitions>
				<FieldDefinition baseType="STRING" description=""
					name="Status" ordinal="1" />
				<FieldDefinition baseType="DATETIME" description=""
					name="TotalTimeForStatus" ordinal="2" />
			</FieldDefinitions>
			<ConfigurationChanges>
				<ConfigurationChange changeAction="CREATE"
					changeReason="header : name : updated&#10;fields : Status : Added, SecondsOfDifferance : Added&#10;"
					timestamp="2019-05-16T13:12:34.136+02:00" user="adm-konasm" />
				<ConfigurationChange changeAction="MODIFY"
					changeReason="fields : SecondsOfDifferance : removed, TotalTimeForStatus : Added&#10;"
					timestamp="2019-05-16T13:52:20.824+02:00" user="adm-konasm" />
				<ConfigurationChange changeAction="MODIFY"
					changeReason="header : projectName : updated, tags : updated&#10;"
					timestamp="2019-05-17T19:45:42.269+02:00" user="adm-konasm" />
			</ConfigurationChanges>
		</DataShape>
	</DataShapes>
</Entities>