<?xml version="1.0" encoding="UTF-8" standalone="no"?>
<Entities build="b2319" majorVersion="8" minorVersion="4"
	modelPersistenceProviderPackage="MssqlPersistenceProviderPackage"
	revision="4" schemaVersion="1041" universal="">
	<DataShapes>
		<DataShape baseDataShape="" description=""
			documentationContent="" homeMashup=""
			lastModifiedDate="2020-10-05T14:04:57.632+02:00"
			name="KBCVSProductionShiftFactorDataShape" projectName="" tags="">
			<Owner name="adm-flassakm" type="User" />
			<avatar />
			<DesignTimePermissions>
				<Create />
				<Read />
				<Update />
				<Delete />
				<Metadata />
			</DesignTimePermissions>
			<RunTimePermissions />
			<VisibilityPermissions>
				<Visibility />
			</VisibilityPermissions>
			<ConfigurationTableDefinitions />
			<ConfigurationTables />
			<FieldDefinitions>
				<FieldDefinition baseType="STRING"
					description="ShiftFactorAsterisk" name="ShiftFactorAsterisk"
					ordinal="3" />
				<FieldDefinition baseType="NUMBER"
					description="ShiftFactorInPercent" name="ShiftFactorInPercent"
					ordinal="0" />
				<FieldDefinition baseType="NUMBER"
					description="ShiftFactorVar" name="ShiftFactorVar" ordinal="2" />
				<FieldDefinition baseType="INTEGER"
					description="TargetCount" name="TargetCount" ordinal="1" />
			</FieldDefinitions>
			<ConfigurationChanges>
				<ConfigurationChange changeAction="CREATE"
					changeReason="header : name : updated&#10;"
					timestamp="2020-10-05T14:04:57.632+02:00" user="adm-flassakm" />
			</ConfigurationChanges>
		</DataShape>
	</DataShapes>
</Entities>