<?xml version="1.0" encoding="UTF-8" standalone="no"?><Entities build="b706" majorVersion="9" minorVersion="0" modelPersistenceProviderPackage="MssqlPersistenceProviderPackage" revision="12" schemaVersion="1109" universal=""><DataShapes><DataShape baseDataShape="" description="" documentationContent="" homeMashup="" lastModifiedDate="2022-10-14T06:50:35.040Z" name="KBKpiMultiSelectDataShapeForTimeSeries" projectName="KBsmartKPI" tags="KBThingWorxInstallationVocabulary:ExtensionSmartKPI"><Owner name="adm-srivastn" type="User"/><avatar/><DesignTimePermissions><Create/><Read/><Update/><Delete/><Metadata/></DesignTimePermissions><RunTimePermissions><Permissions resourceName="*"><PropertyRead><Principal isPermitted="true" name="KBUserGroup" type="Group"/></PropertyRead><PropertyWrite/><ServiceInvoke><Principal isPermitted="true" name="KBUserGroup" type="Group"/></ServiceInvoke><EventInvoke/><EventSubscribe/></Permissions></RunTimePermissions><VisibilityPermissions><Visibility><Principal isPermitted="true" name="KBOrganization" type="Organization"/></Visibility></VisibilityPermissions><ConfigurationTableDefinitions/><ConfigurationTables/><FieldDefinitions><FieldDefinition aspect.isPrimaryKey="false" baseType="NUMBER" description="" name="KPI0" ordinal="5"/><FieldDefinition aspect.isPrimaryKey="false" baseType="NUMBER" description="" name="KPI1" ordinal="6"/><FieldDefinition aspect.isPrimaryKey="false" baseType="NUMBER" description="" name="KPI2" ordinal="7"/><FieldDefinition aspect.isPrimaryKey="false" baseType="NUMBER" description="" name="KPI3" ordinal="8"/><FieldDefinition aspect.isPrimaryKey="false" baseType="NUMBER" description="" name="KPI4" ordinal="9"/><FieldDefinition aspect.isPrimaryKey="false" baseType="NUMBER" description="" name="KPI5" ordinal="10"/><FieldDefinition aspect.isPrimaryKey="false" baseType="DATETIME" description="" name="KPIDateTime" ordinal="2"/><FieldDefinition baseType="STRING" description="" name="Label" ordinal="1"/></FieldDefinitions><ConfigurationChanges><ConfigurationChange changeAction="CREATE" changeReason="header : name : updated&#10;" timestamp="2022-10-14T06:50:35.040Z" user="adm-srivastn"/></ConfigurationChanges></DataShape></DataShapes></Entities>