<?xml version="1.0" encoding="UTF-8"?>
<Entities
 majorVersion="9"
 minorVersion="3"
 universal="password">
    <DataShapes>
        <DataShape
         baseDataShape=""
         description=""
         documentationContent=""
         homeMashup=""
         name="KBSAPPMMasterDataDatashape"
         projectName="KBSAPPM"
         tags="">
            <avatar></avatar>
            <DesignTimePermissions>
                <Create></Create>
                <Read></Read>
                <Update></Update>
                <Delete></Delete>
                <Metadata></Metadata>
            </DesignTimePermissions>
            <RunTimePermissions></RunTimePermissions>
            <VisibilityPermissions>
                <Visibility></Visibility>
            </VisibilityPermissions>
            <ConfigurationTableDefinitions></ConfigurationTableDefinitions>
            <ConfigurationTables></ConfigurationTables>
            <FieldDefinitions>
                <FieldDefinition
                 baseType="STRING"
                 description="Description"
                 name="Description"
                 ordinal="3"></FieldDefinition>
                <FieldDefinition
                 baseType="NUMBER"
                 description="FloatValue"
                 name="FloatValue"
                 ordinal="1"></FieldDefinition>
                <FieldDefinition
                 baseType="BOOLEAN"
                 description="isFloatValue"
                 name="isFloatValue"
                 ordinal="4"></FieldDefinition>
                <FieldDefinition
                 baseType="BOOLEAN"
                 description="isTextValue"
                 name="isTextValue"
                 ordinal="5"></FieldDefinition>
                <FieldDefinition
                 baseType="STRING"
                 description="Machine"
                 name="Machine"
                 ordinal="6"></FieldDefinition>
                <FieldDefinition
                 baseType="STRING"
                 description="PlantId"
                 name="PlantId"
                 ordinal="9"></FieldDefinition>
                <FieldDefinition
                 baseType="STRING"
                 description="PropertyKey"
                 name="PropertyKey"
                 ordinal="0"></FieldDefinition>
                <FieldDefinition
                 baseType="STRING"
                 description="PropertyKey1"
                 name="PropertyKey1"
                 ordinal="7"></FieldDefinition>
                <FieldDefinition
                 baseType="STRING"
                 description="PropertyKey2"
                 name="PropertyKey2"
                 ordinal="8"></FieldDefinition>
                <FieldDefinition
                 baseType="STRING"
                 description="TextValue"
                 name="TextValue"
                 ordinal="2"></FieldDefinition>
            </FieldDefinitions>
        </DataShape>
    </DataShapes>
</Entities>
