<?xml version="1.0" encoding="UTF-8"?>
<Entities
 majorVersion="9"
 minorVersion="3"
 universal="password">
    <DataShapes>
        <DataShape
         baseDataShape=""
         description=""
         documentationContent=""
         homeMashup=""
         name="KBAndonDashboardDataShape"
         projectName="PTCDefaultProject"
         tags="">
            <avatar></avatar>
            <DesignTimePermissions>
                <Create></Create>
                <Read></Read>
                <Update></Update>
                <Delete></Delete>
                <Metadata></Metadata>
            </DesignTimePermissions>
            <RunTimePermissions></RunTimePermissions>
            <VisibilityPermissions>
                <Visibility></Visibility>
            </VisibilityPermissions>
            <ConfigurationTableDefinitions></ConfigurationTableDefinitions>
            <ConfigurationTables></ConfigurationTables>
            <FieldDefinitions>
                <FieldDefinition
                 baseType="NUMBER"
                 description="ActualDelta"
                 name="ActualDelta"
                 ordinal="8"></FieldDefinition>
                <FieldDefinition
                 baseType="NUMBER"
                 description="ActualOEE"
                 name="ActualOEE"
                 ordinal="11"></FieldDefinition>
                <FieldDefinition
                 aspect.isPrimaryKey="false"
                 baseType="STRING"
                 description=""
                 name="ActualOutputColor"
                 ordinal="9"></FieldDefinition>
                <FieldDefinition
                 baseType="NUMBER"
                 description="ActualRQ"
                 name="ActualRQ"
                 ordinal="15"></FieldDefinition>
                <FieldDefinition
                 baseType="NUMBER"
                 description="ActualTarget"
                 name="ActualTarget"
                 ordinal="6"></FieldDefinition>
                <FieldDefinition
                 baseType="NUMBER"
                 description="DowntimeMin"
                 name="DowntimeMin"
                 ordinal="4"></FieldDefinition>
                <FieldDefinition
                 baseType="STRING"
                 description="Machine"
                 name="Machine"
                 ordinal="1"></FieldDefinition>
                <FieldDefinition
                 baseType="NUMBER"
                 description="NOKParts"
                 name="NOKParts"
                 ordinal="16"></FieldDefinition>
                <FieldDefinition
                 aspect.isPrimaryKey="false"
                 baseType="STRING"
                 description=""
                 name="OEEColor"
                 ordinal="13"></FieldDefinition>
                <FieldDefinition
                 aspect.isPrimaryKey="false"
                 baseType="NUMBER"
                 description=""
                 name="OEEDelta"
                 ordinal="12"></FieldDefinition>
                <FieldDefinition
                 baseType="NUMBER"
                 description="OKParts"
                 name="OKParts"
                 ordinal="7"></FieldDefinition>
                <FieldDefinition
                 baseType="NUMBER"
                 description="Remain"
                 name="Remain"
                 ordinal="3"></FieldDefinition>
                <FieldDefinition
                 aspect.isPrimaryKey="false"
                 baseType="STRING"
                 description=""
                 name="RQColor"
                 ordinal="17"></FieldDefinition>
                <FieldDefinition
                 aspect.isPrimaryKey="false"
                 baseType="STRING"
                 description=""
                 name="ShiftOutputColor"
                 ordinal="5"></FieldDefinition>
                <FieldDefinition
                 baseType="NUMBER"
                 description="ShiftTarget"
                 name="ShiftTarget"
                 ordinal="2"></FieldDefinition>
                <FieldDefinition
                 aspect.isPrimaryKey="false"
                 baseType="NUMBER"
                 description=""
                 name="TargetOEE"
                 ordinal="10"></FieldDefinition>
                <FieldDefinition
                 aspect.isPrimaryKey="false"
                 baseType="NUMBER"
                 description=""
                 name="TargetRQ"
                 ordinal="14"></FieldDefinition>
            </FieldDefinitions>
        </DataShape>
    </DataShapes>
</Entities>
