<?xml version="1.0" encoding="UTF-8"?>
<Entities
 majorVersion="9"
 minorVersion="3"
 universal="password">
    <DataShapes>
        <DataShape
         baseDataShape=""
         description=""
         documentationContent=""
         homeMashup=""
         name="KBMachineStatusForCVSOIDataShape2"
         projectName=""
         tags="">
            <avatar></avatar>
            <DesignTimePermissions>
                <Create></Create>
                <Read></Read>
                <Update></Update>
                <Delete></Delete>
                <Metadata></Metadata>
            </DesignTimePermissions>
            <RunTimePermissions></RunTimePermissions>
            <VisibilityPermissions>
                <Visibility></Visibility>
            </VisibilityPermissions>
            <ConfigurationTableDefinitions></ConfigurationTableDefinitions>
            <ConfigurationTables></ConfigurationTables>
            <FieldDefinitions>
                <FieldDefinition
                 baseType="DATETIME"
                 description="CreationTime"
                 name="CreationTime"
                 ordinal="2"></FieldDefinition>
                <FieldDefinition
                 baseType="STRING"
                 description="description"
                 name="description"
                 ordinal="10"></FieldDefinition>
                <FieldDefinition
                 aspect.isPrimaryKey="false"
                 baseType="STRING"
                 description=""
                 name="Duration"
                 ordinal="12"></FieldDefinition>
                <FieldDefinition
                 baseType="LONG"
                 description="Id"
                 name="Id"
                 ordinal="1"></FieldDefinition>
                <FieldDefinition
                 baseType="STRING"
                 description="LocalizedStatus"
                 name="LocalizedStatus"
                 ordinal="8"></FieldDefinition>
                <FieldDefinition
                 baseType="STRING"
                 description="LocalizedSubStatus"
                 name="LocalizedSubStatus"
                 ordinal="9"></FieldDefinition>
                <FieldDefinition
                 baseType="STRING"
                 description="Machine"
                 name="Machine"
                 ordinal="5"></FieldDefinition>
                <FieldDefinition
                 baseType="STRING"
                 description="Status"
                 name="Status"
                 ordinal="6"></FieldDefinition>
                <FieldDefinition
                 baseType="DATETIME"
                 description="StatusTime"
                 name="StatusTime"
                 ordinal="3"></FieldDefinition>
                <FieldDefinition
                 baseType="STRING"
                 description="StatusType"
                 name="StatusType"
                 ordinal="11"></FieldDefinition>
                <FieldDefinition
                 baseType="STRING"
                 description="SubStatus"
                 name="SubStatus"
                 ordinal="7"></FieldDefinition>
            </FieldDefinitions>
        </DataShape>
    </DataShapes>
</Entities>
