<?xml version="1.0" encoding="UTF-8" standalone="no"?>
<Entities build="b52" majorVersion="8" minorVersion="0"
	modelPersistenceProviderPackage="MssqlPersistenceProviderPackage"
	revision="3" schemaVersion="1000">
	<DataShapes>
		<DataShape baseDataShape="" description=""
			documentationContent="" homeMashup=""
			lastModifiedDate="2018-02-13T13:30:26.028+01:00"
			name="KBStatusParetoDataShape" projectName="KBsmartKPI"
			tags="KBThingWorxInstallationVocabulary:ExtensionSmartKPI">
			<Owner name="adm-flassakm" type="User" />
			<avatar />
			<DesignTimePermissions>
				<Create />
				<Read />
				<Update />
				<Delete />
				<Metadata />
			</DesignTimePermissions>
			<RunTimePermissions />
			<VisibilityPermissions>
				<Visibility />
			</VisibilityPermissions>
			<ConfigurationTables />
			<FieldDefinitions>
				<FieldDefinition baseType="NUMBER" description=""
					name="Percent" ordinal="3" />
				<FieldDefinition baseType="NUMBER" description=""
					name="PercentCulminated" ordinal="4" />
				<FieldDefinition baseType="STRING" description=""
					name="ScrapReason" ordinal="2" />
				<FieldDefinition baseType="NUMBER" description=""
					name="time" ordinal="6" />
				<FieldDefinition baseType="NUMBER" description=""
					name="timeCuminated" ordinal="7" />
			</FieldDefinitions>
			<ConfigurationChanges>
				<ConfigurationChange changeAction="CREATE"
					changeReason="header : name : updated&#10;"
					timestamp="2018-02-13T13:29:27.623+01:00" user="adm-flassakm" />
				<ConfigurationChange changeAction="MODIFY"
					changeReason="fields : time : Added, timeCuminated : Added, numberOfParts : removed, numberOfPartsCulminated : removed&#10;"
					timestamp="2018-02-13T13:30:26.028+01:00" user="adm-flassakm" />
			</ConfigurationChanges>
		</DataShape>
	</DataShapes>
</Entities>