<?xml version="1.0" encoding="UTF-8" standalone="no"?>
<Entities build="b52" majorVersion="8" minorVersion="0"
	modelPersistenceProviderPackage="MssqlPersistenceProviderPackage"
	revision="3" schemaVersion="1000">
	<DataShapes>
		<DataShape aspect.isExtension="true" baseDataShape=""
			description="" documentationContent="" homeMashup=""
			lastModifiedDate="2018-01-30T13:12:23.557+01:00"
			name="KBMachineStatusDefinition1DataShape" projectName="KBsmartKPI"
			tags="KBThingWorxInstallationVocabulary:ExtensionSmartKPIOperatorScreen">
			<Owner name="SuperUser" type="User" />
			<avatar />
			<DesignTimePermissions>
				<Create />
				<Read />
				<Update />
				<Delete />
				<Metadata />
			</DesignTimePermissions>
			<RunTimePermissions />
			<VisibilityPermissions>
				<Visibility />
			</VisibilityPermissions>
			<ConfigurationTables />
			<FieldDefinitions>
				<FieldDefinition aspect.isPrimaryKey="true"
					baseType="STRING" description="" name="Machine" ordinal="1" />
				<FieldDefinition baseType="NUMBER" description=""
					name="SortingIndex" ordinal="4" />
				<FieldDefinition aspect.isPrimaryKey="true"
					baseType="STRING" description="" name="Status" ordinal="3" />
				<FieldDefinition baseType="STRING" description=""
					name="StatusType" ordinal="5" />
				<FieldDefinition aspect.isPrimaryKey="true"
					baseType="STRING" description="" name="SubStatus" ordinal="2" />
				<FieldDefinition aspect.isPrimaryKey="true"
					baseType="STRING" description="" name="Division" ordinal="2" />
			</FieldDefinitions>
			<ConfigurationChanges>
				<ConfigurationChange changeAction="CREATE"
					changeReason="header : name : updated, projectName : updated&#10;fields : Machine : Added, SubStatus : Added, Status : Added&#10;"
					timestamp="2018-01-22T15:20:28.643+01:00" user="adm-flassakm" />
			</ConfigurationChanges>
		</DataShape>
	</DataShapes>
</Entities>