<?xml version="1.0" encoding="UTF-8" standalone="no"?>
<Entities build="b52" majorVersion="8" minorVersion="0"
	modelPersistenceProviderPackage="MssqlPersistenceProviderPackage"
	revision="3" schemaVersion="1000">
	<DataShapes>
		<DataShape baseDataShape="" description=""
			documentationContent="" homeMashup=""
			lastModifiedDate="2018-03-27T08:13:43.701+02:00"
			name="KBThingCreatorResponseDataShape" projectName="KBMesKit"
			tags="KBThingWorxInstallationVocabulary:00_Basics">
			<Owner name="adm-flassakm" type="User" />
			<avatar />
			<DesignTimePermissions>
				<Create />
				<Read />
				<Update />
				<Delete />
				<Metadata />
			</DesignTimePermissions>
			<RunTimePermissions>
                <Permissions
                 resourceName="*">
                    <PropertyRead>
                        <Principal
                         isPermitted="true"
                         name="KBLocalAdministrators"
                         type="Group"></Principal>
                        <Principal
                         isPermitted="true"
                         name="KBUserGroup"
                         type="Group"></Principal>
                    </PropertyRead>
                    <PropertyWrite>
                        <Principal
                         isPermitted="true"
                         name="KBLocalAdministrators"
                         type="Group"></Principal>
                        <Principal
                         isPermitted="true"
                         name="KBUserGroup"
                         type="Group"></Principal>
                    </PropertyWrite>
                    <ServiceInvoke>
                        <Principal
                         isPermitted="true"
                         name="KBLocalAdministrators"
                         type="Group"></Principal>
                        <Principal
                         isPermitted="true"
                         name="KBUserGroup"
                         type="Group"></Principal>
                    </ServiceInvoke>
                    <EventInvoke></EventInvoke>
                    <EventSubscribe></EventSubscribe>
                </Permissions>
            </RunTimePermissions>
			<VisibilityPermissions>
				<Visibility>
					<Principal isPermitted="true" name="KBBackGroundWorker"
						type="Organization" />
				</Visibility>
				<Visibility>
					<Principal isPermitted="true" name="KBOrganization"
						type="Organization" />
				</Visibility>
			</VisibilityPermissions>
			<ConfigurationTables />
			<FieldDefinitions>
				<FieldDefinition baseType="INTEGER" description=""
					name="Id" ordinal="1" />
				<FieldDefinition baseType="STRING" description=""
					name="Text" ordinal="2" />
				<FieldDefinition baseType="STRING" description=""
					name="Name" ordinal="3" />
			</FieldDefinitions>
		</DataShape>
	</DataShapes>
</Entities>