<?xml version="1.0" encoding="UTF-8" standalone="no"?>
<Entities build="b52" majorVersion="8" minorVersion="0"
	modelPersistenceProviderPackage="MssqlPersistenceProviderPackage"
	revision="3" schemaVersion="1000">
	<DataShapes>
		<DataShape baseDataShape="" description=""
			documentationContent="" homeMashup=""
			lastModifiedDate="2017-12-11T15:25:51.517+01:00"
			name="KBProcesDatafromDBDataShape" projectName="KBsmartKPI"
			tags="KBThingWorxInstallationVocabulary:ExtensionSmartKPI">
			<Owner name="adm-flassakm" type="User" />
			<avatar />
			<DesignTimePermissions>
				<Create />
				<Read />
				<Update />
				<Delete />
				<Metadata />
			</DesignTimePermissions>
			<RunTimePermissions>
				<Permissions resourceName="*">
					<PropertyRead>
						<Principal isPermitted="true" name="KBUserGroup"
							type="Group" />
					</PropertyRead>
					<PropertyWrite />
					<ServiceInvoke>
						<Principal isPermitted="true" name="KBUserGroup"
							type="Group" />
					</ServiceInvoke>
					<EventInvoke />
					<EventSubscribe />
				</Permissions>
			</RunTimePermissions>
			<VisibilityPermissions>
				<Visibility>
					<Principal isPermitted="true" name="KBOrganization"
						type="Organization" />
				</Visibility>
			</VisibilityPermissions>
			<FieldDefinitions>
				<FieldDefinition baseType="LONG" description="Id"
					name="Id" ordinal="0" />
				<FieldDefinition baseType="DATETIME"
					description="CreationTime" name="CreationTime" ordinal="1" />
				<FieldDefinition baseType="DATETIME"
					description="ProductionTime" name="ProductionTime" ordinal="2" />
				<FieldDefinition baseType="NUMBER"
					description="ProcesData" name="ProcesData" ordinal="3" />
				<FieldDefinition baseType="STRING"
					description="SerialNumber" name="SerialNumber" ordinal="4" />
				<FieldDefinition baseType="STRING"
					description="PartNumber" name="PartNumber" ordinal="5" />
				<FieldDefinition baseType="STRING"
					description="OrderNumber" name="OrderNumber" ordinal="6" />
				<FieldDefinition baseType="NUMBER"
					description="ProcesDataLSL" name="ProcesDataLSL" ordinal="7" />
				<FieldDefinition baseType="NUMBER"
					description="ProcesDataUSL" name="ProcesDataUSL" ordinal="8" />
				<FieldDefinition baseType="STRING"
					description="Machine" name="Machine" ordinal="9" />
				<FieldDefinition baseType="STRING"
					description="ProcesDataType" name="ProcesDataType" ordinal="10" />
				<FieldDefinition baseType="STRING"
					description="Unit" name="Unit" ordinal="11" />
				<FieldDefinition baseType="STRING"
					description="description" name="description" ordinal="12" />
				<FieldDefinition baseType="STRING"
					description="comment" name="comment" ordinal="13" />
				<FieldDefinition baseType="STRING"
					description="TrackingNumber" name="TrackingNumber" ordinal="14" />
				<FieldDefinition baseType="STRING"
					description="ProcesDataType2" name="ProcesDataType2" ordinal="15" />
				<FieldDefinition baseType="NUMBER"
					description="ProcessDataFloat" name="ProcessDataFloat" ordinal="16" />
				<FieldDefinition baseType="STRING"
					description="ProcessDataString" name="ProcessDataString"
					ordinal="17" />
				<FieldDefinition baseType="DATETIME"
					description="ProcessDataDateTime" name="ProcessDataDateTime"
					ordinal="18" />
				<FieldDefinition baseType="BOOLEAN"
					description="isProcessDataFloat" name="isProcessDataFloat"
					ordinal="19" />
				<FieldDefinition baseType="BOOLEAN"
					description="isProcessDataString" name="isProcessDataString"
					ordinal="20" />
				<FieldDefinition baseType="BOOLEAN"
					description="isProcessDataDateTime" name="isProcessDataDateTime"
					ordinal="21" />
				<FieldDefinition baseType="STRING"
					description="PartNumberRevision" name="PartNumberRevision"
					ordinal="22" />
				<FieldDefinition baseType="STRING"
					description="Identifier" name="Identifier" ordinal="23" />
				<FieldDefinition baseType="NUMBER"
					description="ProcessDataFloatTargetValue"
					name="ProcessDataFloatTargetValue" ordinal="24" />
				<FieldDefinition baseType="STRING"
					description="ProcessDataStringTargetValue"
					name="ProcessDataStringTargetValue" ordinal="25" />
				<FieldDefinition baseType="DATETIME"
					description="ProcessDataDateTimeTargetValue"
					name="ProcessDataDateTimeTargetValue" ordinal="26" />
			</FieldDefinitions>
			<ConfigurationChanges>
				<ConfigurationChange changeAction="CREATE"
					changeReason="header : name : updated, projectName : updated, tags : updated&#10;"
					timestamp="2017-12-11T15:25:51.517+01:00" user="adm-flassakm" />
			</ConfigurationChanges>
		</DataShape>
	</DataShapes>
</Entities>