<?xml version="1.0" encoding="UTF-8"?>
<Entities
 majorVersion="9"
 minorVersion="7"
 universal="password">
    <Mashups>
        <Mashup
         aspect.isFlex="true"
         aspect.isResponsive="true"
         aspect.mashupType="mashup"
         columns="0.0"
         description=""
         documentationContent=""
         homeMashup=""
         name="KBProductionAdvisorCvsDowntimeMashup"
         projectName="KBsmartKPI"
         rows="0.0"
         tags="">
            <avatar></avatar>
            <DesignTimePermissions>
                <Create></Create>
                <Read></Read>
                <Update></Update>
                <Delete></Delete>
                <Metadata></Metadata>
            </DesignTimePermissions>
            <RunTimePermissions>
                <Permissions
                 resourceName="*">
                    <PropertyRead>
                        <Principal
                         isPermitted="true"
                         name="KBUserGroup"
                         type="Group"></Principal>
                    </PropertyRead>
                    <PropertyWrite></PropertyWrite>
                    <ServiceInvoke>
                        <Principal
                         isPermitted="true"
                         name="KBUserGroup"
                         type="Group"></Principal>
                    </ServiceInvoke>
                    <EventInvoke></EventInvoke>
                    <EventSubscribe></EventSubscribe>
                </Permissions>
            </RunTimePermissions>
            <VisibilityPermissions>
                <Visibility>
                    <Principal
                     isPermitted="true"
                     name="KBOrganization"
                     type="Organization"></Principal>
                </Visibility>
            </VisibilityPermissions>
            <ConfigurationTableDefinitions></ConfigurationTableDefinitions>
            <ConfigurationTables>
                <ConfigurationTable
                 dataShapeName=""
                 description="Mashup Mobile Settings"
                 isHidden="true"
                 isMultiRow="false"
                 name="MobileSettings"
                 ordinal="0">
                    <DataShape>
                        <FieldDefinitions>
                            <FieldDefinition
                             aspect.defaultValue="false"
                             aspect.friendlyName="Disable Zoom"
                             baseType="BOOLEAN"
                             description="Disables zooming in and out within the mashup"
                             name="disableZoom"
                             ordinal="0"></FieldDefinition>
                            <FieldDefinition
                             aspect.defaultValue="true"
                             aspect.friendlyName="Full Screen Mode"
                             baseType="BOOLEAN"
                             description="Open the mashup in full screen mode"
                             name="fullScreenMode"
                             ordinal="0"></FieldDefinition>
                            <FieldDefinition
                             aspect.friendlyName="Height"
                             baseType="STRING"
                             description="The height of the mashup page"
                             name="height"
                             ordinal="0"></FieldDefinition>
                            <FieldDefinition
                             aspect.defaultValue="device-height"
                             aspect.friendlyName="Height Type"
                             baseType="STRING"
                             description="Use the height of the device display, or a custom height (in px)"
                             name="heightType"
                             ordinal="0"></FieldDefinition>
                            <FieldDefinition
                             aspect.defaultValue="1.0"
                             aspect.friendlyName="Initial Scale"
                             baseType="NUMBER"
                             description="The initial zoom scale when the mashup is loaded for the first time"
                             name="initialScale"
                             ordinal="0"></FieldDefinition>
                            <FieldDefinition
                             aspect.friendlyName="Shortcut Icon Title"
                             baseType="STRING"
                             description="A title for the mashup shortcut on the iOS home screen"
                             name="iosShortcutIconTitle"
                             ordinal="0"></FieldDefinition>
                            <FieldDefinition
                             aspect.defaultValue="black-translucent"
                             aspect.friendlyName="Status Bar Appearance"
                             baseType="STRING"
                             description="The style of the iOS status bar"
                             name="iosStatusBarAppearance"
                             ordinal="0"></FieldDefinition>
                            <FieldDefinition
                             aspect.defaultValue="10.0"
                             aspect.friendlyName="Maximum Scale"
                             baseType="NUMBER"
                             description="The maximum scale that users can zoom out to"
                             name="maximumScale"
                             ordinal="0"></FieldDefinition>
                            <FieldDefinition
                             aspect.defaultValue="0.1"
                             aspect.friendlyName="Minimum Scale"
                             baseType="NUMBER"
                             description="The minimum scale that users can zoom out to"
                             name="minimumScale"
                             ordinal="0"></FieldDefinition>
                            <FieldDefinition
                             aspect.friendlyName="Width"
                             baseType="STRING"
                             description="The width of the mashup page"
                             name="width"
                             ordinal="0"></FieldDefinition>
                            <FieldDefinition
                             aspect.defaultValue="device-width"
                             aspect.friendlyName="Width Type"
                             baseType="STRING"
                             description="Use the width of the device display, or a custom width (in px)"
                             name="widthType"
                             ordinal="0"></FieldDefinition>
                        </FieldDefinitions>
                    </DataShape>
                    <Rows>
                        <Row>
                            <disableZoom>false</disableZoom>
                            <fullScreenMode>true</fullScreenMode>
                            <height></height>
                            <heightType>
                            <![CDATA[
                            device-height
                            ]]>
                            </heightType>
                            <initialScale>1.0</initialScale>
                            <iosShortcutIconTitle></iosShortcutIconTitle>
                            <iosStatusBarAppearance>
                            <![CDATA[
                            black-translucent
                            ]]>
                            </iosStatusBarAppearance>
                            <maximumScale>10.0</maximumScale>
                            <minimumScale>0.1</minimumScale>
                            <width></width>
                            <widthType>
                            <![CDATA[
                            device-width
                            ]]>
                            </widthType>
                        </Row>
                    </Rows>
                </ConfigurationTable>
            </ConfigurationTables>
            <ParameterDefinitions>
                <FieldDefinition
                 baseType="STRING"
                 description=""
                 name="MachineName"
                 ordinal="0"></FieldDefinition>
                <FieldDefinition
                 baseType="STRING"
                 description=""
                 name="MachineThing"
                 ordinal="0"></FieldDefinition>
                <FieldDefinition
                 baseType="STRING"
                 description=""
                 name="StationThing"
                 ordinal="0"></FieldDefinition>
            </ParameterDefinitions>
            <Things></Things>
            <ThingShapes></ThingShapes>
            <ThingTemplates></ThingTemplates>
            <mashupContent>
            <![CDATA[
            {
              "CustomMashupCss" : "",
              "Data" : {
                "Session" : {
                  "DataName" : "Session",
                  "EntityName" : "",
                  "EntityType" : "Session",
                  "Id" : "session",
                  "Services" : [ {
                    "APIMethod" : "post",
                    "Characteristic" : "Services",
                    "Id" : "SessionInterface",
                    "Name" : "GetGlobalSessionValues",
                    "Parameters" : { },
                    "RefreshInterval" : 0,
                    "Target" : "GetGlobalSessionValues"
                  } ]
                },
                "Things_KBKPILocalThingWorxDatabaseThing" : {
                  "DataName" : "Things_KBKPILocalThingWorxDatabaseThing",
                  "EntityName" : "KBKPILocalThingWorxDatabaseThing",
                  "EntityType" : "Things",
                  "Id" : "4eef2476-47e3-436f-a170-0315babba777",
                  "Services" : [ {
                    "APIMethod" : "post",
                    "Caching" : {
                      "cache" : false,
                      "cacheKeyParams" : [ ],
                      "cacheStrategy" : "INSTANCE",
                      "maxResultSets" : "10"
                    },
                    "Characteristic" : "Services",
                    "Id" : "e011198c-97f3-4088-8ceb-854106eadedc",
                    "Name" : "GetWeeklyDowntimeStatisic",
                    "Parameters" : { },
                    "RefreshInterval" : 0,
                    "Target" : "GetWeeklyDowntimeStatisic"
                  } ]
                },
                "Things_KBTimeHelperThing" : {
                  "DataName" : "Things_KBTimeHelperThing",
                  "EntityName" : "KBTimeHelperThing",
                  "EntityType" : "Things",
                  "Id" : "35dd9684-f6ba-47c0-9fc6-4251ae006df4",
                  "Services" : [ {
                    "APIMethod" : "post",
                    "Characteristic" : "Services",
                    "Id" : "5b0ceaff-2551-4eaa-ac46-e30f4e805a61",
                    "Name" : "GetCurrentWeekStart",
                    "Parameters" : { },
                    "RefreshInterval" : 0,
                    "Target" : "GetCurrentWeekStart"
                  }, {
                    "APIMethod" : "post",
                    "Characteristic" : "Services",
                    "Id" : "f77d002d-6ceb-4ad9-b139-953c1ff5a8b9",
                    "Name" : "GetCurrentWeekEnd",
                    "Parameters" : { },
                    "RefreshInterval" : 0,
                    "Target" : "GetCurrentWeekEnd"
                  } ]
                },
                "UserExtensions" : {
                  "DataName" : "UserExtensions",
                  "EntityName" : "",
                  "EntityType" : "UserExtensions",
                  "Id" : "UserExtensions",
                  "Services" : [ {
                    "APIMethod" : "post",
                    "Characteristic" : "Services",
                    "Id" : "UserExtensionInterface",
                    "Name" : "GetCurrentUserExtensionProperties",
                    "Parameters" : { },
                    "RefreshInterval" : 0,
                    "Target" : "GetCurrentUserExtensionProperties"
                  } ]
                }
              },
              "DataBindings" : [ {
                "Id" : "95a96f17-87f8-4296-9065-8557b303ca9e",
                "PropertyMaps" : [ {
                  "SourceProperty" : "MachineName",
                  "SourcePropertyBaseType" : "STRING",
                  "SourcePropertyType" : "Property",
                  "TargetProperty" : "LabelText",
                  "TargetPropertyBaseType" : "STRING",
                  "TargetPropertyType" : "property"
                } ],
                "SourceArea" : "Mashup",
                "SourceId" : "mashup-root",
                "SourceSection" : "",
                "TargetArea" : "UI",
                "TargetId" : "ptcslabel-6",
                "TargetSection" : ""
              }, {
                "Id" : "e00e75db-5bdd-4307-aa25-9100ea369d09",
                "PropertyMaps" : [ {
                  "SourceProperty" : "MachineThing",
                  "SourcePropertyBaseType" : "STRING",
                  "TargetProperty" : "MachineThing",
                  "TargetPropertyBaseType" : "STRING",
                  "TargetPropertyType" : "Parameter"
                } ],
                "SourceArea" : "Mashup",
                "SourceId" : "mashup-root",
                "SourceSection" : "",
                "TargetArea" : "Data",
                "TargetId" : "GetWeeklyDowntimeStatisic",
                "TargetSection" : "Things_KBKPILocalThingWorxDatabaseThing"
              }, {
                "Id" : "b58ed9eb-f86e-4533-8d9a-458ceb8cf0dc",
                "PropertyMaps" : [ {
                  "SourceProperty" : "StationThing",
                  "SourcePropertyBaseType" : "STRING",
                  "TargetProperty" : "StationThing",
                  "TargetPropertyBaseType" : "STRING",
                  "TargetPropertyType" : "Parameter"
                } ],
                "SourceArea" : "Mashup",
                "SourceId" : "mashup-root",
                "SourceSection" : "",
                "TargetArea" : "Data",
                "TargetId" : "GetWeeklyDowntimeStatisic",
                "TargetSection" : "Things_KBKPILocalThingWorxDatabaseThing"
              }, {
                "Id" : "41dbeb0f-0e36-4f34-9595-04ae8fce5baa",
                "PropertyMaps" : [ {
                  "SourceProperty" : "result",
                  "SourcePropertyBaseType" : "DATETIME",
                  "SourcePropertyType" : "Field",
                  "TargetProperty" : "LabelText",
                  "TargetPropertyBaseType" : "STRING",
                  "TargetPropertyType" : "property"
                } ],
                "SourceArea" : "Data",
                "SourceDetails" : "AllData",
                "SourceId" : "GetCurrentWeekStart",
                "SourceSection" : "Things_KBTimeHelperThing",
                "TargetArea" : "UI",
                "TargetId" : "ptcslabel-13",
                "TargetSection" : ""
              }, {
                "Id" : "0741613c-e666-4bd6-8626-052c29953850",
                "PropertyMaps" : [ {
                  "SourceProperty" : "result",
                  "SourcePropertyBaseType" : "DATETIME",
                  "SourcePropertyType" : "Field",
                  "TargetProperty" : "LabelText",
                  "TargetPropertyBaseType" : "STRING",
                  "TargetPropertyType" : "property"
                } ],
                "SourceArea" : "Data",
                "SourceDetails" : "AllData",
                "SourceId" : "GetCurrentWeekEnd",
                "SourceSection" : "Things_KBTimeHelperThing",
                "TargetArea" : "UI",
                "TargetId" : "ptcslabel-14",
                "TargetSection" : ""
              }, {
                "Id" : "6b09d652-0991-463d-bfd6-c99b2569b93a",
                "PropertyMaps" : [ {
                  "SourceProperty" : "",
                  "SourcePropertyBaseType" : "INFOTABLE",
                  "SourcePropertyType" : "InfoTable",
                  "TargetProperty" : "Data",
                  "TargetPropertyBaseType" : "INFOTABLE",
                  "TargetPropertyType" : "property"
                } ],
                "SourceArea" : "Data",
                "SourceDetails" : "AllData",
                "SourceId" : "GetWeeklyDowntimeStatisic",
                "SourceSection" : "Things_KBKPILocalThingWorxDatabaseThing",
                "TargetArea" : "UI",
                "TargetId" : "labelchart-16",
                "TargetSection" : ""
              }, {
                "Id" : "11285fff-faa7-4b56-8cfa-fb10ccfd0b30",
                "PropertyMaps" : [ {
                  "SourceProperty" : "",
                  "SourcePropertyBaseType" : "INFOTABLE",
                  "SourcePropertyType" : "InfoTable",
                  "TargetProperty" : "Data",
                  "TargetPropertyBaseType" : "INFOTABLE",
                  "TargetPropertyType" : "property"
                } ],
                "SourceArea" : "Data",
                "SourceDetails" : "AllData",
                "SourceId" : "GetWeeklyDowntimeStatisic",
                "SourceSection" : "Things_KBKPILocalThingWorxDatabaseThing",
                "TargetArea" : "UI",
                "TargetId" : "labelchart-17",
                "TargetSection" : ""
              } ],
              "DesignTimePermissions" : { },
              "Events" : [ {
                "EventHandlerArea" : "Data",
                "EventHandlerId" : "Things_KBKPILocalThingWorxDatabaseThing",
                "EventHandlerService" : "GetWeeklyDowntimeStatisic",
                "EventTriggerArea" : "Mashup",
                "EventTriggerEvent" : "Loaded",
                "EventTriggerId" : "mashup-root",
                "EventTriggerSection" : "",
                "Id" : "962832fb-2c32-4bd7-ae0c-f492ecbae3ce"
              }, {
                "EventHandlerArea" : "Data",
                "EventHandlerId" : "Things_KBTimeHelperThing",
                "EventHandlerService" : "GetCurrentWeekStart",
                "EventTriggerArea" : "Mashup",
                "EventTriggerEvent" : "Loaded",
                "EventTriggerId" : "mashup-root",
                "EventTriggerSection" : "",
                "Id" : "19079d63-f60d-41a2-8edb-6dfc05b8048f"
              }, {
                "EventHandlerArea" : "Data",
                "EventHandlerId" : "Things_KBTimeHelperThing",
                "EventHandlerService" : "GetCurrentWeekEnd",
                "EventTriggerArea" : "Mashup",
                "EventTriggerEvent" : "Loaded",
                "EventTriggerId" : "mashup-root",
                "EventTriggerSection" : "",
                "Id" : "c7979629-8d0b-4157-9a5c-a1b6c200f57f"
              }, {
                "EventHandlerArea" : "UI",
                "EventHandlerId" : "ptcstimer-18",
                "EventHandlerService" : "Reset",
                "EventTriggerArea" : "Data",
                "EventTriggerEvent" : "ServiceInvokeCompleted",
                "EventTriggerId" : "GetWeeklyDowntimeStatisic",
                "EventTriggerSection" : "Things_KBKPILocalThingWorxDatabaseThing",
                "Id" : "001f0a07-f8b5-4c00-a898-2db04aceb1de"
              }, {
                "EventHandlerArea" : "Data",
                "EventHandlerId" : "Things_KBKPILocalThingWorxDatabaseThing",
                "EventHandlerService" : "GetWeeklyDowntimeStatisic",
                "EventTriggerArea" : "UI",
                "EventTriggerEvent" : "CountdownCompleted",
                "EventTriggerId" : "ptcstimer-18",
                "EventTriggerSection" : "",
                "Id" : "61d0bb19-9f5b-44e2-b295-161e258169ed"
              }, {
                "EventHandlerArea" : "Data",
                "EventHandlerId" : "Things_KBTimeHelperThing",
                "EventHandlerService" : "GetCurrentWeekEnd",
                "EventTriggerArea" : "UI",
                "EventTriggerEvent" : "CountdownCompleted",
                "EventTriggerId" : "ptcstimer-18",
                "EventTriggerSection" : "",
                "Id" : "3db02450-aa40-4052-8c0a-8ec389001cf3"
              }, {
                "EventHandlerArea" : "Data",
                "EventHandlerId" : "Things_KBTimeHelperThing",
                "EventHandlerService" : "GetCurrentWeekStart",
                "EventTriggerArea" : "UI",
                "EventTriggerEvent" : "CountdownCompleted",
                "EventTriggerId" : "ptcstimer-18",
                "EventTriggerSection" : "",
                "Id" : "c71cb2e2-d33a-47bf-a1ba-46dc308078f7"
              } ],
              "Reminders" : [ ],
              "RunTimePermissions" : { },
              "UI" : {
                "Properties" : {
                  "AddToDashboardButton" : "SimplePlus",
                  "AddToDashboardButtonStyle" : "DefaultAddToDashboardButtonStyle",
                  "Area" : "Mashup",
                  "BGImage" : "",
                  "BGImageRepeat" : "no-repeat",
                  "BGImageSize" : "auto",
                  "Columns" : 0,
                  "ConfigureGadgetButton" : "SimpleGear",
                  "ConfigureGadgetButtonStyle" : "DefaultConfigureGadgetButtonStyle",
                  "DisableLegacyCustomClassStyles" : false,
                  "DisplayName" : "Mashup",
                  "EnableParameterEditing" : false,
                  "Height" : 618,
                  "Id" : "mashup-root",
                  "IgnoreWarningsInViewMashup" : false,
                  "IsPrintLayout" : false,
                  "Left" : 0,
                  "LegacyFocus" : true,
                  "MachineName" : "",
                  "MachineThing" : "",
                  "Margin" : "5",
                  "MashupToEditGadget" : "DefaultMashupToEditGadget",
                  "MigratedOn" : "2023-04-10T11:32:07.000Z",
                  "MinHeight" : 0,
                  "MinWidth" : 0,
                  "ResponsiveLayout" : true,
                  "Rows" : 0,
                  "ShowDataLoading" : true,
                  "StationThing" : "",
                  "Style" : "DefaultMashupStyle",
                  "StyleProperties" : {
                    "data" : {
                      "flexcontainer-1" : {
                        "parts" : {
                          "$" : {
                            "$" : {
                              "background" : "transparent"
                            }
                          }
                        },
                        "widget" : "flex-container"
                      },
                      "ptcslabel-6" : {
                        "parts" : {
                          "$" : {
                            "$" : {
                              "font-size" : "20px"
                            }
                          }
                        },
                        "widget" : "ptcs-label"
                      }
                    },
                    "meta" : {
                      "type" : "WidgetStyler",
                      "version" : "1.0"
                    }
                  },
                  "StyleTheme" : "KBStandardStyleTheme",
                  "Title" : "",
                  "TitleBar" : false,
                  "TitleBarStyle" : "DefaultTitleBarStyle",
                  "TitleBarText" : "Gadget Title Here",
                  "Top" : 0,
                  "Type" : "mashup",
                  "UseMasterTheme" : false,
                  "UseTheme" : false,
                  "Visible" : true,
                  "Width" : 1024,
                  "Z-index" : 10,
                  "__TypeDisplayName" : "Mashup",
                  "_currentParameterDefs" : [ {
                    "BaseType" : "STRING",
                    "Description" : "",
                    "ParameterName" : "MachineName"
                  }, {
                    "BaseType" : "STRING",
                    "Description" : "",
                    "ParameterName" : "MachineThing"
                  }, {
                    "BaseType" : "STRING",
                    "Description" : "",
                    "ParameterName" : "StationThing"
                  } ],
                  "id_index" : 18,
                  "supportsAutoResize" : true
                },
                "Widgets" : [ {
                  "Properties" : {
                    "Area" : "UI",
                    "CollapseTabIcon" : "",
                    "DisableLegacyCustomClassStyles" : false,
                    "DisplayName" : "container-1",
                    "EnableContainerUnload" : false,
                    "EnableExpandCollapse" : false,
                    "ExpandCollapseTabLocation" : "inside",
                    "ExpandTabIcon" : "",
                    "Expanded" : true,
                    "Id" : "flexcontainer-1",
                    "LastContainer" : true,
                    "LazyLoading" : false,
                    "Margin" : "",
                    "Overlay" : false,
                    "OverrideChildrenAbsolute" : false,
                    "ResponsiveLayout" : true,
                    "Scrolling" : "auto-scroll",
                    "ShowDataLoading" : true,
                    "ShowExpandCollapseTab" : false,
                    "ShowVerticalScrollbar" : false,
                    "SourceURL" : "",
                    "Style" : "DefaultContainerStyle",
                    "StyleProperties" : { },
                    "Type" : "flexcontainer",
                    "UseTheme" : true,
                    "Visible" : true,
                    "Z-index" : 10,
                    "__TypeDisplayName" : "Flex Container",
                    "align-content" : "flex-start",
                    "align-items" : "flex-start",
                    "flex-basis" : "auto",
                    "flex-direction" : "column",
                    "flex-grow" : 1,
                    "flex-max-height" : "",
                    "flex-max-width" : "",
                    "flex-min-height" : "",
                    "flex-min-width" : "",
                    "flex-shrink" : 1,
                    "flex-size" : "default",
                    "flex-wrap" : "nowrap",
                    "iconClass" : "widgets-flexcontainer",
                    "justify-content" : "flex-start",
                    "positioning" : "responsive",
                    "userCannotRemove" : true
                  },
                  "Widgets" : [ {
                    "Properties" : {
                      "Area" : "UI",
                      "CollapseTabIcon" : "",
                      "DisableLegacyCustomClassStyles" : false,
                      "DisplayName" : "container-2",
                      "EnableContainerUnload" : false,
                      "EnableExpandCollapse" : true,
                      "ExpandCollapseTabLocation" : "outside",
                      "ExpandTabIcon" : "",
                      "Expanded" : true,
                      "Id" : "flexcontainer-2",
                      "LastContainer" : false,
                      "LazyLoading" : false,
                      "Margin" : "false false 5 false",
                      "Overlay" : false,
                      "OverrideChildrenAbsolute" : false,
                      "ResponsiveLayout" : true,
                      "ShowDataLoading" : true,
                      "ShowExpandCollapseTab" : false,
                      "ShowVerticalScrollbar" : false,
                      "SourceURL" : "",
                      "Style" : "DefaultContainerStyle",
                      "StyleProperties" : { },
                      "Type" : "flexcontainer",
                      "UseTheme" : true,
                      "Visible" : true,
                      "Z-index" : 10,
                      "__TypeDisplayName" : "Flex Container",
                      "align-content" : "flex-start",
                      "align-items" : "flex-start",
                      "flex-basis" : "auto",
                      "flex-direction" : "column",
                      "flex-grow" : 1,
                      "flex-max-height" : "100px",
                      "flex-max-width" : "",
                      "flex-min-height" : "100px",
                      "flex-min-width" : "",
                      "flex-shrink" : "0",
                      "flex-size" : "fixed",
                      "flex-wrap" : "nowrap",
                      "iconClass" : "widgets-flexcontainer-fixed",
                      "isLocked" : false,
                      "justify-content" : "flex-start",
                      "positioning" : "static",
                      "userCannotRemove" : false
                    },
                    "Widgets" : [ {
                      "Properties" : {
                        "Area" : "UI",
                        "DisableLegacyCustomClassStyles" : false,
                        "DisclosureControl" : "show-more",
                        "DisplayName" : "label-5",
                        "HorizontalAlignment" : "left",
                        "Id" : "ptcslabel-5",
                        "LabelText" : "[[KBProductionAdvisorCvsMashup.WeeklyStatisticforMachine]]",
                        "LabelType" : "sub-header",
                        "LastContainer" : false,
                        "Left" : 35,
                        "Margin" : "5",
                        "MultiLine" : true,
                        "PreserveWhiteSpace" : false,
                        "ResponsiveLayout" : false,
                        "ShowDataLoading" : true,
                        "TooltipField" : "",
                        "Top" : 20,
                        "Type" : "ptcslabel",
                        "UseTheme" : true,
                        "VerticalAlignment" : "flex-start",
                        "Visible" : true,
                        "Width" : 600,
                        "Z-index" : 10,
                        "__TypeDisplayName" : "Label",
                        "overflowShowLessTxt" : "[[showLess]]",
                        "overflowShowMoreTxt" : "[[showMore]]"
                      },
                      "Widgets" : [ ]
                    }, {
                      "Properties" : {
                        "Area" : "UI",
                        "DisableLegacyCustomClassStyles" : false,
                        "DisclosureControl" : "show-more",
                        "DisplayName" : "label-6",
                        "Height" : 27,
                        "HorizontalAlignment" : "left",
                        "Id" : "ptcslabel-6",
                        "LabelText" : "",
                        "LabelType" : "label",
                        "LastContainer" : false,
                        "Left" : 35,
                        "Margin" : "5",
                        "MultiLine" : true,
                        "PreserveWhiteSpace" : false,
                        "ResponsiveLayout" : false,
                        "ShowDataLoading" : true,
                        "TooltipField" : "",
                        "Top" : 50,
                        "Type" : "ptcslabel",
                        "UseTheme" : true,
                        "VerticalAlignment" : "flex-start",
                        "Visible" : true,
                        "Width" : 600,
                        "Z-index" : 10,
                        "__TypeDisplayName" : "Label",
                        "overflowShowLessTxt" : "[[showLess]]",
                        "overflowShowMoreTxt" : "[[showMore]]"
                      },
                      "Widgets" : [ ]
                    }, {
                      "Properties" : {
                        "Area" : "UI",
                        "DisableLegacyCustomClassStyles" : false,
                        "DisclosureControl" : "show-more",
                        "DisplayName" : "label-13",
                        "Height" : 22,
                        "HorizontalAlignment" : "left",
                        "Id" : "ptcslabel-13",
                        "LabelText" : "",
                        "LabelType" : "label",
                        "LastContainer" : false,
                        "Left" : 750,
                        "Margin" : "5",
                        "MultiLine" : true,
                        "PreserveWhiteSpace" : false,
                        "ResponsiveLayout" : false,
                        "ShowDataLoading" : true,
                        "TooltipField" : "",
                        "Top" : 25,
                        "Type" : "ptcslabel",
                        "UseTheme" : true,
                        "VerticalAlignment" : "flex-start",
                        "Visible" : true,
                        "Width" : 170,
                        "Z-index" : 10,
                        "__TypeDisplayName" : "Label",
                        "overflowShowLessTxt" : "[[showLess]]",
                        "overflowShowMoreTxt" : "[[showMore]]"
                      },
                      "Widgets" : [ ]
                    }, {
                      "Properties" : {
                        "Area" : "UI",
                        "DisableLegacyCustomClassStyles" : false,
                        "DisclosureControl" : "show-more",
                        "DisplayName" : "label-14",
                        "Height" : 22,
                        "HorizontalAlignment" : "left",
                        "Id" : "ptcslabel-14",
                        "LabelText" : "",
                        "LabelType" : "label",
                        "LastContainer" : false,
                        "Left" : 750,
                        "Margin" : "5",
                        "MultiLine" : true,
                        "PreserveWhiteSpace" : false,
                        "ResponsiveLayout" : false,
                        "ShowDataLoading" : true,
                        "TooltipField" : "",
                        "Top" : 50,
                        "Type" : "ptcslabel",
                        "UseTheme" : true,
                        "VerticalAlignment" : "flex-start",
                        "Visible" : true,
                        "Width" : 170,
                        "Z-index" : 10,
                        "__TypeDisplayName" : "Label",
                        "overflowShowLessTxt" : "[[showLess]]",
                        "overflowShowMoreTxt" : "[[showMore]]"
                      },
                      "Widgets" : [ ]
                    }, {
                      "Properties" : {
                        "AlternateIconAlignment" : "right",
                        "AlternateIconSize" : 16,
                        "AlternateStyle" : false,
                        "Area" : "UI",
                        "DisableLegacyCustomClassStyles" : false,
                        "DisplayDays" : true,
                        "DisplayMilliseconds" : false,
                        "DisplayName" : "ptcs-timer-18",
                        "FillContainer" : true,
                        "Height" : 40,
                        "HorizontalAlignment" : "left",
                        "IconAlignment" : "right",
                        "IconSize" : 16,
                        "Id" : "ptcstimer-18",
                        "InitialValue" : 300000,
                        "Label" : "",
                        "LabelAlignment" : "left",
                        "LabelType" : "label",
                        "LastContainer" : false,
                        "Left" : 801.8125,
                        "Margin" : "5",
                        "ResponsiveLayout" : false,
                        "Running" : true,
                        "ShowDataLoading" : true,
                        "TimeFormat_StateParameters" : [ ],
                        "TimerMode" : "countdown",
                        "Top" : 16,
                        "Type" : "ptcstimer",
                        "UseTheme" : true,
                        "Value" : 0,
                        "ValueLabelType" : "sub-header",
                        "Visible" : false,
                        "Width" : 150,
                        "Z-index" : 10,
                        "__TypeDisplayName" : "Timer",
                        "_baseVersion" : "9.7.0"
                      },
                      "Widgets" : [ ]
                    } ]
                  }, {
                    "Properties" : {
                      "Area" : "UI",
                      "CollapseTabIcon" : "",
                      "DisableLegacyCustomClassStyles" : false,
                      "DisplayName" : "container-3",
                      "EnableContainerUnload" : false,
                      "EnableExpandCollapse" : false,
                      "ExpandCollapseTabLocation" : "inside",
                      "ExpandTabIcon" : "",
                      "Expanded" : true,
                      "Id" : "flexcontainer-3",
                      "LastContainer" : false,
                      "LazyLoading" : false,
                      "Margin" : "5 10 5 10",
                      "Overlay" : false,
                      "OverrideChildrenAbsolute" : false,
                      "ResponsiveLayout" : true,
                      "ShowDataLoading" : true,
                      "ShowExpandCollapseTab" : false,
                      "ShowVerticalScrollbar" : false,
                      "SourceURL" : "",
                      "Style" : "DefaultContainerStyle",
                      "StyleProperties" : { },
                      "Type" : "flexcontainer",
                      "UseTheme" : true,
                      "Visible" : true,
                      "Z-index" : 10,
                      "__TypeDisplayName" : "Flex Container",
                      "align-content" : "flex-start",
                      "align-items" : "flex-start",
                      "flex-basis" : "0",
                      "flex-direction" : "column",
                      "flex-grow" : 50,
                      "flex-max-height" : "",
                      "flex-max-width" : "",
                      "flex-min-height" : "",
                      "flex-min-width" : "",
                      "flex-shrink" : "0",
                      "flex-size" : "fixed",
                      "flex-wrap" : "nowrap",
                      "iconClass" : "widgets-flexcontainer",
                      "isLocked" : false,
                      "justify-content" : "flex-start",
                      "positioning" : "responsive",
                      "userCannotRemove" : false
                    },
                    "Widgets" : [ {
                      "Properties" : {
                        "AllowSelection" : true,
                        "AllowYAxisZoom" : true,
                        "Area" : "UI",
                        "AxisAutoscale1" : true,
                        "AxisAutoscale10" : true,
                        "AxisAutoscale11" : true,
                        "AxisAutoscale12" : true,
                        "AxisAutoscale13" : true,
                        "AxisAutoscale14" : true,
                        "AxisAutoscale15" : true,
                        "AxisAutoscale16" : true,
                        "AxisAutoscale17" : true,
                        "AxisAutoscale18" : true,
                        "AxisAutoscale19" : true,
                        "AxisAutoscale2" : true,
                        "AxisAutoscale20" : true,
                        "AxisAutoscale21" : true,
                        "AxisAutoscale22" : true,
                        "AxisAutoscale23" : true,
                        "AxisAutoscale24" : true,
                        "AxisAutoscale3" : true,
                        "AxisAutoscale4" : true,
                        "AxisAutoscale5" : true,
                        "AxisAutoscale6" : true,
                        "AxisAutoscale7" : true,
                        "AxisAutoscale8" : true,
                        "AxisAutoscale9" : true,
                        "AxisFormat1" : "0000.0",
                        "AxisFormat10" : "0000.0",
                        "AxisFormat11" : "0000.0",
                        "AxisFormat12" : "0000.0",
                        "AxisFormat13" : "0000.0",
                        "AxisFormat14" : "0000.0",
                        "AxisFormat15" : "0000.0",
                        "AxisFormat16" : "0000.0",
                        "AxisFormat17" : "0000.0",
                        "AxisFormat18" : "0000.0",
                        "AxisFormat19" : "0000.0",
                        "AxisFormat2" : "0000.0",
                        "AxisFormat20" : "0000.0",
                        "AxisFormat21" : "0000.0",
                        "AxisFormat22" : "0000.0",
                        "AxisFormat23" : "0000.0",
                        "AxisFormat24" : "0000.0",
                        "AxisFormat3" : "0000.0",
                        "AxisFormat4" : "0000.0",
                        "AxisFormat5" : "0000.0",
                        "AxisFormat6" : "0000.0",
                        "AxisFormat7" : "0000.0",
                        "AxisFormat8" : "0000.0",
                        "AxisFormat9" : "0000.0",
                        "AxisMaximum1" : 100,
                        "AxisMaximum10" : 100,
                        "AxisMaximum11" : 100,
                        "AxisMaximum12" : 100,
                        "AxisMaximum13" : 100,
                        "AxisMaximum14" : 100,
                        "AxisMaximum15" : 100,
                        "AxisMaximum16" : 100,
                        "AxisMaximum17" : 100,
                        "AxisMaximum18" : 100,
                        "AxisMaximum19" : 100,
                        "AxisMaximum2" : 100,
                        "AxisMaximum20" : 100,
                        "AxisMaximum21" : 100,
                        "AxisMaximum22" : 100,
                        "AxisMaximum23" : 100,
                        "AxisMaximum24" : 100,
                        "AxisMaximum3" : 100,
                        "AxisMaximum4" : 100,
                        "AxisMaximum5" : 100,
                        "AxisMaximum6" : 100,
                        "AxisMaximum7" : 100,
                        "AxisMaximum8" : 100,
                        "AxisMaximum9" : 100,
                        "AxisMinimum1" : 0,
                        "AxisMinimum10" : 0,
                        "AxisMinimum11" : 0,
                        "AxisMinimum12" : 0,
                        "AxisMinimum13" : 0,
                        "AxisMinimum14" : 0,
                        "AxisMinimum15" : 0,
                        "AxisMinimum16" : 0,
                        "AxisMinimum17" : 0,
                        "AxisMinimum18" : 0,
                        "AxisMinimum19" : 0,
                        "AxisMinimum2" : 0,
                        "AxisMinimum20" : 0,
                        "AxisMinimum21" : 0,
                        "AxisMinimum22" : 0,
                        "AxisMinimum23" : 0,
                        "AxisMinimum24" : 0,
                        "AxisMinimum3" : 0,
                        "AxisMinimum4" : 0,
                        "AxisMinimum5" : 0,
                        "AxisMinimum6" : 0,
                        "AxisMinimum7" : 0,
                        "AxisMinimum8" : 0,
                        "AxisMinimum9" : 0,
                        "AxisZeroscale1" : false,
                        "AxisZeroscale10" : false,
                        "AxisZeroscale11" : false,
                        "AxisZeroscale12" : false,
                        "AxisZeroscale13" : false,
                        "AxisZeroscale14" : false,
                        "AxisZeroscale15" : false,
                        "AxisZeroscale16" : false,
                        "AxisZeroscale17" : false,
                        "AxisZeroscale18" : false,
                        "AxisZeroscale19" : false,
                        "AxisZeroscale2" : false,
                        "AxisZeroscale20" : false,
                        "AxisZeroscale21" : false,
                        "AxisZeroscale22" : false,
                        "AxisZeroscale23" : false,
                        "AxisZeroscale24" : false,
                        "AxisZeroscale3" : false,
                        "AxisZeroscale4" : false,
                        "AxisZeroscale5" : false,
                        "AxisZeroscale6" : false,
                        "AxisZeroscale7" : false,
                        "AxisZeroscale8" : false,
                        "AxisZeroscale9" : false,
                        "ChartAreaStyle" : "DefaultChartAreaStyle",
                        "ChartLegendStyle" : "DefaultChartLegendStyle",
                        "ChartOrientation" : "vertical",
                        "ChartStyle" : "DefaultChartStyle",
                        "ChartTitle" : "Weekly Machine Status",
                        "ChartTitleStyle" : "KBDefaultChartTitleStyle",
                        "ChartType" : "bar",
                        "DataField1" : "UnplannedTimeSumInSeconds",
                        "DataField2" : "PTimeSumInSeconds",
                        "DataField3" : "PITimeSumInSeconds",
                        "DataField4" : "ChangeoverTimeSumInSeconds",
                        "DataField5" : "OITimeSumInSeconds",
                        "DataField6" : "TITimeSumInSeconds",
                        "DataField7" : "QualityTimeSumInSeconds",
                        "DataField8" : "UnknownTimeSumInSeconds",
                        "DataLabel1" : "Unplanned",
                        "DataLabel2" : "Productive",
                        "DataLabel3" : "Planned Interruption",
                        "DataLabel4" : "Changeover",
                        "DataLabel5" : "Organizational Interruption",
                        "DataLabel6" : "Technical Interruption",
                        "DataLabel7" : "Quality",
                        "DataLabel8" : "Unknown",
                        "DisableLegacyCustomClassStyles" : false,
                        "DisplayName" : "labelchart-16",
                        "EnableHover" : true,
                        "GridStyle" : "DefaultChartGridStyle",
                        "Height" : 240,
                        "Id" : "labelchart-16",
                        "LastContainer" : false,
                        "Left" : 219.03125,
                        "LegendLocation" : "right",
                        "LegendOrientation" : "vertical",
                        "LegendWidth" : 200,
                        "Margin" : "5",
                        "MarkerSize" : 3,
                        "MarkerType" : "circle",
                        "NumberOfSeries" : 8,
                        "OverlayYAxes" : false,
                        "ResponsiveLayout" : true,
                        "SecondaryYAxisAutoscale" : true,
                        "SecondaryYAxisFormat" : "0000.0",
                        "SecondaryYAxisMaximum" : 100,
                        "SecondaryYAxisMinimum" : 0,
                        "SecondaryYAxisTitle" : "Percent",
                        "SecondaryYAxisZeroscale" : false,
                        "SelectedItemStyle" : "DefaultChartSelectionStyle",
                        "SeriesDataStyle10_StateParameters" : [ ],
                        "SeriesDataStyle11_StateParameters" : [ ],
                        "SeriesDataStyle12_StateParameters" : [ ],
                        "SeriesDataStyle13_StateParameters" : [ ],
                        "SeriesDataStyle14_StateParameters" : [ ],
                        "SeriesDataStyle15_StateParameters" : [ ],
                        "SeriesDataStyle16_StateParameters" : [ ],
                        "SeriesDataStyle17_StateParameters" : [ ],
                        "SeriesDataStyle18_StateParameters" : [ ],
                        "SeriesDataStyle19_StateParameters" : [ ],
                        "SeriesDataStyle1_StateParameters" : [ ],
                        "SeriesDataStyle20_StateParameters" : [ ],
                        "SeriesDataStyle21_StateParameters" : [ ],
                        "SeriesDataStyle22_StateParameters" : [ ],
                        "SeriesDataStyle23_StateParameters" : [ ],
                        "SeriesDataStyle24_StateParameters" : [ ],
                        "SeriesDataStyle2_StateParameters" : [ ],
                        "SeriesDataStyle3_StateParameters" : [ ],
                        "SeriesDataStyle4_StateParameters" : [ ],
                        "SeriesDataStyle5_StateParameters" : [ ],
                        "SeriesDataStyle6_StateParameters" : [ ],
                        "SeriesDataStyle7_StateParameters" : [ ],
                        "SeriesDataStyle8_StateParameters" : [ ],
                        "SeriesDataStyle9_StateParameters" : [ ],
                        "SeriesMarkerType1" : "chart",
                        "SeriesMarkerType10" : "chart",
                        "SeriesMarkerType11" : "chart",
                        "SeriesMarkerType12" : "chart",
                        "SeriesMarkerType13" : "chart",
                        "SeriesMarkerType14" : "chart",
                        "SeriesMarkerType15" : "chart",
                        "SeriesMarkerType16" : "chart",
                        "SeriesMarkerType17" : "chart",
                        "SeriesMarkerType18" : "chart",
                        "SeriesMarkerType19" : "chart",
                        "SeriesMarkerType2" : "chart",
                        "SeriesMarkerType20" : "chart",
                        "SeriesMarkerType21" : "chart",
                        "SeriesMarkerType22" : "chart",
                        "SeriesMarkerType23" : "chart",
                        "SeriesMarkerType24" : "chart",
                        "SeriesMarkerType3" : "chart",
                        "SeriesMarkerType4" : "chart",
                        "SeriesMarkerType5" : "chart",
                        "SeriesMarkerType6" : "chart",
                        "SeriesMarkerType7" : "chart",
                        "SeriesMarkerType8" : "chart",
                        "SeriesMarkerType9" : "chart",
                        "SeriesStyle1" : "DefaultChartStyle1",
                        "SeriesStyle10" : "DefaultChartStyle10",
                        "SeriesStyle11" : "DefaultChartStyle11",
                        "SeriesStyle12" : "DefaultChartStyle12",
                        "SeriesStyle13" : "DefaultChartStyle13",
                        "SeriesStyle14" : "DefaultChartStyle14",
                        "SeriesStyle15" : "DefaultChartStyle15",
                        "SeriesStyle16" : "DefaultChartStyle16",
                        "SeriesStyle17" : "DefaultChartStyle17",
                        "SeriesStyle18" : "DefaultChartStyle18",
                        "SeriesStyle19" : "DefaultChartStyle19",
                        "SeriesStyle2" : "DefaultChartStyle2",
                        "SeriesStyle20" : "DefaultChartStyle20",
                        "SeriesStyle21" : "DefaultChartStyle21",
                        "SeriesStyle22" : "DefaultChartStyle22",
                        "SeriesStyle23" : "DefaultChartStyle23",
                        "SeriesStyle24" : "DefaultChartStyle24",
                        "SeriesStyle3" : "DefaultChartStyle3",
                        "SeriesStyle4" : "DefaultChartStyle4",
                        "SeriesStyle5" : "DefaultChartStyle5",
                        "SeriesStyle6" : "DefaultChartStyle6",
                        "SeriesStyle7" : "DefaultChartStyle7",
                        "SeriesStyle8" : "DefaultChartStyle8",
                        "SeriesStyle9" : "DefaultChartStyle9",
                        "SeriesType1" : "chart",
                        "SeriesType10" : "chart",
                        "SeriesType11" : "chart",
                        "SeriesType12" : "chart",
                        "SeriesType13" : "chart",
                        "SeriesType14" : "chart",
                        "SeriesType15" : "chart",
                        "SeriesType16" : "chart",
                        "SeriesType17" : "chart",
                        "SeriesType18" : "chart",
                        "SeriesType19" : "chart",
                        "SeriesType2" : "chart",
                        "SeriesType20" : "chart",
                        "SeriesType21" : "chart",
                        "SeriesType22" : "chart",
                        "SeriesType23" : "chart",
                        "SeriesType24" : "chart",
                        "SeriesType3" : "chart",
                        "SeriesType4" : "chart",
                        "SeriesType5" : "chart",
                        "SeriesType6" : "chart",
                        "SeriesType7" : "chart",
                        "SeriesType8" : "chart",
                        "SeriesType9" : "chart",
                        "ShowDataLoading" : true,
                        "ShowLegend" : true,
                        "ShowXAxis" : true,
                        "ShowXAxisGrid" : true,
                        "ShowXAxisLabels" : true,
                        "ShowXAxisTicks" : true,
                        "ShowYAxis" : true,
                        "ShowYAxisGrid" : true,
                        "ShowYAxisLabels" : true,
                        "ShowYAxisSmartLabels" : false,
                        "ShowYAxisTicks" : true,
                        "SingleDataSource" : true,
                        "Smoothing" : false,
                        "StackSeries" : true,
                        "ToolTipStyle" : "DefaultTooltipStyle",
                        "Top" : 26,
                        "TruncateX-AxisLabels" : 0,
                        "TruncateY-AxisLabels" : 0,
                        "Type" : "labelchart",
                        "UseSecondaryAxis1" : false,
                        "UseSecondaryAxis10" : false,
                        "UseSecondaryAxis11" : false,
                        "UseSecondaryAxis12" : false,
                        "UseSecondaryAxis13" : false,
                        "UseSecondaryAxis14" : false,
                        "UseSecondaryAxis15" : false,
                        "UseSecondaryAxis16" : false,
                        "UseSecondaryAxis17" : false,
                        "UseSecondaryAxis18" : false,
                        "UseSecondaryAxis19" : false,
                        "UseSecondaryAxis2" : false,
                        "UseSecondaryAxis20" : false,
                        "UseSecondaryAxis21" : false,
                        "UseSecondaryAxis22" : false,
                        "UseSecondaryAxis23" : false,
                        "UseSecondaryAxis24" : false,
                        "UseSecondaryAxis3" : false,
                        "UseSecondaryAxis4" : false,
                        "UseSecondaryAxis5" : false,
                        "UseSecondaryAxis6" : false,
                        "UseSecondaryAxis7" : false,
                        "UseSecondaryAxis8" : false,
                        "UseSecondaryAxis9" : false,
                        "Visible" : true,
                        "Width" : 640,
                        "XAxisField" : "DayName",
                        "XAxisFormat" : "0000.0",
                        "XAxisLabelRotation" : 0,
                        "XAxisLabelType" : "STRING",
                        "XAxisStyle" : "DefaultChartAxisStyle",
                        "XAxisTitle" : "Day of week",
                        "YAxisAutoscale" : true,
                        "YAxisFormat" : "0000.0",
                        "YAxisIntervals" : 10,
                        "YAxisLabels" : 2,
                        "YAxisMaximum" : 100,
                        "YAxisMinimum" : 0,
                        "YAxisMinorTicks" : 1,
                        "YAxisMode" : "single",
                        "YAxisStyle" : "DefaultChartAxisStyle",
                        "YAxisTitle" : "",
                        "YAxisZeroscale" : false,
                        "Z-index" : 10,
                        "__TypeDisplayName" : "Label Chart",
                        "__convertToChart" : "bar",
                        "__supportsTooltip" : true
                      },
                      "Widgets" : [ ]
                    } ]
                  }, {
                    "Properties" : {
                      "Area" : "UI",
                      "CollapseTabIcon" : "",
                      "DisableLegacyCustomClassStyles" : false,
                      "DisplayName" : "container-11",
                      "EnableContainerUnload" : false,
                      "EnableExpandCollapse" : false,
                      "ExpandCollapseTabLocation" : "inside",
                      "ExpandTabIcon" : "",
                      "Expanded" : true,
                      "Id" : "flexcontainer-11",
                      "LastContainer" : false,
                      "LazyLoading" : false,
                      "Margin" : "5 10 0 10",
                      "Overlay" : false,
                      "OverrideChildrenAbsolute" : false,
                      "ResponsiveLayout" : true,
                      "Scrolling" : "auto-scroll",
                      "ShowDataLoading" : true,
                      "ShowExpandCollapseTab" : false,
                      "ShowVerticalScrollbar" : false,
                      "SourceURL" : "",
                      "Style" : "DefaultContainerStyle",
                      "StyleProperties" : { },
                      "Type" : "flexcontainer",
                      "UseTheme" : true,
                      "Visible" : true,
                      "Z-index" : 10,
                      "__TypeDisplayName" : "Flex Container",
                      "align-content" : "flex-start",
                      "align-items" : "flex-start",
                      "flex-basis" : "0",
                      "flex-direction" : "column",
                      "flex-grow" : 50,
                      "flex-max-height" : "",
                      "flex-max-width" : "",
                      "flex-min-height" : "",
                      "flex-min-width" : "",
                      "flex-shrink" : 1,
                      "flex-size" : "fixed",
                      "flex-wrap" : "nowrap",
                      "iconClass" : "widgets-flexcontainer",
                      "isLocked" : false,
                      "justify-content" : "flex-start",
                      "positioning" : "responsive",
                      "userCannotRemove" : false
                    },
                    "Widgets" : [ {
                      "Properties" : {
                        "AllowSelection" : true,
                        "AllowYAxisZoom" : true,
                        "Area" : "UI",
                        "AxisAutoscale1" : true,
                        "AxisAutoscale10" : true,
                        "AxisAutoscale11" : true,
                        "AxisAutoscale12" : true,
                        "AxisAutoscale13" : true,
                        "AxisAutoscale14" : true,
                        "AxisAutoscale15" : true,
                        "AxisAutoscale16" : true,
                        "AxisAutoscale17" : true,
                        "AxisAutoscale18" : true,
                        "AxisAutoscale19" : true,
                        "AxisAutoscale2" : true,
                        "AxisAutoscale20" : true,
                        "AxisAutoscale21" : true,
                        "AxisAutoscale22" : true,
                        "AxisAutoscale23" : true,
                        "AxisAutoscale24" : true,
                        "AxisAutoscale3" : true,
                        "AxisAutoscale4" : true,
                        "AxisAutoscale5" : true,
                        "AxisAutoscale6" : true,
                        "AxisAutoscale7" : true,
                        "AxisAutoscale8" : true,
                        "AxisAutoscale9" : true,
                        "AxisFormat1" : "0000.0",
                        "AxisFormat10" : "0000.0",
                        "AxisFormat11" : "0000.0",
                        "AxisFormat12" : "0000.0",
                        "AxisFormat13" : "0000.0",
                        "AxisFormat14" : "0000.0",
                        "AxisFormat15" : "0000.0",
                        "AxisFormat16" : "0000.0",
                        "AxisFormat17" : "0000.0",
                        "AxisFormat18" : "0000.0",
                        "AxisFormat19" : "0000.0",
                        "AxisFormat2" : "0000.0",
                        "AxisFormat20" : "0000.0",
                        "AxisFormat21" : "0000.0",
                        "AxisFormat22" : "0000.0",
                        "AxisFormat23" : "0000.0",
                        "AxisFormat24" : "0000.0",
                        "AxisFormat3" : "0000.0",
                        "AxisFormat4" : "0000.0",
                        "AxisFormat5" : "0000.0",
                        "AxisFormat6" : "0000.0",
                        "AxisFormat7" : "0000.0",
                        "AxisFormat8" : "0000.0",
                        "AxisFormat9" : "0000.0",
                        "AxisMaximum1" : 100,
                        "AxisMaximum10" : 100,
                        "AxisMaximum11" : 100,
                        "AxisMaximum12" : 100,
                        "AxisMaximum13" : 100,
                        "AxisMaximum14" : 100,
                        "AxisMaximum15" : 100,
                        "AxisMaximum16" : 100,
                        "AxisMaximum17" : 100,
                        "AxisMaximum18" : 100,
                        "AxisMaximum19" : 100,
                        "AxisMaximum2" : 100,
                        "AxisMaximum20" : 100,
                        "AxisMaximum21" : 100,
                        "AxisMaximum22" : 100,
                        "AxisMaximum23" : 100,
                        "AxisMaximum24" : 100,
                        "AxisMaximum3" : 100,
                        "AxisMaximum4" : 100,
                        "AxisMaximum5" : 100,
                        "AxisMaximum6" : 100,
                        "AxisMaximum7" : 100,
                        "AxisMaximum8" : 100,
                        "AxisMaximum9" : 100,
                        "AxisMinimum1" : 0,
                        "AxisMinimum10" : 0,
                        "AxisMinimum11" : 0,
                        "AxisMinimum12" : 0,
                        "AxisMinimum13" : 0,
                        "AxisMinimum14" : 0,
                        "AxisMinimum15" : 0,
                        "AxisMinimum16" : 0,
                        "AxisMinimum17" : 0,
                        "AxisMinimum18" : 0,
                        "AxisMinimum19" : 0,
                        "AxisMinimum2" : 0,
                        "AxisMinimum20" : 0,
                        "AxisMinimum21" : 0,
                        "AxisMinimum22" : 0,
                        "AxisMinimum23" : 0,
                        "AxisMinimum24" : 0,
                        "AxisMinimum3" : 0,
                        "AxisMinimum4" : 0,
                        "AxisMinimum5" : 0,
                        "AxisMinimum6" : 0,
                        "AxisMinimum7" : 0,
                        "AxisMinimum8" : 0,
                        "AxisMinimum9" : 0,
                        "AxisZeroscale1" : false,
                        "AxisZeroscale10" : false,
                        "AxisZeroscale11" : false,
                        "AxisZeroscale12" : false,
                        "AxisZeroscale13" : false,
                        "AxisZeroscale14" : false,
                        "AxisZeroscale15" : false,
                        "AxisZeroscale16" : false,
                        "AxisZeroscale17" : false,
                        "AxisZeroscale18" : false,
                        "AxisZeroscale19" : false,
                        "AxisZeroscale2" : false,
                        "AxisZeroscale20" : false,
                        "AxisZeroscale21" : false,
                        "AxisZeroscale22" : false,
                        "AxisZeroscale23" : false,
                        "AxisZeroscale24" : false,
                        "AxisZeroscale3" : false,
                        "AxisZeroscale4" : false,
                        "AxisZeroscale5" : false,
                        "AxisZeroscale6" : false,
                        "AxisZeroscale7" : false,
                        "AxisZeroscale8" : false,
                        "AxisZeroscale9" : false,
                        "ChartAreaStyle" : "DefaultChartAreaStyle",
                        "ChartLegendStyle" : "DefaultChartLegendStyle",
                        "ChartOrientation" : "vertical",
                        "ChartStyle" : "DefaultChartStyle",
                        "ChartTitle" : "weekly KPIs",
                        "ChartTitleStyle" : "KBDefaultChartTitleStyle",
                        "ChartType" : "linemarker",
                        "DataField1" : "OEE2",
                        "DataField2" : "Utilization",
                        "DataField3" : "RQ",
                        "DisableLegacyCustomClassStyles" : false,
                        "DisplayName" : "labelchart-17",
                        "EnableHover" : true,
                        "GridStyle" : "DefaultChartGridStyle",
                        "Height" : 240,
                        "Id" : "labelchart-17",
                        "LastContainer" : false,
                        "Left" : 209.03125,
                        "LegendLocation" : "right",
                        "LegendOrientation" : "vertical",
                        "LegendWidth" : 200,
                        "Margin" : "5",
                        "MarkerSize" : 3,
                        "MarkerType" : "circle",
                        "NumberOfSeries" : 3,
                        "OverlayYAxes" : false,
                        "ResponsiveLayout" : true,
                        "SecondaryYAxisAutoscale" : true,
                        "SecondaryYAxisFormat" : "0000.0",
                        "SecondaryYAxisMaximum" : 100,
                        "SecondaryYAxisMinimum" : 0,
                        "SecondaryYAxisTitle" : "",
                        "SecondaryYAxisZeroscale" : false,
                        "SelectedItemStyle" : "DefaultChartSelectionStyle",
                        "SeriesDataStyle10_StateParameters" : [ ],
                        "SeriesDataStyle11_StateParameters" : [ ],
                        "SeriesDataStyle12_StateParameters" : [ ],
                        "SeriesDataStyle13_StateParameters" : [ ],
                        "SeriesDataStyle14_StateParameters" : [ ],
                        "SeriesDataStyle15_StateParameters" : [ ],
                        "SeriesDataStyle16_StateParameters" : [ ],
                        "SeriesDataStyle17_StateParameters" : [ ],
                        "SeriesDataStyle18_StateParameters" : [ ],
                        "SeriesDataStyle19_StateParameters" : [ ],
                        "SeriesDataStyle1_StateParameters" : [ ],
                        "SeriesDataStyle20_StateParameters" : [ ],
                        "SeriesDataStyle21_StateParameters" : [ ],
                        "SeriesDataStyle22_StateParameters" : [ ],
                        "SeriesDataStyle23_StateParameters" : [ ],
                        "SeriesDataStyle24_StateParameters" : [ ],
                        "SeriesDataStyle2_StateParameters" : [ ],
                        "SeriesDataStyle3_StateParameters" : [ ],
                        "SeriesDataStyle4_StateParameters" : [ ],
                        "SeriesDataStyle5_StateParameters" : [ ],
                        "SeriesDataStyle6_StateParameters" : [ ],
                        "SeriesDataStyle7_StateParameters" : [ ],
                        "SeriesDataStyle8_StateParameters" : [ ],
                        "SeriesDataStyle9_StateParameters" : [ ],
                        "SeriesMarkerType1" : "chart",
                        "SeriesMarkerType10" : "chart",
                        "SeriesMarkerType11" : "chart",
                        "SeriesMarkerType12" : "chart",
                        "SeriesMarkerType13" : "chart",
                        "SeriesMarkerType14" : "chart",
                        "SeriesMarkerType15" : "chart",
                        "SeriesMarkerType16" : "chart",
                        "SeriesMarkerType17" : "chart",
                        "SeriesMarkerType18" : "chart",
                        "SeriesMarkerType19" : "chart",
                        "SeriesMarkerType2" : "chart",
                        "SeriesMarkerType20" : "chart",
                        "SeriesMarkerType21" : "chart",
                        "SeriesMarkerType22" : "chart",
                        "SeriesMarkerType23" : "chart",
                        "SeriesMarkerType24" : "chart",
                        "SeriesMarkerType3" : "chart",
                        "SeriesMarkerType4" : "chart",
                        "SeriesMarkerType5" : "chart",
                        "SeriesMarkerType6" : "chart",
                        "SeriesMarkerType7" : "chart",
                        "SeriesMarkerType8" : "chart",
                        "SeriesMarkerType9" : "chart",
                        "SeriesStyle1" : "DefaultChartStyle1",
                        "SeriesStyle10" : "DefaultChartStyle10",
                        "SeriesStyle11" : "DefaultChartStyle11",
                        "SeriesStyle12" : "DefaultChartStyle12",
                        "SeriesStyle13" : "DefaultChartStyle13",
                        "SeriesStyle14" : "DefaultChartStyle14",
                        "SeriesStyle15" : "DefaultChartStyle15",
                        "SeriesStyle16" : "DefaultChartStyle16",
                        "SeriesStyle17" : "DefaultChartStyle17",
                        "SeriesStyle18" : "DefaultChartStyle18",
                        "SeriesStyle19" : "DefaultChartStyle19",
                        "SeriesStyle2" : "DefaultChartStyle2",
                        "SeriesStyle20" : "DefaultChartStyle20",
                        "SeriesStyle21" : "DefaultChartStyle21",
                        "SeriesStyle22" : "DefaultChartStyle22",
                        "SeriesStyle23" : "DefaultChartStyle23",
                        "SeriesStyle24" : "DefaultChartStyle24",
                        "SeriesStyle3" : "DefaultChartStyle3",
                        "SeriesStyle4" : "DefaultChartStyle4",
                        "SeriesStyle5" : "DefaultChartStyle5",
                        "SeriesStyle6" : "DefaultChartStyle6",
                        "SeriesStyle7" : "DefaultChartStyle7",
                        "SeriesStyle8" : "DefaultChartStyle8",
                        "SeriesStyle9" : "DefaultChartStyle9",
                        "SeriesType1" : "chart",
                        "SeriesType10" : "chart",
                        "SeriesType11" : "chart",
                        "SeriesType12" : "chart",
                        "SeriesType13" : "chart",
                        "SeriesType14" : "chart",
                        "SeriesType15" : "chart",
                        "SeriesType16" : "chart",
                        "SeriesType17" : "chart",
                        "SeriesType18" : "chart",
                        "SeriesType19" : "chart",
                        "SeriesType2" : "chart",
                        "SeriesType20" : "chart",
                        "SeriesType21" : "chart",
                        "SeriesType22" : "chart",
                        "SeriesType23" : "chart",
                        "SeriesType24" : "chart",
                        "SeriesType3" : "chart",
                        "SeriesType4" : "chart",
                        "SeriesType5" : "chart",
                        "SeriesType6" : "chart",
                        "SeriesType7" : "chart",
                        "SeriesType8" : "chart",
                        "SeriesType9" : "chart",
                        "ShowDataLoading" : true,
                        "ShowLegend" : true,
                        "ShowXAxis" : true,
                        "ShowXAxisGrid" : true,
                        "ShowXAxisLabels" : true,
                        "ShowXAxisTicks" : true,
                        "ShowYAxis" : true,
                        "ShowYAxisGrid" : true,
                        "ShowYAxisLabels" : true,
                        "ShowYAxisSmartLabels" : false,
                        "ShowYAxisTicks" : true,
                        "SingleDataSource" : true,
                        "Smoothing" : false,
                        "StackSeries" : false,
                        "ToolTipStyle" : "DefaultTooltipStyle",
                        "Top" : 31,
                        "TruncateX-AxisLabels" : 0,
                        "TruncateY-AxisLabels" : 0,
                        "Type" : "labelchart",
                        "UseSecondaryAxis1" : false,
                        "UseSecondaryAxis10" : false,
                        "UseSecondaryAxis11" : false,
                        "UseSecondaryAxis12" : false,
                        "UseSecondaryAxis13" : false,
                        "UseSecondaryAxis14" : false,
                        "UseSecondaryAxis15" : false,
                        "UseSecondaryAxis16" : false,
                        "UseSecondaryAxis17" : false,
                        "UseSecondaryAxis18" : false,
                        "UseSecondaryAxis19" : false,
                        "UseSecondaryAxis2" : false,
                        "UseSecondaryAxis20" : false,
                        "UseSecondaryAxis21" : false,
                        "UseSecondaryAxis22" : false,
                        "UseSecondaryAxis23" : false,
                        "UseSecondaryAxis24" : false,
                        "UseSecondaryAxis3" : false,
                        "UseSecondaryAxis4" : false,
                        "UseSecondaryAxis5" : false,
                        "UseSecondaryAxis6" : false,
                        "UseSecondaryAxis7" : false,
                        "UseSecondaryAxis8" : false,
                        "UseSecondaryAxis9" : false,
                        "Visible" : true,
                        "Width" : 640,
                        "XAxisField" : "DayName",
                        "XAxisFormat" : "0000.0",
                        "XAxisLabelRotation" : 0,
                        "XAxisLabelType" : "STRING",
                        "XAxisStyle" : "DefaultChartAxisStyle",
                        "XAxisTitle" : "Day of Week",
                        "YAxisAutoscale" : true,
                        "YAxisFormat" : "0000.0",
                        "YAxisIntervals" : 10,
                        "YAxisLabels" : 2,
                        "YAxisMaximum" : 100,
                        "YAxisMinimum" : 0,
                        "YAxisMinorTicks" : 1,
                        "YAxisMode" : "single",
                        "YAxisStyle" : "DefaultChartAxisStyle",
                        "YAxisTitle" : "Percent",
                        "YAxisZeroscale" : false,
                        "Z-index" : 10,
                        "__TypeDisplayName" : "Label Chart",
                        "__convertToChart" : "line",
                        "__supportsTooltip" : true
                      },
                      "Widgets" : [ ]
                    } ]
                  } ]
                } ]
              },
              "mashupType" : "mashup"
            }
            ]]>
            </mashupContent>
            <preview></preview>
        </Mashup>
    </Mashups>
</Entities>
