<?xml version="1.0" encoding="UTF-8" standalone="no"?>
<Entities build="b167" majorVersion="8" minorVersion="2"
	modelPersistenceProviderPackage="MssqlPersistenceProviderPackage"
	revision="2" schemaVersion="1020" universal="">
	<Mashups>
		<Mashup 
			aspect.isResponsive="true" aspect.mashupType="mashup" columns="0.0"
			description="" documentationContent="" homeMashup=""
			lastModifiedDate="2018-07-09T14:40:46.366+02:00"
			name="KBSmartProductionLocalMashup" projectName="KBsmartKPI"
			rows="0.0"
			tags="KBThingWorxInstallationVocabulary:ExtensionLocalSmartKPIConfiguration;KBThingWorxAdministrationVocabulary:Administrated">
			<Owner name="adm-flassakm" type="User" />
			<avatar />
			<DesignTimePermissions>
				<Create />
				<Read />
				<Update />
				<Delete />
				<Metadata />
			</DesignTimePermissions>
			<RunTimePermissions>
				<Permissions resourceName="*">
					<PropertyRead>
						<Principal isPermitted="true" name="KBUserGroup"
							type="Group" />
					</PropertyRead>
					<PropertyWrite />
					<ServiceInvoke>
						<Principal isPermitted="true" name="KBUserGroup"
							type="Group" />
					</ServiceInvoke>
					<EventInvoke />
					<EventSubscribe />
				</Permissions>
			</RunTimePermissions>
			<VisibilityPermissions>
				<Visibility>
					<Principal isPermitted="true" name="KBOrganization"
						type="Organization" />
				</Visibility>
			</VisibilityPermissions>
			<ConfigurationTables />
			<ParameterDefinitions />
			<Things />
			<ThingShapes />
			<ThingTemplates />
			<mashupContent><![CDATA[{
  "CustomMashupCss" : "",
  "Data" : {
    "Session" : {
      "DataName" : "Session",
      "EntityName" : "",
      "EntityType" : "Session",
      "Id" : "session",
      "Services" : [ {
        "APIMethod" : "post",
        "Characteristic" : "Services",
        "Id" : "SessionInterface",
        "Name" : "GetGlobalSessionValues",
        "Parameters" : { },
        "RefreshInterval" : 0,
        "Target" : "GetGlobalSessionValues"
      } ]
    },
    "UserExtensions" : {
      "DataName" : "UserExtensions",
      "EntityName" : "",
      "EntityType" : "UserExtensions",
      "Id" : "UserExtensions",
      "Services" : [ {
        "APIMethod" : "post",
        "Characteristic" : "Services",
        "Id" : "UserExtensionInterface",
        "Name" : "GetCurrentUserExtensionProperties",
        "Parameters" : { },
        "RefreshInterval" : 0,
        "Target" : "GetCurrentUserExtensionProperties"
      } ]
    }
  },
  "DataBindings" : [ ],
  "DesignTimePermissions" : { },
  "Events" : [ {
    "EventHandlerArea" : "UI",
    "EventHandlerId" : "navigation-9",
    "EventHandlerService" : "Navigate",
    "EventTriggerArea" : "UI",
    "EventTriggerEvent" : "Refresh",
    "EventTriggerId" : "autorefresh-10",
    "EventTriggerSection" : "",
    "Id" : "ac522294-131f-48b1-a318-60731970fde9"
  } ],
  "RunTimePermissions" : { },
  "UI" : {
    "Properties" : {
      "AddToDashboardButtonStyle" : "DefaultAddToDashboardButtonStyle",
      "Area" : "Mashup",
      "BGImageRepeat" : "no-repeat",
      "BGImageSize" : "auto",
      "Columns" : 0,
      "ConfigureGadgetButtonStyle" : "DefaultConfigureGadgetButtonStyle",
      "DisplayName" : "Mashup",
      "EnableParameterEditing" : false,
      "Height" : 618,
      "Id" : "mashup-root",
      "IgnoreWarningsInViewMashup" : false,
      "IsPrintLayout" : false,
      "Left" : 0,
      "MashupToEditGadget" : "DefaultMashupToEditGadget",
      "Master" : "KBSmartProductionMaster1Mashup",
      "MinHeight" : 0,
      "MinWidth" : 0,
      "ResponsiveLayout" : true,
      "Rows" : 0,
      "ShowDataLoading" : true,
      "Style" : "DefaultMashupStyle",
      "Title" : "",
      "TitleBar" : false,
      "TitleBarStyle" : "DefaultTitleBarStyle",
      "TitleBarText" : "Gadget Title Here",
      "Top" : 0,
      "Type" : "mashup",
      "Visible" : true,
      "Width" : 1024,
      "Z-index" : 10,
      "__TypeDisplayName" : "Mashup",
      "id_index" : 10,
      "supportsAutoResize" : true
    },
    "Widgets" : [ {
      "Properties" : {
        "Area" : "UI",
        "DisplayName" : "panel-8",
        "Height" : 200,
        "HideScrollbars" : false,
        "HorizontalAnchor" : "left",
        "Id" : "panel-8",
        "Left" : 115,
        "ResponsiveLayout" : true,
        "ShowDataLoading" : true,
        "Style" : "DefaultPanelStyle",
        "Top" : 70,
        "Type" : "panel",
        "VerticalAnchor" : "top",
        "Visible" : true,
        "Width" : 300,
        "Z-index" : 10,
        "__TypeDisplayName" : "Panel"
      },
      "Widgets" : [ {
        "Properties" : {
          "Alignment" : "left",
          "Area" : "UI",
          "ClickOutsideToClose" : false,
          "DisplayName" : "navigation-9",
          "FixedPopupHeight" : 0,
          "FixedPopupWidth" : 0,
          "Height" : 30,
          "IconAlignment" : "left",
          "Id" : "navigation-9",
          "Left" : 60,
          "MashupName" : "KB.TileConsole",
          "MashupParameters" : [ ],
          "MessageToShow" : "Mashup must be selected",
          "ModalPopupOpacity" : 0.5,
          "NavigationActiveStyle" : "DefaultNavigationActiveStyle",
          "NavigationFocusStyle" : "DefaultNavigationFocusStyle",
          "NavigationHoverStyle" : "DefaultNavigationHoverStyle",
          "PopupScrolling" : "auto",
          "PopupTitle" : "",
          "PopupTitleStyle" : "DefaultPopupTitleStyle",
          "ReloadOnReplace" : false,
          "ResponsiveLayout" : false,
          "RoundedCorners" : true,
          "ShowCloseButton" : true,
          "ShowDataLoading" : true,
          "ShowMessageIfNoMashup" : false,
          "Style" : "DefaultNavigationStyle",
          "TabSequence" : 0,
          "TargetWindow" : "replace",
          "Text" : "Goto smartProduction Home",
          "ToolTipField" : "",
          "ToolTipStyle" : "DefaultTooltipStyle",
          "Top" : 75,
          "Transparent" : false,
          "Type" : "navigation",
          "Visible" : true,
          "Width" : 200,
          "Z-index" : 10,
          "__TypeDisplayName" : "Navigation",
          "__supportsTooltip" : true
        },
        "Widgets" : [ ]
      }, {
        "Properties" : {
          "ActiveStyle" : "DefaultButtonActiveStyle",
          "Area" : "UI",
          "AutoRefresh" : true,
          "AutoRefreshTabSequence" : 0,
          "DisplayName" : "autorefresh-10",
          "FocusStyle" : "DefaultButtonFocusStyle",
          "Height" : 28,
          "HoverStyle" : "DefaultButtonHoverStyle",
          "IconAlignment" : "left",
          "Id" : "autorefresh-10",
          "Label" : "Refresh Now",
          "Left" : 295,
          "RefreshInterval" : 1,
          "RefreshNowTabSequence" : 0,
          "RefreshToggleLabel" : "On",
          "RefreshToggleLabelOff" : "Off",
          "RefreshToggleSliderStyle" : "DefaultAutoRefreshToggleSliderStyle",
          "RefreshToggleStyle" : "DefaultAutoRefreshToggleStyle",
          "RefreshToggleStyleOff" : "DefaultAutoRefreshToggleOffStyle",
          "ResponsiveLayout" : false,
          "ShowControls" : true,
          "ShowDataLoading" : true,
          "Style" : "DefaultButtonStyle",
          "Top" : 70,
          "Type" : "autorefresh",
          "Visible" : false,
          "Width" : 180,
          "Z-index" : 10,
          "__TypeDisplayName" : "Auto Refresh"
        },
        "Widgets" : [ ]
      } ]
    } ]
  },
  "mashupType" : "mashup"
}]]></mashupContent>
			<ConfigurationChanges>
				<ConfigurationChange changeAction="CREATE"
					changeReason="header : name : updated&#10;"
					timestamp="2018-07-09T12:39:16.378+02:00" user="adm-flassakm" />
				<ConfigurationChange changeAction="MODIFY"
					changeReason="" timestamp="2018-07-09T14:40:46.366+02:00"
					user="adm-flassakm" />
			</ConfigurationChanges>
		</Mashup>
	</Mashups>
</Entities>