<?xml version="1.0" encoding="UTF-8" standalone="no"?>
<Entities build="b52" majorVersion="8" minorVersion="0"
	modelPersistenceProviderPackage="MssqlPersistenceProviderPackage"
	revision="3" schemaVersion="1000">
	<Mashups>
		<Mashup aspect.isResponsive="true" aspect.mashupType="mashup"
			columns="0.0" description="" documentationContent="" homeMashup=""
			lastModifiedDate="2018-02-19T12:20:39.999+01:00"
			name="KBOEE2ShortLongYearMashup" projectName="KBsmartKPI" rows="0.0"
			tags="KBThingWorxInstallationVocabulary:ExtensionSmartKPI">
			<Owner name="adm-flassakm" type="User" />
			<avatar />
			<DesignTimePermissions>
				<Create />
				<Read />
				<Update />
				<Delete />
				<Metadata />
			</DesignTimePermissions>
			<RunTimePermissions>
				<Permissions resourceName="*">
					<PropertyRead>
						<Principal isPermitted="true" name="KBUserGroup"
							type="Group" />
					</PropertyRead>
					<PropertyWrite />
					<ServiceInvoke>
						<Principal isPermitted="true" name="KBUserGroup"
							type="Group" />
					</ServiceInvoke>
					<EventInvoke />
					<EventSubscribe />
				</Permissions>
			</RunTimePermissions>
			<VisibilityPermissions>
				<Visibility>
					<Principal isPermitted="true" name="KBOrganization"
						type="Organization" />
				</Visibility>
			</VisibilityPermissions>
			<ConfigurationTables />
			<ParameterDefinitions>
				<FieldDefinition aspect.ordinal="0"
					baseType="STRING" description="" name="MachineThingName"
					ordinal="0" />
			</ParameterDefinitions>
			<Things />
			<ThingShapes>
				<ThingShape>KBOEE2Shape</ThingShape>
			</ThingShapes>
			<ThingTemplates />
			<mashupContent><![CDATA[{
  "RunTimePermissions" : { },
  "UI" : {
    "Widgets" : [ {
      "Widgets" : [ ],
      "Properties" : {
        "YAxisLabels" : 2,
        "Left" : 320,
        "AxisMaximum16" : 100,
        "AxisMaximum17" : 100,
        "AxisMaximum18" : 100,
        "ChartStyle" : "DefaultChartStyle",
        "AxisMaximum19" : 100,
        "SelectedItemStyle" : "DefaultChartSelectionStyle",
        "AxisMaximum12" : 100,
        "AxisMaximum13" : 100,
        "AxisMaximum14" : 100,
        "AxisMaximum15" : 100,
        "AxisMaximum2" : 100,
        "AxisMaximum1" : 100,
        "AxisMaximum20" : 100,
        "AxisMaximum21" : 100,
        "AxisMaximum22" : 100,
        "AxisMaximum6" : 100,
        "SecondaryYAxisMaximum" : 100,
        "AxisMaximum5" : 100,
        "AxisMaximum4" : 100,
        "XAxisTitle" : "",
        "AxisMaximum3" : 100,
        "AxisMaximum9" : 100,
        "AxisMaximum8" : 100,
        "AxisMaximum7" : 100,
        "ShowYAxisLabels" : true,
        "Z-index" : 10,
        "AxisMaximum23" : 100,
        "YAxisMaximum" : 100,
        "AxisMaximum24" : 100,
        "MarkerSize" : 3,
        "SecondaryYAxisTitle" : "",
        "YAxisMinorTicks" : 1,
        "SecondaryYAxisZeroscale" : false,
        "AxisMinimum19" : 0,
        "AllowSelection" : true,
        "AxisMinimum18" : 0,
        "AxisMinimum17" : 0,
        "AxisMinimum16" : 0,
        "AxisMinimum15" : 0,
        "AxisMinimum14" : 0,
        "YAxisAutoscale" : true,
        "AxisMinimum13" : 0,
        "AxisMinimum12" : 0,
        "AxisMinimum11" : 0,
        "AxisMinimum10" : 0,
        "XAxisField" : "Label",
        "XAxisStyle" : "DefaultChartAxisStyle",
        "SecondaryYAxisAutoscale" : true,
        "XAxisFormat" : "0000.0",
        "ChartIndicatorStyle" : "DefaultChartIndicatorStyle",
        "ShowXAxis" : true,
        "SeriesMarkerType24" : "chart",
        "ShowXAxisTicks" : true,
        "SeriesMarkerType23" : "chart",
        "SeriesMarkerType22" : "chart",
        "SeriesMarkerType21" : "chart",
        "SeriesMarkerType20" : "chart",
        "Area" : "UI",
        "LegendLocation" : "right",
        "SeriesStyle11" : "DefaultChartStyle11",
        "SeriesStyle12" : "DefaultChartStyle12",
        "SeriesStyle10" : "DefaultChartStyle10",
        "SeriesStyle15" : "DefaultChartStyle15",
        "SeriesStyle16" : "DefaultChartStyle16",
        "SeriesStyle13" : "DefaultChartStyle13",
        "SeriesStyle14" : "DefaultChartStyle14",
        "YAxisZeroscale" : false,
        "GridStyle" : "DefaultChartGridStyle",
        "AxisMaximum10" : 100,
        "AxisMaximum11" : 100,
        "YAxisFormat" : "0000.0",
        "ShowYAxisGrid" : true,
        "ChartOrientation" : "vertical",
        "XAxisLabelType" : "STRING",
        "DataField1" : "OEE2",
        "NumberOfSeries" : 1,
        "SeriesStyle3" : "DefaultChartStyle3",
        "SeriesStyle2" : "DefaultChartStyle2",
        "SeriesStyle5" : "DefaultChartStyle5",
        "SeriesStyle4" : "DefaultChartStyle4",
        "SeriesStyle7" : "DefaultChartStyle7",
        "SeriesStyle6" : "DefaultChartStyle6",
        "SeriesStyle9" : "DefaultChartStyle9",
        "SeriesStyle8" : "DefaultChartStyle8",
        "ShowDataLoading" : false,
        "AxisFormat19" : "0000.0",
        "ShowYAxis" : true,
        "YAxisIntervals" : 10,
        "SeriesStyle1" : "DefaultChartStyle1",
        "AxisFormat22" : "0000.0",
        "AxisFormat23" : "0000.0",
        "AxisFormat24" : "0000.0",
        "SecondaryYAxisFormat" : "0000.0",
        "AxisFormat20" : "0000.0",
        "AxisFormat21" : "0000.0",
        "SeriesStyle19" : "DefaultChartStyle19",
        "SeriesStyle17" : "DefaultChartStyle17",
        "SeriesStyle18" : "DefaultChartStyle18",
        "YAxisTitle" : "",
        "__TypeDisplayName" : "Label Chart",
        "SeriesMarkerType1" : "chart",
        "YAxisMinimum" : 0,
        "SeriesMarkerType2" : "chart",
        "Top" : 100,
        "SeriesType9" : "chart",
        "SeriesType8" : "chart",
        "SeriesMarkerType9" : "chart",
        "SeriesStyle22" : "DefaultChartStyle22",
        "SeriesType7" : "chart",
        "SeriesStyle23" : "DefaultChartStyle23",
        "SeriesType6" : "chart",
        "SeriesMarkerType7" : "chart",
        "SeriesStyle20" : "DefaultChartStyle20",
        "SeriesType5" : "chart",
        "SeriesMarkerType8" : "chart",
        "SeriesStyle21" : "DefaultChartStyle21",
        "Id" : "labelchart-1",
        "SeriesType4" : "chart",
        "SeriesMarkerType5" : "chart",
        "SeriesType3" : "chart",
        "SeriesMarkerType6" : "chart",
        "ShowLegend" : false,
        "SeriesType2" : "chart",
        "SeriesMarkerType3" : "chart",
        "SeriesStyle24" : "DefaultChartStyle24",
        "SeriesType1" : "chart",
        "SeriesMarkerType4" : "chart",
        "SeriesType10" : "chart",
        "SeriesType11" : "chart",
        "SeriesType12" : "chart",
        "SeriesType13" : "chart",
        "SeriesType14" : "chart",
        "SeriesType15" : "chart",
        "SeriesType16" : "chart",
        "AxisZeroscale20" : false,
        "SeriesType17" : "chart",
        "SeriesType18" : "chart",
        "SeriesType19" : "chart",
        "AxisZeroscale19" : false,
        "AxisZeroscale18" : false,
        "LegendWidth" : 0,
        "AxisZeroscale11" : false,
        "Visible" : true,
        "AxisZeroscale10" : false,
        "AxisZeroscale13" : false,
        "AxisZeroscale12" : false,
        "AxisZeroscale15" : false,
        "Width" : 640,
        "AxisZeroscale14" : false,
        "AxisZeroscale17" : false,
        "AxisZeroscale16" : false,
        "SeriesType21" : "chart",
        "SeriesType22" : "chart",
        "SeriesType23" : "chart",
        "SeriesType24" : "chart",
        "SeriesMarkerType19" : "chart",
        "AxisZeroscale9" : false,
        "SeriesMarkerType18" : "chart",
        "SeriesMarkerType17" : "chart",
        "SeriesMarkerType16" : "chart",
        "ResponsiveLayout" : true,
        "AxisZeroscale6" : false,
        "AxisZeroscale5" : false,
        "AxisZeroscale8" : false,
        "AxisZeroscale7" : false,
        "AxisZeroscale2" : false,
        "AxisZeroscale1" : false,
        "AxisZeroscale4" : false,
        "AxisZeroscale3" : false,
        "AxisFormat11" : "0000.0",
        "AxisFormat12" : "0000.0",
        "Type" : "labelchart",
        "AxisFormat13" : "0000.0",
        "LegendOrientation" : "vertical",
        "AxisFormat14" : "0000.0",
        "AxisFormat15" : "0000.0",
        "AxisFormat16" : "0000.0",
        "AxisFormat17" : "0000.0",
        "AxisFormat18" : "0000.0",
        "ChartAreaStyle" : "DefaultChartAreaStyle",
        "SeriesMarkerType15" : "chart",
        "AxisZeroscale22" : false,
        "SeriesMarkerType14" : "chart",
        "AxisZeroscale21" : false,
        "SeriesMarkerType13" : "chart",
        "AxisZeroscale24" : false,
        "SeriesMarkerType12" : "chart",
        "AxisZeroscale23" : false,
        "SeriesMarkerType11" : "chart",
        "SeriesMarkerType10" : "chart",
        "AxisFormat10" : "0000.0",
        "SeriesType20" : "chart",
        "AxisAutoscale17" : true,
        "UseSecondaryAxis24" : false,
        "AxisAutoscale18" : true,
        "AxisAutoscale19" : true,
        "AxisFormat6" : "0000.0",
        "AxisFormat7" : "0000.0",
        "AxisFormat4" : "0000.0",
        "AxisFormat5" : "0000.0",
        "AxisFormat2" : "0000.0",
        "AxisFormat3" : "0000.0",
        "AxisFormat1" : "0000.0",
        "UseSecondaryAxis20" : false,
        "AxisMinimum24" : 0,
        "AxisAutoscale24" : true,
        "UseSecondaryAxis21" : false,
        "AxisMinimum23" : 0,
        "UseSecondaryAxis22" : false,
        "AxisMinimum22" : 0,
        "ChartTitle" : "Short/Long Term OEE2 Year",
        "AxisMinimum21" : 0,
        "UseSecondaryAxis23" : false,
        "AxisMinimum20" : 0,
        "AxisAutoscale20" : true,
        "AxisAutoscale21" : true,
        "AxisAutoscale22" : true,
        "AxisAutoscale23" : true,
        "EnableHover" : true,
        "ChartType" : "bar",
        "XAxisLabelRotation" : 0,
        "AxisFormat8" : "0000.0",
        "AxisFormat9" : "0000.0",
        "ShowYAxisTicks" : true,
        "UseSecondaryAxis7" : false,
        "Smoothing" : false,
        "UseSecondaryAxis6" : false,
        "UseSecondaryAxis9" : false,
        "ShowXAxisGrid" : true,
        "UseSecondaryAxis8" : false,
        "UseSecondaryAxis3" : false,
        "AxisAutoscale13" : true,
        "UseSecondaryAxis2" : false,
        "AxisAutoscale14" : true,
        "UseSecondaryAxis5" : false,
        "AxisAutoscale15" : true,
        "UseSecondaryAxis4" : false,
        "AxisAutoscale16" : true,
        "AxisAutoscale10" : true,
        "UseSecondaryAxis1" : false,
        "AxisAutoscale11" : true,
        "AxisAutoscale12" : true,
        "AxisMinimum1" : 0,
        "AxisAutoscale4" : true,
        "AxisMinimum2" : 0,
        "AxisAutoscale5" : true,
        "AxisAutoscale2" : true,
        "AxisMinimum3" : 0,
        "AxisAutoscale3" : true,
        "AxisMinimum4" : 0,
        "AxisAutoscale8" : true,
        "AxisAutoscale9" : true,
        "AxisAutoscale6" : true,
        "AxisAutoscale7" : true,
        "AxisMinimum9" : 0,
        "SingleDataSource" : true,
        "ChartTitleStyle" : "DefaultChartTitleStyle",
        "AxisMinimum5" : 0,
        "AxisAutoscale1" : true,
        "AxisMinimum6" : 0,
        "ShowXAxisLabels" : true,
        "AxisMinimum7" : 0,
        "ChartLegendStyle" : "DefaultChartLegendStyle",
        "AxisMinimum8" : 0,
        "YAxisMode" : "single",
        "DisplayName" : "labelchart-1",
        "Height" : 240,
        "YAxisStyle" : "DefaultChartAxisStyle",
        "AllowYAxisZoom" : true,
        "SecondaryYAxisMinimum" : 0,
        "UseSecondaryAxis17" : false,
        "UseSecondaryAxis18" : false,
        "UseSecondaryAxis19" : false,
        "UseSecondaryAxis13" : false,
        "UseSecondaryAxis14" : false,
        "UseSecondaryAxis15" : false,
        "UseSecondaryAxis16" : false,
        "StackSeries" : false,
        "MarkerType" : "circle",
        "UseSecondaryAxis10" : false,
        "UseSecondaryAxis11" : false,
        "UseSecondaryAxis12" : false
      }
    } ],
    "Properties" : {
      "MinHeight" : 0,
      "Left" : 0,
      "BGImageRepeat" : "no-repeat",
      "ShowDataLoading" : false,
      "AddToDashboardButtonStyle" : "DefaultAddToDashboardButtonStyle",
      "id_index" : 1,
      "supportsAutoResize" : true,
      "Visible" : true,
      "DisplayName" : "Mashup",
      "Style" : "DefaultMashupStyle",
      "BGImageSize" : "auto",
      "Height" : 618,
      "_currentParameterDefs" : [ {
        "Description" : "",
        "BaseType" : "STRING",
        "ParameterName" : "MachineThingName"
      } ],
      "Width" : 1024,
      "TitleBar" : false,
      "Rows" : 0,
      "ConfigureGadgetButtonStyle" : "DefaultConfigureGadgetButtonStyle",
      "TitleBarStyle" : "DefaultTitleBarStyle",
      "ResponsiveLayout" : true,
      "Title" : "",
      "Columns" : 0,
      "Z-index" : 10,
      "TitleBarText" : "Gadget Title Here",
      "MinWidth" : 0,
      "__TypeDisplayName" : "Mashup",
      "EnableParameterEditing" : false,
      "Area" : "Mashup",
      "Type" : "mashup",
      "MachineThingName" : "",
      "Top" : 0,
      "IsPrintLayout" : false,
      "MashupToEditGadget" : "DefaultMashupToEditGadget",
      "Id" : "mashup-root",
      "IgnoreWarningsInViewMashup" : false
    }
  },
  "Events" : [ {
    "EventTriggerArea" : "Mashup",
    "EventHandlerService" : "GetOEE2ResultSummaryYear",
    "EventTriggerSection" : "",
    "EventHandlerId" : "DynamicThingShapes_KBOEE2Shape",
    "EventTriggerEvent" : "Loaded",
    "Id" : "5f43267a-376d-40c3-851b-41a6a3551167",
    "EventTriggerId" : "mashup-root",
    "EventHandlerArea" : "Data"
  }, {
    "EventTriggerArea" : "Mashup",
    "EventHandlerService" : "GetOEE2ResultSummaryYear",
    "EventTriggerSection" : "",
    "EventHandlerId" : "DynamicThingShapes_KBOEE2Shape",
    "EventTriggerEvent" : "RefreshRequested",
    "Id" : "d0269f97-0b6b-4db0-961d-4e6da20154ac",
    "EventTriggerId" : "mashup-root",
    "EventHandlerArea" : "Data"
  }, {
    "EventTriggerArea" : "Mashup",
    "EventHandlerService" : "GetProperties",
    "EventTriggerSection" : "",
    "EventHandlerId" : "DynamicThingShapes_KBOEE2Shape",
    "EventTriggerEvent" : "Loaded",
    "Id" : "873f94d1-0504-4873-baee-7b4cdc30845d",
    "EventTriggerId" : "mashup-root",
    "EventHandlerArea" : "Data"
  }, {
    "EventTriggerArea" : "Mashup",
    "EventHandlerService" : "GetProperties",
    "EventTriggerSection" : "",
    "EventHandlerId" : "DynamicThingShapes_KBOEE2Shape",
    "EventTriggerEvent" : "RefreshRequested",
    "Id" : "14b0bca7-2fac-4ba8-99e1-edac504974b5",
    "EventTriggerId" : "mashup-root",
    "EventHandlerArea" : "Data"
  }, {
    "EventTriggerArea" : "Mashup",
    "EventHandlerService" : "GetProperties",
    "EventTriggerSection" : "",
    "EventHandlerId" : "DynamicThingShapes_KBOEE2Shape",
    "EventTriggerEvent" : "MachineThingNameChanged",
    "Id" : "a343a488-3118-4e1d-b530-875b5bfcfe84",
    "EventTriggerId" : "mashup-root",
    "EventHandlerArea" : "Data"
  }, {
    "EventTriggerArea" : "Mashup",
    "EventHandlerService" : "GetOEE2ResultSummaryYear",
    "EventTriggerSection" : "",
    "EventHandlerId" : "DynamicThingShapes_KBOEE2Shape",
    "EventTriggerEvent" : "MachineThingNameChanged",
    "Id" : "7e7be849-d07a-42cd-9072-3ddf3e52b416",
    "EventTriggerId" : "mashup-root",
    "EventHandlerArea" : "Data"
  } ],
  "mashupType" : "mashup",
  "DataBindings" : [ {
    "SourceArea" : "Mashup",
    "TargetArea" : "Data",
    "TargetSection" : "DynamicThingShapes_KBOEE2Shape",
    "SourceId" : "mashup-root",
    "Id" : "86479b7e-d098-49df-a486-46b47d025537",
    "SourceSection" : "",
    "PropertyMaps" : [ {
      "TargetProperty" : "value",
      "TargetPropertyType" : "Entity",
      "SourcePropertyBaseType" : "STRING",
      "TargetPropertyBaseType" : "THINGNAME",
      "SourceProperty" : "MachineThingName"
    } ],
    "TargetId" : "EntityName"
  }, {
    "SourceArea" : "Data",
    "TargetArea" : "UI",
    "TargetSection" : "",
    "SourceId" : "GetOEE2ResultSummaryYear",
    "Id" : "8bfb1625-02f5-4d8b-bba2-e633765c4fc0",
    "SourceSection" : "DynamicThingShapes_KBOEE2Shape",
    "SourceDetails" : "AllData",
    "PropertyMaps" : [ {
      "SourcePropertyType" : "InfoTable",
      "TargetProperty" : "Data",
      "TargetPropertyType" : "property",
      "SourcePropertyBaseType" : "INFOTABLE",
      "TargetPropertyBaseType" : "INFOTABLE",
      "SourceProperty" : ""
    } ],
    "TargetId" : "labelchart-1"
  }, {
    "SourceArea" : "Data",
    "TargetArea" : "UI",
    "TargetSection" : "",
    "SourceId" : "GetProperties",
    "Id" : "e7b7901b-c586-43fb-9f49-218b3d9e7a32",
    "SourceSection" : "DynamicThingShapes_KBOEE2Shape",
    "SourceDetails" : "AllData",
    "PropertyMaps" : [ {
      "SourcePropertyType" : "Property",
      "TargetProperty" : "YAxisMinimum",
      "TargetPropertyType" : "property",
      "SourcePropertyBaseType" : "NUMBER",
      "TargetPropertyBaseType" : "NUMBER",
      "SourceProperty" : "OEE2ScalingMin"
    } ],
    "TargetId" : "labelchart-1"
  }, {
    "SourceArea" : "Data",
    "TargetArea" : "UI",
    "TargetSection" : "",
    "SourceId" : "GetProperties",
    "Id" : "b94a3d55-3393-4c9e-bfc8-4de018c53bdb",
    "SourceSection" : "DynamicThingShapes_KBOEE2Shape",
    "SourceDetails" : "AllData",
    "PropertyMaps" : [ {
      "SourcePropertyType" : "Property",
      "TargetProperty" : "YAxisMaximum",
      "TargetPropertyType" : "property",
      "SourcePropertyBaseType" : "NUMBER",
      "TargetPropertyBaseType" : "NUMBER",
      "SourceProperty" : "OEE2ScalingMax"
    } ],
    "TargetId" : "labelchart-1"
  } ],
  "Data" : {
    "UserExtensions" : {
      "EntityType" : "UserExtensions",
      "Services" : [ {
        "Target" : "GetCurrentUserExtensionProperties",
        "Parameters" : { },
        "APIMethod" : "post",
        "Characteristic" : "Services",
        "RefreshInterval" : 0,
        "Id" : "UserExtensionInterface",
        "Name" : "GetCurrentUserExtensionProperties"
      } ],
      "EntityName" : "",
      "Id" : "UserExtensions",
      "DataName" : "UserExtensions"
    },
    "DynamicThingShapes_KBOEE2Shape" : {
      "EntityType" : "DynamicThingShapes",
      "Services" : [ {
        "Target" : "GetOEE2ResultSummaryYear",
        "Parameters" : { },
        "APIMethod" : "post",
        "Characteristic" : "Services",
        "RefreshInterval" : 0,
        "Id" : "5ef577d2-b8e2-449b-9a1d-ba3fc889fa2b",
        "Name" : "GetOEE2ResultSummaryYear"
      }, {
        "Target" : "GetProperties",
        "Parameters" : { },
        "APIMethod" : "get",
        "Characteristic" : "Services",
        "RefreshInterval" : 0,
        "Id" : "9222611d-6e72-4b0b-ae36-43797eb71444",
        "Name" : "GetProperties"
      } ],
      "EntityName" : "KBOEE2Shape",
      "Id" : "da7d65da-6cf0-496f-8633-9588993fa569",
      "DataName" : "DynamicThingShapes_KBOEE2Shape"
    },
    "Session" : {
      "EntityType" : "Session",
      "Services" : [ {
        "Target" : "GetGlobalSessionValues",
        "Parameters" : { },
        "APIMethod" : "post",
        "Characteristic" : "Services",
        "RefreshInterval" : 0,
        "Id" : "SessionInterface",
        "Name" : "GetGlobalSessionValues"
      } ],
      "EntityName" : "",
      "Id" : "session",
      "DataName" : "Session"
    }
  },
  "DesignTimePermissions" : { }
}]]></mashupContent>
			<ConfigurationChanges>
				<ConfigurationChange changeAction="CREATE"
					changeReason="header : name : updated, projectName : updated, tags : updated&#10;documentation : updated&#10;visibility permissions : updated&#10;run time permissions : updated&#10;"
					timestamp="2018-02-19T12:07:51.164+01:00" user="adm-flassakm" />
				<ConfigurationChange changeAction="MODIFY"
					changeReason="" timestamp="2018-02-19T12:15:59.387+01:00"
					user="adm-flassakm" />
				<ConfigurationChange changeAction="MODIFY"
					changeReason="" timestamp="2018-02-19T12:16:26.716+01:00"
					user="adm-flassakm" />
				<ConfigurationChange changeAction="MODIFY"
					changeReason="" timestamp="2018-02-19T12:16:28.747+01:00"
					user="adm-flassakm" />
				<ConfigurationChange changeAction="MODIFY"
					changeReason="" timestamp="2018-02-19T12:19:54.436+01:00"
					user="adm-flassakm" />
				<ConfigurationChange changeAction="MODIFY"
					changeReason="" timestamp="2018-02-19T12:19:57.686+01:00"
					user="adm-flassakm" />
				<ConfigurationChange changeAction="MODIFY"
					changeReason="" timestamp="2018-02-19T12:20:39.999+01:00"
					user="adm-flassakm" />
			</ConfigurationChanges>
		</Mashup>
	</Mashups>
</Entities>