<?xml version="1.0" encoding="UTF-8"?>
<Entities
 majorVersion="9"
 minorVersion="3"
 universal="password">
    <Mashups>
        <Mashup
         aspect.isFlex="true"
         aspect.isResponsive="true"
         aspect.mashupType="target"
         columns="0.0"
         description=""
         documentationContent=""
         homeMashup=""
         name="KBSmartProductionMaster1Mashup_Original"
         projectName="PTCDefaultProject"
         rows="0.0"
         tags="">
            <avatar></avatar>
            <DesignTimePermissions>
                <Create></Create>
                <Read>
                    <Principal
                     isPermitted="true"
                     name="KBMachineOperatorUserGroup"
                     type="Group"></Principal>
                </Read>
                <Update></Update>
                <Delete></Delete>
                <Metadata></Metadata>
            </DesignTimePermissions>
            <RunTimePermissions>
                <Permissions
                 resourceName="*">
                    <PropertyRead>
                        <Principal
                         isPermitted="true"
                         name="KBMachineOperatorUserGroup"
                         type="Group"></Principal>
                        <Principal
                         isPermitted="true"
                         name="KBUserGroup"
                         type="Group"></Principal>
                    </PropertyRead>
                    <PropertyWrite></PropertyWrite>
                    <ServiceInvoke>
                        <Principal
                         isPermitted="true"
                         name="KBMachineOperatorUserGroup"
                         type="Group"></Principal>
                        <Principal
                         isPermitted="true"
                         name="KBUserGroup"
                         type="Group"></Principal>
                    </ServiceInvoke>
                    <EventInvoke></EventInvoke>
                    <EventSubscribe></EventSubscribe>
                </Permissions>
            </RunTimePermissions>
            <VisibilityPermissions>
                <Visibility>
                    <Principal
                     isPermitted="true"
                     name="KBBackGroundWorker"
                     type="Organization"></Principal>
                    <Principal
                     isPermitted="true"
                     name="KBOrganization"
                     type="Organization"></Principal>
                </Visibility>
            </VisibilityPermissions>
            <ConfigurationTableDefinitions></ConfigurationTableDefinitions>
            <ConfigurationTables>
                <ConfigurationTable
                 dataShapeName=""
                 description="Mashup Mobile Settings"
                 isHidden="true"
                 isMultiRow="false"
                 name="MobileSettings"
                 ordinal="0">
                    <DataShape>
                        <FieldDefinitions>
                            <FieldDefinition
                             aspect.defaultValue="false"
                             aspect.friendlyName="Disable Zoom"
                             baseType="BOOLEAN"
                             description="Disables zooming in and out within the mashup"
                             name="disableZoom"
                             ordinal="0"></FieldDefinition>
                            <FieldDefinition
                             aspect.defaultValue="true"
                             aspect.friendlyName="Full Screen Mode"
                             baseType="BOOLEAN"
                             description="Open the mashup in full screen mode"
                             name="fullScreenMode"
                             ordinal="0"></FieldDefinition>
                            <FieldDefinition
                             aspect.friendlyName="Height"
                             baseType="STRING"
                             description="The height of the mashup page"
                             name="height"
                             ordinal="0"></FieldDefinition>
                            <FieldDefinition
                             aspect.defaultValue="device-height"
                             aspect.friendlyName="Height Type"
                             baseType="STRING"
                             description="Use the height of the device display, or a custom height (in px)"
                             name="heightType"
                             ordinal="0"></FieldDefinition>
                            <FieldDefinition
                             aspect.defaultValue="1.0"
                             aspect.friendlyName="Initial Scale"
                             baseType="NUMBER"
                             description="The initial zoom scale when the mashup is loaded for the first time"
                             name="initialScale"
                             ordinal="0"></FieldDefinition>
                            <FieldDefinition
                             aspect.friendlyName="Shortcut Icon Title"
                             baseType="STRING"
                             description="A title for the mashup shortcut on the iOS home screen"
                             name="iosShortcutIconTitle"
                             ordinal="0"></FieldDefinition>
                            <FieldDefinition
                             aspect.defaultValue="black-translucent"
                             aspect.friendlyName="Status Bar Appearance"
                             baseType="STRING"
                             description="The style of the iOS status bar"
                             name="iosStatusBarAppearance"
                             ordinal="0"></FieldDefinition>
                            <FieldDefinition
                             aspect.defaultValue="10.0"
                             aspect.friendlyName="Maximum Scale"
                             baseType="NUMBER"
                             description="The maximum scale that users can zoom out to"
                             name="maximumScale"
                             ordinal="0"></FieldDefinition>
                            <FieldDefinition
                             aspect.defaultValue="0.1"
                             aspect.friendlyName="Minimum Scale"
                             baseType="NUMBER"
                             description="The minimum scale that users can zoom out to"
                             name="minimumScale"
                             ordinal="0"></FieldDefinition>
                            <FieldDefinition
                             aspect.friendlyName="Width"
                             baseType="STRING"
                             description="The width of the mashup page"
                             name="width"
                             ordinal="0"></FieldDefinition>
                            <FieldDefinition
                             aspect.defaultValue="device-width"
                             aspect.friendlyName="Width Type"
                             baseType="STRING"
                             description="Use the width of the device display, or a custom width (in px)"
                             name="widthType"
                             ordinal="0"></FieldDefinition>
                        </FieldDefinitions>
                    </DataShape>
                    <Rows>
                        <Row>
                            <disableZoom>false</disableZoom>
                            <fullScreenMode>true</fullScreenMode>
                            <height></height>
                            <heightType>
                            <![CDATA[
                            device-height
                            ]]>
                            </heightType>
                            <initialScale>1.0</initialScale>
                            <iosShortcutIconTitle></iosShortcutIconTitle>
                            <iosStatusBarAppearance>
                            <![CDATA[
                            black-translucent
                            ]]>
                            </iosStatusBarAppearance>
                            <maximumScale>10.0</maximumScale>
                            <minimumScale>0.1</minimumScale>
                            <width></width>
                            <widthType>
                            <![CDATA[
                            device-width
                            ]]>
                            </widthType>
                        </Row>
                    </Rows>
                </ConfigurationTable>
            </ConfigurationTables>
            <ParameterDefinitions></ParameterDefinitions>
            <Things></Things>
            <ThingShapes></ThingShapes>
            <ThingTemplates></ThingTemplates>
            <mashupContent>
            <![CDATA[
            {
              "CustomMashupCss" : "",
              "Data" : {
                "Resources_KBThingWorxServerSystem" : {
                  "DataName" : "Resources_KBThingWorxServerSystem",
                  "EntityName" : "KBThingWorxServerSystem",
                  "EntityType" : "Resources",
                  "Id" : "a3166fb1-46f2-49ad-80b4-9b236a593d53",
                  "RefreshInterval" : 0,
                  "Services" : [ {
                    "APIMethod" : "post",
                    "Characteristic" : "Services",
                    "Id" : "e3e1557a-aecb-4b77-917a-3f32cbd5d74d",
                    "Name" : "GetStagingIdentifier",
                    "Parameters" : { },
                    "RefreshInterval" : 0,
                    "Target" : "GetStagingIdentifier"
                  } ]
                },
                "Session" : {
                  "DataName" : "Session",
                  "EntityName" : "",
                  "EntityType" : "Session",
                  "Id" : "session",
                  "Services" : [ {
                    "APIMethod" : "post",
                    "Characteristic" : "Services",
                    "Id" : "SessionInterface",
                    "Name" : "GetGlobalSessionValues",
                    "Parameters" : { },
                    "RefreshInterval" : 0,
                    "Target" : "GetGlobalSessionValues"
                  } ]
                },
                "Things_KBMasterMashupHelperThing" : {
                  "DataName" : "Things_KBMasterMashupHelperThing",
                  "EntityName" : "KBMasterMashupHelperThing",
                  "EntityType" : "Things",
                  "Id" : "1f43d3a6-477e-4dbe-9f05-ddd021f6ce53",
                  "RefreshInterval" : 0,
                  "Services" : [ {
                    "APIMethod" : "post",
                    "Characteristic" : "Services",
                    "Id" : "e43cc85a-b1b3-4e48-98be-cfe5ffece0bb",
                    "Name" : "GetMenu",
                    "Parameters" : { },
                    "RefreshInterval" : 0,
                    "Target" : "GetMenu"
                  }, {
                    "APIMethod" : "post",
                    "Characteristic" : "Services",
                    "Id" : "049201ee-0025-4159-9e9f-78466db7509b",
                    "Name" : "IsGroupMember",
                    "Parameters" : {
                      "group" : "Administrators"
                    },
                    "RefreshInterval" : 0,
                    "Target" : "IsGroupMember"
                  } ]
                },
                "UserExtensions" : {
                  "DataName" : "UserExtensions",
                  "EntityName" : "",
                  "EntityType" : "UserExtensions",
                  "Id" : "UserExtensions",
                  "Services" : [ {
                    "APIMethod" : "post",
                    "Characteristic" : "Services",
                    "Id" : "UserExtensionInterface",
                    "Name" : "GetCurrentUserExtensionProperties",
                    "Parameters" : { },
                    "RefreshInterval" : 0,
                    "Target" : "GetCurrentUserExtensionProperties"
                  } ]
                }
              },
              "DataBindings" : [ {
                "Id" : "e076b764-b6f6-4454-b43f-0c91a5a6bb1a",
                "PropertyMaps" : [ {
                  "SourceProperty" : "name",
                  "SourcePropertyBaseType" : "STRING",
                  "SourcePropertyType" : "Field",
                  "TargetProperty" : "userName",
                  "TargetPropertyBaseType" : "STRING",
                  "TargetPropertyType" : "Parameter"
                } ],
                "SourceArea" : "UserExtensions",
                "SourceDetails" : "AllData",
                "SourceId" : "UserExtensions",
                "SourceSection" : "UserExtensions",
                "TargetArea" : "Data",
                "TargetId" : "GetMenu",
                "TargetSection" : "Things_KBMasterMashupHelperThing"
              }, {
                "Id" : "a9abf75e-b2e9-41c4-8aea-b85ef16cdf0a",
                "PropertyMaps" : [ {
                  "SourceProperty" : "",
                  "SourcePropertyBaseType" : "INFOTABLE",
                  "SourcePropertyType" : "InfoTable",
                  "TargetProperty" : "PrimaryNavData",
                  "TargetPropertyBaseType" : "INFOTABLE",
                  "TargetPropertyType" : "property"
                } ],
                "SourceArea" : "Data",
                "SourceDetails" : "AllData",
                "SourceId" : "GetMenu",
                "SourceSection" : "Things_KBMasterMashupHelperThing",
                "TargetArea" : "UI",
                "TargetId" : "ptcsmenubar-6",
                "TargetSection" : ""
              }, {
                "Id" : "d43cd4ee-42c9-47ed-928f-2cd2aa5c4c94",
                "PropertyMaps" : [ {
                  "SourceProperty" : "name",
                  "SourcePropertyBaseType" : "STRING",
                  "SourcePropertyType" : "Field",
                  "TargetProperty" : "user",
                  "TargetPropertyBaseType" : "STRING",
                  "TargetPropertyType" : "Parameter"
                } ],
                "SourceArea" : "UserExtensions",
                "SourceDetails" : "AllData",
                "SourceId" : "UserExtensions",
                "SourceSection" : "UserExtensions",
                "TargetArea" : "Data",
                "TargetId" : "IsGroupMember",
                "TargetSection" : "Things_KBMasterMashupHelperThing"
              }, {
                "Id" : "bcf26a24-960a-467a-8e81-cd30c1a13d42",
                "PropertyMaps" : [ {
                  "SourceProperty" : "result",
                  "SourcePropertyBaseType" : "BOOLEAN",
                  "SourcePropertyType" : "Field",
                  "TargetProperty" : "Visible",
                  "TargetPropertyBaseType" : "BOOLEAN",
                  "TargetPropertyType" : "property"
                } ],
                "SourceArea" : "Data",
                "SourceDetails" : "AllData",
                "SourceId" : "IsGroupMember",
                "SourceSection" : "Things_KBMasterMashupHelperThing",
                "TargetArea" : "UI",
                "TargetId" : "ptcsmenubar-6",
                "TargetSection" : ""
              }, {
                "Id" : "3fab7f62-1ae0-45e8-9033-1b10209ef78e",
                "PropertyMaps" : [ {
                  "SourceProperty" : "Result",
                  "SourcePropertyBaseType" : "STRING",
                  "SourcePropertyType" : "Field",
                  "TargetProperty" : "stagingLevel",
                  "TargetPropertyBaseType" : "STRING",
                  "TargetPropertyType" : "property"
                } ],
                "SourceArea" : "Data",
                "SourceDetails" : "AllData",
                "SourceId" : "GetStagingIdentifier",
                "SourceSection" : "Resources_KBThingWorxServerSystem",
                "TargetArea" : "UI",
                "TargetId" : "validator2-17",
                "TargetSection" : ""
              }, {
                "Id" : "a43712d2-d853-4b31-b062-fc32ce924057",
                "PropertyMaps" : [ {
                  "SourceProperty" : "Output",
                  "SourcePropertyBaseType" : "BOOLEAN",
                  "SourcePropertyType" : "Property",
                  "TargetProperty" : "LabelText",
                  "TargetPropertyBaseType" : "STRING",
                  "TargetPropertyType" : "property"
                } ],
                "SourceArea" : "UI",
                "SourceId" : "validator2-17",
                "SourceSection" : "",
                "TargetArea" : "UI",
                "TargetId" : "ptcslabel-18",
                "TargetSection" : ""
              }, {
                "Id" : "c7e9e75d-3af3-45f1-996f-e88fec549ae3",
                "PropertyMaps" : [ {
                  "SourceProperty" : "fullName",
                  "SourcePropertyBaseType" : "STRING",
                  "SourcePropertyType" : "Field",
                  "TargetProperty" : "LabelText",
                  "TargetPropertyBaseType" : "STRING",
                  "TargetPropertyType" : "property"
                } ],
                "SourceArea" : "UserExtensions",
                "SourceDetails" : "AllData",
                "SourceId" : "UserExtensions",
                "SourceSection" : "UserExtensions",
                "TargetArea" : "UI",
                "TargetId" : "ptcslabel-19",
                "TargetSection" : ""
              }, {
                "Id" : "baaae18e-5dc5-47bb-834e-b995c889f6b7",
                "PropertyMaps" : [ {
                  "SourceProperty" : "MashupName",
                  "SourcePropertyBaseType" : "STRING",
                  "SourcePropertyType" : "Field",
                  "TargetProperty" : "MashupName",
                  "TargetPropertyBaseType" : "STRING",
                  "TargetPropertyType" : "property"
                } ],
                "SourceArea" : "Session",
                "SourceDetails" : "AllData",
                "SourceId" : "Session",
                "SourceSection" : "Session",
                "TargetArea" : "UI",
                "TargetId" : "expression2-31",
                "TargetSection" : ""
              }, {
                "Id" : "1ac39286-e611-4d37-ab4d-68c0ccc26ebc",
                "PropertyMaps" : [ {
                  "SourceProperty" : "Output",
                  "SourcePropertyBaseType" : "STRING",
                  "SourcePropertyType" : "Property",
                  "TargetProperty" : "LinkURL",
                  "TargetPropertyBaseType" : "STRING",
                  "TargetPropertyType" : "property"
                } ],
                "SourceArea" : "UI",
                "SourceId" : "expression2-31",
                "SourceSection" : "",
                "TargetArea" : "UI",
                "TargetId" : "ptcslink-32",
                "TargetSection" : ""
              } ],
              "DesignTimePermissions" : { },
              "Events" : [ {
                "EventHandlerArea" : "Data",
                "EventHandlerId" : "Things_KBMasterMashupHelperThing",
                "EventHandlerService" : "GetMenu",
                "EventTriggerArea" : "Mashup",
                "EventTriggerEvent" : "Loaded",
                "EventTriggerId" : "mashup-root",
                "EventTriggerSection" : "",
                "Id" : "1bb8c948-9a78-4e18-8052-a085d5c747ca"
              }, {
                "EventHandlerArea" : "Data",
                "EventHandlerId" : "Things_KBMasterMashupHelperThing",
                "EventHandlerService" : "IsGroupMember",
                "EventTriggerArea" : "Mashup",
                "EventTriggerEvent" : "Loaded",
                "EventTriggerId" : "mashup-root",
                "EventTriggerSection" : "",
                "Id" : "cf1a2901-a558-4ad7-8455-5ebe8fa1c365"
              }, {
                "EventHandlerArea" : "Data",
                "EventHandlerId" : "Resources_KBThingWorxServerSystem",
                "EventHandlerService" : "GetStagingIdentifier",
                "EventTriggerArea" : "Mashup",
                "EventTriggerEvent" : "Loaded",
                "EventTriggerId" : "mashup-root",
                "EventTriggerSection" : "",
                "Id" : "7b8d9b12-8a46-4134-a78e-9cca5d2ee5a7"
              }, {
                "EventHandlerArea" : "UI",
                "EventHandlerId" : "navigationfunction-22",
                "EventHandlerService" : "Navigate",
                "EventTriggerArea" : "UI",
                "EventTriggerEvent" : "Clicked",
                "EventTriggerId" : "ptcsbutton-24",
                "EventTriggerSection" : "",
                "Id" : "171809ff-dfe4-423c-ac15-f8e845cdda58"
              }, {
                "EventHandlerArea" : "UI",
                "EventHandlerId" : "logoutfunction-25",
                "EventHandlerService" : "Logout",
                "EventTriggerArea" : "UI",
                "EventTriggerEvent" : "Clicked",
                "EventTriggerId" : "ptcsbutton-26",
                "EventTriggerSection" : "",
                "Id" : "56dac8ae-6c1b-46c4-81a9-6ec152e05b86"
              }, {
                "EventHandlerArea" : "UI",
                "EventHandlerId" : "expression2-31",
                "EventHandlerService" : "Evaluate",
                "EventTriggerArea" : "Mashup",
                "EventTriggerEvent" : "Loaded",
                "EventTriggerId" : "mashup-root",
                "EventTriggerSection" : "",
                "Id" : "913966e3-0e8b-42ea-906b-5d7511e7c2ae"
              }, {
                "EventHandlerArea" : "UI",
                "EventHandlerId" : "ptcslink-32",
                "EventHandlerService" : "Navigate",
                "EventTriggerArea" : "UI",
                "EventTriggerEvent" : "Clicked",
                "EventTriggerId" : "ptcsbutton-30",
                "EventTriggerSection" : "",
                "Id" : "d58f8cb8-11f4-4d6a-8771-7a9464c142a4"
              } ],
              "Reminders" : [ ],
              "RunTimePermissions" : { },
              "UI" : {
                "Properties" : {
                  "Area" : "Mashup",
                  "BGImageRepeat" : "no-repeat",
                  "BGImageSize" : "auto",
                  "DisplayName" : "Mashup",
                  "DropShadow" : false,
                  "Font" : "Arial, Helvetica",
                  "Height" : 768,
                  "Id" : "mashup-root",
                  "Left" : 0,
                  "Margin" : "5",
                  "MaxWidth" : 0,
                  "MinHeight" : 0,
                  "MinWidth" : 0,
                  "ResponsiveLayout" : true,
                  "ShowDataLoading" : true,
                  "Style" : "DefaultMasterMashupStyle",
                  "StyleProperties" : {
                    "data" : {
                      "ptcsbutton-24" : {
                        "parts" : {
                          "$" : {
                            "$" : {
                              "background" : "inherit",
                              "border-color" : "inherit",
                              "min-width" : "50px"
                            },
                            "hover" : {
                              "background" : "inherit",
                              "border-color" : "inherit"
                            }
                          }
                        },
                        "widget" : "ptcs-button"
                      },
                      "ptcsbutton-30" : {
                        "parts" : {
                          "$" : {
                            "$" : {
                              "min-height" : "35px",
                              "min-width" : "35px"
                            }
                          }
                        },
                        "widget" : "ptcs-button"
                      },
                      "ptcslabel-18" : {
                        "parts" : {
                          "$" : {
                            "$" : {
                              "color" : "rgba(191,48,48,1)",
                              "font-size" : "28px",
                              "font-weight" : "900"
                            }
                          }
                        },
                        "widget" : "ptcs-label"
                      },
                      "ptcslabel-23" : {
                        "parts" : {
                          "$" : {
                            "$" : {
                              "font-size" : "9px"
                            }
                          }
                        },
                        "widget" : "ptcs-label"
                      },
                      "ptcslink-32" : {
                        "parts" : {
                          "link" : {
                            "$" : {
                              "font-size" : "10px"
                            }
                          }
                        },
                        "widget" : "ptcs-link"
                      }
                    },
                    "meta" : {
                      "type" : "WidgetStyler",
                      "version" : "1.0"
                    }
                  },
                  "StyleTheme" : "KBStandardStyleTheme",
                  "Title" : "",
                  "Top" : 0,
                  "Type" : "targetmashup",
                  "UseThemeForHybrids" : false,
                  "Visible" : true,
                  "Width" : 1024,
                  "WindowStyle" : "DefaultMasterWindowStyle",
                  "Z-index" : 10,
                  "__TypeDisplayName" : "Master Mashup",
                  "align-content" : "stretch",
                  "align-items" : "stretch",
                  "flex-basis" : "auto",
                  "flex-direction" : "column",
                  "flex-grow" : 1,
                  "flex-height" : 0,
                  "flex-shrink" : 0,
                  "flex-width" : 0,
                  "flex-wrap" : "nowrap",
                  "id_index" : 32,
                  "justify-content" : "flex-start",
                  "secureExpressionsOnly" : true,
                  "supportsAutoResize" : true
                },
                "Widgets" : [ {
                  "Properties" : {
                    "Area" : "UI",
                    "CollapseTabIcon" : "",
                    "DisplayName" : "Left Side Container with Menu",
                    "EnableContainerUnload" : false,
                    "EnableExpandCollapse" : false,
                    "ExpandCollapseTabLocation" : "inside",
                    "ExpandTabIcon" : "",
                    "Expanded" : true,
                    "Id" : "flexcontainer-1",
                    "LastContainer" : true,
                    "LazyLoading" : false,
                    "Margin" : "",
                    "Overlay" : false,
                    "ResponsiveLayout" : true,
                    "ShowDataLoading" : true,
                    "ShowExpandCollapseTab" : false,
                    "SourceURL" : "",
                    "Style" : "DefaultContainerStyle",
                    "StyleProperties" : { },
                    "Type" : "flexcontainer",
                    "UseTheme" : false,
                    "Visible" : true,
                    "Z-index" : 10,
                    "__TypeDisplayName" : "Container",
                    "align-content" : "flex-start",
                    "align-items" : "flex-start",
                    "flex-basis" : "auto",
                    "flex-direction" : "row",
                    "flex-grow" : 1,
                    "flex-max-height" : "",
                    "flex-max-width" : "",
                    "flex-min-height" : "",
                    "flex-min-width" : "",
                    "flex-shrink" : 1,
                    "flex-size" : "default",
                    "flex-wrap" : "nowrap",
                    "iconClass" : "widgets-flexcontainer",
                    "isLocked" : true,
                    "justify-content" : "flex-start",
                    "positioning" : "responsive",
                    "userCannotRemove" : true
                  },
                  "Widgets" : [ {
                    "Properties" : {
                      "Area" : "UI",
                      "CollapseTabIcon" : "",
                      "DisplayName" : "Menu Bar",
                      "EnableContainerUnload" : false,
                      "EnableExpandCollapse" : false,
                      "ExpandCollapseTabLocation" : "inside",
                      "ExpandTabIcon" : "",
                      "Expanded" : true,
                      "Id" : "flexcontainer-2",
                      "LastContainer" : false,
                      "LazyLoading" : false,
                      "Margin" : "",
                      "Overlay" : false,
                      "ResponsiveLayout" : true,
                      "Scrolling" : "auto-scroll",
                      "ShowDataLoading" : true,
                      "ShowExpandCollapseTab" : false,
                      "SourceURL" : "",
                      "Style" : "DefaultContainerStyle",
                      "StyleProperties" : { },
                      "Type" : "flexcontainer",
                      "UseTheme" : false,
                      "Visible" : true,
                      "Z-index" : 10,
                      "__TypeDisplayName" : "Container",
                      "align-content" : "flex-start",
                      "align-items" : "flex-start",
                      "flex-basis" : "auto",
                      "flex-direction" : "row",
                      "flex-grow" : 1,
                      "flex-max-height" : "",
                      "flex-max-width" : "",
                      "flex-min-height" : "",
                      "flex-min-width" : "",
                      "flex-shrink" : 1,
                      "flex-size" : "",
                      "flex-wrap" : "nowrap",
                      "iconClass" : "widgets-flexcontainer",
                      "isLocked" : false,
                      "justify-content" : "flex-start",
                      "positioning" : "responsive",
                      "userCannotRemove" : false
                    },
                    "Widgets" : [ {
                      "Properties" : {
                        "AlwaysOpen" : false,
                        "Area" : "UI",
                        "CompactWidth" : 64,
                        "DataSource" : "infotable",
                        "DisableResizing" : false,
                        "Disabled" : false,
                        "DisplayItems" : "allitems",
                        "DisplayName" : "ptcs-menubar-6",
                        "FillContainer" : true,
                        "FooterLinkTargetWindow" : "self",
                        "Height" : 936,
                        "HideAlternateIcons" : false,
                        "HideFooter" : true,
                        "Id" : "ptcsmenubar-6",
                        "LastContainer" : false,
                        "Left" : 0,
                        "Margin" : "5",
                        "MashupControl" : "pagemashup",
                        "MaxWidth" : 296,
                        "MinWidth" : 150,
                        "MoreItemsLabel" : "[[moreItemsLabel]]",
                        "PreserveSelection" : false,
                        "PrimaryNavIcons" : false,
                        "PrimaryNavMaxItems" : 5,
                        "ResponsiveLayout" : true,
                        "SecondaryNavIcons" : false,
                        "ShowDataLoading" : true,
                        "StayOpenOnSelection" : false,
                        "SubMenuMaxWidth" : 248,
                        "SubMenuMinWidth" : 48,
                        "SubMenuType" : "flyout",
                        "SubmenuType" : "flyout",
                        "TabSequence" : 0,
                        "Top" : 0,
                        "Type" : "ptcsmenubar",
                        "UseTheme" : true,
                        "Visible" : true,
                        "Width" : 312,
                        "Z-index" : 10,
                        "__TypeDisplayName" : "Menu Bar (Preview)"
                      },
                      "Widgets" : [ ]
                    } ]
                  }, {
                    "Properties" : {
                      "Area" : "UI",
                      "CollapseTabIcon" : "",
                      "DisplayName" : "Content",
                      "EnableContainerUnload" : false,
                      "EnableExpandCollapse" : false,
                      "ExpandCollapseTabLocation" : "inside",
                      "ExpandTabIcon" : "",
                      "Expanded" : true,
                      "Id" : "flexcontainer-3",
                      "LastContainer" : true,
                      "LazyLoading" : false,
                      "Margin" : "",
                      "Overlay" : false,
                      "ResponsiveLayout" : false,
                      "Scrolling" : "auto-scroll",
                      "ShowDataLoading" : true,
                      "ShowExpandCollapseTab" : false,
                      "SourceURL" : "",
                      "Style" : "DefaultContainerStyle",
                      "StyleProperties" : { },
                      "Type" : "flexcontainer",
                      "UseTheme" : false,
                      "Visible" : true,
                      "Z-index" : 10,
                      "__TypeDisplayName" : "Container",
                      "align-content" : "flex-start",
                      "align-items" : "flex-start",
                      "flex-basis" : "auto",
                      "flex-direction" : "column",
                      "flex-grow" : 1,
                      "flex-height" : 0,
                      "flex-max-height" : "",
                      "flex-max-width" : "",
                      "flex-min-height" : "",
                      "flex-min-width" : "",
                      "flex-shrink" : 1,
                      "flex-size" : "default",
                      "flex-width" : 0,
                      "flex-wrap" : "nowrap",
                      "iconClass" : "widgets-flexcontainer",
                      "isLocked" : false,
                      "justify-content" : "flex-start",
                      "positioning" : "responsive",
                      "prev-align" : "flex-start",
                      "userCannotRemove" : false
                    },
                    "Widgets" : [ {
                      "Properties" : {
                        "Area" : "UI",
                        "CollapseTabIcon" : "",
                        "DisplayName" : "container-11",
                        "EnableContainerUnload" : false,
                        "EnableExpandCollapse" : false,
                        "ExpandCollapseTabLocation" : "inside",
                        "ExpandTabIcon" : "",
                        "Expanded" : true,
                        "Id" : "flexcontainer-11",
                        "LastContainer" : false,
                        "LazyLoading" : false,
                        "Margin" : "",
                        "Overlay" : false,
                        "ResponsiveLayout" : true,
                        "Scrolling" : "auto-scroll",
                        "ShowDataLoading" : true,
                        "ShowExpandCollapseTab" : false,
                        "SourceURL" : "",
                        "Style" : "DefaultContainerStyle",
                        "StyleProperties" : { },
                        "Type" : "flexcontainer",
                        "UseTheme" : false,
                        "Visible" : true,
                        "Z-index" : 10,
                        "__TypeDisplayName" : "Reaktionsfähiger Container",
                        "align-content" : "flex-start",
                        "align-items" : "flex-start",
                        "flex-basis" : "auto",
                        "flex-direction" : "row",
                        "flex-grow" : 1,
                        "flex-max-height" : "60px",
                        "flex-max-width" : "",
                        "flex-min-height" : "60px",
                        "flex-min-width" : "",
                        "flex-shrink" : 1,
                        "flex-size" : "fixed",
                        "flex-wrap" : "nowrap",
                        "iconClass" : "widgets-flexcontainer-fixed",
                        "isLocked" : false,
                        "justify-content" : "flex-start",
                        "positioning" : "responsive",
                        "prev-align" : "flex-start",
                        "userCannotRemove" : false
                      },
                      "Widgets" : [ {
                        "Properties" : {
                          "Area" : "UI",
                          "CollapseTabIcon" : "",
                          "DisplayName" : "container-27",
                          "EnableContainerUnload" : false,
                          "EnableExpandCollapse" : false,
                          "ExpandCollapseTabLocation" : "inside",
                          "ExpandTabIcon" : "",
                          "Expanded" : true,
                          "Id" : "flexcontainer-27",
                          "LastContainer" : false,
                          "LazyLoading" : false,
                          "Margin" : "",
                          "Overlay" : false,
                          "ResponsiveLayout" : true,
                          "ShowDataLoading" : true,
                          "ShowExpandCollapseTab" : false,
                          "SourceURL" : "",
                          "Style" : "DefaultContainerStyle",
                          "StyleProperties" : { },
                          "Type" : "flexcontainer",
                          "UseTheme" : false,
                          "Visible" : true,
                          "Z-index" : 10,
                          "__TypeDisplayName" : "Reaktionsfähiger Container",
                          "align-content" : "flex-start",
                          "align-items" : "flex-start",
                          "flex-basis" : "auto",
                          "flex-direction" : "row",
                          "flex-grow" : 1,
                          "flex-max-height" : "",
                          "flex-max-width" : "",
                          "flex-min-height" : "",
                          "flex-min-width" : "",
                          "flex-shrink" : 1,
                          "flex-size" : "default",
                          "flex-wrap" : "wrap",
                          "iconClass" : "widgets-flexcontainer",
                          "isLocked" : false,
                          "justify-content" : "flex-start",
                          "positioning" : "responsive",
                          "prev-align" : "flex-start",
                          "userCannotRemove" : false
                        },
                        "Widgets" : [ {
                          "Properties" : {
                            "Area" : "UI",
                            "ButtonType" : "primary",
                            "ContextID" : "",
                            "Disabled" : false,
                            "DisplayName" : "ptcs-button-24",
                            "Height" : 42,
                            "Icon" : "/Thingworx/MediaEntities/KB.AppSwitchPopUpIcon",
                            "Id" : "ptcsbutton-24",
                            "Label" : "",
                            "LabelAlignment" : "center",
                            "LastContainer" : false,
                            "Left" : 0,
                            "Margin" : "5",
                            "MashupParameters" : [ ],
                            "MultiLine" : false,
                            "ResponsiveLayout" : false,
                            "ShowDataLoading" : false,
                            "TabSequence" : 0,
                            "TooltipField" : "Menu",
                            "Top" : 0,
                            "Type" : "ptcsbutton",
                            "UseTheme" : true,
                            "Visible" : true,
                            "Width" : 50,
                            "Z-index" : 10,
                            "__TypeDisplayName" : "Navigation"
                          },
                          "Widgets" : [ ]
                        }, {
                          "Properties" : {
                            "AlternateText" : "",
                            "Area" : "UI",
                            "DisplayName" : "ptcs-image-14",
                            "FillContainer" : true,
                            "Height" : 42,
                            "Id" : "ptcsimage-14",
                            "LastContainer" : false,
                            "Left" : 0,
                            "Margin" : "5",
                            "Position" : "top",
                            "PreventCaching" : false,
                            "ResponsiveLayout" : false,
                            "Scaling" : "fit-x",
                            "ShowDataLoading" : true,
                            "SourceURL" : "/Thingworx/MediaEntities/KBLogoLeft",
                            "Top" : 0,
                            "Type" : "ptcsimage",
                            "UseTheme" : true,
                            "Visible" : true,
                            "Width" : 320,
                            "Z-index" : 10,
                            "__TypeDisplayName" : "Bild"
                          },
                          "Widgets" : [ ]
                        }, {
                          "Properties" : {
                            "Area" : "UI",
                            "DisclosureControl" : "show-more",
                            "DisplayName" : "ptcs-label-18",
                            "HorizontalAlignment" : "left",
                            "Id" : "ptcslabel-18",
                            "LabelText" : "[[Label]]",
                            "LabelType" : "label",
                            "LastContainer" : false,
                            "Left" : 0,
                            "Margin" : "5",
                            "MultiLine" : true,
                            "PreserveWhiteSpace" : false,
                            "ResponsiveLayout" : false,
                            "ShowDataLoading" : true,
                            "Top" : 0,
                            "Type" : "ptcslabel",
                            "UseTheme" : true,
                            "VerticalAlignment" : "flex-start",
                            "Visible" : true,
                            "Z-index" : 10,
                            "__TypeDisplayName" : "Beschriftung",
                            "overflowShowLessTxt" : "[[showLess]]",
                            "overflowShowMoreTxt" : "[[showMore]]"
                          },
                          "Widgets" : [ ]
                        }, {
                          "Properties" : {
                            "Alignment" : "left",
                            "Area" : "UI",
                            "Disabled" : false,
                            "DisplayName" : "ptcs-link-32",
                            "Id" : "ptcslink-32",
                            "LastContainer" : false,
                            "Left" : 24,
                            "LinkType" : "primary",
                            "Margin" : "5",
                            "ResponsiveLayout" : false,
                            "ShowDataLoading" : true,
                            "SingleLine" : false,
                            "TabSequence" : 0,
                            "TargetWindow" : "_blank",
                            "Text" : "[[link]]",
                            "Top" : 16,
                            "Type" : "ptcslink",
                            "UseTheme" : true,
                            "VerticalAlignment" : "flex-start",
                            "Visible" : false,
                            "Z-index" : 10,
                            "__TypeDisplayName" : "Link"
                          },
                          "Widgets" : [ ]
                        } ]
                      }, {
                        "Properties" : {
                          "Area" : "UI",
                          "CollapseTabIcon" : "",
                          "DisplayName" : "container-28",
                          "EnableContainerUnload" : false,
                          "EnableExpandCollapse" : false,
                          "ExpandCollapseTabLocation" : "inside",
                          "ExpandTabIcon" : "",
                          "Expanded" : true,
                          "Id" : "flexcontainer-28",
                          "LastContainer" : false,
                          "LazyLoading" : false,
                          "Left" : 1512,
                          "Margin" : "",
                          "Overlay" : false,
                          "ResponsiveLayout" : true,
                          "ShowDataLoading" : true,
                          "ShowExpandCollapseTab" : false,
                          "SourceURL" : "",
                          "Style" : "DefaultContainerStyle",
                          "StyleProperties" : { },
                          "Top" : 0,
                          "Type" : "flexcontainer",
                          "UseTheme" : false,
                          "Visible" : true,
                          "Z-index" : 10,
                          "__TypeDisplayName" : "Responsive Container",
                          "align-content" : "flex-start",
                          "align-items" : "flex-start",
                          "flex-basis" : "auto",
                          "flex-direction" : "row",
                          "flex-grow" : 1,
                          "flex-max-height" : "",
                          "flex-max-width" : "",
                          "flex-min-height" : "",
                          "flex-min-width" : "",
                          "flex-shrink" : 1,
                          "flex-size" : "default",
                          "flex-wrap" : "wrap",
                          "iconClass" : "widgets-flexcontainer",
                          "isLocked" : false,
                          "justify-content" : "flex-end",
                          "positioning" : "responsive",
                          "userCannotRemove" : false
                        },
                        "Widgets" : [ {
                          "Properties" : {
                            "Area" : "UI",
                            "ButtonType" : "primary",
                            "ContextID" : "",
                            "Disabled" : false,
                            "DisplayName" : "ptcs-button-30",
                            "Height" : 40,
                            "Id" : "ptcsbutton-30",
                            "Label" : null,
                            "LabelAlignment" : "center",
                            "LastContainer" : false,
                            "Left" : 29,
                            "Margin" : "5",
                            "MultiLine" : false,
                            "ResponsiveLayout" : false,
                            "SVGIcon" : "cds:icon_help_circle",
                            "ShowDataLoading" : true,
                            "TabSequence" : 0,
                            "TooltipField" : "Help Center",
                            "Top" : 11,
                            "Type" : "ptcsbutton",
                            "UseTheme" : true,
                            "Visible" : true,
                            "Width" : 35,
                            "Z-index" : 10,
                            "__TypeDisplayName" : "Button"
                          },
                          "Widgets" : [ ]
                        }, {
                          "Properties" : {
                            "Area" : "UI",
                            "ButtonType" : "tertiary",
                            "ContextID" : "",
                            "Disabled" : false,
                            "DisplayName" : "ptcs-button-26",
                            "Height" : 30,
                            "Id" : "ptcsbutton-26",
                            "Label" : "Logout",
                            "LabelAlignment" : "center",
                            "LastContainer" : false,
                            "Left" : 1281,
                            "Margin" : "5",
                            "MultiLine" : false,
                            "ResponsiveLayout" : false,
                            "ShowDataLoading" : false,
                            "TabSequence" : 0,
                            "Top" : 6,
                            "Type" : "ptcsbutton",
                            "UseTheme" : true,
                            "Visible" : true,
                            "Width" : 105,
                            "Z-index" : 10,
                            "__TypeDisplayName" : "Logout Button"
                          },
                          "Widgets" : [ ]
                        }, {
                          "Properties" : {
                            "Area" : "UI",
                            "DisclosureControl" : "show-more",
                            "DisplayName" : "ptcs-label-19",
                            "HorizontalAlignment" : "left",
                            "Id" : "ptcslabel-19",
                            "LabelText" : "[[Label]]",
                            "LabelType" : "label",
                            "LastContainer" : false,
                            "Left" : 1400,
                            "Margin" : "5",
                            "MultiLine" : true,
                            "PreserveWhiteSpace" : false,
                            "ResponsiveLayout" : false,
                            "ShowDataLoading" : true,
                            "Top" : 15,
                            "Type" : "ptcslabel",
                            "UseTheme" : true,
                            "VerticalAlignment" : "flex-start",
                            "Visible" : true,
                            "Z-index" : 10,
                            "__TypeDisplayName" : "Beschriftung",
                            "overflowShowLessTxt" : "[[showLess]]",
                            "overflowShowMoreTxt" : "[[showMore]]"
                          },
                          "Widgets" : [ ]
                        } ]
                      } ]
                    }, {
                      "Properties" : {
                        "Area" : "UI",
                        "CollapseTabIcon" : "",
                        "DisplayName" : "container-10",
                        "EnableContainerUnload" : false,
                        "EnableExpandCollapse" : false,
                        "ExpandCollapseTabLocation" : "inside",
                        "ExpandTabIcon" : "",
                        "Expanded" : true,
                        "Id" : "flexcontainer-10",
                        "LastContainer" : true,
                        "LazyLoading" : false,
                        "Margin" : "",
                        "Overlay" : false,
                        "ResponsiveLayout" : false,
                        "Scrolling" : "auto-scroll",
                        "ShowDataLoading" : true,
                        "ShowExpandCollapseTab" : false,
                        "SourceURL" : "",
                        "Style" : "DefaultContainerStyle",
                        "StyleProperties" : { },
                        "Type" : "flexcontainer",
                        "UseTheme" : false,
                        "Visible" : true,
                        "Z-index" : 10,
                        "__TypeDisplayName" : "Container",
                        "align-content" : "stretch",
                        "align-items" : "stretch",
                        "flex-basis" : "auto",
                        "flex-direction" : "row",
                        "flex-grow" : 1,
                        "flex-height" : 0,
                        "flex-max-height" : "",
                        "flex-max-width" : "",
                        "flex-min-height" : "",
                        "flex-min-width" : "",
                        "flex-shrink" : 1,
                        "flex-size" : "default",
                        "flex-width" : 0,
                        "flex-wrap" : "nowrap",
                        "iconClass" : "widgets-flexcontainer",
                        "isLocked" : true,
                        "justify-content" : "flex-start",
                        "positioning" : "responsive",
                        "userCannotRemove" : false
                      },
                      "Widgets" : [ {
                        "Properties" : {
                          "AnimateExpandCollapse" : true,
                          "Area" : "UI",
                          "BGImageRepeat" : "no-repeat",
                          "BGImageSize" : "auto",
                          "DisplayName" : "Page Mashup Container",
                          "ExpandCollapseTabLocation" : "outside",
                          "Expanded" : true,
                          "Id" : "container-4",
                          "LastContainer" : false,
                          "Margin" : "5",
                          "MinHeight" : 0,
                          "MinWidth" : 0,
                          "Overlay" : false,
                          "OverlayIsTransparent" : false,
                          "ResponsiveLayout" : true,
                          "ShowDataLoading" : true,
                          "ShowExpandCollapseTab" : false,
                          "Style" : "DefaultContainerStyle",
                          "TabCollapseStyle" : "DefaultTabCollapseStyle",
                          "TabExpandStyle" : "DefaultTabExpandStyle",
                          "TabHeight" : 36,
                          "TabLocation" : "center",
                          "TabOffset" : 0,
                          "TabWidth" : 36,
                          "Type" : "container",
                          "Visible" : true,
                          "Z-index" : 10,
                          "__TypeDisplayName" : "Container",
                          "userCannotRemove" : true
                        },
                        "Widgets" : [ {
                          "Properties" : {
                            "Area" : "UI",
                            "DisplayName" : "Page Mashup",
                            "Height" : 300,
                            "Id" : "pagemashupcontainer-5",
                            "LastContainer" : false,
                            "Left" : 0,
                            "Margin" : "5",
                            "Name" : "",
                            "ResponsiveLayout" : true,
                            "ShowDataLoading" : true,
                            "Top" : 0,
                            "Type" : "pagemashupcontainer",
                            "Visible" : true,
                            "Width" : 400,
                            "Z-index" : 10,
                            "__TypeDisplayName" : "Page Mashup Container"
                          },
                          "Widgets" : [ ]
                        } ]
                      } ]
                    }, {
                      "Properties" : {
                        "Area" : "UI",
                        "CollapseTabIcon" : "",
                        "DisplayName" : "container-13",
                        "EnableContainerUnload" : false,
                        "EnableExpandCollapse" : false,
                        "ExpandCollapseTabLocation" : "inside",
                        "ExpandTabIcon" : "",
                        "Expanded" : true,
                        "Id" : "flexcontainer-13",
                        "LastContainer" : false,
                        "LazyLoading" : false,
                        "Margin" : "",
                        "Overlay" : false,
                        "ResponsiveLayout" : false,
                        "ShowDataLoading" : true,
                        "ShowExpandCollapseTab" : false,
                        "SourceURL" : "",
                        "Style" : "DefaultContainerStyle",
                        "StyleProperties" : { },
                        "Type" : "flexcontainer",
                        "UseTheme" : false,
                        "Visible" : true,
                        "Z-index" : 10,
                        "__TypeDisplayName" : "Reaktionsfähiger Container",
                        "align-content" : "flex-start",
                        "align-items" : "flex-start",
                        "flex-basis" : "auto",
                        "flex-direction" : "row",
                        "flex-grow" : 1,
                        "flex-max-height" : "56px",
                        "flex-max-width" : "",
                        "flex-min-height" : "56px",
                        "flex-min-width" : "",
                        "flex-shrink" : 1,
                        "flex-size" : "fixed",
                        "flex-wrap" : "nowrap",
                        "iconClass" : "widgets-flexcontainer-fixed",
                        "isLocked" : false,
                        "justify-content" : "flex-start",
                        "positioning" : "static",
                        "userCannotRemove" : false
                      },
                      "Widgets" : [ {
                        "Properties" : {
                          "AlternateText" : "",
                          "Area" : "UI",
                          "DisplayName" : "ptcs-image-16",
                          "FillContainer" : true,
                          "Height" : 35,
                          "Id" : "ptcsimage-16",
                          "LastContainer" : false,
                          "Left" : 6,
                          "Margin" : "5",
                          "Position" : "top",
                          "PreventCaching" : false,
                          "ResponsiveLayout" : false,
                          "Scaling" : "fit-x",
                          "ShowDataLoading" : true,
                          "SourceURL" : "/Thingworx/MediaEntities/KBKPSLogo",
                          "Top" : 6,
                          "Type" : "ptcsimage",
                          "UseTheme" : true,
                          "Visible" : true,
                          "Width" : 35,
                          "Z-index" : 10,
                          "__TypeDisplayName" : "Bild"
                        },
                        "Widgets" : [ ]
                      }, {
                        "Properties" : {
                          "Area" : "UI",
                          "DisclosureControl" : "show-more",
                          "DisplayName" : "ptcs-label-23",
                          "HorizontalAlignment" : "left",
                          "Id" : "ptcslabel-23",
                          "LabelText" : "Contact: CVS: Florian Amann, T/R-IE-IE; RVS: Harald-Johann Ebner, R/PRO; IT I/DIB2: Service Now Ticket Group ERP-GL DM",
                          "LabelType" : "label",
                          "LastContainer" : false,
                          "Left" : 54,
                          "Margin" : "5",
                          "MultiLine" : true,
                          "PreserveWhiteSpace" : false,
                          "ResponsiveLayout" : false,
                          "ShowDataLoading" : true,
                          "Top" : 15,
                          "Type" : "ptcslabel",
                          "UseTheme" : true,
                          "VerticalAlignment" : "flex-start",
                          "Visible" : true,
                          "Z-index" : 10,
                          "__TypeDisplayName" : "Beschriftung",
                          "overflowShowLessTxt" : "[[showLess]]",
                          "overflowShowMoreTxt" : "[[showMore]]"
                        },
                        "Widgets" : [ ]
                      } ]
                    } ]
                  } ]
                }, {
                  "Properties" : {
                    "Area" : "UI",
                    "AutoEvaluate" : true,
                    "DisplayName" : "CheckStaging",
                    "Expression" : "if (stagingLevel == \"TEST\"){\n    output = \"!!!! TEST SYSTEM !!!!\";\n} else if (stagingLevel == \"DEV\") {\n\toutput = \"!!!! DEVELOPMENT SYSTEM !!!!\";\n} else {\n    output = \"\";\n}",
                    "Height" : 28,
                    "Id" : "validator2-17",
                    "LastContainer" : false,
                    "Left" : null,
                    "Margin" : "5",
                    "Output" : true,
                    "ResponsiveLayout" : false,
                    "ShowDataLoading" : true,
                    "Top" : null,
                    "Type" : "validator2",
                    "Visible" : true,
                    "Width" : 200,
                    "Z-index" : 10,
                    "__TypeDisplayName" : "Validator",
                    "_currentParameterDefs" : [ {
                      "BaseType" : "STRING",
                      "Description" : "",
                      "ParameterName" : "stagingLevel",
                      "bindingDirection" : "Target",
                      "bindingType" : "Property",
                      "isBindingSource" : false,
                      "isBindingTarget" : true,
                      "shown" : true
                    } ],
                    "isLocked" : false
                  },
                  "Widgets" : [ ]
                }, {
                  "Properties" : {
                    "Area" : "UI",
                    "ClickOutsideToClose" : false,
                    "CloseButton" : true,
                    "DisplayName" : "TileMenu",
                    "Id" : "navigationfunction-22",
                    "IncludeLegacyHeightAdjustment" : false,
                    "LastContainer" : false,
                    "Left" : null,
                    "LegacyHeightAdjustmentEnabled" : false,
                    "Margin" : "5",
                    "MashupParameters" : [ ],
                    "MissingMashupMessage" : "",
                    "PopupHeight" : 0,
                    "PopupScrollbar" : "auto",
                    "PopupTitle" : "",
                    "PopupWidth" : 0,
                    "RedirectTo" : "mashup",
                    "ReloadOnReplace" : false,
                    "ResponsiveLayout" : false,
                    "ShowDataLoading" : true,
                    "TargetMashup" : "PTC.AppSwitcher.KB",
                    "TargetWindowType" : "modal-popup",
                    "Text" : "tw.navigationfunction-ide.properties.text.default-value",
                    "Top" : null,
                    "Type" : "navigationfunction",
                    "URL" : "",
                    "URLTargetType" : "new",
                    "Visible" : true,
                    "Z-index" : 10,
                    "__TypeDisplayName" : "Navigationsfunktion",
                    "_currentParameterDefs" : [ ],
                    "isLocked" : false
                  },
                  "Widgets" : [ ]
                }, {
                  "Properties" : {
                    "Area" : "UI",
                    "DisplayName" : "Logout",
                    "Id" : "logoutfunction-25",
                    "LastContainer" : false,
                    "Left" : null,
                    "LogoutTargetMashup" : "",
                    "Margin" : "5",
                    "RedirectTo" : "mashup",
                    "ResponsiveLayout" : false,
                    "ShowDataLoading" : true,
                    "Top" : null,
                    "Type" : "logoutfunction",
                    "URL" : "",
                    "Visible" : true,
                    "Z-index" : 10,
                    "__TypeDisplayName" : "logoutfunction",
                    "isLocked" : false
                  },
                  "Widgets" : [ ]
                }, {
                  "Properties" : {
                    "Area" : "UI",
                    "AutoEvaluate" : true,
                    "DataChangeType" : "ALWAYS",
                    "DisableInitialOutput" : false,
                    "DisplayName" : "HelpCenterLinkCreator",
                    "Expression" : "if(MashupName){\n    output=\"https://knorrbremsegroup.sharepoint.com/sites/knorr_bremsesmartproduction/SitePages/\"+MashupName+\".aspx\";\n}\nelse{\noutput=\"https://knorrbremsegroup.sharepoint.com/sites/knorr_bremsesmartproduction/Wiki/Thingworx%20Home.aspx\"\n}",
                    "FireOnFirstValue" : false,
                    "Height" : 28,
                    "Id" : "expression2-31",
                    "LastContainer" : false,
                    "Left" : null,
                    "Margin" : "5",
                    "OutputBaseType" : "STRING",
                    "ResponsiveLayout" : false,
                    "ShowDataLoading" : true,
                    "Top" : null,
                    "Type" : "expression2",
                    "Visible" : true,
                    "Width" : 200,
                    "Z-index" : 10,
                    "__TypeDisplayName" : "Expression",
                    "_currentParameterDefs" : [ {
                      "BaseType" : "STRING",
                      "Description" : "",
                      "ParameterName" : "MashupName",
                      "bindingDirection" : "Target",
                      "bindingType" : "Property",
                      "isBindingSource" : false,
                      "isBindingTarget" : true,
                      "shown" : true
                    } ],
                    "isLocked" : false
                  },
                  "Widgets" : [ ]
                } ]
              },
              "mashupType" : "targetmashup"
            }
            ]]>
            </mashupContent>
            <preview></preview>
        </Mashup>
    </Mashups>
</Entities>
