<?xml version="1.0" encoding="UTF-8"?>
<Entities
 majorVersion="9"
 minorVersion="3"
 universal="password">
    <Mashups>
        <Mashup
         aspect.isFlex="true"
         aspect.isResponsive="true"
         aspect.mashupType="mashup"
         columns="0.0"
         description=""
         documentationContent=""
         homeMashup=""
         name="KBLocalSmartKPIProductiveTimeLossesDetail2Mashup"
         projectName="KBsmartKPI"
         rows="0.0"
         tags="KBThingWorxInstallationVocabulary:ExtensionSmartKPI">
            <avatar></avatar>
            <DesignTimePermissions>
                <Create></Create>
                <Read></Read>
                <Update></Update>
                <Delete></Delete>
                <Metadata></Metadata>
            </DesignTimePermissions>
            <RunTimePermissions>
                <Permissions
                 resourceName="*">
                    <PropertyRead>
                        <Principal
                         isPermitted="true"
                         name="KBUserGroup"
                         type="Group"></Principal>
                    </PropertyRead>
                    <PropertyWrite></PropertyWrite>
                    <ServiceInvoke>
                        <Principal
                         isPermitted="true"
                         name="KBUserGroup"
                         type="Group"></Principal>
                    </ServiceInvoke>
                    <EventInvoke></EventInvoke>
                    <EventSubscribe></EventSubscribe>
                </Permissions>
            </RunTimePermissions>
            <VisibilityPermissions>
                <Visibility>
                    <Principal
                     isPermitted="true"
                     name="KBOrganization"
                     type="Organization"></Principal>
                </Visibility>
            </VisibilityPermissions>
            <ConfigurationTableDefinitions></ConfigurationTableDefinitions>
            <ConfigurationTables>
                <ConfigurationTable
                 dataShapeName=""
                 description="Mashup Mobile Settings"
                 isHidden="true"
                 isMultiRow="false"
                 name="MobileSettings"
                 ordinal="0">
                    <DataShape>
                        <FieldDefinitions>
                            <FieldDefinition
                             aspect.defaultValue="false"
                             aspect.friendlyName="Disable Zoom"
                             baseType="BOOLEAN"
                             description="Disables zooming in and out within the mashup"
                             name="disableZoom"
                             ordinal="0"></FieldDefinition>
                            <FieldDefinition
                             aspect.defaultValue="true"
                             aspect.friendlyName="Full Screen Mode"
                             baseType="BOOLEAN"
                             description="Open the mashup in full screen mode"
                             name="fullScreenMode"
                             ordinal="0"></FieldDefinition>
                            <FieldDefinition
                             aspect.friendlyName="Height"
                             baseType="STRING"
                             description="The height of the mashup page"
                             name="height"
                             ordinal="0"></FieldDefinition>
                            <FieldDefinition
                             aspect.defaultValue="device-height"
                             aspect.friendlyName="Height Type"
                             baseType="STRING"
                             description="Use the height of the device display, or a custom height (in px)"
                             name="heightType"
                             ordinal="0"></FieldDefinition>
                            <FieldDefinition
                             aspect.defaultValue="1.0"
                             aspect.friendlyName="Initial Scale"
                             baseType="NUMBER"
                             description="The initial zoom scale when the mashup is loaded for the first time"
                             name="initialScale"
                             ordinal="0"></FieldDefinition>
                            <FieldDefinition
                             aspect.friendlyName="Shortcut Icon Title"
                             baseType="STRING"
                             description="A title for the mashup shortcut on the iOS home screen"
                             name="iosShortcutIconTitle"
                             ordinal="0"></FieldDefinition>
                            <FieldDefinition
                             aspect.defaultValue="black-translucent"
                             aspect.friendlyName="Status Bar Appearance"
                             baseType="STRING"
                             description="The style of the iOS status bar"
                             name="iosStatusBarAppearance"
                             ordinal="0"></FieldDefinition>
                            <FieldDefinition
                             aspect.defaultValue="10.0"
                             aspect.friendlyName="Maximum Scale"
                             baseType="NUMBER"
                             description="The maximum scale that users can zoom out to"
                             name="maximumScale"
                             ordinal="0"></FieldDefinition>
                            <FieldDefinition
                             aspect.defaultValue="0.1"
                             aspect.friendlyName="Minimum Scale"
                             baseType="NUMBER"
                             description="The minimum scale that users can zoom out to"
                             name="minimumScale"
                             ordinal="0"></FieldDefinition>
                            <FieldDefinition
                             aspect.friendlyName="Width"
                             baseType="STRING"
                             description="The width of the mashup page"
                             name="width"
                             ordinal="0"></FieldDefinition>
                            <FieldDefinition
                             aspect.defaultValue="device-width"
                             aspect.friendlyName="Width Type"
                             baseType="STRING"
                             description="Use the width of the device display, or a custom width (in px)"
                             name="widthType"
                             ordinal="0"></FieldDefinition>
                        </FieldDefinitions>
                    </DataShape>
                    <Rows>
                        <Row>
                            <disableZoom>false</disableZoom>
                            <fullScreenMode>true</fullScreenMode>
                            <height></height>
                            <heightType>
                            <![CDATA[
                            device-height
                            ]]>
                            </heightType>
                            <initialScale>1.0</initialScale>
                            <iosShortcutIconTitle></iosShortcutIconTitle>
                            <iosStatusBarAppearance>
                            <![CDATA[
                            black-translucent
                            ]]>
                            </iosStatusBarAppearance>
                            <maximumScale>10.0</maximumScale>
                            <minimumScale>0.1</minimumScale>
                            <width></width>
                            <widthType>
                            <![CDATA[
                            device-width
                            ]]>
                            </widthType>
                        </Row>
                    </Rows>
                </ConfigurationTable>
            </ConfigurationTables>
            <ParameterDefinitions>
                <FieldDefinition
                 aspect.bindingDirection="IN"
                 aspect.isMandatory="false"
                 baseType="DATETIME"
                 description=""
                 name="EndTime"
                 ordinal="0"></FieldDefinition>
                <FieldDefinition
                 aspect.bindingDirection="BOTH"
                 aspect.isMandatory="false"
                 baseType="STRING"
                 description=""
                 name="Machine"
                 ordinal="0"></FieldDefinition>
                <FieldDefinition
                 aspect.bindingDirection="BOTH"
                 aspect.isMandatory="false"
                 baseType="STRING"
                 description=""
                 name="MachineName"
                 ordinal="0"></FieldDefinition>
                <FieldDefinition
                 aspect.bindingDirection="IN"
                 aspect.isMandatory="false"
                 baseType="DATETIME"
                 description=""
                 name="StartTime"
                 ordinal="0"></FieldDefinition>
                <FieldDefinition
                 aspect.bindingDirection="BOTH"
                 aspect.isMandatory="false"
                 baseType="STRING"
                 description=""
                 name="Station"
                 ordinal="0"></FieldDefinition>
                <FieldDefinition
                 aspect.bindingDirection="IN"
                 aspect.dataShape="KBTimeLossDBDataShape"
                 aspect.isDataTableEntry="true"
                 aspect.isMandatory="false"
                 baseType="INFOTABLE"
                 description=""
                 name="TimeLossInfoTable"
                 ordinal="0"></FieldDefinition>
            </ParameterDefinitions>
            <Things></Things>
            <ThingShapes></ThingShapes>
            <ThingTemplates></ThingTemplates>
            <mashupContent>
            <![CDATA[
            {
              "CustomMashupCss" : "",
              "Data" : {
                "Session" : {
                  "DataName" : "Session",
                  "EntityName" : "",
                  "EntityType" : "Session",
                  "Id" : "session",
                  "Services" : [ {
                    "APIMethod" : "post",
                    "Characteristic" : "Services",
                    "Id" : "SessionInterface",
                    "Name" : "GetGlobalSessionValues",
                    "Parameters" : { },
                    "RefreshInterval" : 0,
                    "Target" : "GetGlobalSessionValues"
                  } ]
                },
                "Things_KBTimeHelperThing" : {
                  "DataName" : "Things_KBTimeHelperThing",
                  "EntityName" : "KBTimeHelperThing",
                  "EntityType" : "Things",
                  "Id" : "ad5b62fa-376d-4083-a0d0-e9bebf65729a",
                  "Services" : [ {
                    "APIMethod" : "post",
                    "Characteristic" : "Services",
                    "Id" : "f1cf0535-36f6-45aa-8370-ebfe5901d71d",
                    "Name" : "GetDateTimeForVisualization",
                    "Parameters" : {
                      "ShowEnDate" : true,
                      "ShowTime" : true
                    },
                    "RefreshInterval" : 0,
                    "Target" : "GetDateTimeForVisualization"
                  }, {
                    "APIMethod" : "post",
                    "Characteristic" : "Services",
                    "Id" : "69065b78-88c7-40f1-a725-2ccf9efdb397",
                    "Name" : "GetDateTimeForVisualization1",
                    "Parameters" : {
                      "ShowEnDate" : true,
                      "ShowTime" : true
                    },
                    "RefreshInterval" : 0,
                    "Target" : "GetDateTimeForVisualization"
                  } ]
                },
                "UserExtensions" : {
                  "DataName" : "UserExtensions",
                  "EntityName" : "",
                  "EntityType" : "UserExtensions",
                  "Id" : "UserExtensions",
                  "Services" : [ {
                    "APIMethod" : "post",
                    "Characteristic" : "Services",
                    "Id" : "UserExtensionInterface",
                    "Name" : "GetCurrentUserExtensionProperties",
                    "Parameters" : { },
                    "RefreshInterval" : 0,
                    "Target" : "GetCurrentUserExtensionProperties"
                  } ]
                }
              },
              "DataBindings" : [ {
                "Id" : "e8258eda-a5b1-4307-b4d8-778021611613",
                "PropertyMaps" : [ {
                  "SourceProperty" : "MachineName",
                  "SourcePropertyBaseType" : "STRING",
                  "TargetProperty" : "LabelText",
                  "TargetPropertyBaseType" : "STRING"
                } ],
                "SourceArea" : "Mashup",
                "SourceId" : "mashup-root",
                "SourceSection" : "",
                "TargetArea" : "UI",
                "TargetId" : "ptcslabel-8",
                "TargetSection" : ""
              }, {
                "Id" : "9aaa65d1-d763-46be-bd31-ef5989c3b1fc",
                "PropertyMaps" : [ {
                  "SourceProperty" : "TimeLossInfoTable",
                  "SourcePropertyBaseType" : "INFOTABLE",
                  "SourcePropertyType" : "Property",
                  "TargetProperty" : "Data",
                  "TargetPropertyBaseType" : "INFOTABLE",
                  "TargetPropertyType" : "property"
                } ],
                "SourceArea" : "Mashup",
                "SourceId" : "mashup-root",
                "SourceSection" : "",
                "TargetArea" : "UI",
                "TargetId" : "ptcsgrid-26",
                "TargetSection" : ""
              }, {
                "Id" : "9cdb5042-483f-4dcb-98d8-df76f126f1c5",
                "PropertyMaps" : [ {
                  "SourceProperty" : "StartTime",
                  "SourcePropertyBaseType" : "DATETIME",
                  "TargetProperty" : "DateTime",
                  "TargetPropertyBaseType" : "DATETIME",
                  "TargetPropertyType" : "Parameter"
                } ],
                "SourceArea" : "Mashup",
                "SourceId" : "mashup-root",
                "SourceSection" : "",
                "TargetArea" : "Data",
                "TargetId" : "GetDateTimeForVisualization",
                "TargetSection" : "Things_KBTimeHelperThing"
              }, {
                "Id" : "71235a13-c1bc-4093-90bb-11bda3b5a649",
                "PropertyMaps" : [ {
                  "SourceProperty" : "EndTime",
                  "SourcePropertyBaseType" : "DATETIME",
                  "TargetProperty" : "DateTime",
                  "TargetPropertyBaseType" : "DATETIME",
                  "TargetPropertyType" : "Parameter"
                } ],
                "SourceArea" : "Mashup",
                "SourceId" : "mashup-root",
                "SourceSection" : "",
                "TargetArea" : "Data",
                "TargetId" : "GetDateTimeForVisualization1",
                "TargetSection" : "Things_KBTimeHelperThing"
              }, {
                "Id" : "b1344f2e-e30c-4954-8bbf-e4fa6adf4e70",
                "PropertyMaps" : [ {
                  "SourceProperty" : "result",
                  "SourcePropertyBaseType" : "STRING",
                  "SourcePropertyType" : "Field",
                  "TargetProperty" : "LabelText",
                  "TargetPropertyBaseType" : "STRING",
                  "TargetPropertyType" : "property"
                } ],
                "SourceArea" : "Data",
                "SourceDetails" : "AllData",
                "SourceId" : "GetDateTimeForVisualization",
                "SourceSection" : "Things_KBTimeHelperThing",
                "TargetArea" : "UI",
                "TargetId" : "ptcslabel-71",
                "TargetSection" : ""
              }, {
                "Id" : "1eb7157d-87a3-4ccc-9a03-5d7a416d2168",
                "PropertyMaps" : [ {
                  "SourceProperty" : "result",
                  "SourcePropertyBaseType" : "STRING",
                  "SourcePropertyType" : "Field",
                  "TargetProperty" : "LabelText",
                  "TargetPropertyBaseType" : "STRING",
                  "TargetPropertyType" : "property"
                } ],
                "SourceArea" : "Data",
                "SourceDetails" : "AllData",
                "SourceId" : "GetDateTimeForVisualization1",
                "SourceSection" : "Things_KBTimeHelperThing",
                "TargetArea" : "UI",
                "TargetId" : "ptcslabel-72",
                "TargetSection" : ""
              }, {
                "Id" : "1e132f22-05c9-47f6-9063-ba1b98d168fd",
                "PropertyMaps" : [ {
                  "SourceProperty" : "TimeLossInfoTable",
                  "SourcePropertyBaseType" : "INFOTABLE",
                  "SourcePropertyType" : "property",
                  "TargetProperty" : "Data",
                  "TargetPropertyBaseType" : "INFOTABLE",
                  "TargetPropertyType" : "property"
                } ],
                "SourceArea" : "Mashup",
                "SourceId" : "mashup-root",
                "SourceSection" : "",
                "TargetArea" : "UI",
                "TargetId" : "labelchart-74",
                "TargetSection" : ""
              } ],
              "DesignTimePermissions" : {
                "Create" : [ ],
                "Delete" : [ ],
                "Metadata" : [ ],
                "Read" : [ ],
                "Update" : [ ]
              },
              "Events" : [ {
                "EventHandlerArea" : "Data",
                "EventHandlerId" : "Things_KBTimeHelperThing",
                "EventHandlerService" : "GetDateTimeForVisualization",
                "EventTriggerArea" : "Mashup",
                "EventTriggerEvent" : "Loaded",
                "EventTriggerId" : "mashup-root",
                "EventTriggerSection" : "",
                "Id" : "38642899-148d-4bc0-9c62-4a6b2dc7610c"
              }, {
                "EventHandlerArea" : "Data",
                "EventHandlerId" : "Things_KBTimeHelperThing",
                "EventHandlerService" : "GetDateTimeForVisualization1",
                "EventTriggerArea" : "Mashup",
                "EventTriggerEvent" : "Loaded",
                "EventTriggerId" : "mashup-root",
                "EventTriggerSection" : "",
                "Id" : "406c72f6-d6ff-4d2d-b6e6-a01b83a3add0"
              } ],
              "Reminders" : [ ],
              "RunTimePermissions" : {
                "permissions" : [ {
                  "EventInvoke" : [ ],
                  "EventSubscribe" : [ ],
                  "PropertyRead" : [ {
                    "isPermitted" : true,
                    "name" : "KBUserGroup",
                    "type" : "Group"
                  } ],
                  "PropertyWrite" : [ ],
                  "ServiceInvoke" : [ {
                    "isPermitted" : true,
                    "name" : "KBUserGroup",
                    "type" : "Group"
                  } ],
                  "resourceName" : "*"
                } ]
              },
              "UI" : {
                "Properties" : {
                  "AddToDashboardButton" : "SimplePlus",
                  "AddToDashboardButtonStyle" : "DefaultAddToDashboardButtonStyle",
                  "Area" : "Mashup",
                  "BGImage" : "",
                  "BGImageRepeat" : "no-repeat",
                  "BGImageSize" : "auto",
                  "Columns" : 0,
                  "ConfigureGadgetButton" : "SimpleGear",
                  "ConfigureGadgetButtonStyle" : "DefaultConfigureGadgetButtonStyle",
                  "DisplayName" : "Mashup",
                  "EnableParameterEditing" : false,
                  "Height" : 618,
                  "Id" : "mashup-root",
                  "IgnoreWarningsInViewMashup" : false,
                  "IsPrintLayout" : false,
                  "Left" : 0,
                  "Machine" : "-nothing-",
                  "MachineName" : "",
                  "Margin" : "5",
                  "MashupToEditGadget" : "DefaultMashupToEditGadget",
                  "MigratedOn" : "2023-04-03T13:38:22.000Z",
                  "MinHeight" : 0,
                  "MinWidth" : 0,
                  "ResponsiveLayout" : true,
                  "Rows" : 0,
                  "ShowDataLoading" : true,
                  "Style" : "DefaultMashupStyle",
                  "StyleProperties" : {
                    "data" : {
                      "flexcontainer-1" : {
                        "parts" : {
                          "$" : {
                            "$" : {
                              "background" : "transparent"
                            }
                          }
                        },
                        "widget" : "flex-container"
                      },
                      "flexcontainer-12" : {
                        "parts" : {
                          "$" : {
                            "$" : {
                              "background" : "transparent"
                            }
                          }
                        },
                        "widget" : "flex-container"
                      }
                    },
                    "meta" : {
                      "type" : "WidgetStyler",
                      "version" : "1.0"
                    }
                  },
                  "StyleTheme" : "KBStandardStyleTheme",
                  "Title" : "",
                  "TitleBar" : false,
                  "TitleBarStyle" : "DefaultTitleBarStyle",
                  "TitleBarText" : "Gadget Title Here",
                  "Top" : 0,
                  "Type" : "mashup",
                  "UseMasterTheme" : false,
                  "UseTheme" : false,
                  "UseThemeForHybrids" : false,
                  "Visible" : true,
                  "Width" : 1024,
                  "Z-index" : 10,
                  "__TypeDisplayName" : "Mashup",
                  "_currentParameterDefs" : [ {
                    "Aspects" : {
                      "bindingDirection" : "BOTH",
                      "isMandatory" : false
                    },
                    "BaseType" : "STRING",
                    "DefaultValue" : "-nothing-",
                    "Description" : "",
                    "ParameterName" : "Machine"
                  }, {
                    "Aspects" : {
                      "bindingDirection" : "BOTH",
                      "isMandatory" : false
                    },
                    "BaseType" : "STRING",
                    "DefaultValue" : "",
                    "Description" : "",
                    "ParameterName" : "MachineName"
                  }, {
                    "Aspects" : {
                      "bindingDirection" : "BOTH",
                      "isMandatory" : false
                    },
                    "BaseType" : "STRING",
                    "Description" : "",
                    "ParameterName" : "Station"
                  }, {
                    "Aspects" : {
                      "bindingDirection" : "IN",
                      "isMandatory" : false
                    },
                    "BaseType" : "DATETIME",
                    "Description" : "",
                    "ParameterName" : "StartTime"
                  }, {
                    "Aspects" : {
                      "bindingDirection" : "IN",
                      "isMandatory" : false
                    },
                    "BaseType" : "DATETIME",
                    "Description" : "",
                    "ParameterName" : "EndTime"
                  }, {
                    "Aspects" : {
                      "bindingDirection" : "IN",
                      "dataShape" : "KBTimeLossDBDataShape",
                      "isDataTableEntry" : true,
                      "isMandatory" : false
                    },
                    "BaseType" : "INFOTABLE",
                    "Description" : "",
                    "ParameterName" : "TimeLossInfoTable"
                  } ],
                  "id_index" : 74,
                  "supportsAutoResize" : true
                },
                "Widgets" : [ {
                  "Properties" : {
                    "Area" : "UI",
                    "CollapseTabIcon" : "",
                    "DisplayName" : "container-1",
                    "EnableContainerUnload" : false,
                    "EnableExpandCollapse" : false,
                    "ExpandCollapseTabLocation" : "inside",
                    "ExpandTabIcon" : "",
                    "Expanded" : true,
                    "Id" : "flexcontainer-1",
                    "LastContainer" : true,
                    "LazyLoading" : false,
                    "Margin" : "",
                    "Overlay" : false,
                    "ResponsiveLayout" : true,
                    "ShowDataLoading" : true,
                    "ShowExpandCollapseTab" : false,
                    "SourceURL" : "",
                    "Style" : "DefaultContainerStyle",
                    "StyleProperties" : { },
                    "Type" : "flexcontainer",
                    "UseTheme" : true,
                    "Visible" : true,
                    "Z-index" : 10,
                    "__TypeDisplayName" : "Flex Container",
                    "align-content" : "flex-start",
                    "align-items" : "flex-start",
                    "flex-basis" : "auto",
                    "flex-direction" : "column",
                    "flex-grow" : 1,
                    "flex-max-height" : "",
                    "flex-max-width" : "",
                    "flex-min-height" : "",
                    "flex-min-width" : "",
                    "flex-shrink" : "0",
                    "flex-size" : "default",
                    "flex-wrap" : "nowrap",
                    "iconClass" : "widgets-flexcontainer",
                    "justify-content" : "flex-start",
                    "positioning" : "responsive",
                    "userCannotRemove" : true
                  },
                  "Widgets" : [ {
                    "Properties" : {
                      "Area" : "UI",
                      "CollapseTabIcon" : "",
                      "DisplayName" : "container-2",
                      "EnableContainerUnload" : false,
                      "EnableExpandCollapse" : true,
                      "ExpandCollapseTabLocation" : "outside",
                      "ExpandTabIcon" : "",
                      "Expanded" : true,
                      "Id" : "flexcontainer-2",
                      "LastContainer" : false,
                      "LazyLoading" : false,
                      "Margin" : "false false 5 false",
                      "Overlay" : false,
                      "ResponsiveLayout" : true,
                      "ShowDataLoading" : true,
                      "ShowExpandCollapseTab" : false,
                      "SourceURL" : "",
                      "Style" : "DefaultContainerStyle",
                      "StyleProperties" : { },
                      "Type" : "flexcontainer",
                      "UseTheme" : true,
                      "Visible" : true,
                      "Z-index" : 10,
                      "__TypeDisplayName" : "Flex Container",
                      "align-content" : "flex-start",
                      "align-items" : "flex-start",
                      "flex-basis" : "auto",
                      "flex-direction" : "column",
                      "flex-grow" : 1,
                      "flex-max-height" : "80px",
                      "flex-max-width" : "",
                      "flex-min-height" : "80px",
                      "flex-min-width" : "",
                      "flex-shrink" : "0",
                      "flex-size" : "fixed",
                      "flex-wrap" : "nowrap",
                      "iconClass" : "widgets-flexcontainer-fixed",
                      "isLocked" : false,
                      "justify-content" : "flex-start",
                      "positioning" : "static",
                      "userCannotRemove" : false
                    },
                    "Widgets" : [ {
                      "Properties" : {
                        "Area" : "UI",
                        "DisclosureControl" : "show-more",
                        "DisplayName" : "label-8",
                        "HorizontalAlignment" : "left",
                        "Id" : "ptcslabel-8",
                        "LabelText" : "",
                        "LabelType" : "sub-header",
                        "LastContainer" : false,
                        "Left" : 25,
                        "Margin" : "5",
                        "MultiLine" : true,
                        "PreserveWhiteSpace" : false,
                        "ResponsiveLayout" : false,
                        "ShowDataLoading" : true,
                        "TooltipField" : "",
                        "Top" : 40,
                        "Type" : "ptcslabel",
                        "UseTheme" : true,
                        "VerticalAlignment" : "flex-start",
                        "Visible" : true,
                        "Width" : 495,
                        "Z-index" : 10,
                        "__TypeDisplayName" : "Label",
                        "overflowShowLessTxt" : "[[showLess]]",
                        "overflowShowMoreTxt" : "[[showMore]]"
                      },
                      "Widgets" : [ ]
                    }, {
                      "Properties" : {
                        "Area" : "UI",
                        "Description" : "",
                        "DisclosureControl" : "show-more",
                        "DisplayName" : "label-10",
                        "HorizontalAlignment" : "left",
                        "Id" : "ptcslabel-10",
                        "LabelText" : "Pareto for Time Losses, Line:",
                        "LabelType" : "sub-header",
                        "LastContainer" : false,
                        "Left" : 25,
                        "Margin" : "5",
                        "MultiLine" : true,
                        "PreserveWhiteSpace" : false,
                        "ResponsiveLayout" : false,
                        "ShowDataLoading" : true,
                        "TooltipField" : "",
                        "Top" : 0,
                        "Type" : "ptcslabel",
                        "UseTheme" : true,
                        "VerticalAlignment" : "flex-start",
                        "Visible" : true,
                        "Width" : 365,
                        "Z-index" : 10,
                        "__TypeDisplayName" : "Label",
                        "overflowShowLessTxt" : "[[showLess]]",
                        "overflowShowMoreTxt" : "[[showMore]]"
                      },
                      "Widgets" : [ ]
                    }, {
                      "Properties" : {
                        "Area" : "UI",
                        "DisclosureControl" : "show-more",
                        "DisplayName" : "label-69",
                        "HorizontalAlignment" : "left",
                        "Id" : "ptcslabel-69",
                        "LabelText" : "Startdate",
                        "LabelType" : "title",
                        "LastContainer" : false,
                        "Left" : 600,
                        "Margin" : "5",
                        "MultiLine" : true,
                        "PreserveWhiteSpace" : false,
                        "ResponsiveLayout" : false,
                        "ShowDataLoading" : true,
                        "TooltipField" : "",
                        "Top" : 10,
                        "Type" : "ptcslabel",
                        "UseTheme" : true,
                        "VerticalAlignment" : "flex-start",
                        "Visible" : true,
                        "Z-index" : 10,
                        "__TypeDisplayName" : "Beschriftung",
                        "overflowShowLessTxt" : "[[showLess]]",
                        "overflowShowMoreTxt" : "[[showMore]]"
                      },
                      "Widgets" : [ ]
                    }, {
                      "Properties" : {
                        "Area" : "UI",
                        "DisclosureControl" : "show-more",
                        "DisplayName" : "label-70",
                        "HorizontalAlignment" : "left",
                        "Id" : "ptcslabel-70",
                        "LabelText" : "Enddate",
                        "LabelType" : "title",
                        "LastContainer" : false,
                        "Left" : 600,
                        "Margin" : "5",
                        "MultiLine" : true,
                        "PreserveWhiteSpace" : false,
                        "ResponsiveLayout" : false,
                        "ShowDataLoading" : true,
                        "TooltipField" : "",
                        "Top" : 35,
                        "Type" : "ptcslabel",
                        "UseTheme" : true,
                        "VerticalAlignment" : "flex-start",
                        "Visible" : true,
                        "Z-index" : 10,
                        "__TypeDisplayName" : "Beschriftung",
                        "overflowShowLessTxt" : "[[showLess]]",
                        "overflowShowMoreTxt" : "[[showMore]]"
                      },
                      "Widgets" : [ ]
                    }, {
                      "Properties" : {
                        "Area" : "UI",
                        "DisclosureControl" : "show-more",
                        "DisplayName" : "label-71",
                        "Height" : 22,
                        "HorizontalAlignment" : "left",
                        "Id" : "ptcslabel-71",
                        "LabelText" : "",
                        "LabelType" : "label",
                        "LastContainer" : false,
                        "Left" : 685,
                        "Margin" : "5",
                        "MultiLine" : true,
                        "PreserveWhiteSpace" : false,
                        "ResponsiveLayout" : false,
                        "ShowDataLoading" : true,
                        "TooltipField" : "",
                        "Top" : 10,
                        "Type" : "ptcslabel",
                        "UseTheme" : true,
                        "VerticalAlignment" : "flex-start",
                        "Visible" : true,
                        "Width" : 200,
                        "Z-index" : 10,
                        "__TypeDisplayName" : "Beschriftung",
                        "overflowShowLessTxt" : "[[showLess]]",
                        "overflowShowMoreTxt" : "[[showMore]]"
                      },
                      "Widgets" : [ ]
                    }, {
                      "Properties" : {
                        "Area" : "UI",
                        "DisclosureControl" : "show-more",
                        "DisplayName" : "label-72",
                        "Height" : 22,
                        "HorizontalAlignment" : "left",
                        "Id" : "ptcslabel-72",
                        "LabelText" : "",
                        "LabelType" : "label",
                        "LastContainer" : false,
                        "Left" : 685,
                        "Margin" : "5",
                        "MultiLine" : true,
                        "PreserveWhiteSpace" : false,
                        "ResponsiveLayout" : false,
                        "ShowDataLoading" : true,
                        "TooltipField" : "",
                        "Top" : 35,
                        "Type" : "ptcslabel",
                        "UseTheme" : true,
                        "VerticalAlignment" : "flex-start",
                        "Visible" : true,
                        "Width" : 200,
                        "Z-index" : 10,
                        "__TypeDisplayName" : "Beschriftung",
                        "overflowShowLessTxt" : "[[showLess]]",
                        "overflowShowMoreTxt" : "[[showMore]]"
                      },
                      "Widgets" : [ ]
                    } ]
                  }, {
                    "Properties" : {
                      "Area" : "UI",
                      "CollapseTabIcon" : "",
                      "DisplayName" : "container-20",
                      "EnableContainerUnload" : false,
                      "EnableExpandCollapse" : false,
                      "ExpandCollapseTabLocation" : "inside",
                      "ExpandTabIcon" : "",
                      "Expanded" : true,
                      "Id" : "flexcontainer-20",
                      "LastContainer" : false,
                      "LazyLoading" : false,
                      "Margin" : "5 10 0 10",
                      "Overlay" : false,
                      "ResponsiveLayout" : true,
                      "ShowDataLoading" : true,
                      "ShowExpandCollapseTab" : false,
                      "SourceURL" : "",
                      "Style" : "DefaultContainerStyle",
                      "StyleProperties" : { },
                      "Type" : "flexcontainer",
                      "UseTheme" : true,
                      "Visible" : true,
                      "Z-index" : 10,
                      "__TypeDisplayName" : "Flex Container",
                      "align-content" : "flex-start",
                      "align-items" : "flex-start",
                      "flex-basis" : "auto",
                      "flex-direction" : "column",
                      "flex-grow" : 1,
                      "flex-max-height" : "",
                      "flex-max-width" : "",
                      "flex-min-height" : "",
                      "flex-min-width" : "",
                      "flex-shrink" : "0",
                      "flex-size" : "fixed",
                      "flex-wrap" : "nowrap",
                      "iconClass" : "widgets-flexcontainer",
                      "isLocked" : true,
                      "justify-content" : "flex-start",
                      "positioning" : "responsive",
                      "userCannotRemove" : false
                    },
                    "Widgets" : [ {
                      "Properties" : {
                        "Area" : "UI",
                        "CollapseTabIcon" : "",
                        "DisplayName" : "container-12",
                        "EnableContainerUnload" : false,
                        "EnableExpandCollapse" : false,
                        "ExpandCollapseTabLocation" : "inside",
                        "ExpandTabIcon" : "",
                        "Expanded" : true,
                        "Id" : "flexcontainer-12",
                        "LastContainer" : true,
                        "LazyLoading" : false,
                        "Margin" : "",
                        "Overlay" : false,
                        "ResponsiveLayout" : true,
                        "ShowDataLoading" : true,
                        "ShowExpandCollapseTab" : false,
                        "SourceURL" : "",
                        "Style" : "DefaultContainerStyle",
                        "StyleProperties" : { },
                        "Type" : "flexcontainer",
                        "UseTheme" : true,
                        "Visible" : true,
                        "Z-index" : 10,
                        "__TypeDisplayName" : "Flex Container",
                        "align-content" : "flex-start",
                        "align-items" : "flex-start",
                        "flex-basis" : "auto",
                        "flex-direction" : "row",
                        "flex-grow" : 1,
                        "flex-max-height" : "",
                        "flex-max-width" : "",
                        "flex-min-height" : "",
                        "flex-min-width" : "",
                        "flex-shrink" : "0",
                        "flex-size" : "default",
                        "flex-wrap" : "nowrap",
                        "iconClass" : "widgets-flexcontainer",
                        "isLocked" : true,
                        "justify-content" : "flex-start",
                        "positioning" : "responsive",
                        "userCannotRemove" : false
                      },
                      "Widgets" : [ {
                        "Properties" : {
                          "Area" : "UI",
                          "CollapseTabIcon" : "",
                          "DisplayName" : "container-18",
                          "EnableContainerUnload" : false,
                          "EnableExpandCollapse" : false,
                          "ExpandCollapseTabLocation" : "inside",
                          "ExpandTabIcon" : "",
                          "Expanded" : true,
                          "Id" : "flexcontainer-18",
                          "LastContainer" : false,
                          "LazyLoading" : false,
                          "Margin" : "false 5 false 0",
                          "Overlay" : false,
                          "ResponsiveLayout" : true,
                          "ShowDataLoading" : true,
                          "ShowExpandCollapseTab" : false,
                          "SourceURL" : "",
                          "Style" : "DefaultContainerStyle",
                          "StyleProperties" : { },
                          "Type" : "flexcontainer",
                          "UseTheme" : true,
                          "Visible" : true,
                          "Z-index" : 10,
                          "__TypeDisplayName" : "Flex Container",
                          "align-content" : "flex-start",
                          "align-items" : "flex-start",
                          "flex-basis" : "0",
                          "flex-direction" : "row",
                          "flex-grow" : 50,
                          "flex-max-height" : "",
                          "flex-max-width" : "",
                          "flex-min-height" : "",
                          "flex-min-width" : "",
                          "flex-shrink" : "0",
                          "flex-size" : "fixed",
                          "flex-wrap" : "nowrap",
                          "iconClass" : "widgets-flexcontainer",
                          "isLocked" : false,
                          "justify-content" : "flex-start",
                          "positioning" : "responsive",
                          "userCannotRemove" : false
                        },
                        "Widgets" : [ {
                          "Properties" : {
                            "AllowSelection" : true,
                            "AllowYAxisZoom" : true,
                            "Area" : "UI",
                            "AxisAutoscale1" : true,
                            "AxisAutoscale10" : true,
                            "AxisAutoscale11" : true,
                            "AxisAutoscale12" : true,
                            "AxisAutoscale13" : true,
                            "AxisAutoscale14" : true,
                            "AxisAutoscale15" : true,
                            "AxisAutoscale16" : true,
                            "AxisAutoscale17" : true,
                            "AxisAutoscale18" : true,
                            "AxisAutoscale19" : true,
                            "AxisAutoscale2" : true,
                            "AxisAutoscale20" : true,
                            "AxisAutoscale21" : true,
                            "AxisAutoscale22" : true,
                            "AxisAutoscale23" : true,
                            "AxisAutoscale24" : true,
                            "AxisAutoscale3" : true,
                            "AxisAutoscale4" : true,
                            "AxisAutoscale5" : true,
                            "AxisAutoscale6" : true,
                            "AxisAutoscale7" : true,
                            "AxisAutoscale8" : true,
                            "AxisAutoscale9" : true,
                            "AxisFormat1" : "0000.0",
                            "AxisFormat10" : "0000.0",
                            "AxisFormat11" : "0000.0",
                            "AxisFormat12" : "0000.0",
                            "AxisFormat13" : "0000.0",
                            "AxisFormat14" : "0000.0",
                            "AxisFormat15" : "0000.0",
                            "AxisFormat16" : "0000.0",
                            "AxisFormat17" : "0000.0",
                            "AxisFormat18" : "0000.0",
                            "AxisFormat19" : "0000.0",
                            "AxisFormat2" : "0000.0",
                            "AxisFormat20" : "0000.0",
                            "AxisFormat21" : "0000.0",
                            "AxisFormat22" : "0000.0",
                            "AxisFormat23" : "0000.0",
                            "AxisFormat24" : "0000.0",
                            "AxisFormat3" : "0000.0",
                            "AxisFormat4" : "0000.0",
                            "AxisFormat5" : "0000.0",
                            "AxisFormat6" : "0000.0",
                            "AxisFormat7" : "0000.0",
                            "AxisFormat8" : "0000.0",
                            "AxisFormat9" : "0000.0",
                            "AxisMaximum1" : 100,
                            "AxisMaximum10" : 100,
                            "AxisMaximum11" : 100,
                            "AxisMaximum12" : 100,
                            "AxisMaximum13" : 100,
                            "AxisMaximum14" : 100,
                            "AxisMaximum15" : 100,
                            "AxisMaximum16" : 100,
                            "AxisMaximum17" : 100,
                            "AxisMaximum18" : 100,
                            "AxisMaximum19" : 100,
                            "AxisMaximum2" : 100,
                            "AxisMaximum20" : 100,
                            "AxisMaximum21" : 100,
                            "AxisMaximum22" : 100,
                            "AxisMaximum23" : 100,
                            "AxisMaximum24" : 100,
                            "AxisMaximum3" : 100,
                            "AxisMaximum4" : 100,
                            "AxisMaximum5" : 100,
                            "AxisMaximum6" : 100,
                            "AxisMaximum7" : 100,
                            "AxisMaximum8" : 100,
                            "AxisMaximum9" : 100,
                            "AxisMinimum1" : 0,
                            "AxisMinimum10" : 0,
                            "AxisMinimum11" : 0,
                            "AxisMinimum12" : 0,
                            "AxisMinimum13" : 0,
                            "AxisMinimum14" : 0,
                            "AxisMinimum15" : 0,
                            "AxisMinimum16" : 0,
                            "AxisMinimum17" : 0,
                            "AxisMinimum18" : 0,
                            "AxisMinimum19" : 0,
                            "AxisMinimum2" : 0,
                            "AxisMinimum20" : 0,
                            "AxisMinimum21" : 0,
                            "AxisMinimum22" : 0,
                            "AxisMinimum23" : 0,
                            "AxisMinimum24" : 0,
                            "AxisMinimum3" : 0,
                            "AxisMinimum4" : 0,
                            "AxisMinimum5" : 0,
                            "AxisMinimum6" : 0,
                            "AxisMinimum7" : 0,
                            "AxisMinimum8" : 0,
                            "AxisMinimum9" : 0,
                            "AxisZeroscale1" : false,
                            "AxisZeroscale10" : false,
                            "AxisZeroscale11" : false,
                            "AxisZeroscale12" : false,
                            "AxisZeroscale13" : false,
                            "AxisZeroscale14" : false,
                            "AxisZeroscale15" : false,
                            "AxisZeroscale16" : false,
                            "AxisZeroscale17" : false,
                            "AxisZeroscale18" : false,
                            "AxisZeroscale19" : false,
                            "AxisZeroscale2" : false,
                            "AxisZeroscale20" : false,
                            "AxisZeroscale21" : false,
                            "AxisZeroscale22" : false,
                            "AxisZeroscale23" : false,
                            "AxisZeroscale24" : false,
                            "AxisZeroscale3" : false,
                            "AxisZeroscale4" : false,
                            "AxisZeroscale5" : false,
                            "AxisZeroscale6" : false,
                            "AxisZeroscale7" : false,
                            "AxisZeroscale8" : false,
                            "AxisZeroscale9" : false,
                            "ChartAreaStyle" : "DefaultChartAreaStyle",
                            "ChartLegendStyle" : "DefaultChartLegendStyle",
                            "ChartOrientation" : "vertical",
                            "ChartStyle" : "DefaultChartStyle",
                            "ChartTitle" : "[[KBLocalSmartKPITimeLossesMashup.TheoreticalActualTime]]",
                            "ChartTitleStyle" : "KBDefaultChartTitleStyle",
                            "ChartType" : "bar",
                            "DataField1" : "TimeSumInMinutes",
                            "DataField2" : "CycleTimeInMinutes",
                            "DisplayName" : "labelchart-74",
                            "EnableHover" : true,
                            "GridStyle" : "DefaultChartGridStyle",
                            "Height" : 240,
                            "Id" : "labelchart-74",
                            "LastContainer" : false,
                            "Left" : 54,
                            "LegendLocation" : "right",
                            "LegendOrientation" : "vertical",
                            "LegendWidth" : 0,
                            "Margin" : "5",
                            "MarkerSize" : 3,
                            "MarkerType" : "circle",
                            "NumberOfSeries" : 2,
                            "OverlayYAxes" : false,
                            "ResponsiveLayout" : true,
                            "SecondaryYAxisAutoscale" : true,
                            "SecondaryYAxisFormat" : "0000.0",
                            "SecondaryYAxisMaximum" : 100,
                            "SecondaryYAxisMinimum" : 0,
                            "SecondaryYAxisTitle" : "",
                            "SecondaryYAxisZeroscale" : false,
                            "SelectedItemStyle" : "DefaultChartSelectionStyle",
                            "SeriesDataStyle10_StateParameters" : [ ],
                            "SeriesDataStyle11_StateParameters" : [ ],
                            "SeriesDataStyle12_StateParameters" : [ ],
                            "SeriesDataStyle13_StateParameters" : [ ],
                            "SeriesDataStyle14_StateParameters" : [ ],
                            "SeriesDataStyle15_StateParameters" : [ ],
                            "SeriesDataStyle16_StateParameters" : [ ],
                            "SeriesDataStyle17_StateParameters" : [ ],
                            "SeriesDataStyle18_StateParameters" : [ ],
                            "SeriesDataStyle19_StateParameters" : [ ],
                            "SeriesDataStyle1_StateParameters" : [ ],
                            "SeriesDataStyle20_StateParameters" : [ ],
                            "SeriesDataStyle21_StateParameters" : [ ],
                            "SeriesDataStyle22_StateParameters" : [ ],
                            "SeriesDataStyle23_StateParameters" : [ ],
                            "SeriesDataStyle24_StateParameters" : [ ],
                            "SeriesDataStyle2_StateParameters" : [ ],
                            "SeriesDataStyle3_StateParameters" : [ ],
                            "SeriesDataStyle4_StateParameters" : [ ],
                            "SeriesDataStyle5_StateParameters" : [ ],
                            "SeriesDataStyle6_StateParameters" : [ ],
                            "SeriesDataStyle7_StateParameters" : [ ],
                            "SeriesDataStyle8_StateParameters" : [ ],
                            "SeriesDataStyle9_StateParameters" : [ ],
                            "SeriesMarkerType1" : "chart",
                            "SeriesMarkerType10" : "chart",
                            "SeriesMarkerType11" : "chart",
                            "SeriesMarkerType12" : "chart",
                            "SeriesMarkerType13" : "chart",
                            "SeriesMarkerType14" : "chart",
                            "SeriesMarkerType15" : "chart",
                            "SeriesMarkerType16" : "chart",
                            "SeriesMarkerType17" : "chart",
                            "SeriesMarkerType18" : "chart",
                            "SeriesMarkerType19" : "chart",
                            "SeriesMarkerType2" : "chart",
                            "SeriesMarkerType20" : "chart",
                            "SeriesMarkerType21" : "chart",
                            "SeriesMarkerType22" : "chart",
                            "SeriesMarkerType23" : "chart",
                            "SeriesMarkerType24" : "chart",
                            "SeriesMarkerType3" : "chart",
                            "SeriesMarkerType4" : "chart",
                            "SeriesMarkerType5" : "chart",
                            "SeriesMarkerType6" : "chart",
                            "SeriesMarkerType7" : "chart",
                            "SeriesMarkerType8" : "chart",
                            "SeriesMarkerType9" : "chart",
                            "SeriesStyle1" : "DefaultChartStyle1",
                            "SeriesStyle10" : "DefaultChartStyle10",
                            "SeriesStyle11" : "DefaultChartStyle11",
                            "SeriesStyle12" : "DefaultChartStyle12",
                            "SeriesStyle13" : "DefaultChartStyle13",
                            "SeriesStyle14" : "DefaultChartStyle14",
                            "SeriesStyle15" : "DefaultChartStyle15",
                            "SeriesStyle16" : "DefaultChartStyle16",
                            "SeriesStyle17" : "DefaultChartStyle17",
                            "SeriesStyle18" : "DefaultChartStyle18",
                            "SeriesStyle19" : "DefaultChartStyle19",
                            "SeriesStyle2" : "DefaultChartStyle2",
                            "SeriesStyle20" : "DefaultChartStyle20",
                            "SeriesStyle21" : "DefaultChartStyle21",
                            "SeriesStyle22" : "DefaultChartStyle22",
                            "SeriesStyle23" : "DefaultChartStyle23",
                            "SeriesStyle24" : "DefaultChartStyle24",
                            "SeriesStyle3" : "DefaultChartStyle3",
                            "SeriesStyle4" : "DefaultChartStyle4",
                            "SeriesStyle5" : "DefaultChartStyle5",
                            "SeriesStyle6" : "DefaultChartStyle6",
                            "SeriesStyle7" : "DefaultChartStyle7",
                            "SeriesStyle8" : "DefaultChartStyle8",
                            "SeriesStyle9" : "DefaultChartStyle9",
                            "SeriesType1" : "chart",
                            "SeriesType10" : "chart",
                            "SeriesType11" : "chart",
                            "SeriesType12" : "chart",
                            "SeriesType13" : "chart",
                            "SeriesType14" : "chart",
                            "SeriesType15" : "chart",
                            "SeriesType16" : "chart",
                            "SeriesType17" : "chart",
                            "SeriesType18" : "chart",
                            "SeriesType19" : "chart",
                            "SeriesType2" : "linemarker",
                            "SeriesType20" : "chart",
                            "SeriesType21" : "chart",
                            "SeriesType22" : "chart",
                            "SeriesType23" : "chart",
                            "SeriesType24" : "chart",
                            "SeriesType3" : "chart",
                            "SeriesType4" : "chart",
                            "SeriesType5" : "chart",
                            "SeriesType6" : "chart",
                            "SeriesType7" : "chart",
                            "SeriesType8" : "chart",
                            "SeriesType9" : "chart",
                            "ShowDataLoading" : true,
                            "ShowLegend" : false,
                            "ShowXAxis" : true,
                            "ShowXAxisGrid" : true,
                            "ShowXAxisLabels" : true,
                            "ShowXAxisTicks" : true,
                            "ShowYAxis" : true,
                            "ShowYAxisGrid" : true,
                            "ShowYAxisLabels" : true,
                            "ShowYAxisSmartLabels" : false,
                            "ShowYAxisTicks" : true,
                            "SingleDataSource" : true,
                            "Smoothing" : false,
                            "StackSeries" : false,
                            "ToolTipStyle" : "DefaultTooltipStyle",
                            "Top" : 96.66666412353516,
                            "TruncateX-AxisLabels" : 0,
                            "TruncateY-AxisLabels" : 0,
                            "Type" : "labelchart",
                            "UseSecondaryAxis1" : false,
                            "UseSecondaryAxis10" : false,
                            "UseSecondaryAxis11" : false,
                            "UseSecondaryAxis12" : false,
                            "UseSecondaryAxis13" : false,
                            "UseSecondaryAxis14" : false,
                            "UseSecondaryAxis15" : false,
                            "UseSecondaryAxis16" : false,
                            "UseSecondaryAxis17" : false,
                            "UseSecondaryAxis18" : false,
                            "UseSecondaryAxis19" : false,
                            "UseSecondaryAxis2" : true,
                            "UseSecondaryAxis20" : false,
                            "UseSecondaryAxis21" : false,
                            "UseSecondaryAxis22" : false,
                            "UseSecondaryAxis23" : false,
                            "UseSecondaryAxis24" : false,
                            "UseSecondaryAxis3" : false,
                            "UseSecondaryAxis4" : false,
                            "UseSecondaryAxis5" : false,
                            "UseSecondaryAxis6" : false,
                            "UseSecondaryAxis7" : false,
                            "UseSecondaryAxis8" : false,
                            "UseSecondaryAxis9" : false,
                            "Visible" : true,
                            "Width" : 640,
                            "XAxisField" : "StatusNameLevel2",
                            "XAxisFormat" : "0000.0",
                            "XAxisLabelRotation" : 0,
                            "XAxisLabelType" : "STRING",
                            "XAxisStyle" : "DefaultChartAxisStyle",
                            "XAxisTitle" : "",
                            "YAxisAutoscale" : true,
                            "YAxisFormat" : "0000.0",
                            "YAxisIntervals" : 10,
                            "YAxisLabels" : 2,
                            "YAxisMaximum" : 100,
                            "YAxisMinimum" : 0,
                            "YAxisMinorTicks" : 1,
                            "YAxisMode" : "dual",
                            "YAxisStyle" : "DefaultChartAxisStyle",
                            "YAxisTitle" : "",
                            "YAxisZeroscale" : false,
                            "Z-index" : 10,
                            "__TypeDisplayName" : "Label Chart",
                            "__supportsTooltip" : true
                          },
                          "Widgets" : [ ]
                        } ]
                      }, {
                        "Properties" : {
                          "Area" : "UI",
                          "CollapseTabIcon" : "",
                          "DisplayName" : "container-14",
                          "EnableContainerUnload" : false,
                          "EnableExpandCollapse" : false,
                          "ExpandCollapseTabLocation" : "inside",
                          "ExpandTabIcon" : "",
                          "Expanded" : true,
                          "Id" : "flexcontainer-14",
                          "LastContainer" : false,
                          "LazyLoading" : false,
                          "Margin" : "false 0 false 5",
                          "Overlay" : false,
                          "ResponsiveLayout" : true,
                          "ShowDataLoading" : true,
                          "ShowExpandCollapseTab" : false,
                          "SourceURL" : "",
                          "Style" : "DefaultContainerStyle",
                          "StyleProperties" : { },
                          "Type" : "flexcontainer",
                          "UseTheme" : true,
                          "Visible" : true,
                          "Z-index" : 10,
                          "__TypeDisplayName" : "Flex Container",
                          "align-content" : "flex-start",
                          "align-items" : "flex-start",
                          "flex-basis" : "0",
                          "flex-direction" : "row",
                          "flex-grow" : 50,
                          "flex-max-height" : "",
                          "flex-max-width" : "",
                          "flex-min-height" : "",
                          "flex-min-width" : "",
                          "flex-shrink" : "0",
                          "flex-size" : "fixed",
                          "flex-wrap" : "nowrap",
                          "iconClass" : "widgets-flexcontainer",
                          "isLocked" : false,
                          "justify-content" : "flex-start",
                          "positioning" : "responsive",
                          "userCannotRemove" : false
                        },
                        "Widgets" : [ {
                          "Properties" : {
                            "AddButtonText" : "[[add]]",
                            "AddRowButtonText" : "[[add]]",
                            "AddRowFormTitle" : "[[AddRecord]]",
                            "AllowDisabledNodes" : false,
                            "AlwaysExpanded" : false,
                            "ApplyButtonText" : "[[apply]]",
                            "Area" : "UI",
                            "AutoScroll" : false,
                            "BindDataText" : "[[bindData]]",
                            "CacheRuntimeChanges" : true,
                            "CancelButtonText" : "[[cancel]]",
                            "CancelEditButtonText" : "[[cancel]]",
                            "CancelLabel" : "[[cancel]]",
                            "ClearFilteredSelection" : false,
                            "ColumnFormat" : {
                              "__dhxMigrated__" : true,
                              "formatInfo" : [ {
                                "FieldName" : "StatusNameLevel1",
                                "FormatOptions" : {
                                  "FormatString" : "full",
                                  "formatInfo" : {
                                    "FieldName" : "",
                                    "StateDefinition" : "",
                                    "StateDefinitionType" : "fixed",
                                    "StateFormats" : [ {
                                      "state" : "",
                                      "stateName" : "fixed"
                                    } ]
                                  },
                                  "renderer" : "STRING",
                                  "roundingEnabled" : true
                                },
                                "Title" : "Name",
                                "Width" : "auto",
                                "cellHorizontalAlignment" : "left",
                                "editable" : false,
                                "sortable" : true,
                                "validationExpression" : "",
                                "validationMessage" : ""
                              }, {
                                "FieldName" : "TimeSumInMinutes",
                                "FormatOptions" : {
                                  "FormatString" : "0.00",
                                  "formatInfo" : {
                                    "FieldName" : "",
                                    "StateDefinition" : "",
                                    "StateDefinitionType" : "fixed",
                                    "StateFormats" : [ {
                                      "state" : "",
                                      "stateName" : "fixed"
                                    } ]
                                  },
                                  "renderer" : "NUMBER",
                                  "roundingEnabled" : true
                                },
                                "Title" : "Minutes",
                                "Width" : "auto",
                                "cellHorizontalAlignment" : "right",
                                "editable" : false,
                                "sortable" : true,
                                "validationExpression" : "",
                                "validationMessage" : ""
                              }, {
                                "FieldName" : "CycleTimeInMinutes",
                                "FormatOptions" : {
                                  "FormatString" : "0.00",
                                  "formatInfo" : {
                                    "FieldName" : "",
                                    "StateDefinition" : "",
                                    "StateDefinitionType" : "fixed",
                                    "StateFormats" : [ {
                                      "state" : "",
                                      "stateName" : "fixed"
                                    } ]
                                  },
                                  "renderer" : "NUMBER",
                                  "roundingEnabled" : true
                                },
                                "Title" : "Cycle Time [Min.]",
                                "Width" : "auto",
                                "cellHorizontalAlignment" : "right",
                                "editable" : false,
                                "sortable" : true,
                                "validationExpression" : "",
                                "validationMessage" : ""
                              }, {
                                "FieldName" : "Occurrences",
                                "FormatOptions" : {
                                  "FormatString" : "0",
                                  "formatInfo" : {
                                    "FieldName" : "",
                                    "StateDefinition" : "",
                                    "StateDefinitionType" : "fixed",
                                    "StateFormats" : [ {
                                      "state" : "",
                                      "stateName" : "fixed"
                                    } ]
                                  },
                                  "renderer" : "INTEGER",
                                  "roundingEnabled" : true
                                },
                                "Title" : "OK Parts",
                                "Width" : "auto",
                                "cellHorizontalAlignment" : "right",
                                "editable" : false,
                                "sortable" : true,
                                "validationExpression" : "",
                                "validationMessage" : ""
                              } ]
                            },
                            "ColumnsMenuOptions" : "none",
                            "ColumnsMenuVisibleItems" : 6,
                            "DateLabel" : "[[date]]",
                            "DefaultSelectedRows" : "",
                            "DeleteRowButtonText" : "[[delete]]",
                            "DisableChildNodes" : false,
                            "DisplayButtonText" : "[[display]]",
                            "DisplayName" : "dhxgrid-26",
                            "EditButton" : false,
                            "EditButtonText" : "[[edit]]",
                            "EditControlLabel" : "[[edit]]",
                            "EditControlType" : "link",
                            "EditControlVisibility" : "hover",
                            "EditLevel" : "cell",
                            "ExpandCollapseAll" : false,
                            "ExpandCollapseIcon" : "singlecaret",
                            "ExpandLoadedRows" : false,
                            "FillContainer" : true,
                            "FilterHintText" : "[[filter]]",
                            "FilterWidth" : 273,
                            "FocusNavigationMode" : "row-first",
                            "HasChildrenFieldName" : "hasChildren",
                            "HeaderVerticalAlignment" : "top",
                            "Height" : 200,
                            "HideHeaderRow" : false,
                            "HighlightDraftState" : false,
                            "HoursLabel" : "[[hours]]",
                            "IDFieldName" : "id",
                            "IDPathSeparator" : ":;",
                            "Id" : "ptcsgrid-26",
                            "IncludeRowExpansionParents" : false,
                            "IsEditable" : false,
                            "IsPrintLayout" : false,
                            "Label" : "",
                            "LabelAlignment" : "left",
                            "LabelType" : "sub-header",
                            "LastContainer" : false,
                            "Left" : 80,
                            "Margin" : "5",
                            "MaxRowsMessage" : "[[Widgets.TreeGrid.MaxRowsMessage]]",
                            "MaxRowsMessageTitle" : "[[Widgets.TreeGrid.MaxRowsMessageTitle]]",
                            "MeridiemLabel" : "AM/PM",
                            "MinRowHeight" : 30,
                            "MinutesLabel" : "[[minutes]]",
                            "MonthLabel" : "[[months]]",
                            "NoDataToDisplayText" : "[[noDataToDisplay]]",
                            "NoMatchesText" : "[[noMatches]]",
                            "NoResultsText" : "[[noResults]]",
                            "ParentIDFieldName" : "parentId",
                            "PreserveRowExpansion" : false,
                            "PreventRowWrapInNav" : false,
                            "PrimaryColumnFixedSize" : false,
                            "ReorderColumns" : false,
                            "ResetButtonText" : "[[reset]]",
                            "ResizeColumns" : true,
                            "ResponsiveLayout" : true,
                            "RowAddButton" : false,
                            "RowDeleteButton" : false,
                            "RowEditFormTitle" : "[[EditRecord]]",
                            "RowFormat_StateParameters" : [ ],
                            "RowSelection" : "single",
                            "RowsVerticalAlignment" : "top",
                            "SaveEditButtonText" : "[[save]]",
                            "SecondsLabel" : "[[seconds]]",
                            "SelectFocusedItem" : false,
                            "SelectLabel" : "[[select]]",
                            "SelectParentOnly" : false,
                            "SelectedItemText" : "[[rowSelected]]",
                            "SelectedItemsText" : "[[rowsSelected]]",
                            "SelectedRowsChangedCallback" : true,
                            "ShowColumnFeature" : true,
                            "ShowDataLoading" : true,
                            "ShowFilter" : false,
                            "ShowFooter" : false,
                            "ShowHeaderRowInFooter" : false,
                            "ShowResetButton" : false,
                            "ShowRowNumbers" : false,
                            "ShowValidationCriteria" : false,
                            "ShowValidationFailure" : false,
                            "ShowValidationSuccess" : false,
                            "SingleLineHeader" : false,
                            "SingleLineRows" : true,
                            "SortSelectionColumn" : false,
                            "TabSequence" : 0,
                            "Top" : 35,
                            "TriggerEventOnConfigChange" : true,
                            "Type" : "ptcsgrid",
                            "UpdateButtonText" : "[[update]]",
                            "UseTheme" : true,
                            "Visible" : true,
                            "Width" : 400,
                            "YearLabel" : "[[years]]",
                            "Z-index" : 10,
                            "__TypeDisplayName" : "Grid"
                          },
                          "Widgets" : [ ]
                        } ]
                      } ]
                    } ]
                  } ]
                }, {
                  "Properties" : {
                    "Area" : "UI",
                    "AutoEvaluate" : false,
                    "DataChangeType" : "ALWAYS",
                    "DisplayName" : "ReduceTime1Sec",
                    "Expression" : "Output = new Date(Input.getTime()-60000);",
                    "FireOnFirstValue" : false,
                    "Height" : 28,
                    "Id" : "expression2-73",
                    "LastContainer" : false,
                    "Left" : null,
                    "Margin" : "5",
                    "OutputBaseType" : "DATETIME",
                    "ResponsiveLayout" : false,
                    "ShowDataLoading" : true,
                    "Top" : null,
                    "Type" : "expression2",
                    "Visible" : true,
                    "Width" : 200,
                    "Z-index" : 10,
                    "__TypeDisplayName" : "Expression",
                    "_currentParameterDefs" : [ {
                      "BaseType" : "DATETIME",
                      "Description" : "",
                      "ParameterName" : "Input",
                      "bindingDirection" : "Target",
                      "bindingType" : "Property",
                      "isBindingSource" : false,
                      "isBindingTarget" : true,
                      "shown" : true
                    } ]
                  },
                  "Widgets" : [ ]
                } ]
              },
              "mashupType" : "mashup"
            }
            ]]>
            </mashupContent>
            <preview></preview>
        </Mashup>
    </Mashups>
</Entities>
