<?xml version="1.0" encoding="UTF-8"?>
<Entities
 majorVersion="9"
 minorVersion="3"
 universal="password">
    <Mashups>
        <Mashup
         aspect.isFlex="true"
         aspect.isResponsive="true"
         aspect.mashupType="mashup"
         columns="0.0"
         description=""
         documentationContent=""
         homeMashup=""
         name="KBMachineShiftsMashup"
         projectName="KBsmartKPI"
         rows="0.0"
         tags="">
            <avatar></avatar>
            <DesignTimePermissions>
                <Create></Create>
                <Read></Read>
                <Update></Update>
                <Delete></Delete>
                <Metadata></Metadata>
            </DesignTimePermissions>
            <RunTimePermissions></RunTimePermissions>
            <VisibilityPermissions>
                <Visibility></Visibility>
            </VisibilityPermissions>
            <ConfigurationTableDefinitions></ConfigurationTableDefinitions>
            <ConfigurationTables>
                <ConfigurationTable
                 dataShapeName=""
                 description="Mashup Mobile Settings"
                 isHidden="true"
                 isMultiRow="false"
                 name="MobileSettings"
                 ordinal="0">
                    <DataShape>
                        <FieldDefinitions>
                            <FieldDefinition
                             aspect.defaultValue="false"
                             aspect.friendlyName="Disable Zoom"
                             baseType="BOOLEAN"
                             description="Disables zooming in and out within the mashup"
                             name="disableZoom"
                             ordinal="0"></FieldDefinition>
                            <FieldDefinition
                             aspect.defaultValue="true"
                             aspect.friendlyName="Full Screen Mode"
                             baseType="BOOLEAN"
                             description="Open the mashup in full screen mode"
                             name="fullScreenMode"
                             ordinal="0"></FieldDefinition>
                            <FieldDefinition
                             aspect.friendlyName="Height"
                             baseType="STRING"
                             description="The height of the mashup page"
                             name="height"
                             ordinal="0"></FieldDefinition>
                            <FieldDefinition
                             aspect.defaultValue="device-height"
                             aspect.friendlyName="Height Type"
                             baseType="STRING"
                             description="Use the height of the device display, or a custom height (in px)"
                             name="heightType"
                             ordinal="0"></FieldDefinition>
                            <FieldDefinition
                             aspect.defaultValue="1.0"
                             aspect.friendlyName="Initial Scale"
                             baseType="NUMBER"
                             description="The initial zoom scale when the mashup is loaded for the first time"
                             name="initialScale"
                             ordinal="0"></FieldDefinition>
                            <FieldDefinition
                             aspect.friendlyName="Shortcut Icon Title"
                             baseType="STRING"
                             description="A title for the mashup shortcut on the iOS home screen"
                             name="iosShortcutIconTitle"
                             ordinal="0"></FieldDefinition>
                            <FieldDefinition
                             aspect.defaultValue="black-translucent"
                             aspect.friendlyName="Status Bar Appearance"
                             baseType="STRING"
                             description="The style of the iOS status bar"
                             name="iosStatusBarAppearance"
                             ordinal="0"></FieldDefinition>
                            <FieldDefinition
                             aspect.defaultValue="10.0"
                             aspect.friendlyName="Maximum Scale"
                             baseType="NUMBER"
                             description="The maximum scale that users can zoom out to"
                             name="maximumScale"
                             ordinal="0"></FieldDefinition>
                            <FieldDefinition
                             aspect.defaultValue="0.1"
                             aspect.friendlyName="Minimum Scale"
                             baseType="NUMBER"
                             description="The minimum scale that users can zoom out to"
                             name="minimumScale"
                             ordinal="0"></FieldDefinition>
                            <FieldDefinition
                             aspect.friendlyName="Width"
                             baseType="STRING"
                             description="The width of the mashup page"
                             name="width"
                             ordinal="0"></FieldDefinition>
                            <FieldDefinition
                             aspect.defaultValue="device-width"
                             aspect.friendlyName="Width Type"
                             baseType="STRING"
                             description="Use the width of the device display, or a custom width (in px)"
                             name="widthType"
                             ordinal="0"></FieldDefinition>
                        </FieldDefinitions>
                    </DataShape>
                    <Rows>
                        <Row>
                            <disableZoom>false</disableZoom>
                            <fullScreenMode>true</fullScreenMode>
                            <height></height>
                            <heightType>
                            <![CDATA[
                            device-height
                            ]]>
                            </heightType>
                            <initialScale>1.0</initialScale>
                            <iosShortcutIconTitle></iosShortcutIconTitle>
                            <iosStatusBarAppearance>
                            <![CDATA[
                            black-translucent
                            ]]>
                            </iosStatusBarAppearance>
                            <maximumScale>10.0</maximumScale>
                            <minimumScale>0.1</minimumScale>
                            <width></width>
                            <widthType>
                            <![CDATA[
                            device-width
                            ]]>
                            </widthType>
                        </Row>
                    </Rows>
                </ConfigurationTable>
            </ConfigurationTables>
            <ParameterDefinitions>
                <FieldDefinition
                 aspect.bindingDirection="IN"
                 aspect.isMandatory="false"
                 baseType="DATETIME"
                 description=""
                 name="EndDate"
                 ordinal="0"></FieldDefinition>
                <FieldDefinition
                 aspect.bindingDirection="IN"
                 aspect.isMandatory="false"
                 baseType="STRING"
                 description=""
                 name="Machine"
                 ordinal="0"></FieldDefinition>
                <FieldDefinition
                 aspect.bindingDirection="IN"
                 aspect.isMandatory="false"
                 baseType="DATETIME"
                 description=""
                 name="StartDate"
                 ordinal="0"></FieldDefinition>
            </ParameterDefinitions>
            <Things></Things>
            <ThingShapes></ThingShapes>
            <ThingTemplates></ThingTemplates>
            <mashupContent>
            <![CDATA[
            {
              "CustomMashupCss" : "",
              "Data" : {
                "Session" : {
                  "DataName" : "Session",
                  "EntityName" : "",
                  "EntityType" : "Session",
                  "Id" : "session",
                  "Services" : [ {
                    "APIMethod" : "post",
                    "Characteristic" : "Services",
                    "Id" : "SessionInterface",
                    "Name" : "GetGlobalSessionValues",
                    "Parameters" : { },
                    "RefreshInterval" : 0,
                    "Target" : "GetGlobalSessionValues"
                  } ]
                },
                "Things_KBKPILocalThingWorxDatabaseThing" : {
                  "DataName" : "Things_KBKPILocalThingWorxDatabaseThing",
                  "EntityName" : "KBKPILocalThingWorxDatabaseThing",
                  "EntityType" : "Things",
                  "Id" : "d16b4b51-43bc-4812-98a7-2a31af15446b",
                  "Services" : [ {
                    "APIMethod" : "post",
                    "Characteristic" : "Services",
                    "Id" : "5199b168-a589-4d5f-93a4-e27030a6a077",
                    "Name" : "GetMachineShiftData",
                    "Parameters" : { },
                    "RefreshInterval" : 0,
                    "Target" : "GetMachineShiftData"
                  } ]
                },
                "UserExtensions" : {
                  "DataName" : "UserExtensions",
                  "EntityName" : "",
                  "EntityType" : "UserExtensions",
                  "Id" : "UserExtensions",
                  "Services" : [ {
                    "APIMethod" : "post",
                    "Characteristic" : "Services",
                    "Id" : "UserExtensionInterface",
                    "Name" : "GetCurrentUserExtensionProperties",
                    "Parameters" : { },
                    "RefreshInterval" : 0,
                    "Target" : "GetCurrentUserExtensionProperties"
                  } ]
                }
              },
              "DataBindings" : [ {
                "Id" : "4bf89aa1-dc93-4ed8-84bf-b86538a12cf1",
                "PropertyMaps" : [ {
                  "SourceProperty" : "StartDate",
                  "SourcePropertyBaseType" : "DATETIME",
                  "SourcePropertyType" : "Property",
                  "TargetProperty" : "StartDateTime",
                  "TargetPropertyBaseType" : "DATETIME",
                  "TargetPropertyType" : "property"
                } ],
                "SourceArea" : "Mashup",
                "SourceId" : "mashup-root",
                "SourceSection" : "",
                "TargetArea" : "UI",
                "TargetId" : "timeselector-8",
                "TargetSection" : ""
              }, {
                "Id" : "f7209426-9368-455c-8408-cbe5ee6ba9e1",
                "PropertyMaps" : [ {
                  "SourceProperty" : "EndDate",
                  "SourcePropertyBaseType" : "DATETIME",
                  "SourcePropertyType" : "Property",
                  "TargetProperty" : "EndDateTime",
                  "TargetPropertyBaseType" : "DATETIME",
                  "TargetPropertyType" : "property"
                } ],
                "SourceArea" : "Mashup",
                "SourceId" : "mashup-root",
                "SourceSection" : "",
                "TargetArea" : "UI",
                "TargetId" : "timeselector-8",
                "TargetSection" : ""
              }, {
                "Id" : "07bd4ed0-b85c-42a6-942a-558267752139",
                "PropertyMaps" : [ {
                  "SourceProperty" : "Machine",
                  "SourcePropertyBaseType" : "STRING",
                  "TargetProperty" : "Machine",
                  "TargetPropertyBaseType" : "STRING",
                  "TargetPropertyType" : "Parameter"
                } ],
                "SourceArea" : "Mashup",
                "SourceId" : "mashup-root",
                "SourceSection" : "",
                "TargetArea" : "Data",
                "TargetId" : "GetMachineShiftData",
                "TargetSection" : "Things_KBKPILocalThingWorxDatabaseThing"
              }, {
                "Id" : "7ccbe7ad-a830-428d-a1bc-d1b94fe04ded",
                "PropertyMaps" : [ {
                  "SourceProperty" : "StartDateTime",
                  "SourcePropertyBaseType" : "DATETIME",
                  "TargetProperty" : "StartDate",
                  "TargetPropertyBaseType" : "DATETIME",
                  "TargetPropertyType" : "Parameter"
                } ],
                "SourceArea" : "UI",
                "SourceId" : "timeselector-8",
                "SourceSection" : "",
                "TargetArea" : "Data",
                "TargetId" : "GetMachineShiftData",
                "TargetSection" : "Things_KBKPILocalThingWorxDatabaseThing"
              }, {
                "Id" : "a2e65193-e6fc-45dd-95fc-1556da57f225",
                "PropertyMaps" : [ {
                  "SourceProperty" : "EndDateTime",
                  "SourcePropertyBaseType" : "DATETIME",
                  "TargetProperty" : "EndDate",
                  "TargetPropertyBaseType" : "DATETIME",
                  "TargetPropertyType" : "Parameter"
                } ],
                "SourceArea" : "UI",
                "SourceId" : "timeselector-8",
                "SourceSection" : "",
                "TargetArea" : "Data",
                "TargetId" : "GetMachineShiftData",
                "TargetSection" : "Things_KBKPILocalThingWorxDatabaseThing"
              }, {
                "Id" : "636b8277-151e-4ef1-a9a0-e290118737e3",
                "PropertyMaps" : [ {
                  "SourceProperty" : "",
                  "SourcePropertyBaseType" : "INFOTABLE",
                  "SourcePropertyType" : "InfoTable",
                  "TargetProperty" : "Data",
                  "TargetPropertyBaseType" : "INFOTABLE",
                  "TargetPropertyType" : "property"
                } ],
                "SourceArea" : "Data",
                "SourceDetails" : "AllData",
                "SourceId" : "GetMachineShiftData",
                "SourceName" : "GetMachineShiftData",
                "SourceSection" : "Things_KBKPILocalThingWorxDatabaseThing",
                "TargetArea" : "UI",
                "TargetId" : "ptcsgrid-5",
                "TargetSection" : ""
              }, {
                "Id" : "074f1c75-cfbb-4ca6-9fe4-ff5c06e4e247",
                "PropertyMaps" : [ {
                  "SourceProperty" : "Machine",
                  "SourcePropertyBaseType" : "STRING",
                  "SourcePropertyType" : "Property",
                  "TargetProperty" : "LabelText",
                  "TargetPropertyBaseType" : "STRING",
                  "TargetPropertyType" : "property"
                } ],
                "SourceArea" : "Mashup",
                "SourceId" : "mashup-root",
                "SourceSection" : "",
                "TargetArea" : "UI",
                "TargetId" : "ptcslabel-7",
                "TargetSection" : ""
              } ],
              "DesignTimePermissions" : {
                "Create" : [ ],
                "Delete" : [ ],
                "Metadata" : [ ],
                "Read" : [ ],
                "Update" : [ ]
              },
              "Events" : [ {
                "EventHandlerArea" : "Data",
                "EventHandlerId" : "Things_KBKPILocalThingWorxDatabaseThing",
                "EventHandlerService" : "GetMachineShiftData",
                "EventTriggerArea" : "Mashup",
                "EventTriggerEvent" : "Loaded",
                "EventTriggerId" : "mashup-root",
                "EventTriggerSection" : "",
                "Id" : "b929cf86-4895-473f-b9f7-0fbcc29ebbcf"
              }, {
                "EventHandlerArea" : "Data",
                "EventHandlerId" : "Things_KBKPILocalThingWorxDatabaseThing",
                "EventHandlerService" : "GetMachineShiftData",
                "EventTriggerArea" : "UI",
                "EventTriggerEvent" : "Updated",
                "EventTriggerId" : "timeselector-8",
                "EventTriggerSection" : "",
                "Id" : "f90672ff-1310-4b7b-8aac-b6cc7c8c69b0"
              } ],
              "Reminders" : [ ],
              "RunTimePermissions" : {
                "permissions" : [ ]
              },
              "UI" : {
                "Properties" : {
                  "AddToDashboardButton" : "SimplePlus",
                  "AddToDashboardButtonStyle" : "DefaultAddToDashboardButtonStyle",
                  "Area" : "Mashup",
                  "BGImage" : "",
                  "BGImageRepeat" : "no-repeat",
                  "BGImageSize" : "auto",
                  "Columns" : 0,
                  "ConfigureGadgetButton" : "SimpleGear",
                  "ConfigureGadgetButtonStyle" : "DefaultConfigureGadgetButtonStyle",
                  "DisplayName" : "Mashup",
                  "EnableParameterEditing" : false,
                  "Height" : 618,
                  "Id" : "mashup-root",
                  "IgnoreWarningsInViewMashup" : false,
                  "IsPrintLayout" : false,
                  "Left" : 0,
                  "Margin" : "5",
                  "MashupToEditGadget" : "DefaultMashupToEditGadget",
                  "MigratedOn" : "2023-04-11T08:35:44.000Z",
                  "MinHeight" : 0,
                  "MinWidth" : 0,
                  "ResponsiveLayout" : true,
                  "Rows" : 0,
                  "ShowDataLoading" : true,
                  "Style" : "DefaultMashupStyle",
                  "StyleProperties" : {
                    "data" : {
                      "flexcontainer-2" : {
                        "parts" : {
                          "$" : {
                            "$" : {
                              "background" : "transparent"
                            }
                          }
                        },
                        "widget" : "flex-container"
                      }
                    },
                    "meta" : {
                      "type" : "WidgetStyler",
                      "version" : "1.0"
                    }
                  },
                  "StyleTheme" : "KBStandardStyleTheme",
                  "Title" : "",
                  "TitleBar" : false,
                  "TitleBarStyle" : "DefaultTitleBarStyle",
                  "TitleBarText" : "Gadget Title Here",
                  "Top" : 0,
                  "Type" : "mashup",
                  "UseMasterTheme" : false,
                  "UseTheme" : false,
                  "UseThemeForHybrids" : false,
                  "Visible" : true,
                  "Width" : 1024,
                  "Z-index" : 10,
                  "__TypeDisplayName" : "Mashup",
                  "_currentParameterDefs" : [ {
                    "Aspects" : {
                      "bindingDirection" : "IN",
                      "isMandatory" : false
                    },
                    "BaseType" : "STRING",
                    "Description" : "",
                    "ParameterName" : "Machine"
                  }, {
                    "Aspects" : {
                      "bindingDirection" : "IN",
                      "isMandatory" : false
                    },
                    "BaseType" : "DATETIME",
                    "Description" : "",
                    "ParameterName" : "StartDate"
                  }, {
                    "Aspects" : {
                      "bindingDirection" : "IN",
                      "isMandatory" : false
                    },
                    "BaseType" : "DATETIME",
                    "Description" : "",
                    "ParameterName" : "EndDate"
                  } ],
                  "id_index" : 8,
                  "supportsAutoResize" : true
                },
                "Widgets" : [ {
                  "Properties" : {
                    "Area" : "UI",
                    "CollapseTabIcon" : "",
                    "DisplayName" : "container-2",
                    "EnableContainerUnload" : false,
                    "EnableExpandCollapse" : false,
                    "ExpandCollapseTabLocation" : "inside",
                    "ExpandTabIcon" : "",
                    "Expanded" : true,
                    "Id" : "flexcontainer-2",
                    "LastContainer" : true,
                    "LazyLoading" : false,
                    "Margin" : "",
                    "Overlay" : false,
                    "ResponsiveLayout" : true,
                    "ShowDataLoading" : true,
                    "ShowExpandCollapseTab" : false,
                    "SourceURL" : "",
                    "Style" : "DefaultContainerStyle",
                    "StyleProperties" : { },
                    "Type" : "flexcontainer",
                    "UseTheme" : true,
                    "Visible" : true,
                    "Z-index" : 10,
                    "__TypeDisplayName" : "Flex Container",
                    "align-content" : "flex-start",
                    "align-items" : "flex-start",
                    "flex-basis" : "auto",
                    "flex-direction" : "column",
                    "flex-grow" : 1,
                    "flex-max-height" : "",
                    "flex-max-width" : "",
                    "flex-min-height" : "",
                    "flex-min-width" : "",
                    "flex-shrink" : "0",
                    "flex-size" : "default",
                    "flex-wrap" : "nowrap",
                    "iconClass" : "widgets-flexcontainer",
                    "justify-content" : "flex-start",
                    "positioning" : "responsive",
                    "userCannotRemove" : true
                  },
                  "Widgets" : [ {
                    "Properties" : {
                      "Area" : "UI",
                      "CollapseTabIcon" : "",
                      "DisplayName" : "container-3",
                      "EnableContainerUnload" : false,
                      "EnableExpandCollapse" : true,
                      "ExpandCollapseTabLocation" : "outside",
                      "ExpandTabIcon" : "",
                      "Expanded" : true,
                      "Id" : "flexcontainer-3",
                      "LastContainer" : false,
                      "LazyLoading" : false,
                      "Margin" : "false false 5 false",
                      "Overlay" : false,
                      "ResponsiveLayout" : true,
                      "ShowDataLoading" : true,
                      "ShowExpandCollapseTab" : false,
                      "SourceURL" : "",
                      "Style" : "DefaultContainerStyle",
                      "StyleProperties" : { },
                      "Type" : "flexcontainer",
                      "UseTheme" : true,
                      "Visible" : true,
                      "Z-index" : 10,
                      "__TypeDisplayName" : "Flex Container",
                      "align-content" : "flex-start",
                      "align-items" : "flex-start",
                      "flex-basis" : "auto",
                      "flex-direction" : "column",
                      "flex-grow" : 1,
                      "flex-max-height" : "100px",
                      "flex-max-width" : "",
                      "flex-min-height" : "100px",
                      "flex-min-width" : "",
                      "flex-shrink" : "0",
                      "flex-size" : "fixed",
                      "flex-wrap" : "nowrap",
                      "iconClass" : "widgets-flexcontainer-fixed",
                      "isLocked" : false,
                      "justify-content" : "flex-start",
                      "positioning" : "static",
                      "userCannotRemove" : false
                    },
                    "Widgets" : [ {
                      "Properties" : {
                        "Area" : "UI",
                        "DisclosureControl" : "show-more",
                        "DisplayName" : "label-7",
                        "Height" : 72,
                        "HorizontalAlignment" : "left",
                        "Id" : "ptcslabel-7",
                        "LabelText" : "",
                        "LabelType" : "label",
                        "LastContainer" : false,
                        "Left" : 10,
                        "Margin" : "5",
                        "MultiLine" : true,
                        "PreserveWhiteSpace" : false,
                        "ResponsiveLayout" : false,
                        "ShowDataLoading" : true,
                        "TooltipField" : "",
                        "Top" : 10,
                        "Type" : "ptcslabel",
                        "UseTheme" : true,
                        "VerticalAlignment" : "flex-start",
                        "Visible" : true,
                        "Width" : 360,
                        "Z-index" : 10,
                        "__TypeDisplayName" : "Label",
                        "overflowShowLessTxt" : "[[showLess]]",
                        "overflowShowMoreTxt" : "[[showMore]]"
                      },
                      "Widgets" : [ ]
                    }, {
                      "Properties" : {
                        "Area" : "UI",
                        "AutoRefresh" : false,
                        "DateDelimiter" : "-",
                        "DateDisplay" : "short",
                        "DateFormat" : "yyyy-M-dd",
                        "DateFormatToken" : "",
                        "DateOrder" : "yy-mm-dd",
                        "DecadeView" : false,
                        "DisplayName" : "timeselector-8",
                        "DisplaySeconds" : true,
                        "FocusStyle" : "DefaultButtonFocusStyle",
                        "Height" : 65,
                        "Id" : "timeselector-8",
                        "Interval" : 1,
                        "IntervalType" : "h",
                        "LastContainer" : false,
                        "Left" : 370,
                        "Margin" : "5",
                        "RefreshInterval" : 30,
                        "ResponsiveLayout" : false,
                        "ShowDataLoading" : true,
                        "ShowLockControls" : false,
                        "TabSequence" : 0,
                        "TimeAutoRefreshBtnStyle" : "DefaultTimeAutoRefreshBtnStyle",
                        "TimeBGStyle" : "DefaultTimeBGStyle",
                        "TimeDatePickerStyle" : "KBDefaultTimeDatePickerStyle",
                        "TimeFormat" : "hh:mm:ss",
                        "TimeRefreshBtnStyle" : "DefaultTimeRefreshBtnStyle",
                        "Top" : 15,
                        "Type" : "timeselector",
                        "UseIntervalAsMax" : false,
                        "Visible" : true,
                        "Widescreen" : false,
                        "Width" : 450,
                        "Z-index" : 10,
                        "__TypeDisplayName" : "Time Selector"
                      },
                      "Widgets" : [ ]
                    } ]
                  }, {
                    "Properties" : {
                      "Area" : "UI",
                      "CollapseTabIcon" : "",
                      "DisplayName" : "container-4",
                      "EnableContainerUnload" : false,
                      "EnableExpandCollapse" : false,
                      "ExpandCollapseTabLocation" : "inside",
                      "ExpandTabIcon" : "",
                      "Expanded" : true,
                      "Id" : "flexcontainer-4",
                      "LastContainer" : false,
                      "LazyLoading" : false,
                      "Margin" : "5 10 0 10",
                      "Overlay" : false,
                      "ResponsiveLayout" : true,
                      "ShowDataLoading" : true,
                      "ShowExpandCollapseTab" : false,
                      "SourceURL" : "",
                      "Style" : "DefaultContainerStyle",
                      "StyleProperties" : { },
                      "Type" : "flexcontainer",
                      "UseTheme" : true,
                      "Visible" : true,
                      "Z-index" : 10,
                      "__TypeDisplayName" : "Flex Container",
                      "align-content" : "flex-start",
                      "align-items" : "flex-start",
                      "flex-basis" : "auto",
                      "flex-direction" : "column",
                      "flex-grow" : 1,
                      "flex-max-height" : "",
                      "flex-max-width" : "",
                      "flex-min-height" : "",
                      "flex-min-width" : "",
                      "flex-shrink" : "0",
                      "flex-size" : "fixed",
                      "flex-wrap" : "nowrap",
                      "iconClass" : "widgets-flexcontainer",
                      "isLocked" : true,
                      "justify-content" : "flex-start",
                      "positioning" : "responsive",
                      "userCannotRemove" : false
                    },
                    "Widgets" : [ {
                      "Properties" : {
                        "AddButtonText" : "[[add]]",
                        "AddRowButtonText" : "[[add]]",
                        "AddRowFormTitle" : "[[AddRecord]]",
                        "AllowDisabledNodes" : false,
                        "AlwaysExpanded" : false,
                        "ApplyButtonText" : "[[apply]]",
                        "Area" : "UI",
                        "AutoScroll" : false,
                        "BindDataText" : "[[bindData]]",
                        "CacheRuntimeChanges" : true,
                        "CancelButtonText" : "[[cancel]]",
                        "CancelEditButtonText" : "[[cancel]]",
                        "CancelLabel" : "[[cancel]]",
                        "ClearFilteredSelection" : false,
                        "ColumnFormat" : {
                          "formatInfo" : [ {
                            "FieldName" : "StartTime",
                            "FormatOptions" : {
                              "FormatString" : "[[dateTimeFormat_Default]]",
                              "RoundingEnabled" : true,
                              "formatInfo" : {
                                "FieldName" : "",
                                "StateDefinition" : "",
                                "StateDefinitionType" : "fixed",
                                "StateFormats" : [ {
                                  "state" : "",
                                  "stateName" : "fixed"
                                } ]
                              },
                              "renderer" : "DATETIME",
                              "roundingEnabled" : true
                            },
                            "Title" : "StartTime",
                            "Width" : "auto",
                            "cellHorizontalAlignment" : "left",
                            "editable" : false,
                            "sortable" : true,
                            "validationExpression" : "",
                            "validationMessage" : ""
                          }, {
                            "FieldName" : "EndTime",
                            "FormatOptions" : {
                              "FormatString" : "[[dateTimeFormat_Default]]",
                              "RoundingEnabled" : true,
                              "formatInfo" : {
                                "FieldName" : "",
                                "StateDefinition" : "",
                                "StateDefinitionType" : "fixed",
                                "StateFormats" : [ {
                                  "state" : "",
                                  "stateName" : "fixed"
                                } ]
                              },
                              "renderer" : "DATETIME",
                              "roundingEnabled" : true
                            },
                            "Title" : "EndTime",
                            "Width" : "auto",
                            "cellHorizontalAlignment" : "left",
                            "editable" : false,
                            "sortable" : true,
                            "validationExpression" : "",
                            "validationMessage" : ""
                          }, {
                            "FieldName" : "Qualifier",
                            "FormatOptions" : {
                              "FormatString" : "full",
                              "RoundingEnabled" : true,
                              "formatInfo" : {
                                "FieldName" : "",
                                "StateDefinition" : "",
                                "StateDefinitionType" : "fixed",
                                "StateFormats" : [ {
                                  "state" : "",
                                  "stateName" : "fixed"
                                } ]
                              },
                              "renderer" : "STRING",
                              "roundingEnabled" : true
                            },
                            "Title" : "Qualifier",
                            "Width" : "auto",
                            "cellHorizontalAlignment" : "left",
                            "editable" : false,
                            "sortable" : true,
                            "validationExpression" : "",
                            "validationMessage" : ""
                          }, {
                            "FieldName" : "Utilization",
                            "FormatOptions" : {
                              "FormatString" : "0.00",
                              "RoundingEnabled" : true,
                              "formatInfo" : {
                                "FieldName" : "",
                                "StateDefinition" : "",
                                "StateDefinitionType" : "fixed",
                                "StateFormats" : [ {
                                  "state" : "",
                                  "stateName" : "fixed"
                                } ]
                              },
                              "renderer" : "NUMBER",
                              "roundingEnabled" : true
                            },
                            "Title" : "Utilization",
                            "Width" : "auto",
                            "cellHorizontalAlignment" : "left",
                            "editable" : false,
                            "sortable" : true,
                            "validationExpression" : "",
                            "validationMessage" : ""
                          }, {
                            "FieldName" : "Name",
                            "FormatOptions" : {
                              "FormatString" : "full",
                              "RoundingEnabled" : true,
                              "formatInfo" : {
                                "FieldName" : "",
                                "StateDefinition" : "",
                                "StateDefinitionType" : "fixed",
                                "StateFormats" : [ {
                                  "state" : "",
                                  "stateName" : "fixed"
                                } ]
                              },
                              "renderer" : "STRING",
                              "roundingEnabled" : true
                            },
                            "Title" : "Name",
                            "Width" : "auto",
                            "cellHorizontalAlignment" : "left",
                            "editable" : false,
                            "sortable" : true,
                            "validationExpression" : "",
                            "validationMessage" : ""
                          }, {
                            "FieldName" : "Machine",
                            "Title" : "Machine",
                            "baseType" : "STRING",
                            "hidden" : true,
                            "ordinal" : 1,
                            "sortable" : true
                          } ]
                        },
                        "ColumnsMenuOptions" : "none",
                        "ColumnsMenuVisibleItems" : 6,
                        "DateLabel" : "[[date]]",
                        "DefaultSelectedRows" : "",
                        "DeleteRowButtonText" : "[[delete]]",
                        "DisableChildNodes" : false,
                        "DisplayButtonText" : "[[display]]",
                        "DisplayName" : "dhxgrid-5",
                        "EditButton" : false,
                        "EditButtonText" : "[[edit]]",
                        "EditControlLabel" : "[[edit]]",
                        "EditControlType" : "link",
                        "EditControlVisibility" : "hover",
                        "EditLevel" : "cell",
                        "ExpandCollapseAll" : false,
                        "ExpandCollapseIcon" : "singlecaret",
                        "ExpandLoadedRows" : false,
                        "FillContainer" : true,
                        "FilterHintText" : "[[filter]]",
                        "FilterWidth" : 273,
                        "FocusNavigationMode" : "row-first",
                        "HasChildrenFieldName" : "hasChildren",
                        "HeaderVerticalAlignment" : "top",
                        "Height" : 200,
                        "HideHeaderRow" : false,
                        "HighlightDraftState" : false,
                        "HoursLabel" : "[[hours]]",
                        "IDFieldName" : "id",
                        "IDPathSeparator" : ":;",
                        "Id" : "ptcsgrid-5",
                        "IncludeRowExpansionParents" : false,
                        "IsEditable" : false,
                        "IsPrintLayout" : false,
                        "Label" : "",
                        "LabelAlignment" : "left",
                        "LabelType" : "sub-header",
                        "LastContainer" : false,
                        "Left" : 0,
                        "Margin" : "5",
                        "MaxRowsMessage" : "[[Widgets.TreeGrid.MaxRowsMessage]]",
                        "MaxRowsMessageTitle" : "[[Widgets.TreeGrid.MaxRowsMessageTitle]]",
                        "MeridiemLabel" : "AM/PM",
                        "MinRowHeight" : 30,
                        "MinutesLabel" : "[[minutes]]",
                        "MonthLabel" : "[[months]]",
                        "NoDataToDisplayText" : "[[noDataToDisplay]]",
                        "NoMatchesText" : "[[noMatches]]",
                        "NoResultsText" : "[[noResults]]",
                        "ParentIDFieldName" : "parentId",
                        "PreserveRowExpansion" : false,
                        "PreventRowWrapInNav" : false,
                        "PrimaryColumnFixedSize" : false,
                        "ReorderColumns" : false,
                        "ResetButtonText" : "[[reset]]",
                        "ResizeColumns" : true,
                        "ResponsiveLayout" : true,
                        "RowAddButton" : false,
                        "RowDeleteButton" : false,
                        "RowEditFormTitle" : "[[EditRecord]]",
                        "RowFormat_StateParameters" : [ ],
                        "RowSelection" : "single",
                        "RowsVerticalAlignment" : "top",
                        "SaveEditButtonText" : "[[save]]",
                        "SecondsLabel" : "[[seconds]]",
                        "SelectFocusedItem" : false,
                        "SelectLabel" : "[[select]]",
                        "SelectParentOnly" : false,
                        "SelectedItemText" : "[[rowSelected]]",
                        "SelectedItemsText" : "[[rowsSelected]]",
                        "SelectedRowsChangedCallback" : true,
                        "ShowColumnFeature" : true,
                        "ShowDataLoading" : true,
                        "ShowFilter" : false,
                        "ShowFooter" : false,
                        "ShowHeaderRowInFooter" : false,
                        "ShowResetButton" : false,
                        "ShowRowNumbers" : false,
                        "ShowValidationCriteria" : false,
                        "ShowValidationFailure" : false,
                        "ShowValidationSuccess" : false,
                        "SingleLineHeader" : false,
                        "SingleLineRows" : true,
                        "SortSelectionColumn" : false,
                        "TabSequence" : 0,
                        "Top" : 0,
                        "TriggerEventOnConfigChange" : true,
                        "Type" : "ptcsgrid",
                        "UpdateButtonText" : "[[update]]",
                        "UseTheme" : true,
                        "Visible" : true,
                        "Width" : 400,
                        "YearLabel" : "[[years]]",
                        "Z-index" : 10,
                        "__TypeDisplayName" : "Grid"
                      },
                      "Widgets" : [ ]
                    } ]
                  } ]
                } ]
              },
              "mashupType" : "mashup"
            }
            ]]>
            </mashupContent>
            <preview></preview>
        </Mashup>
    </Mashups>
</Entities>
