<?xml version="1.0" encoding="UTF-8" standalone="no"?>
<Entities build="b167" majorVersion="8" minorVersion="2"
	modelPersistenceProviderPackage="MssqlPersistenceProviderPackage"
	revision="2" schemaVersion="1020" universal="">
	<Mashups>
		<Mashup aspect.isResponsive="true" aspect.mashupType="mashup"
			columns="0.0" description="" documentationContent="" homeMashup=""
			lastModifiedDate="2019-07-10T11:36:07.196+02:00"
			name="KBKpiDbLocalIoNioQuarterHourlyTimeSeriesMashup"
			projectName="KBsmartKPI" rows="0.0"
			tags="KBThingWorxInstallationVocabulary:ExtensionSmartKPI">
			<Owner name="adm-flassakm" type="User" />
			<avatar />
			<DesignTimePermissions>
				<Create />
				<Read />
				<Update />
				<Delete />
				<Metadata />
			</DesignTimePermissions>
			<RunTimePermissions>
				<Permissions resourceName="*">
					<PropertyRead>
						<Principal isPermitted="true" name="KBUserGroup"
							type="Group" />
					</PropertyRead>
					<PropertyWrite />
					<ServiceInvoke>
						<Principal isPermitted="true" name="KBUserGroup"
							type="Group" />
					</ServiceInvoke>
					<EventInvoke />
					<EventSubscribe />
				</Permissions>
			</RunTimePermissions>
			<VisibilityPermissions>
				<Visibility>
					<Principal isPermitted="true" name="KBOrganization"
						type="Organization" />
				</Visibility>
			</VisibilityPermissions>
			<ConfigurationTables />
			<ParameterDefinitions>
				<FieldDefinition aspect.ordinal="1"
					baseType="STRING" description="" name="DBKPIName" ordinal="0" />
				<FieldDefinition aspect.ordinal="0"
					baseType="STRING" description="" name="MachineThingName"
					ordinal="0" />
			</ParameterDefinitions>
			<Things>
				<Thing>KBTimeHelperThing</Thing>
			</Things>
			<ThingShapes />
			<ThingTemplates>
				<ThingTemplate>KBKPILocalThingWorxDatabaseTemplate</ThingTemplate>
			</ThingTemplates>
			<mashupContent><![CDATA[{
  "CustomMashupCss" : "",
  "Data" : {
    "DynamicThingTemplates_KBKPILocalThingWorxDatabaseTemplate" : {
      "DataName" : "DynamicThingTemplates_KBKPILocalThingWorxDatabaseTemplate",
      "EntityName" : "KBKPILocalThingWorxDatabaseTemplate",
      "EntityType" : "DynamicThingTemplates",
      "Id" : "a2e2a9e6-b9ba-48f8-9840-33e9f5d86512",
      "Services" : [ {
        "APIMethod" : "post",
        "Characteristic" : "Services",
        "Id" : "5e78bfcc-e576-4913-934d-394addeb6ebb",
        "Name" : "GetIoNioDataLast24h",
        "Parameters" : { },
        "RefreshInterval" : 0,
        "Target" : "GetIoNioDataLast24h"
      } ]
    },
    "Resources_KBThingWorxServerSystem" : {
      "DataName" : "Resources_KBThingWorxServerSystem",
      "EntityName" : "KBThingWorxServerSystem",
      "EntityType" : "Resources",
      "Id" : "2b4d777f-b302-4a1f-bf4f-1b6e73430ec2",
      "Services" : [ {
        "APIMethod" : "post",
        "Characteristic" : "Services",
        "Id" : "036ab9d7-a7b5-45e7-baa5-b99d43b723ef",
        "Name" : "GetKPILocalThingWorxDatabaseThing",
        "Parameters" : { },
        "RefreshInterval" : 0,
        "Target" : "GetKPILocalThingWorxDatabaseThing"
      } ]
    },
    "Session" : {
      "DataName" : "Session",
      "EntityName" : "",
      "EntityType" : "Session",
      "Id" : "session",
      "Services" : [ {
        "APIMethod" : "post",
        "Characteristic" : "Services",
        "Id" : "SessionInterface",
        "Name" : "GetGlobalSessionValues",
        "Parameters" : { },
        "RefreshInterval" : 0,
        "Target" : "GetGlobalSessionValues"
      } ]
    },
    "Things_KBTimeHelperThing" : {
      "DataName" : "Things_KBTimeHelperThing",
      "EntityName" : "KBTimeHelperThing",
      "EntityType" : "Things",
      "Id" : "8ff2891f-678f-4c77-bf6a-1d42bf38a9cf",
      "Services" : [ {
        "APIMethod" : "post",
        "Characteristic" : "Services",
        "Id" : "9fbe53d5-190b-4399-b8f4-fda142819e97",
        "Name" : "GetNow",
        "Parameters" : {
          "RoundToNextQuarter" : true
        },
        "RefreshInterval" : 0,
        "Target" : "GetNow"
      }, {
        "APIMethod" : "post",
        "Characteristic" : "Services",
        "Id" : "dfc60ec0-9684-48bd-9602-d8cea1fcb40e",
        "Name" : "GetLast24hStart",
        "Parameters" : {
          "RoundToNextQuarter" : true
        },
        "RefreshInterval" : 0,
        "Target" : "GetLast24hStart"
      } ]
    },
    "UserExtensions" : {
      "DataName" : "UserExtensions",
      "EntityName" : "",
      "EntityType" : "UserExtensions",
      "Id" : "UserExtensions",
      "Services" : [ {
        "APIMethod" : "post",
        "Characteristic" : "Services",
        "Id" : "UserExtensionInterface",
        "Name" : "GetCurrentUserExtensionProperties",
        "Parameters" : { },
        "RefreshInterval" : 0,
        "Target" : "GetCurrentUserExtensionProperties"
      } ]
    }
  },
  "DataBindings" : [ {
    "Id" : "e6d90cb0-8895-4b95-a92b-530bf75f7f18",
    "PropertyMaps" : [ {
      "SourceProperty" : "result",
      "SourcePropertyBaseType" : "DATETIME",
      "SourcePropertyType" : "Field",
      "TargetProperty" : "XAxisMaximum",
      "TargetPropertyBaseType" : "DATETIME",
      "TargetPropertyType" : "property"
    } ],
    "SourceArea" : "Data",
    "SourceDetails" : "AllData",
    "SourceId" : "GetNow",
    "SourceSection" : "Things_KBTimeHelperThing",
    "TargetArea" : "UI",
    "TargetId" : "timeserieschart-11",
    "TargetSection" : ""
  }, {
    "Id" : "b45a8882-79f0-4223-8fa2-540d21a355e2",
    "PropertyMaps" : [ {
      "SourceProperty" : "result",
      "SourcePropertyBaseType" : "DATETIME",
      "SourcePropertyType" : "Field",
      "TargetProperty" : "XAxisMinimum",
      "TargetPropertyBaseType" : "DATETIME",
      "TargetPropertyType" : "property"
    } ],
    "SourceArea" : "Data",
    "SourceDetails" : "AllData",
    "SourceId" : "GetLast24hStart",
    "SourceSection" : "Things_KBTimeHelperThing",
    "TargetArea" : "UI",
    "TargetId" : "timeserieschart-11",
    "TargetSection" : ""
  }, {
    "Id" : "d6f5830b-53aa-4483-bf58-c76415fc4493",
    "PropertyMaps" : [ {
      "SourceProperty" : "Result",
      "SourcePropertyBaseType" : "STRING",
      "TargetProperty" : "value",
      "TargetPropertyBaseType" : "THINGNAME",
      "TargetPropertyType" : "Entity"
    } ],
    "SourceArea" : "Data",
    "SourceDetails" : "AllData",
    "SourceId" : "GetKPILocalThingWorxDatabaseThing",
    "SourceSection" : "Resources_KBThingWorxServerSystem",
    "TargetArea" : "Data",
    "TargetId" : "EntityName",
    "TargetSection" : "DynamicThingTemplates_KBKPILocalThingWorxDatabaseTemplate"
  }, {
    "Id" : "f40f5ac6-4954-46ef-8612-1b16e5646477",
    "PropertyMaps" : [ {
      "SourceProperty" : "MachineThingName",
      "SourcePropertyBaseType" : "STRING",
      "TargetProperty" : "Machine",
      "TargetPropertyBaseType" : "STRING",
      "TargetPropertyType" : "Parameter"
    } ],
    "SourceArea" : "Mashup",
    "SourceId" : "mashup-root",
    "SourceSection" : "",
    "TargetArea" : "Data",
    "TargetId" : "GetIoNioDataLast24h",
    "TargetSection" : "DynamicThingTemplates_KBKPILocalThingWorxDatabaseTemplate"
  }, {
    "Id" : "1ccfecf7-4b2d-44e6-a873-c1c61d8780a3",
    "PropertyMaps" : [ {
      "SourceProperty" : "",
      "SourcePropertyBaseType" : "INFOTABLE",
      "SourcePropertyType" : "InfoTable",
      "TargetProperty" : "Data",
      "TargetPropertyBaseType" : "INFOTABLE",
      "TargetPropertyType" : "property"
    } ],
    "SourceArea" : "Data",
    "SourceDetails" : "AllData",
    "SourceId" : "GetIoNioDataLast24h",
    "SourceSection" : "DynamicThingTemplates_KBKPILocalThingWorxDatabaseTemplate",
    "TargetArea" : "UI",
    "TargetId" : "timeserieschart-11",
    "TargetSection" : ""
  } ],
  "DesignTimePermissions" : { },
  "Events" : [ {
    "EventHandlerArea" : "Data",
    "EventHandlerId" : "Things_KBTimeHelperThing",
    "EventHandlerService" : "GetLast24hStart",
    "EventTriggerArea" : "Mashup",
    "EventTriggerEvent" : "Loaded",
    "EventTriggerId" : "mashup-root",
    "EventTriggerSection" : "",
    "Id" : "81714994-78f6-4871-a9ef-6180aed725f8"
  }, {
    "EventHandlerArea" : "Data",
    "EventHandlerId" : "Things_KBTimeHelperThing",
    "EventHandlerService" : "GetLast24hStart",
    "EventTriggerArea" : "Mashup",
    "EventTriggerEvent" : "RefreshRequested",
    "EventTriggerId" : "mashup-root",
    "EventTriggerSection" : "",
    "Id" : "d09ab803-0b87-48b4-82e2-71b7baaa203c"
  }, {
    "EventHandlerArea" : "Data",
    "EventHandlerId" : "Things_KBTimeHelperThing",
    "EventHandlerService" : "GetLast24hStart",
    "EventTriggerArea" : "Mashup",
    "EventTriggerEvent" : "MachineThingNameChanged",
    "EventTriggerId" : "mashup-root",
    "EventTriggerSection" : "",
    "Id" : "bc935674-96cc-4bc2-afa2-b19816e23263"
  }, {
    "EventHandlerArea" : "Data",
    "EventHandlerId" : "Things_KBTimeHelperThing",
    "EventHandlerService" : "GetNow",
    "EventTriggerArea" : "Mashup",
    "EventTriggerEvent" : "Loaded",
    "EventTriggerId" : "mashup-root",
    "EventTriggerSection" : "",
    "Id" : "e46e1a8a-340d-4b70-9f75-5cd7929d095f"
  }, {
    "EventHandlerArea" : "Data",
    "EventHandlerId" : "Things_KBTimeHelperThing",
    "EventHandlerService" : "GetNow",
    "EventTriggerArea" : "Mashup",
    "EventTriggerEvent" : "RefreshRequested",
    "EventTriggerId" : "mashup-root",
    "EventTriggerSection" : "",
    "Id" : "9d79ba63-8472-4fe2-bdb8-1a67acf2d8b3"
  }, {
    "EventHandlerArea" : "Data",
    "EventHandlerId" : "Things_KBTimeHelperThing",
    "EventHandlerService" : "GetNow",
    "EventTriggerArea" : "Mashup",
    "EventTriggerEvent" : "MachineThingNameChanged",
    "EventTriggerId" : "mashup-root",
    "EventTriggerSection" : "",
    "Id" : "5b0cb15a-b947-4700-9872-b733b912e1ca"
  }, {
    "EventHandlerArea" : "Data",
    "EventHandlerId" : "Resources_KBThingWorxServerSystem",
    "EventHandlerService" : "GetKPILocalThingWorxDatabaseThing",
    "EventTriggerArea" : "Mashup",
    "EventTriggerEvent" : "Loaded",
    "EventTriggerId" : "mashup-root",
    "EventTriggerSection" : "",
    "Id" : "09af525d-b449-4f95-a32f-46a7b5792133"
  }, {
    "EventHandlerArea" : "Data",
    "EventHandlerId" : "Resources_KBThingWorxServerSystem",
    "EventHandlerService" : "GetKPILocalThingWorxDatabaseThing",
    "EventTriggerArea" : "Mashup",
    "EventTriggerEvent" : "RefreshRequested",
    "EventTriggerId" : "mashup-root",
    "EventTriggerSection" : "",
    "Id" : "ed794503-5e51-4e11-bb0e-931ee2a109ff"
  }, {
    "EventHandlerArea" : "Data",
    "EventHandlerId" : "Resources_KBThingWorxServerSystem",
    "EventHandlerService" : "GetKPILocalThingWorxDatabaseThing",
    "EventTriggerArea" : "Mashup",
    "EventTriggerEvent" : "MachineThingNameChanged",
    "EventTriggerId" : "mashup-root",
    "EventTriggerSection" : "",
    "Id" : "005c7331-33c5-4942-93b6-7cfa197bcc98"
  }, {
    "EventHandlerArea" : "Data",
    "EventHandlerId" : "DynamicThingTemplates_KBKPILocalThingWorxDatabaseTemplate",
    "EventHandlerService" : "GetIoNioDataLast24h",
    "EventTriggerArea" : "Data",
    "EventTriggerEvent" : "ServiceInvokeCompleted",
    "EventTriggerId" : "GetKPILocalThingWorxDatabaseThing",
    "EventTriggerSection" : "Resources_KBThingWorxServerSystem",
    "Id" : "67fa7c81-757e-409f-b3f6-3cae1df81af3"
  } ],
  "RunTimePermissions" : { },
  "UI" : {
    "Properties" : {
      "AddToDashboardButtonStyle" : "DefaultAddToDashboardButtonStyle",
      "Area" : "Mashup",
      "BGImageRepeat" : "no-repeat",
      "BGImageSize" : "auto",
      "Columns" : 0,
      "ConfigureGadgetButtonStyle" : "DefaultConfigureGadgetButtonStyle",
      "DBKPIName" : "-nothing-",
      "DisplayName" : "Mashup",
      "EnableParameterEditing" : false,
      "Height" : 618,
      "Id" : "mashup-root",
      "IgnoreWarningsInViewMashup" : false,
      "IsPrintLayout" : false,
      "Left" : 0,
      "MachineThingName" : "-nothing-",
      "MashupToEditGadget" : "DefaultMashupToEditGadget",
      "MinHeight" : 0,
      "MinWidth" : 0,
      "ResponsiveLayout" : true,
      "Rows" : 0,
      "ShowDataLoading" : true,
      "Style" : "DefaultMashupStyle",
      "Title" : "",
      "TitleBar" : false,
      "TitleBarStyle" : "DefaultTitleBarStyle",
      "TitleBarText" : "Gadget Title Here",
      "Top" : 0,
      "Type" : "mashup",
      "Visible" : true,
      "Width" : 1024,
      "Z-index" : 10,
      "__TypeDisplayName" : "Mashup",
      "_currentParameterDefs" : [ {
        "BaseType" : "STRING",
        "DefaultValue" : "-nothing-",
        "Description" : "",
        "ParameterName" : "MachineThingName"
      }, {
        "BaseType" : "STRING",
        "DefaultValue" : "-nothing-",
        "Description" : "",
        "ParameterName" : "DBKPIName"
      } ],
      "id_index" : 11,
      "supportsAutoResize" : true
    },
    "Widgets" : [ {
      "Properties" : {
        "AllowSelection" : true,
        "AllowXAxisZoom" : true,
        "AllowYAxisZoom" : true,
        "Area" : "UI",
        "AxisAutoscale1" : true,
        "AxisAutoscale10" : true,
        "AxisAutoscale11" : true,
        "AxisAutoscale12" : true,
        "AxisAutoscale13" : true,
        "AxisAutoscale14" : true,
        "AxisAutoscale15" : true,
        "AxisAutoscale16" : true,
        "AxisAutoscale2" : true,
        "AxisAutoscale3" : true,
        "AxisAutoscale4" : true,
        "AxisAutoscale5" : true,
        "AxisAutoscale6" : true,
        "AxisAutoscale7" : true,
        "AxisAutoscale8" : true,
        "AxisAutoscale9" : true,
        "AxisFormat1" : "0000.0",
        "AxisFormat10" : "0000.0",
        "AxisFormat11" : "0000.0",
        "AxisFormat12" : "0000.0",
        "AxisFormat13" : "0000.0",
        "AxisFormat14" : "0000.0",
        "AxisFormat15" : "0000.0",
        "AxisFormat16" : "0000.0",
        "AxisFormat2" : "0000.0",
        "AxisFormat3" : "0000.0",
        "AxisFormat4" : "0000.0",
        "AxisFormat5" : "0000.0",
        "AxisFormat6" : "0000.0",
        "AxisFormat7" : "0000.0",
        "AxisFormat8" : "0000.0",
        "AxisFormat9" : "0000.0",
        "AxisMaximum1" : 100,
        "AxisMaximum10" : 100,
        "AxisMaximum11" : 100,
        "AxisMaximum12" : 100,
        "AxisMaximum13" : 100,
        "AxisMaximum14" : 100,
        "AxisMaximum15" : 100,
        "AxisMaximum16" : 100,
        "AxisMaximum2" : 100,
        "AxisMaximum3" : 100,
        "AxisMaximum4" : 100,
        "AxisMaximum5" : 100,
        "AxisMaximum6" : 100,
        "AxisMaximum7" : 100,
        "AxisMaximum8" : 100,
        "AxisMaximum9" : 100,
        "AxisMinimum1" : 0,
        "AxisMinimum10" : 0,
        "AxisMinimum11" : 0,
        "AxisMinimum12" : 0,
        "AxisMinimum13" : 0,
        "AxisMinimum14" : 0,
        "AxisMinimum15" : 0,
        "AxisMinimum16" : 0,
        "AxisMinimum2" : 0,
        "AxisMinimum3" : 0,
        "AxisMinimum4" : 0,
        "AxisMinimum5" : 0,
        "AxisMinimum6" : 0,
        "AxisMinimum7" : 0,
        "AxisMinimum8" : 0,
        "AxisMinimum9" : 0,
        "AxisZeroscale1" : false,
        "AxisZeroscale10" : false,
        "AxisZeroscale11" : false,
        "AxisZeroscale12" : false,
        "AxisZeroscale13" : false,
        "AxisZeroscale14" : false,
        "AxisZeroscale15" : false,
        "AxisZeroscale16" : false,
        "AxisZeroscale2" : false,
        "AxisZeroscale3" : false,
        "AxisZeroscale4" : false,
        "AxisZeroscale5" : false,
        "AxisZeroscale6" : false,
        "AxisZeroscale7" : false,
        "AxisZeroscale8" : false,
        "AxisZeroscale9" : false,
        "ChartAreaStyle" : "DefaultChartAreaStyle",
        "ChartIndicatorStyle" : "DefaultChartIndicatorStyle",
        "ChartLegendStyle" : "DefaultChartLegendStyle",
        "ChartOrientation" : "vertical",
        "ChartStyle" : "DefaultChartStyle",
        "ChartTitle" : "Quarter-Hourly Based (last 24h)",
        "ChartTitleStyle" : "DefaultChartTitleStyle",
        "ChartType" : "line",
        "DataField1" : "KPIFloatValue",
        "DataField2" : "KPIFloatValue1",
        "DataLabel1" : "",
        "DisplayName" : "timeserieschart-11",
        "EnableHover" : true,
        "GridStyle" : "DefaultChartGridStyle",
        "Height" : 240,
        "Id" : "timeserieschart-11",
        "Left" : 0,
        "LegendLocation" : "right",
        "LegendOrientation" : "vertical",
        "LegendWidth" : 0,
        "MarkerSize" : 3,
        "MarkerType" : "circle",
        "NumberOfSeries" : 2,
        "ResponsiveLayout" : true,
        "SecondaryYAxisAutoscale" : true,
        "SecondaryYAxisFormat" : "0000.0",
        "SecondaryYAxisMaximum" : 100,
        "SecondaryYAxisMinimum" : 0,
        "SecondaryYAxisZeroscale" : false,
        "SelectedItemStyle" : "DefaultChartSelectionStyle",
        "SeriesDataStyle10_StateParameters" : [ ],
        "SeriesDataStyle11_StateParameters" : [ ],
        "SeriesDataStyle12_StateParameters" : [ ],
        "SeriesDataStyle13_StateParameters" : [ ],
        "SeriesDataStyle14_StateParameters" : [ ],
        "SeriesDataStyle15_StateParameters" : [ ],
        "SeriesDataStyle16_StateParameters" : [ ],
        "SeriesDataStyle1_StateParameters" : [ ],
        "SeriesDataStyle2_StateParameters" : [ ],
        "SeriesDataStyle3_StateParameters" : [ ],
        "SeriesDataStyle4_StateParameters" : [ ],
        "SeriesDataStyle5_StateParameters" : [ ],
        "SeriesDataStyle6_StateParameters" : [ ],
        "SeriesDataStyle7_StateParameters" : [ ],
        "SeriesDataStyle8_StateParameters" : [ ],
        "SeriesDataStyle9_StateParameters" : [ ],
        "SeriesMarkerType1" : "chart",
        "SeriesMarkerType10" : "chart",
        "SeriesMarkerType11" : "chart",
        "SeriesMarkerType12" : "chart",
        "SeriesMarkerType13" : "chart",
        "SeriesMarkerType14" : "chart",
        "SeriesMarkerType15" : "chart",
        "SeriesMarkerType16" : "chart",
        "SeriesMarkerType2" : "chart",
        "SeriesMarkerType3" : "chart",
        "SeriesMarkerType4" : "chart",
        "SeriesMarkerType5" : "chart",
        "SeriesMarkerType6" : "chart",
        "SeriesMarkerType7" : "chart",
        "SeriesMarkerType8" : "chart",
        "SeriesMarkerType9" : "chart",
        "SeriesStyle1" : "DefaultChartStyle2",
        "SeriesStyle10" : "DefaultChartStyle10",
        "SeriesStyle11" : "DefaultChartStyle11",
        "SeriesStyle12" : "DefaultChartStyle12",
        "SeriesStyle13" : "DefaultChartStyle13",
        "SeriesStyle14" : "DefaultChartStyle14",
        "SeriesStyle15" : "DefaultChartStyle15",
        "SeriesStyle16" : "DefaultChartStyle16",
        "SeriesStyle2" : "DefaultChartStyle3",
        "SeriesStyle3" : "DefaultChartStyle3",
        "SeriesStyle4" : "DefaultChartStyle4",
        "SeriesStyle5" : "DefaultChartStyle5",
        "SeriesStyle6" : "DefaultChartStyle6",
        "SeriesStyle7" : "DefaultChartStyle7",
        "SeriesStyle8" : "DefaultChartStyle8",
        "SeriesStyle9" : "DefaultChartStyle9",
        "SeriesType1" : "chart",
        "SeriesType10" : "chart",
        "SeriesType11" : "chart",
        "SeriesType12" : "chart",
        "SeriesType13" : "chart",
        "SeriesType14" : "chart",
        "SeriesType15" : "chart",
        "SeriesType16" : "chart",
        "SeriesType2" : "chart",
        "SeriesType3" : "chart",
        "SeriesType4" : "chart",
        "SeriesType5" : "chart",
        "SeriesType6" : "chart",
        "SeriesType7" : "chart",
        "SeriesType8" : "chart",
        "SeriesType9" : "chart",
        "ShowDataLoading" : false,
        "ShowLegend" : false,
        "ShowXAxis" : true,
        "ShowXAxisGrid" : true,
        "ShowXAxisLabels" : true,
        "ShowXAxisTicks" : true,
        "ShowYAxis" : true,
        "ShowYAxisGrid" : true,
        "ShowYAxisLabels" : true,
        "ShowYAxisTicks" : true,
        "SingleDataSource" : true,
        "Smoothing" : false,
        "Top" : 0,
        "Type" : "timeserieschart",
        "UseSecondaryAxis1" : false,
        "UseSecondaryAxis10" : false,
        "UseSecondaryAxis11" : false,
        "UseSecondaryAxis12" : false,
        "UseSecondaryAxis13" : false,
        "UseSecondaryAxis14" : false,
        "UseSecondaryAxis15" : false,
        "UseSecondaryAxis16" : false,
        "UseSecondaryAxis2" : false,
        "UseSecondaryAxis3" : false,
        "UseSecondaryAxis4" : false,
        "UseSecondaryAxis5" : false,
        "UseSecondaryAxis6" : false,
        "UseSecondaryAxis7" : false,
        "UseSecondaryAxis8" : false,
        "UseSecondaryAxis9" : false,
        "Visible" : true,
        "Width" : 640,
        "XAxisAutoscale" : false,
        "XAxisField" : "KPIDateTime",
        "XAxisFormat" : "dd.MM.",
        "XAxisIntervals" : 24,
        "XAxisLabels" : 4,
        "XAxisMinorTicks" : 4,
        "XAxisSmoothScaling" : false,
        "XAxisStyle" : "DefaultChartAxisStyle",
        "XAxisZeroscale" : false,
        "YAxisAutoscale" : true,
        "YAxisFormat" : "0000.0",
        "YAxisIntervals" : 10,
        "YAxisLabels" : 2,
        "YAxisMaximum" : 100,
        "YAxisMinimum" : 0,
        "YAxisMinorTicks" : 1,
        "YAxisMode" : "single",
        "YAxisStyle" : "DefaultChartAxisStyle",
        "YAxisZeroscale" : true,
        "Z-index" : 10,
        "__TypeDisplayName" : "Time Series Chart"
      },
      "Widgets" : [ ]
    } ]
  },
  "mashupType" : "mashup"
}]]></mashupContent>
			<ConfigurationChanges>
				<ConfigurationChange changeAction="CREATE"
					changeReason="header : name : updated&#10;"
					timestamp="2019-07-10T11:14:03.941+02:00" user="adm-flassakm" />
				<ConfigurationChange changeAction="MODIFY"
					changeReason="" timestamp="2019-07-10T11:29:48.061+02:00"
					user="adm-flassakm" />
				<ConfigurationChange changeAction="MODIFY"
					changeReason="" timestamp="2019-07-10T11:36:07.196+02:00"
					user="adm-flassakm" />
			</ConfigurationChanges>
		</Mashup>
	</Mashups>
</Entities>