<?xml version="1.0" encoding="UTF-8"?>
<Entities
 majorVersion="9"
 minorVersion="3"
 universal="password">
    <Mashups>
        <Mashup
         aspect.isFlex="true"
         aspect.isResponsive="true"
         aspect.mashupType="mashup"
         columns="0.0"
         description=""
         documentationContent=""
         homeMashup=""
         name="KBProductionAdvisorRailPNAMashup"
         projectName=""
         rows="0.0"
         tags="">
            <avatar></avatar>
            <DesignTimePermissions>
                <Create></Create>
                <Read></Read>
                <Update></Update>
                <Delete></Delete>
                <Metadata></Metadata>
            </DesignTimePermissions>
            <RunTimePermissions>
                <Permissions
                 resourceName="*">
                    <PropertyRead>
                        <Principal
                         isPermitted="true"
                         name="KBUserGroup"
                         type="Group"></Principal>
                    </PropertyRead>
                    <PropertyWrite></PropertyWrite>
                    <ServiceInvoke>
                        <Principal
                         isPermitted="true"
                         name="KBUserGroup"
                         type="Group"></Principal>
                    </ServiceInvoke>
                    <EventInvoke></EventInvoke>
                    <EventSubscribe></EventSubscribe>
                </Permissions>
            </RunTimePermissions>
            <VisibilityPermissions>
                <Visibility>
                    <Principal
                     isPermitted="true"
                     name="KBOrganization"
                     type="Organization"></Principal>
                </Visibility>
            </VisibilityPermissions>
            <ConfigurationTableDefinitions></ConfigurationTableDefinitions>
            <ConfigurationTables>
                <ConfigurationTable
                 dataShapeName=""
                 description="Mashup Mobile Settings"
                 isHidden="true"
                 isMultiRow="false"
                 name="MobileSettings"
                 ordinal="0">
                    <DataShape>
                        <FieldDefinitions>
                            <FieldDefinition
                             aspect.defaultValue="false"
                             aspect.friendlyName="Disable Zoom"
                             baseType="BOOLEAN"
                             description="Disables zooming in and out within the mashup"
                             name="disableZoom"
                             ordinal="0"></FieldDefinition>
                            <FieldDefinition
                             aspect.defaultValue="true"
                             aspect.friendlyName="Full Screen Mode"
                             baseType="BOOLEAN"
                             description="Open the mashup in full screen mode"
                             name="fullScreenMode"
                             ordinal="0"></FieldDefinition>
                            <FieldDefinition
                             aspect.friendlyName="Height"
                             baseType="STRING"
                             description="The height of the mashup page"
                             name="height"
                             ordinal="0"></FieldDefinition>
                            <FieldDefinition
                             aspect.defaultValue="device-height"
                             aspect.friendlyName="Height Type"
                             baseType="STRING"
                             description="Use the height of the device display, or a custom height (in px)"
                             name="heightType"
                             ordinal="0"></FieldDefinition>
                            <FieldDefinition
                             aspect.defaultValue="1.0"
                             aspect.friendlyName="Initial Scale"
                             baseType="NUMBER"
                             description="The initial zoom scale when the mashup is loaded for the first time"
                             name="initialScale"
                             ordinal="0"></FieldDefinition>
                            <FieldDefinition
                             aspect.friendlyName="Shortcut Icon Title"
                             baseType="STRING"
                             description="A title for the mashup shortcut on the iOS home screen"
                             name="iosShortcutIconTitle"
                             ordinal="0"></FieldDefinition>
                            <FieldDefinition
                             aspect.defaultValue="black-translucent"
                             aspect.friendlyName="Status Bar Appearance"
                             baseType="STRING"
                             description="The style of the iOS status bar"
                             name="iosStatusBarAppearance"
                             ordinal="0"></FieldDefinition>
                            <FieldDefinition
                             aspect.defaultValue="10.0"
                             aspect.friendlyName="Maximum Scale"
                             baseType="NUMBER"
                             description="The maximum scale that users can zoom out to"
                             name="maximumScale"
                             ordinal="0"></FieldDefinition>
                            <FieldDefinition
                             aspect.defaultValue="0.1"
                             aspect.friendlyName="Minimum Scale"
                             baseType="NUMBER"
                             description="The minimum scale that users can zoom out to"
                             name="minimumScale"
                             ordinal="0"></FieldDefinition>
                            <FieldDefinition
                             aspect.friendlyName="Width"
                             baseType="STRING"
                             description="The width of the mashup page"
                             name="width"
                             ordinal="0"></FieldDefinition>
                            <FieldDefinition
                             aspect.defaultValue="device-width"
                             aspect.friendlyName="Width Type"
                             baseType="STRING"
                             description="Use the width of the device display, or a custom width (in px)"
                             name="widthType"
                             ordinal="0"></FieldDefinition>
                        </FieldDefinitions>
                    </DataShape>
                    <Rows>
                        <Row>
                            <disableZoom>false</disableZoom>
                            <fullScreenMode>true</fullScreenMode>
                            <height></height>
                            <heightType>
                            <![CDATA[
                            device-height
                            ]]>
                            </heightType>
                            <initialScale>1.0</initialScale>
                            <iosShortcutIconTitle></iosShortcutIconTitle>
                            <iosStatusBarAppearance>
                            <![CDATA[
                            black-translucent
                            ]]>
                            </iosStatusBarAppearance>
                            <maximumScale>10.0</maximumScale>
                            <minimumScale>0.1</minimumScale>
                            <width></width>
                            <widthType>
                            <![CDATA[
                            device-width
                            ]]>
                            </widthType>
                        </Row>
                    </Rows>
                </ConfigurationTable>
            </ConfigurationTables>
            <ParameterDefinitions></ParameterDefinitions>
            <Things></Things>
            <ThingShapes></ThingShapes>
            <ThingTemplates></ThingTemplates>
            <mashupContent>
            <![CDATA[
            {
              "CustomMashupCss" : "",
              "Data" : {
                "Session" : {
                  "DataName" : "Session",
                  "EntityName" : "",
                  "EntityType" : "Session",
                  "Id" : "session",
                  "Services" : [ {
                    "APIMethod" : "post",
                    "Characteristic" : "Services",
                    "Id" : "SessionInterface",
                    "Name" : "GetGlobalSessionValues",
                    "Parameters" : { },
                    "RefreshInterval" : 0,
                    "Target" : "GetGlobalSessionValues"
                  } ]
                },
                "Things_KBPNARecipeHelperThing" : {
                  "DataName" : "Things_KBPNARecipeHelperThing",
                  "EntityName" : "KBPNARecipeHelperThing",
                  "EntityType" : "Things",
                  "Id" : "81e38d13-bd11-4e0d-b4af-0d38ccedc15e",
                  "RefreshInterval" : 0,
                  "Services" : [ {
                    "APIMethod" : "post",
                    "Characteristic" : "Services",
                    "Id" : "8ec137c3-29a0-41bb-81d2-7ee2a473abb8",
                    "Name" : "GetLocation",
                    "Parameters" : { },
                    "RefreshInterval" : 0,
                    "Target" : "GetLocation"
                  } ]
                },
                "Things_KBSmartKPIHelperThing" : {
                  "DataName" : "Things_KBSmartKPIHelperThing",
                  "EntityName" : "KBSmartKPIHelperThing",
                  "EntityType" : "Things",
                  "Id" : "d74efa9a-3205-41b0-8304-7c07e682f01a",
                  "Services" : [ {
                    "APIMethod" : "post",
                    "Characteristic" : "Services",
                    "Id" : "baa4d879-9f1a-411f-8db9-04a66f0bbc11",
                    "Name" : "GetRailMachinesForProductionAdvisor",
                    "Parameters" : { },
                    "RefreshInterval" : 0,
                    "Target" : "GetRailMachinesForProductionAdvisor"
                  }, {
                    "APIMethod" : "post",
                    "Characteristic" : "Services",
                    "Id" : "38698d9f-37b3-4eec-806c-6adcbdbca064",
                    "Name" : "GetRailGlobalKpiCalculationBaseForMenue",
                    "Parameters" : { },
                    "RefreshInterval" : 0,
                    "Target" : "GetRailGlobalKpiCalculationBaseForMenue"
                  } ]
                },
                "UserExtensions" : {
                  "DataName" : "UserExtensions",
                  "EntityName" : "",
                  "EntityType" : "UserExtensions",
                  "Id" : "UserExtensions",
                  "Services" : [ {
                    "APIMethod" : "post",
                    "Characteristic" : "Services",
                    "Id" : "UserExtensionInterface",
                    "Name" : "GetCurrentUserExtensionProperties",
                    "Parameters" : { },
                    "RefreshInterval" : 0,
                    "Target" : "GetCurrentUserExtensionProperties"
                  } ]
                }
              },
              "DataBindings" : [ {
                "Id" : "e1a8d649-9d3f-47bd-86fe-db43bd4caffd",
                "PropertyMaps" : [ {
                  "SourceProperty" : "",
                  "SourcePropertyBaseType" : "INFOTABLE",
                  "SourcePropertyType" : "InfoTable",
                  "TargetProperty" : "Data",
                  "TargetPropertyBaseType" : "INFOTABLE",
                  "TargetPropertyType" : "property"
                } ],
                "SourceArea" : "Data",
                "SourceDetails" : "AllData",
                "SourceId" : "GetRailGlobalKpiCalculationBaseForMenue",
                "SourceSection" : "Things_KBSmartKPIHelperThing",
                "TargetArea" : "UI",
                "TargetId" : "ptcsdropdown-6",
                "TargetSection" : ""
              }, {
                "Id" : "d72cedc9-7aee-4daf-ba62-2d3555af31cc",
                "PropertyMaps" : [ {
                  "SourceProperty" : "DisplayName",
                  "SourcePropertyBaseType" : "STRING",
                  "TargetProperty" : "KPICalculationBase",
                  "TargetPropertyBaseType" : "STRING",
                  "TargetPropertyType" : "Parameter"
                } ],
                "SourceArea" : "Data",
                "SourceDetails" : "SelectedRows",
                "SourceId" : "GetRailGlobalKpiCalculationBaseForMenue",
                "SourceSection" : "Things_KBSmartKPIHelperThing",
                "TargetArea" : "Data",
                "TargetId" : "GetRailMachinesForProductionAdvisor",
                "TargetSection" : "Things_KBSmartKPIHelperThing"
              }, {
                "Id" : "aa85abe2-a9cd-4080-8ea0-4c61429617ca",
                "PropertyMaps" : [ {
                  "SourceProperty" : "Output",
                  "SourcePropertyBaseType" : "STRING",
                  "SourcePropertyType" : "Property",
                  "TargetProperty" : "SelectedText",
                  "TargetPropertyBaseType" : "STRING",
                  "TargetPropertyType" : "property"
                } ],
                "SourceArea" : "UI",
                "SourceId" : "expression2-24",
                "SourceSection" : "",
                "TargetArea" : "UI",
                "TargetId" : "ptcsdropdown-6",
                "TargetSection" : ""
              }, {
                "Id" : "0a9831ee-a8af-45a8-84ea-c0f7624f50f4",
                "PropertyMaps" : [ {
                  "SourceProperty" : "",
                  "SourcePropertyBaseType" : "INFOTABLE",
                  "SourcePropertyType" : "InfoTable",
                  "TargetProperty" : "Data",
                  "TargetPropertyBaseType" : "INFOTABLE",
                  "TargetPropertyType" : "property"
                } ],
                "SourceArea" : "Data",
                "SourceDetails" : "AllData",
                "SourceId" : "GetRailMachinesForProductionAdvisor",
                "SourceName" : "GetRailMachinesForProductionAdvisor",
                "SourceSection" : "Things_KBSmartKPIHelperThing",
                "TargetArea" : "UI",
                "TargetId" : "collection-25",
                "TargetSection" : ""
              }, {
                "Id" : "c8299045-fc1f-43a8-a7cf-2783e5d271b4",
                "PropertyMaps" : [ {
                  "SourceProperty" : "result",
                  "SourcePropertyBaseType" : "BOOLEAN",
                  "SourcePropertyType" : "Field",
                  "TargetProperty" : "Visible",
                  "TargetPropertyBaseType" : "BOOLEAN",
                  "TargetPropertyType" : "property"
                } ],
                "SourceArea" : "Data",
                "SourceDetails" : "AllData",
                "SourceId" : "GetLocation",
                "SourceSection" : "Things_KBPNARecipeHelperThing",
                "TargetArea" : "UI",
                "TargetId" : "ptcslabel-26",
                "TargetSection" : ""
              } ],
              "DesignTimePermissions" : {
                "Create" : [ ],
                "Delete" : [ ],
                "Metadata" : [ ],
                "Read" : [ ],
                "Update" : [ ]
              },
              "Events" : [ {
                "EventHandlerArea" : "Data",
                "EventHandlerId" : "Things_KBSmartKPIHelperThing",
                "EventHandlerService" : "GetRailGlobalKpiCalculationBaseForMenue",
                "EventTriggerArea" : "Mashup",
                "EventTriggerEvent" : "Loaded",
                "EventTriggerId" : "mashup-root",
                "EventTriggerSection" : "",
                "Id" : "ad01d617-3d97-4983-99d9-9646578c3647"
              }, {
                "EventHandlerArea" : "Data",
                "EventHandlerId" : "Things_KBSmartKPIHelperThing",
                "EventHandlerService" : "GetRailMachinesForProductionAdvisor",
                "EventTriggerArea" : "Data",
                "EventTriggerEvent" : "SelectedRowsChanged",
                "EventTriggerId" : "GetRailGlobalKpiCalculationBaseForMenue",
                "EventTriggerSection" : "Things_KBSmartKPIHelperThing",
                "Id" : "8cf9797b-a879-4a8f-8918-b3bee048b7c4"
              }, {
                "EventHandlerArea" : "UI",
                "EventHandlerId" : "expression2-24",
                "EventHandlerService" : "Evaluate",
                "EventTriggerArea" : "Mashup",
                "EventTriggerEvent" : "Loaded",
                "EventTriggerId" : "mashup-root",
                "EventTriggerSection" : "",
                "Id" : "fa4d95b9-f5c9-499d-b7fc-794b4936587c"
              }, {
                "EventHandlerArea" : "Data",
                "EventHandlerId" : "Things_KBPNARecipeHelperThing",
                "EventHandlerService" : "GetLocation",
                "EventTriggerArea" : "Mashup",
                "EventTriggerEvent" : "Loaded",
                "EventTriggerId" : "mashup-root",
                "EventTriggerSection" : "",
                "Id" : "913dca7b-ceb5-4096-a1c7-73ef8a87f139"
              } ],
              "Reminders" : [ ],
              "RunTimePermissions" : {
                "permissions" : [ {
                  "EventInvoke" : [ ],
                  "EventSubscribe" : [ ],
                  "PropertyRead" : [ {
                    "isPermitted" : true,
                    "name" : "KBUserGroup",
                    "type" : "Group"
                  } ],
                  "PropertyWrite" : [ ],
                  "ServiceInvoke" : [ {
                    "isPermitted" : true,
                    "name" : "KBUserGroup",
                    "type" : "Group"
                  } ],
                  "resourceName" : "*"
                } ]
              },
              "UI" : {
                "Properties" : {
                  "AddToDashboardButton" : "SimplePlus",
                  "AddToDashboardButtonStyle" : "DefaultAddToDashboardButtonStyle",
                  "Area" : "Mashup",
                  "BGImage" : "",
                  "BGImageRepeat" : "no-repeat",
                  "BGImageSize" : "auto",
                  "Columns" : 0,
                  "ConfigureGadgetButton" : "SimpleGear",
                  "ConfigureGadgetButtonStyle" : "DefaultConfigureGadgetButtonStyle",
                  "DisplayName" : "Mashup",
                  "EnableParameterEditing" : false,
                  "Height" : 618,
                  "Id" : "mashup-root",
                  "IgnoreWarningsInViewMashup" : false,
                  "IsPrintLayout" : false,
                  "Left" : 0,
                  "Margin" : "5",
                  "MashupResolution" : "FHD 1920x1080",
                  "MashupToEditGadget" : "DefaultMashupToEditGadget",
                  "Master" : "KBSmartProductionMaster1Mashup",
                  "MigratedOn" : "2023-04-07T04:25:02.000Z",
                  "MinHeight" : 0,
                  "MinWidth" : 0,
                  "ResponsiveLayout" : true,
                  "Rows" : 0,
                  "ShowDataLoading" : true,
                  "Style" : "DefaultMashupStyle",
                  "StyleProperties" : {
                    "data" : {
                      "flexcontainer-1" : {
                        "parts" : {
                          "$" : {
                            "$" : {
                              "background" : "transparent"
                            }
                          }
                        },
                        "widget" : "flex-container"
                      },
                      "flexcontainer-2" : {
                        "parts" : {
                          "$" : {
                            "$" : {
                              "border-radius" : "0px",
                              "border-style" : "none",
                              "border-width" : "0px"
                            }
                          }
                        },
                        "widget" : "flex-container"
                      },
                      "ptcsdropdown-6" : {
                        "parts" : {
                          "label" : {
                            "$" : {
                              "font-size" : "10px"
                            }
                          }
                        },
                        "widget" : "ptcs-dropdown"
                      },
                      "ptcslabel-10" : {
                        "parts" : {
                          "$" : {
                            "$" : {
                              "font-size" : "14px"
                            }
                          }
                        },
                        "widget" : "ptcs-label"
                      },
                      "ptcslabel-11" : {
                        "parts" : {
                          "$" : {
                            "$" : {
                              "font-size" : "14px"
                            }
                          }
                        },
                        "widget" : "ptcs-label"
                      },
                      "ptcslabel-12" : {
                        "parts" : {
                          "$" : {
                            "$" : {
                              "font-size" : "14px"
                            }
                          }
                        },
                        "widget" : "ptcs-label"
                      },
                      "ptcslabel-13" : {
                        "parts" : {
                          "$" : {
                            "$" : {
                              "font-size" : "14px"
                            }
                          }
                        },
                        "widget" : "ptcs-label"
                      },
                      "ptcslabel-19" : {
                        "parts" : {
                          "$" : {
                            "$" : {
                              "background" : "#ffffff",
                              "color" : "rgba(0,69,126,100)",
                              "font-size" : "26px",
                              "font-style" : "normal",
                              "font-weight" : 700,
                              "text-decoration" : "none"
                            }
                          }
                        },
                        "widget" : "ptcs-label"
                      },
                      "ptcslabel-21" : {
                        "parts" : {
                          "$" : {
                            "$" : {
                              "font-size" : "14px"
                            }
                          }
                        },
                        "widget" : "ptcs-label"
                      },
                      "ptcslabel-26" : {
                        "parts" : {
                          "$" : {
                            "$" : {
                              "font-size" : "14px"
                            }
                          }
                        },
                        "widget" : "ptcs-label"
                      },
                      "ptcslabel-8" : {
                        "parts" : {
                          "$" : {
                            "$" : {
                              "font-size" : "14px"
                            }
                          }
                        },
                        "widget" : "ptcs-label"
                      },
                      "ptcslabel-9" : {
                        "parts" : {
                          "$" : {
                            "$" : {
                              "font-size" : "14px"
                            }
                          }
                        },
                        "widget" : "ptcs-label"
                      }
                    },
                    "meta" : {
                      "type" : "WidgetStyler",
                      "version" : "1.0"
                    }
                  },
                  "StyleTheme" : "Legacy Styles Theme",
                  "Title" : "",
                  "TitleBar" : false,
                  "TitleBarStyle" : "DefaultTitleBarStyle",
                  "TitleBarText" : "Gadget Title Here",
                  "Top" : 0,
                  "Type" : "mashup",
                  "UseMasterTheme" : false,
                  "UseTheme" : false,
                  "UseThemeForHybrids" : false,
                  "Visible" : true,
                  "Width" : 1024,
                  "Z-index" : 10,
                  "__TypeDisplayName" : "Mashup",
                  "id_index" : 26,
                  "supportsAutoResize" : true
                },
                "Widgets" : [ {
                  "Properties" : {
                    "Area" : "UI",
                    "CollapseTabIcon" : "",
                    "DisplayName" : "container-1",
                    "EnableContainerUnload" : false,
                    "EnableExpandCollapse" : false,
                    "ExpandCollapseTabLocation" : "inside",
                    "ExpandTabIcon" : "",
                    "Expanded" : true,
                    "Id" : "flexcontainer-1",
                    "LastContainer" : true,
                    "LazyLoading" : false,
                    "Margin" : "",
                    "Overlay" : false,
                    "ResponsiveLayout" : true,
                    "Scrolling" : "auto-scroll",
                    "ShowDataLoading" : true,
                    "ShowExpandCollapseTab" : false,
                    "SourceURL" : "",
                    "Style" : "DefaultContainerStyle",
                    "StyleProperties" : { },
                    "Type" : "flexcontainer",
                    "UseTheme" : true,
                    "Visible" : true,
                    "Z-index" : 10,
                    "__TypeDisplayName" : "Flex Container",
                    "align-content" : "flex-start",
                    "align-items" : "flex-start",
                    "flex-basis" : "auto",
                    "flex-direction" : "column",
                    "flex-grow" : 1,
                    "flex-max-height" : "",
                    "flex-max-width" : "",
                    "flex-min-height" : "",
                    "flex-min-width" : "",
                    "flex-shrink" : 1,
                    "flex-size" : "default",
                    "flex-wrap" : "nowrap",
                    "iconClass" : "widgets-flexcontainer",
                    "justify-content" : "flex-start",
                    "positioning" : "responsive",
                    "userCannotRemove" : true
                  },
                  "Widgets" : [ {
                    "Properties" : {
                      "Area" : "UI",
                      "CollapseTabIcon" : "",
                      "DisplayName" : "container-2",
                      "EnableContainerUnload" : false,
                      "EnableExpandCollapse" : true,
                      "ExpandCollapseTabLocation" : "outside",
                      "ExpandTabIcon" : "",
                      "Expanded" : true,
                      "Id" : "flexcontainer-2",
                      "LastContainer" : false,
                      "LazyLoading" : false,
                      "Margin" : "false false 5 false",
                      "Overlay" : false,
                      "ResponsiveLayout" : true,
                      "ShowDataLoading" : true,
                      "ShowExpandCollapseTab" : false,
                      "SourceURL" : "",
                      "Style" : "DefaultContainerStyle",
                      "StyleProperties" : { },
                      "Type" : "flexcontainer",
                      "UseTheme" : true,
                      "Visible" : true,
                      "Z-index" : 10,
                      "__TypeDisplayName" : "Flex Container",
                      "align-content" : "flex-start",
                      "align-items" : "flex-start",
                      "flex-basis" : "auto",
                      "flex-direction" : "column",
                      "flex-grow" : 1,
                      "flex-max-height" : "176px",
                      "flex-max-width" : "",
                      "flex-min-height" : "176px",
                      "flex-min-width" : "",
                      "flex-shrink" : "0",
                      "flex-size" : "fixed",
                      "flex-wrap" : "nowrap",
                      "iconClass" : "widgets-flexcontainer-fixed",
                      "isLocked" : false,
                      "justify-content" : "flex-start",
                      "positioning" : "static",
                      "userCannotRemove" : false
                    },
                    "Widgets" : [ {
                      "Properties" : {
                        "Alignment" : "left",
                        "AllLabel" : "[[all]]",
                        "Area" : "UI",
                        "AutoSelectFirstRow" : false,
                        "ClearSelectedItemsLabel" : "[[clearSelectedItems]]",
                        "ClearSelectionItem" : false,
                        "ClearSelectionLabel" : "[[None]]",
                        "CriteriaMessage" : "",
                        "CriteriaMessageDetails" : "",
                        "Disabled" : false,
                        "DisplayField" : "DisplayName",
                        "DisplayName" : "dhxlist-6",
                        "EnableToolTips" : true,
                        "FilterHintText" : "Filter",
                        "Height" : 28,
                        "HintText" : "",
                        "Id" : "ptcsdropdown-6",
                        "ItemMeta" : {
                          "type" : "text"
                        },
                        "Label" : "Calculation Base:",
                        "LabelAlignment" : "left",
                        "LastContainer" : false,
                        "Left" : 30,
                        "ListMarginTop" : 8,
                        "Margin" : "5",
                        "MultiSelect" : false,
                        "NumberOfItemsInDropdownView" : 6,
                        "RequiredMessage" : "A selection is required",
                        "ResponsiveLayout" : false,
                        "RowHeight" : 28,
                        "SelectAllLabel" : "[[selectAll]]",
                        "SelectedLabel" : "[[selected]]",
                        "ShowDataLoading" : true,
                        "ShowListFilter" : false,
                        "ShowValidationCriteria" : false,
                        "ShowValidationFailure" : false,
                        "ShowValidationSuccess" : false,
                        "SuccessMessage" : "",
                        "SuccessMessageDetails" : "",
                        "TabSequence" : -1,
                        "Top" : 65,
                        "Type" : "ptcsdropdown",
                        "UseTheme" : true,
                        "ValidationCriteriaIcon" : "cds:icon_info",
                        "ValidationFailureIcon" : "cds:icon_error",
                        "ValidationState" : "undefined",
                        "ValidationSuccessIcon" : "cds:icon_success",
                        "ValueField" : "DisplayName",
                        "ValueRequired" : false,
                        "Visible" : true,
                        "Width" : 370,
                        "Z-index" : 10,
                        "__TypeDisplayName" : "List"
                      },
                      "Widgets" : [ ]
                    }, {
                      "Properties" : {
                        "Area" : "UI",
                        "Description" : "",
                        "DisclosureControl" : "show-more",
                        "DisplayName" : "Status",
                        "HorizontalAlignment" : "left",
                        "Id" : "ptcslabel-8",
                        "LabelText" : "Status",
                        "LabelType" : "label",
                        "LastContainer" : false,
                        "Left" : 240,
                        "Margin" : "5",
                        "MultiLine" : true,
                        "PreserveWhiteSpace" : false,
                        "ResponsiveLayout" : false,
                        "ShowDataLoading" : true,
                        "TooltipField" : "",
                        "Top" : 131,
                        "Type" : "ptcslabel",
                        "UseTheme" : true,
                        "VerticalAlignment" : "flex-start",
                        "Visible" : true,
                        "Width" : 75,
                        "Z-index" : 10,
                        "__TypeDisplayName" : "Label",
                        "overflowShowLessTxt" : "[[showLess]]",
                        "overflowShowMoreTxt" : "[[showMore]]"
                      },
                      "Widgets" : [ ]
                    }, {
                      "Properties" : {
                        "Area" : "UI",
                        "DisclosureControl" : "show-more",
                        "DisplayName" : "label-9",
                        "HorizontalAlignment" : "left",
                        "Id" : "ptcslabel-9",
                        "LabelText" : "OEE",
                        "LabelType" : "label",
                        "LastContainer" : false,
                        "Left" : 305,
                        "Margin" : "5",
                        "MultiLine" : true,
                        "PreserveWhiteSpace" : false,
                        "ResponsiveLayout" : false,
                        "ShowDataLoading" : true,
                        "TooltipField" : "",
                        "Top" : 131,
                        "Type" : "ptcslabel",
                        "UseTheme" : true,
                        "VerticalAlignment" : "flex-start",
                        "Visible" : true,
                        "Width" : 75,
                        "Z-index" : 10,
                        "__TypeDisplayName" : "Label",
                        "overflowShowLessTxt" : "[[showLess]]",
                        "overflowShowMoreTxt" : "[[showMore]]"
                      },
                      "Widgets" : [ ]
                    }, {
                      "Properties" : {
                        "Area" : "UI",
                        "DisclosureControl" : "show-more",
                        "DisplayName" : "label-10",
                        "HorizontalAlignment" : "left",
                        "Id" : "ptcslabel-10",
                        "LabelText" : "Utilization",
                        "LabelType" : "label",
                        "LastContainer" : false,
                        "Left" : 432.9861145019531,
                        "Margin" : "5",
                        "MultiLine" : true,
                        "PreserveWhiteSpace" : false,
                        "ResponsiveLayout" : false,
                        "ShowDataLoading" : true,
                        "TooltipField" : "",
                        "Top" : 131,
                        "Type" : "ptcslabel",
                        "UseTheme" : true,
                        "VerticalAlignment" : "flex-start",
                        "Visible" : true,
                        "Width" : 75,
                        "Z-index" : 10,
                        "__TypeDisplayName" : "Label",
                        "overflowShowLessTxt" : "[[showLess]]",
                        "overflowShowMoreTxt" : "[[showMore]]"
                      },
                      "Widgets" : [ ]
                    }, {
                      "Properties" : {
                        "Area" : "UI",
                        "DisclosureControl" : "show-more",
                        "DisplayName" : "label-11",
                        "HorizontalAlignment" : "left",
                        "Id" : "ptcslabel-11",
                        "LabelText" : "RQ",
                        "LabelType" : "label",
                        "LastContainer" : false,
                        "Left" : 575,
                        "Margin" : "5",
                        "MultiLine" : true,
                        "PreserveWhiteSpace" : false,
                        "ResponsiveLayout" : false,
                        "ShowDataLoading" : true,
                        "TooltipField" : "",
                        "Top" : 131,
                        "Type" : "ptcslabel",
                        "UseTheme" : true,
                        "VerticalAlignment" : "flex-start",
                        "Visible" : true,
                        "Width" : 75,
                        "Z-index" : 10,
                        "__TypeDisplayName" : "Label",
                        "overflowShowLessTxt" : "[[showLess]]",
                        "overflowShowMoreTxt" : "[[showMore]]"
                      },
                      "Widgets" : [ ]
                    }, {
                      "Properties" : {
                        "Area" : "UI",
                        "DisclosureControl" : "show-more",
                        "DisplayName" : "label-12",
                        "HorizontalAlignment" : "left",
                        "Id" : "ptcslabel-12",
                        "LabelText" : "OK Parts",
                        "LabelType" : "label",
                        "LastContainer" : false,
                        "Left" : 715,
                        "Margin" : "5",
                        "MultiLine" : true,
                        "PreserveWhiteSpace" : false,
                        "ResponsiveLayout" : false,
                        "ShowDataLoading" : true,
                        "TooltipField" : "",
                        "Top" : 131,
                        "Type" : "ptcslabel",
                        "UseTheme" : true,
                        "VerticalAlignment" : "flex-start",
                        "Visible" : true,
                        "Width" : 75,
                        "Z-index" : 10,
                        "__TypeDisplayName" : "Label",
                        "overflowShowLessTxt" : "[[showLess]]",
                        "overflowShowMoreTxt" : "[[showMore]]"
                      },
                      "Widgets" : [ ]
                    }, {
                      "Properties" : {
                        "Area" : "UI",
                        "DisclosureControl" : "show-more",
                        "DisplayName" : "label-13",
                        "HorizontalAlignment" : "left",
                        "Id" : "ptcslabel-13",
                        "LabelText" : "NOK-Parts",
                        "LabelType" : "label",
                        "LastContainer" : false,
                        "Left" : 825,
                        "Margin" : "5",
                        "MultiLine" : true,
                        "PreserveWhiteSpace" : false,
                        "ResponsiveLayout" : false,
                        "ShowDataLoading" : true,
                        "TooltipField" : "",
                        "Top" : 131,
                        "Type" : "ptcslabel",
                        "UseTheme" : true,
                        "VerticalAlignment" : "flex-start",
                        "Visible" : true,
                        "Width" : 75,
                        "Z-index" : 10,
                        "__TypeDisplayName" : "Label",
                        "overflowShowLessTxt" : "[[showLess]]",
                        "overflowShowMoreTxt" : "[[showMore]]"
                      },
                      "Widgets" : [ ]
                    }, {
                      "Properties" : {
                        "Area" : "UI",
                        "DisclosureControl" : "show-more",
                        "DisplayName" : "label-19",
                        "HorizontalAlignment" : "left",
                        "Id" : "ptcslabel-19",
                        "LabelText" : "OEE Overview",
                        "LabelType" : "label",
                        "LastContainer" : false,
                        "Left" : 25,
                        "Margin" : "5",
                        "MultiLine" : true,
                        "PreserveWhiteSpace" : false,
                        "ResponsiveLayout" : false,
                        "ShowDataLoading" : true,
                        "TooltipField" : "",
                        "Top" : 15,
                        "Type" : "ptcslabel",
                        "UseTheme" : true,
                        "VerticalAlignment" : "flex-start",
                        "Visible" : true,
                        "Width" : 400,
                        "Z-index" : 10,
                        "__TypeDisplayName" : "Label",
                        "overflowShowLessTxt" : "[[showLess]]",
                        "overflowShowMoreTxt" : "[[showMore]]"
                      },
                      "Widgets" : [ ]
                    }, {
                      "Properties" : {
                        "Area" : "UI",
                        "CustomClass" : "",
                        "DisclosureControl" : "show-more",
                        "DisplayName" : "label-21",
                        "HorizontalAlignment" : "left",
                        "Id" : "ptcslabel-21",
                        "LabelText" : "Time Base",
                        "LabelType" : "label",
                        "LastContainer" : false,
                        "Left" : 1110,
                        "Margin" : "5",
                        "MultiLine" : true,
                        "PreserveWhiteSpace" : false,
                        "ResponsiveLayout" : false,
                        "ShowDataLoading" : true,
                        "TooltipField" : "",
                        "Top" : 131,
                        "Type" : "ptcslabel",
                        "UseTheme" : true,
                        "VerticalAlignment" : "flex-start",
                        "Visible" : true,
                        "Width" : 75,
                        "Z-index" : 10,
                        "__TypeDisplayName" : "Label",
                        "overflowShowLessTxt" : "[[showLess]]",
                        "overflowShowMoreTxt" : "[[showMore]]"
                      },
                      "Widgets" : [ ]
                    }, {
                      "Properties" : {
                        "Area" : "UI",
                        "DisclosureControl" : "show-more",
                        "DisplayName" : "ptcs-label-26",
                        "HorizontalAlignment" : "left",
                        "Id" : "ptcslabel-26",
                        "LabelText" : "NC Program",
                        "LabelType" : "label",
                        "LastContainer" : false,
                        "Left" : 956,
                        "Margin" : "5",
                        "MultiLine" : true,
                        "PreserveWhiteSpace" : false,
                        "ResponsiveLayout" : false,
                        "ShowDataLoading" : true,
                        "TooltipField" : "",
                        "Top" : 131,
                        "Type" : "ptcslabel",
                        "UseTheme" : true,
                        "VerticalAlignment" : "flex-start",
                        "Visible" : false,
                        "Width" : 100,
                        "Z-index" : 10,
                        "__TypeDisplayName" : "Label",
                        "overflowShowLessTxt" : "[[showLess]]",
                        "overflowShowMoreTxt" : "[[showMore]]"
                      },
                      "Widgets" : [ ]
                    } ]
                  }, {
                    "Properties" : {
                      "Area" : "UI",
                      "CollapseTabIcon" : "",
                      "DisplayName" : "container-3",
                      "EnableContainerUnload" : false,
                      "EnableExpandCollapse" : false,
                      "ExpandCollapseTabLocation" : "inside",
                      "ExpandTabIcon" : "",
                      "Expanded" : true,
                      "Id" : "flexcontainer-3",
                      "LastContainer" : false,
                      "LazyLoading" : false,
                      "Margin" : "5 10 0 10",
                      "Overlay" : false,
                      "ResponsiveLayout" : true,
                      "Scrolling" : "auto-scroll",
                      "ShowDataLoading" : true,
                      "ShowExpandCollapseTab" : false,
                      "SourceURL" : "",
                      "Style" : "DefaultContainerStyle",
                      "StyleProperties" : { },
                      "Type" : "flexcontainer",
                      "UseTheme" : true,
                      "Visible" : true,
                      "Z-index" : 10,
                      "__TypeDisplayName" : "Flex Container",
                      "align-content" : "flex-start",
                      "align-items" : "flex-start",
                      "flex-basis" : "auto",
                      "flex-direction" : "column",
                      "flex-grow" : 1,
                      "flex-max-height" : "",
                      "flex-max-width" : "",
                      "flex-min-height" : "",
                      "flex-min-width" : "",
                      "flex-shrink" : 1,
                      "flex-size" : "fixed",
                      "flex-wrap" : "nowrap",
                      "iconClass" : "widgets-flexcontainer",
                      "isLocked" : true,
                      "justify-content" : "flex-start",
                      "positioning" : "responsive",
                      "userCannotRemove" : false
                    },
                    "Widgets" : [ {
                      "Properties" : {
                        "AllowSelection" : true,
                        "AlwaysUseCustomScrollerOniOS" : true,
                        "Area" : "UI",
                        "AutoSelectFirstRow" : false,
                        "BottomPadding" : 22,
                        "CellActiveStyle" : "DefaultCollectionCellActiveStyle",
                        "CellAlternateStyle" : "DefaultCollectionCellAlternateStyle",
                        "CellBorderRadius" : 0,
                        "CellBoxShadow" : "",
                        "CellHoverStyle" : "DefaultCollectionCellHoverStyle",
                        "CellMashupSelectedField" : "",
                        "CellMenuStatesIconGravity" : "Left",
                        "CellMenuStatesIconSize" : 16,
                        "CellMenuStatesOrientation" : "Horizontal",
                        "CellMenuStatesUseBuiltin" : false,
                        "CellMultipleSelectionType" : "Disabled",
                        "CellPointer" : "Auto",
                        "CellSelectedStyle" : "DefaultCollectionCellSelectedStyle",
                        "CellStyle" : "DefaultCollectionCellStyle",
                        "DisableWrapping" : false,
                        "DisplayName" : "collection-25",
                        "FlowLayoutAlignment" : "Center",
                        "FlowLayoutContentGravity" : "Center",
                        "FlowLayoutGravity" : "Spaced",
                        "FooterHeight" : 6,
                        "FooterSectionParam" : "",
                        "HandleSelectionUpdates" : true,
                        "HasSelectedCells" : false,
                        "HeaderHeight" : 6,
                        "HeaderSectionParam" : "",
                        "Height" : 300,
                        "Id" : "collection-25",
                        "ItemLoadBehavior" : "loadUnload",
                        "LastContainer" : false,
                        "Left" : 149.01043701171875,
                        "LeftAlignFinalRow" : false,
                        "Margin" : "0",
                        "Mashup" : "KBProductionAdvisorRailSingleMachinePNAMashup",
                        "MashupGlobalPropertyBinding" : "{}",
                        "MashupHeight" : 55,
                        "MashupPropertyBinding" : {
                          "KPICalculationBase" : "KPICalculationBase",
                          "KPIDateTimeEnd" : "KPIDateTimeEnd",
                          "KPIDateTimeStart" : "KPIDateTimeStart",
                          "MachineThingName" : "MachineThingName",
                          "ShiftIterations" : "ShiftIterations"
                        },
                        "MashupWidth" : 400,
                        "MinimumSpacing" : 0,
                        "MultiSelect" : false,
                        "OffScreenBufferFactor" : 0.1,
                        "PinFootersToBottom" : false,
                        "PinHeadersToTop" : false,
                        "PlaysIntroAnimation" : true,
                        "ResponsiveLayout" : true,
                        "RippleEffectStyle" : "DefaultCollectionRippleStyle",
                        "RowSpacing" : 44,
                        "ScrollbarType" : "hover",
                        "ScrollsToSelectedCell" : false,
                        "SectionInsetBottom" : 0,
                        "SectionInsetLeft" : 0,
                        "SectionInsetRight" : 0,
                        "SectionInsetTop" : 0,
                        "SelectedCellsCount" : 0,
                        "ShowDataLoading" : true,
                        "ShowFooters" : false,
                        "ShowHeaders" : false,
                        "SortAscending" : false,
                        "Top" : 42.01823425292969,
                        "TopPadding" : 22,
                        "Type" : "collection",
                        "UIDField" : "MachineThingName",
                        "UseCustomScrollerOnWindowsDesktops" : true,
                        "UseMashupDimensions" : false,
                        "UseRippleEffect" : false,
                        "View" : "table",
                        "Visible" : true,
                        "Width" : 400,
                        "Z-index" : 10,
                        "_CanDoubleClick" : false,
                        "_EventDataShape" : "{\"MachineThingName\":{\"name\":\"MachineThingName\",\"aspects\":{},\"description\":\"\",\"baseType\":\"STRING\",\"ordinal\":3,\"type\":\"Field\"},\"ShiftIterations\":{\"name\":\"ShiftIterations\",\"aspects\":{},\"description\":\"\",\"baseType\":\"STRING\",\"ordinal\":5,\"type\":\"Field\"},\"KPIDateTimeEnd\":{\"name\":\"KPIDateTimeEnd\",\"aspects\":{},\"description\":\"\",\"baseType\":\"DATETIME\",\"ordinal\":2,\"type\":\"Field\"},\"KPICalculationBase\":{\"name\":\"KPICalculationBase\",\"aspects\":{},\"description\":\"\",\"baseType\":\"STRING\",\"ordinal\":4,\"type\":\"Field\"},\"KPIDateTimeStart\":{\"name\":\"KPIDateTimeStart\",\"aspects\":{},\"description\":\"\",\"baseType\":\"DATETIME\",\"ordinal\":1,\"type\":\"Field\"}}",
                        "_GlobalDataShape" : "{}",
                        "_MenuDefinition" : "[]",
                        "__TypeDisplayName" : "Collection"
                      },
                      "Widgets" : [ ]
                    } ]
                  } ]
                }, {
                  "Properties" : {
                    "Area" : "UI",
                    "AutoEvaluate" : false,
                    "DataChangeType" : "VALUE",
                    "DisplayName" : "expression-14",
                    "Expression" : "",
                    "FireOnFirstValue" : false,
                    "Height" : 28,
                    "Id" : "expression2-24",
                    "LastContainer" : false,
                    "Left" : null,
                    "Margin" : "5",
                    "Output" : "Shift",
                    "OutputBaseType" : "STRING",
                    "ResponsiveLayout" : false,
                    "ShowDataLoading" : true,
                    "Top" : null,
                    "Type" : "expression2",
                    "Visible" : true,
                    "Width" : 200,
                    "Z-index" : 10,
                    "__TypeDisplayName" : "Expression",
                    "_currentParameterDefs" : [ ]
                  },
                  "Widgets" : [ ]
                } ]
              },
              "mashupType" : "mashup"
            }
            ]]>
            </mashupContent>
            <preview></preview>
        </Mashup>
    </Mashups>
</Entities>
