<?xml version="1.0" encoding="UTF-8"?>
<Entities
 majorVersion="9"
 minorVersion="3"
 universal="password">
    <Mashups>
        <Mashup
         aspect.isFlex="true"
         aspect.isResponsive="true"
         aspect.mashupType="mashup"
         columns="0.0"
         description=""
         documentationContent=""
         homeMashup=""
         name="KBPartInfoDataAsLineMashup"
         projectName="KBsmartKPI"
         rows="0.0"
         tags="">
            <avatar></avatar>
            <DesignTimePermissions>
                <Create></Create>
                <Read></Read>
                <Update></Update>
                <Delete></Delete>
                <Metadata></Metadata>
            </DesignTimePermissions>
            <RunTimePermissions>
                <Permissions
                 resourceName="*">
                    <PropertyRead>
                        <Principal
                         isPermitted="true"
                         name="KBUserGroup"
                         type="Group"></Principal>
                    </PropertyRead>
                    <PropertyWrite>
                        <Principal
                         isPermitted="true"
                         name="KBUserGroup"
                         type="Group"></Principal>
                    </PropertyWrite>
                    <ServiceInvoke>
                        <Principal
                         isPermitted="true"
                         name="KBUserGroup"
                         type="Group"></Principal>
                    </ServiceInvoke>
                    <EventInvoke></EventInvoke>
                    <EventSubscribe></EventSubscribe>
                </Permissions>
            </RunTimePermissions>
            <VisibilityPermissions>
                <Visibility>
                    <Principal
                     isPermitted="true"
                     name="KBOrganization"
                     type="Organization"></Principal>
                </Visibility>
            </VisibilityPermissions>
            <ConfigurationTableDefinitions></ConfigurationTableDefinitions>
            <ConfigurationTables>
                <ConfigurationTable
                 dataShapeName=""
                 description="Mashup Mobile Settings"
                 isHidden="true"
                 isMultiRow="false"
                 name="MobileSettings"
                 ordinal="0">
                    <DataShape>
                        <FieldDefinitions>
                            <FieldDefinition
                             aspect.defaultValue="false"
                             aspect.friendlyName="Disable Zoom"
                             baseType="BOOLEAN"
                             description="Disables zooming in and out within the mashup"
                             name="disableZoom"
                             ordinal="0"></FieldDefinition>
                            <FieldDefinition
                             aspect.defaultValue="true"
                             aspect.friendlyName="Full Screen Mode"
                             baseType="BOOLEAN"
                             description="Open the mashup in full screen mode"
                             name="fullScreenMode"
                             ordinal="0"></FieldDefinition>
                            <FieldDefinition
                             aspect.friendlyName="Height"
                             baseType="STRING"
                             description="The height of the mashup page"
                             name="height"
                             ordinal="0"></FieldDefinition>
                            <FieldDefinition
                             aspect.defaultValue="device-height"
                             aspect.friendlyName="Height Type"
                             baseType="STRING"
                             description="Use the height of the device display, or a custom height (in px)"
                             name="heightType"
                             ordinal="0"></FieldDefinition>
                            <FieldDefinition
                             aspect.defaultValue="1.0"
                             aspect.friendlyName="Initial Scale"
                             baseType="NUMBER"
                             description="The initial zoom scale when the mashup is loaded for the first time"
                             name="initialScale"
                             ordinal="0"></FieldDefinition>
                            <FieldDefinition
                             aspect.friendlyName="Shortcut Icon Title"
                             baseType="STRING"
                             description="A title for the mashup shortcut on the iOS home screen"
                             name="iosShortcutIconTitle"
                             ordinal="0"></FieldDefinition>
                            <FieldDefinition
                             aspect.defaultValue="black-translucent"
                             aspect.friendlyName="Status Bar Appearance"
                             baseType="STRING"
                             description="The style of the iOS status bar"
                             name="iosStatusBarAppearance"
                             ordinal="0"></FieldDefinition>
                            <FieldDefinition
                             aspect.defaultValue="10.0"
                             aspect.friendlyName="Maximum Scale"
                             baseType="NUMBER"
                             description="The maximum scale that users can zoom out to"
                             name="maximumScale"
                             ordinal="0"></FieldDefinition>
                            <FieldDefinition
                             aspect.defaultValue="0.1"
                             aspect.friendlyName="Minimum Scale"
                             baseType="NUMBER"
                             description="The minimum scale that users can zoom out to"
                             name="minimumScale"
                             ordinal="0"></FieldDefinition>
                            <FieldDefinition
                             aspect.friendlyName="Width"
                             baseType="STRING"
                             description="The width of the mashup page"
                             name="width"
                             ordinal="0"></FieldDefinition>
                            <FieldDefinition
                             aspect.defaultValue="device-width"
                             aspect.friendlyName="Width Type"
                             baseType="STRING"
                             description="Use the width of the device display, or a custom width (in px)"
                             name="widthType"
                             ordinal="0"></FieldDefinition>
                        </FieldDefinitions>
                    </DataShape>
                    <Rows>
                        <Row>
                            <disableZoom>false</disableZoom>
                            <fullScreenMode>true</fullScreenMode>
                            <height></height>
                            <heightType>
                            <![CDATA[
                            device-height
                            ]]>
                            </heightType>
                            <initialScale>1.0</initialScale>
                            <iosShortcutIconTitle></iosShortcutIconTitle>
                            <iosStatusBarAppearance>
                            <![CDATA[
                            black-translucent
                            ]]>
                            </iosStatusBarAppearance>
                            <maximumScale>10.0</maximumScale>
                            <minimumScale>0.1</minimumScale>
                            <width></width>
                            <widthType>
                            <![CDATA[
                            device-width
                            ]]>
                            </widthType>
                        </Row>
                    </Rows>
                </ConfigurationTable>
            </ConfigurationTables>
            <ParameterDefinitions>
                <FieldDefinition
                 aspect.bindingDirection="BOTH"
                 aspect.isMandatory="false"
                 baseType="STRING"
                 description=""
                 name="Machine"
                 ordinal="0"></FieldDefinition>
                <FieldDefinition
                 aspect.bindingDirection="BOTH"
                 aspect.isMandatory="false"
                 baseType="STRING"
                 description=""
                 name="PartNumber"
                 ordinal="0"></FieldDefinition>
                <FieldDefinition
                 aspect.bindingDirection="BOTH"
                 aspect.isMandatory="false"
                 baseType="STRING"
                 description=""
                 name="ProcessDataActual"
                 ordinal="0"></FieldDefinition>
                <FieldDefinition
                 aspect.bindingDirection="BOTH"
                 aspect.isMandatory="false"
                 baseType="STRING"
                 description=""
                 name="SerialNumber"
                 ordinal="0"></FieldDefinition>
            </ParameterDefinitions>
            <Things></Things>
            <ThingShapes></ThingShapes>
            <ThingTemplates></ThingTemplates>
            <mashupContent>
            <![CDATA[
            {
              "CustomMashupCss" : "",
              "Data" : {
                "Session" : {
                  "DataName" : "Session",
                  "EntityName" : "",
                  "EntityType" : "Session",
                  "Id" : "session",
                  "Services" : [ {
                    "APIMethod" : "post",
                    "Characteristic" : "Services",
                    "Id" : "SessionInterface",
                    "Name" : "GetGlobalSessionValues",
                    "Parameters" : { },
                    "RefreshInterval" : 0,
                    "Target" : "GetGlobalSessionValues"
                  } ]
                },
                "Things_KBKPILocalThingWorxDatabaseThing" : {
                  "DataName" : "Things_KBKPILocalThingWorxDatabaseThing",
                  "EntityName" : "KBKPILocalThingWorxDatabaseThing",
                  "EntityType" : "Things",
                  "Id" : "250cb76e-4781-4716-8c34-d6009bab640f",
                  "Services" : [ {
                    "APIMethod" : "post",
                    "Characteristic" : "Services",
                    "Id" : "f62da048-acde-441f-b797-bfdd1487fdc6",
                    "Name" : "GetprocessDataAsLineForTraceability",
                    "Parameters" : { },
                    "RefreshInterval" : 0,
                    "Target" : "GetprocessDataAsLineForTraceability"
                  } ]
                },
                "UserExtensions" : {
                  "DataName" : "UserExtensions",
                  "EntityName" : "",
                  "EntityType" : "UserExtensions",
                  "Id" : "UserExtensions",
                  "Services" : [ {
                    "APIMethod" : "post",
                    "Characteristic" : "Services",
                    "Id" : "UserExtensionInterface",
                    "Name" : "GetCurrentUserExtensionProperties",
                    "Parameters" : { },
                    "RefreshInterval" : 0,
                    "Target" : "GetCurrentUserExtensionProperties"
                  } ]
                }
              },
              "DataBindings" : [ {
                "Id" : "339f2c86-34dd-4250-946f-ebf92cb3dbf2",
                "PropertyMaps" : [ {
                  "SourceProperty" : "PartNumber",
                  "SourcePropertyBaseType" : "STRING",
                  "TargetProperty" : "PartNumber",
                  "TargetPropertyBaseType" : "STRING",
                  "TargetPropertyType" : "Parameter"
                } ],
                "SourceArea" : "Mashup",
                "SourceId" : "mashup-root",
                "SourceSection" : "",
                "TargetArea" : "Data",
                "TargetId" : "GetprocessDataAsLineForTraceability",
                "TargetSection" : "Things_KBKPILocalThingWorxDatabaseThing"
              }, {
                "Id" : "e0c841c9-fa3c-4830-8c69-ca29682c9dfe",
                "PropertyMaps" : [ {
                  "SourceProperty" : "SerialNumber",
                  "SourcePropertyBaseType" : "STRING",
                  "TargetProperty" : "SerialNumber",
                  "TargetPropertyBaseType" : "STRING",
                  "TargetPropertyType" : "Parameter"
                } ],
                "SourceArea" : "Mashup",
                "SourceId" : "mashup-root",
                "SourceSection" : "",
                "TargetArea" : "Data",
                "TargetId" : "GetprocessDataAsLineForTraceability",
                "TargetSection" : "Things_KBKPILocalThingWorxDatabaseThing"
              }, {
                "Id" : "b2f4e751-1411-4ccc-b017-a9ae337665fb",
                "PropertyMaps" : [ {
                  "SourceProperty" : "ProcessDataActual",
                  "SourcePropertyBaseType" : "STRING",
                  "TargetProperty" : "ProceeDataActual",
                  "TargetPropertyBaseType" : "STRING",
                  "TargetPropertyType" : "Parameter"
                } ],
                "SourceArea" : "Mashup",
                "SourceId" : "mashup-root",
                "SourceSection" : "",
                "TargetArea" : "Data",
                "TargetId" : "GetprocessDataAsLineForTraceability",
                "TargetSection" : "Things_KBKPILocalThingWorxDatabaseThing"
              }, {
                "Id" : "94b29112-aad8-4665-a76e-7b2d087f378c",
                "PropertyMaps" : [ {
                  "SourceProperty" : "Machine",
                  "SourcePropertyBaseType" : "STRING",
                  "TargetProperty" : "Machine",
                  "TargetPropertyBaseType" : "STRING",
                  "TargetPropertyType" : "Parameter"
                } ],
                "SourceArea" : "Mashup",
                "SourceId" : "mashup-root",
                "SourceSection" : "",
                "TargetArea" : "Data",
                "TargetId" : "GetprocessDataAsLineForTraceability",
                "TargetSection" : "Things_KBKPILocalThingWorxDatabaseThing"
              }, {
                "Id" : "c645057c-9489-4a52-b515-efc8f84d48f0",
                "PropertyMaps" : [ {
                  "SourceProperty" : "",
                  "SourcePropertyBaseType" : "INFOTABLE",
                  "SourcePropertyType" : "InfoTable",
                  "TargetProperty" : "Data",
                  "TargetPropertyBaseType" : "INFOTABLE",
                  "TargetPropertyType" : "property"
                } ],
                "SourceArea" : "Data",
                "SourceDetails" : "AllData",
                "SourceId" : "GetprocessDataAsLineForTraceability",
                "SourceName" : "GetprocessDataAsLineForTraceability",
                "SourceSection" : "Things_KBKPILocalThingWorxDatabaseThing",
                "TargetArea" : "UI",
                "TargetId" : "ptcsgrid-3",
                "TargetSection" : ""
              } ],
              "DesignTimePermissions" : {
                "Create" : [ ],
                "Delete" : [ ],
                "Metadata" : [ ],
                "Read" : [ ],
                "Update" : [ ]
              },
              "Events" : [ {
                "EventHandlerArea" : "Data",
                "EventHandlerId" : "Things_KBKPILocalThingWorxDatabaseThing",
                "EventHandlerService" : "GetprocessDataAsLineForTraceability",
                "EventTriggerArea" : "Mashup",
                "EventTriggerEvent" : "Loaded",
                "EventTriggerId" : "mashup-root",
                "EventTriggerSection" : "",
                "Id" : "b57a3163-22aa-4755-a88d-02c41649cf2a"
              } ],
              "Reminders" : [ ],
              "RunTimePermissions" : {
                "permissions" : [ ]
              },
              "UI" : {
                "Properties" : {
                  "AddToDashboardButton" : "SimplePlus",
                  "AddToDashboardButtonStyle" : "DefaultAddToDashboardButtonStyle",
                  "Area" : "Mashup",
                  "BGImage" : "",
                  "BGImageRepeat" : "no-repeat",
                  "BGImageSize" : "auto",
                  "Columns" : 0,
                  "ConfigureGadgetButton" : "SimpleGear",
                  "ConfigureGadgetButtonStyle" : "DefaultConfigureGadgetButtonStyle",
                  "DisplayName" : "Mashup",
                  "EnableParameterEditing" : false,
                  "Height" : 618,
                  "Id" : "mashup-root",
                  "IgnoreWarningsInViewMashup" : false,
                  "IsPrintLayout" : false,
                  "Left" : 0,
                  "Margin" : "5",
                  "MashupToEditGadget" : "DefaultMashupToEditGadget",
                  "MigratedOn" : "2023-04-14T13:36:09.000Z",
                  "MinHeight" : 0,
                  "MinWidth" : 0,
                  "ResponsiveLayout" : true,
                  "Rows" : 0,
                  "ShowDataLoading" : true,
                  "Style" : "DefaultMashupStyle",
                  "StyleProperties" : {
                    "data" : {
                      "ptcsgrid-3" : {
                        "parts" : {
                          "cell-label" : {
                            "selected" : {
                              "color" : "rgba(255,255,255,1)"
                            }
                          },
                          "row" : {
                            "selected" : {
                              "background" : "rgba(0,69,126,1)"
                            }
                          }
                        },
                        "widget" : "ptcs-grid"
                      }
                    },
                    "meta" : {
                      "type" : "WidgetStyler",
                      "version" : "1.0"
                    }
                  },
                  "StyleTheme" : "KBStandardStyleTheme",
                  "Title" : "",
                  "TitleBar" : false,
                  "TitleBarStyle" : "DefaultTitleBarStyle",
                  "TitleBarText" : "Gadget Title Here",
                  "Top" : 0,
                  "Type" : "mashup",
                  "UseMasterTheme" : false,
                  "UseTheme" : false,
                  "UseThemeForHybrids" : false,
                  "Visible" : true,
                  "Width" : 1024,
                  "Z-index" : 10,
                  "__TypeDisplayName" : "Mashup",
                  "_currentParameterDefs" : [ {
                    "Aspects" : {
                      "bindingDirection" : "BOTH",
                      "isMandatory" : false
                    },
                    "BaseType" : "STRING",
                    "Description" : "",
                    "ParameterName" : "PartNumber"
                  }, {
                    "Aspects" : {
                      "bindingDirection" : "BOTH",
                      "isMandatory" : false
                    },
                    "BaseType" : "STRING",
                    "Description" : "",
                    "ParameterName" : "SerialNumber"
                  }, {
                    "Aspects" : {
                      "bindingDirection" : "BOTH",
                      "isMandatory" : false
                    },
                    "BaseType" : "STRING",
                    "Description" : "",
                    "ParameterName" : "ProcessDataActual"
                  }, {
                    "Aspects" : {
                      "bindingDirection" : "BOTH",
                      "isMandatory" : false
                    },
                    "BaseType" : "STRING",
                    "Description" : "",
                    "ParameterName" : "Machine"
                  } ],
                  "id_index" : 5,
                  "supportsAutoResize" : true
                },
                "Widgets" : [ {
                  "Properties" : {
                    "Area" : "UI",
                    "CollapseTabIcon" : "",
                    "DisplayName" : "container-5",
                    "EnableContainerUnload" : false,
                    "EnableExpandCollapse" : false,
                    "ExpandCollapseTabLocation" : "inside",
                    "ExpandTabIcon" : "",
                    "Expanded" : true,
                    "Id" : "flexcontainer-5",
                    "LastContainer" : true,
                    "LazyLoading" : false,
                    "Margin" : "",
                    "Overlay" : false,
                    "ResponsiveLayout" : true,
                    "Scrolling" : "auto-scroll",
                    "ShowDataLoading" : true,
                    "ShowExpandCollapseTab" : false,
                    "SourceURL" : "",
                    "Style" : "DefaultContainerStyle",
                    "StyleProperties" : { },
                    "Type" : "flexcontainer",
                    "UseTheme" : true,
                    "Visible" : true,
                    "Z-index" : 10,
                    "align-content" : "flex-start",
                    "align-items" : "flex-start",
                    "flex-basis" : "auto",
                    "flex-direction" : "row",
                    "flex-grow" : 1,
                    "flex-max-height" : "",
                    "flex-max-width" : "",
                    "flex-min-height" : "",
                    "flex-min-width" : "",
                    "flex-shrink" : 1,
                    "flex-size" : "default",
                    "flex-wrap" : "nowrap",
                    "iconClass" : "widgets-flexcontainer",
                    "justify-content" : "flex-start",
                    "positioning" : "responsive",
                    "userCannotRemove" : true
                  },
                  "Widgets" : [ {
                    "Properties" : {
                      "AddButtonText" : "[[add]]",
                      "AddRowButtonText" : "[[add]]",
                      "AddRowFormTitle" : "[[AddRecord]]",
                      "AllowDisabledNodes" : false,
                      "AlwaysExpanded" : false,
                      "ApplyButtonText" : "[[apply]]",
                      "Area" : "UI",
                      "AutoScroll" : true,
                      "BindDataText" : "[[bindData]]",
                      "CacheRuntimeChanges" : true,
                      "CancelButtonText" : "[[cancel]]",
                      "CancelEditButtonText" : "[[cancel]]",
                      "CancelLabel" : "[[cancel]]",
                      "ClearFilteredSelection" : false,
                      "ColumnFormat" : {
                        "formatInfo" : [ {
                          "FieldName" : "LineName",
                          "Title" : "LineName",
                          "baseType" : "STRING",
                          "ordinal" : 0
                        }, {
                          "FieldName" : "LineValue",
                          "Title" : "LineValue",
                          "baseType" : "STRING",
                          "ordinal" : 1
                        } ]
                      },
                      "ColumnsMenuOptions" : "none",
                      "ColumnsMenuVisibleItems" : 6,
                      "ConfigurationId" : 9,
                      "DataServiceBindingDef" : {
                        "entityName" : "KBKPILocalThingWorxDatabaseThing",
                        "entityType" : "Things",
                        "target" : "GetprocessDataAsLineForTraceability"
                      },
                      "DateLabel" : "[[date]]",
                      "DefaultSelectedRows" : "",
                      "DeleteRowButtonText" : "[[delete]]",
                      "DisableChildNodes" : false,
                      "DisplayButtonText" : "[[display]]",
                      "DisplayName" : "gridadvanced-3",
                      "DisplayOnlyMode" : false,
                      "EditButton" : false,
                      "EditButtonText" : "[[edit]]",
                      "EditButtonsLocation" : "top-right",
                      "EditControlLabel" : "[[edit]]",
                      "EditControlType" : "link",
                      "EditControlVisibility" : "hover",
                      "EditLevel" : "cell",
                      "EnableCallbackOnSelectedRowsChange" : true,
                      "ExpandCollapseAll" : false,
                      "ExpandCollapseIcon" : "singlecaret",
                      "ExpandLoadedRows" : false,
                      "FillContainer" : true,
                      "FilterHintText" : "[[filter]]",
                      "FilterWidth" : 273,
                      "FocusNavigationMode" : "row-first",
                      "HasChildrenFieldName" : "hasChildren",
                      "HeaderVerticalAlignment" : "top",
                      "Height" : 400,
                      "HideHeaderRow" : false,
                      "HighlightDraftState" : false,
                      "HoursLabel" : "[[hours]]",
                      "IDFieldName" : "id",
                      "IDPathSeparator" : ":;",
                      "Id" : "ptcsgrid-3",
                      "IncludeRowExpansionParents" : false,
                      "IsEditable" : false,
                      "Label" : null,
                      "LabelAlignment" : "left",
                      "LabelType" : "sub-header",
                      "LastContainer" : false,
                      "Left" : 130,
                      "LegacyConfiguration" : "",
                      "Margin" : "5",
                      "MaxHeaderHeight" : 100,
                      "MaxRowsMessage" : "[[Widgets.TreeGrid.MaxRowsMessage]]",
                      "MaxRowsMessageTitle" : "[[Widgets.TreeGrid.MaxRowsMessageTitle]]",
                      "MeridiemLabel" : "AM/PM",
                      "MinRowHeight" : 30,
                      "MinutesLabel" : "[[minutes]]",
                      "MonthLabel" : "[[months]]",
                      "NoDataToDisplayText" : "[[noDataToDisplay]]",
                      "NoMatchesText" : "[[noMatches]]",
                      "NoResultsText" : "[[noResults]]",
                      "ParentIDFieldName" : "parentId",
                      "PreserveRowExpansion" : false,
                      "PreventRowWrapInNav" : false,
                      "PrimaryColumnFixedSize" : false,
                      "ReorderColumns" : false,
                      "ResetButtonText" : "[[reset]]",
                      "ResizeColumns" : true,
                      "ResponsiveLayout" : true,
                      "RowAddButton" : false,
                      "RowDeleteButton" : false,
                      "RowEditFormTitle" : "[[EditRecord]]",
                      "RowFormat_StateParameters" : [ ],
                      "RowSelection" : "list",
                      "RowsVerticalAlignment" : "top",
                      "SaveEditButtonText" : "[[save]]",
                      "SecondsLabel" : "[[seconds]]",
                      "SelectFocusedItem" : false,
                      "SelectLabel" : "[[select]]",
                      "SelectParentOnly" : false,
                      "SelectedItemText" : "[[rowSelected]]",
                      "SelectedItemsText" : "[[rowsSelected]]",
                      "SelectedRows" : "",
                      "SelectedRowsChangedCallback" : true,
                      "ShowColumnFeature" : true,
                      "ShowDataLoading" : true,
                      "ShowFilter" : false,
                      "ShowFooter" : false,
                      "ShowHeaderRowInFooter" : false,
                      "ShowResetButton" : false,
                      "ShowRowNumbers" : false,
                      "ShowValidationCriteria" : false,
                      "ShowValidationFailure" : false,
                      "ShowValidationSuccess" : false,
                      "SingleLineHeader" : true,
                      "SingleLineRows" : true,
                      "SortSelectionColumn" : false,
                      "TabSequence" : 0,
                      "Top" : 10,
                      "TriggerEventOnConfigChange" : true,
                      "Type" : "ptcsgrid",
                      "UpdateButtonText" : "[[update]]",
                      "UseTheme" : true,
                      "Visible" : true,
                      "WasMigrated" : true,
                      "Width" : 500,
                      "YearLabel" : "[[years]]",
                      "Z-index" : 10,
                      "__TypeDisplayName" : "Grid Advanced"
                    },
                    "Widgets" : [ ]
                  } ]
                } ]
              },
              "mashupType" : "mashup"
            }
            ]]>
            </mashupContent>
            <preview></preview>
        </Mashup>
    </Mashups>
</Entities>
