<?xml version="1.0" encoding="UTF-8" standalone="no"?>
<Entities build="b97" majorVersion="8" minorVersion="4" modelPersistenceProviderPackage="MssqlPersistenceProviderPackage" revision="11" schemaVersion="1044" universal="">
	<Mashups>
		<Mashup aspect.isResponsive="true" aspect.mashupType="mashup" columns="0.0" description="" documentationContent="" homeMashup="" lastModifiedDate="2021-02-12T12:55:15.365+01:00" name="KBLocalSmartKPIProductiveTimeLossesFrameV2Mashup" projectName="KBsmartKPI" rows="0.0" tags="KBThingWorxInstallationVocabulary:ExtensionSmartKPI">
			<Owner name="adm-konasm" type="User"/>
			<avatar/>
			<DesignTimePermissions>
				<Create/>
				<Read/>
				<Update/>
				<Delete/>
				<Metadata/>
			</DesignTimePermissions>
			<RunTimePermissions>
				<Permissions resourceName="*">
					<PropertyRead>
						<Principal isPermitted="true" name="KBUserGroup" type="Group"/>
					</PropertyRead>
					<PropertyWrite/>
					<ServiceInvoke>
						<Principal isPermitted="true" name="KBUserGroup" type="Group"/>
					</ServiceInvoke>
					<EventInvoke/>
					<EventSubscribe/>
				</Permissions>
			</RunTimePermissions>
			<VisibilityPermissions>
				<Visibility>
					<Principal isPermitted="true" name="KBOrganization" type="Organization"/>
				</Visibility>
			</VisibilityPermissions>
			<ConfigurationTableDefinitions/>
			<ConfigurationTables/>
			<ParameterDefinitions/>
			<Things>
				<Thing>KBSmartKPIHelperThing</Thing>
			</Things>
			<ThingShapes/>
			<ThingTemplates/>
			<mashupContent>
				<![CDATA[{
  "CustomMashupCss" : "",
  "Data" : {
    "Session" : {
      "DataName" : "Session",
      "EntityName" : "",
      "EntityType" : "Session",
      "Id" : "session",
      "Services" : [ {
        "APIMethod" : "post",
        "Characteristic" : "Services",
        "Id" : "SessionInterface",
        "Name" : "GetGlobalSessionValues",
        "Parameters" : { },
        "RefreshInterval" : 0,
        "Target" : "GetGlobalSessionValues"
      } ]
    },
    "Things_KBSmartKPIHelperThing" : {
      "DataName" : "Things_KBSmartKPIHelperThing",
      "EntityName" : "KBSmartKPIHelperThing",
      "EntityType" : "Things",
      "Id" : "9aaf682c-5484-4126-9811-f3b93b1bd8d2",
      "Services" : [ {
        "APIMethod" : "post",
        "Characteristic" : "Services",
        "Id" : "fcc85311-ff2e-4531-bbac-b2973d96096a",
        "Name" : "GetStationsForTimeLossVisualization",
        "Parameters" : { },
        "RefreshInterval" : 0,
        "Target" : "GetStationsForTimeLossVisualization"
      } ]
    },
    "UserExtensions" : {
      "DataName" : "UserExtensions",
      "EntityName" : "",
      "EntityType" : "UserExtensions",
      "Id" : "UserExtensions",
      "Services" : [ {
        "APIMethod" : "post",
        "Characteristic" : "Services",
        "Id" : "UserExtensionInterface",
        "Name" : "GetCurrentUserExtensionProperties",
        "Parameters" : { },
        "RefreshInterval" : 0,
        "Target" : "GetCurrentUserExtensionProperties"
      } ]
    }
  },
  "DataBindings" : [ {
    "Id" : "c9d4850c-a8b0-400d-b14b-b61382f5564a",
    "PropertyMaps" : [ {
      "SourceProperty" : "",
      "SourcePropertyBaseType" : "INFOTABLE",
      "SourcePropertyType" : "InfoTable",
      "TargetProperty" : "Data",
      "TargetPropertyBaseType" : "INFOTABLE",
      "TargetPropertyType" : "property"
    } ],
    "SourceArea" : "Data",
    "SourceDetails" : "AllData",
    "SourceId" : "GetStationsForTimeLossVisualization",
    "SourceSection" : "Things_KBSmartKPIHelperThing",
    "TargetArea" : "UI",
    "TargetId" : "dhxlist-4",
    "TargetSection" : ""
  }, {
    "Id" : "be8aaa1e-439c-4df8-bece-db9987a53d36",
    "PropertyMaps" : [ {
      "SourceProperty" : "DBKpiName",
      "SourcePropertyBaseType" : "STRING",
      "SourcePropertyType" : "Field",
      "TargetProperty" : "Machine",
      "TargetPropertyBaseType" : "STRING",
      "TargetPropertyType" : "property"
    } ],
    "SourceArea" : "Data",
    "SourceDetails" : "SelectedRows",
    "SourceId" : "GetStationsForTimeLossVisualization",
    "SourceSection" : "Things_KBSmartKPIHelperThing",
    "TargetArea" : "UI",
    "TargetId" : "mashupcontainer-5",
    "TargetSection" : ""
  }, {
    "Id" : "0d18a914-2775-46b1-b9c9-5e1a76b188b4",
    "PropertyMaps" : [ {
      "SourceProperty" : "DisplayName",
      "SourcePropertyBaseType" : "STRING",
      "SourcePropertyType" : "Field",
      "TargetProperty" : "MachineName",
      "TargetPropertyBaseType" : "STRING",
      "TargetPropertyType" : "property"
    } ],
    "SourceArea" : "Data",
    "SourceDetails" : "SelectedRows",
    "SourceId" : "GetStationsForTimeLossVisualization",
    "SourceSection" : "Things_KBSmartKPIHelperThing",
    "TargetArea" : "UI",
    "TargetId" : "mashupcontainer-5",
    "TargetSection" : ""
  }, {
    "Id" : "46ab9416-89c1-4f1f-aa81-13f762dda459",
    "PropertyMaps" : [ {
      "SourceProperty" : "ThingName",
      "SourcePropertyBaseType" : "STRING",
      "SourcePropertyType" : "Field",
      "TargetProperty" : "Station",
      "TargetPropertyBaseType" : "STRING",
      "TargetPropertyType" : "property"
    } ],
    "SourceArea" : "Data",
    "SourceDetails" : "SelectedRows",
    "SourceId" : "GetStationsForTimeLossVisualization",
    "SourceSection" : "Things_KBSmartKPIHelperThing",
    "TargetArea" : "UI",
    "TargetId" : "mashupcontainer-5",
    "TargetSection" : ""
  } ],
  "DesignTimePermissions" : {
    "Create" : [ ],
    "Delete" : [ ],
    "Metadata" : [ ],
    "Read" : [ ],
    "Update" : [ ]
  },
  "Events" : [ {
    "EventHandlerArea" : "Data",
    "EventHandlerId" : "Things_KBSmartKPIHelperThing",
    "EventHandlerService" : "GetStationsForTimeLossVisualization",
    "EventTriggerArea" : "Mashup",
    "EventTriggerEvent" : "Loaded",
    "EventTriggerId" : "mashup-root",
    "EventTriggerSection" : "",
    "Id" : "1f23a792-0ae9-4d86-8e51-5f118cff1514"
  }, {
    "EventHandlerArea" : "UI",
    "EventHandlerId" : "mashupcontainer-5",
    "EventHandlerService" : "Refresh",
    "EventTriggerArea" : "Data",
    "EventTriggerEvent" : "SelectedRowsChanged",
    "EventTriggerId" : "GetStationsForTimeLossVisualization",
    "EventTriggerSection" : "Things_KBSmartKPIHelperThing",
    "Id" : "89d2ce24-21ba-4f11-97c7-9e5f59e10351"
  } ],
  "RunTimePermissions" : {
    "permissions" : [ {
      "EventInvoke" : [ ],
      "EventSubscribe" : [ ],
      "PropertyRead" : [ {
        "isPermitted" : true,
        "name" : "KBUserGroup",
        "type" : "Group"
      } ],
      "PropertyWrite" : [ ],
      "ServiceInvoke" : [ {
        "isPermitted" : true,
        "name" : "KBUserGroup",
        "type" : "Group"
      } ],
      "resourceName" : "*"
    } ]
  },
  "UI" : {
    "Properties" : {
      "AddToDashboardButton" : "SimplePlus",
      "AddToDashboardButtonStyle" : "DefaultAddToDashboardButtonStyle",
      "Area" : "Mashup",
      "BGImage" : "",
      "BGImageRepeat" : "no-repeat",
      "BGImageSize" : "auto",
      "Columns" : 0,
      "ConfigureGadgetButton" : "SimpleGear",
      "ConfigureGadgetButtonStyle" : "DefaultConfigureGadgetButtonStyle",
      "DisplayName" : "Mashup",
      "EnableParameterEditing" : false,
      "Height" : 618,
      "Id" : "mashup-root",
      "IgnoreWarningsInViewMashup" : false,
      "IsPrintLayout" : false,
      "Left" : 0,
      "MashupToEditGadget" : "DefaultMashupToEditGadget",
      "Master" : "KBSmartProductionMaster1Mashup",
      "MinHeight" : 0,
      "MinWidth" : 0,
      "ResponsiveLayout" : true,
      "Rows" : 0,
      "ShowDataLoading" : true,
      "Style" : "DefaultMashupStyle",
      "StyleTheme" : "Base Theme",
      "Title" : "",
      "TitleBar" : false,
      "TitleBarStyle" : "DefaultTitleBarStyle",
      "TitleBarText" : "Gadget Title Here",
      "Top" : 0,
      "Type" : "mashup",
      "UseTheme" : false,
      "UseThemeForHybrids" : false,
      "Visible" : true,
      "Width" : 1024,
      "Z-index" : 10,
      "__TypeDisplayName" : "Mashup",
      "id_index" : 6,
      "supportsAutoResize" : true
    },
    "Widgets" : [ {
      "Properties" : {
        "Area" : "UI",
        "Columns" : 1,
        "DisplayName" : "layout-1",
        "Footer" : false,
        "FooterHeight" : 0,
        "Header" : true,
        "HeaderHeight" : 50,
        "Id" : "layout-1",
        "IncludeSpacingInFixedAreas" : false,
        "IsPrintLayout" : false,
        "Left" : 380,
        "LeftSidebar" : true,
        "LeftSidebarWidth" : 100,
        "Orientation" : "vertical",
        "PctColumn1" : 100,
        "PctColumn2" : 0,
        "PctColumn3" : 1,
        "PctColumn4" : 1,
        "PctColumn5" : 1,
        "PctColumn6" : 1,
        "PctColumn7" : 1,
        "PctColumn8" : 1,
        "PctRow1" : 100,
        "PctRow2" : 50,
        "PctRow3" : 0,
        "PctRow4" : 0,
        "PctRow5" : 0,
        "PctRow6" : 0,
        "PctRow7" : 0,
        "PctRow8" : 0,
        "PrintMarginLeftRight" : 0.5,
        "PrintMarginTopBottom" : 0.5,
        "PrintWidth" : 650,
        "ResponsiveLayout" : true,
        "RightSidebar" : false,
        "RightSidebarWidth" : 0,
        "Rows" : 1,
        "ShowDataLoading" : true,
        "Spacing" : 2,
        "Top" : 95,
        "Type" : "layout",
        "Visible" : true,
        "Z-index" : 10,
        "__TypeDisplayName" : "Layout"
      },
      "Widgets" : [ {
        "Properties" : {
          "AnimateExpandCollapse" : true,
          "Area" : "UI",
          "BGImageRepeat" : "no-repeat",
          "BGImageSize" : "auto",
          "DisplayName" : "Left Sidebar",
          "ExpandCollapseTabLocation" : "outside",
          "Expanded" : true,
          "Id" : "container-2",
          "MinHeight" : 0,
          "MinWidth" : 0,
          "Overlay" : false,
          "OverlayIsTransparent" : false,
          "ResponsiveLayout" : true,
          "ShowDataLoading" : true,
          "ShowExpandCollapseTab" : false,
          "Style" : "DefaultContainerStyle",
          "TabCollapseStyle" : "DefaultTabCollapseStyle",
          "TabExpandStyle" : "DefaultTabExpandStyle",
          "TabHeight" : 36,
          "TabLocation" : "center",
          "TabOffset" : 0,
          "TabWidth" : 36,
          "Type" : "container",
          "Visible" : true,
          "Z-index" : 10,
          "__TypeDisplayName" : "Container",
          "userCannotRemove" : true
        },
        "Widgets" : [ {
          "Properties" : {
            "Area" : "UI",
            "ContainerClass" : "",
            "DisplayName" : "panel-6",
            "Height" : 200,
            "HideScrollbars" : false,
            "HorizontalAnchor" : "left",
            "Id" : "panel-6",
            "Left" : 305,
            "ResponsiveLayout" : true,
            "ShowDataLoading" : true,
            "Style" : "DefaultPanelStyle",
            "Top" : 35,
            "Type" : "panel",
            "VerticalAnchor" : "top",
            "Visible" : true,
            "Width" : 300,
            "Z-index" : 10,
            "__TypeDisplayName" : "Panel"
          },
          "Widgets" : [ {
            "Properties" : {
              "Alignment" : "left",
              "Area" : "UI",
              "AutoSelectFirstRow" : true,
              "ClearIfNoSelection" : false,
              "ComboDropdownButtonStyle" : "DefaultComboDropdownButtonStyle",
              "ComboEnableCheckbox" : false,
              "ComboItemHighlightedStyle" : "DefaultComboItemHighlightedStyle",
              "ComboTextboxStyle" : "DefaultComboTextboxStyle",
              "DisableSelectedStyle" : false,
              "DisplayField" : "DisplayName",
              "DisplayName" : "dhxlist-4",
              "DropdownButtonStyle" : "DefaultDropdownButtonStyle",
              "DropdownSelectedStyle" : "DefaultDropdownSelectedStyle",
              "DropdownStyle" : "DefaultDropdownStyle",
              "EnableKeyboardSelections" : true,
              "EnableToolTips" : true,
              "Height" : 28,
              "HeightOfDropdownView" : 170,
              "Id" : "dhxlist-4",
              "Label" : "",
              "LabelAlignment" : "left",
              "Left" : 10,
              "ListBackgroundStyle" : "DefaultListBackgroundStyle",
              "ListFocusStyle" : "DefaultFocusStyle",
              "ListItemAlternateStyle" : "DefaultListItemAlternateStyle",
              "ListItemHoverStyle" : "DefaultListItemHoverStyle",
              "ListItemSelectedStyle" : "DefaultListItemSelectedStyle",
              "ListItemStyle" : "DefaultListItemStyle",
              "ListLabelStyle" : "DefaultWidgetLabelStyle",
              "MultiSelect" : false,
              "NumberOfItemsInDropdownView" : 6,
              "NumberOfItemsPerPage" : 500,
              "ResponsiveLayout" : false,
              "RowHeight" : 28,
              "ShowDataLoading" : true,
              "SingleClickSelectOnTablets" : false,
              "TabSequence" : 0,
              "TextIfNoSelectionType" : "editable",
              "TextVerticalAlignment" : 28,
              "ToolTipStyle" : "DefaultTooltipStyle",
              "Top" : 5,
              "Type" : "dhxlist",
              "ValueField" : "ThingName",
              "View" : "dropdown",
              "Visible" : true,
              "Width" : 500,
              "WidthOfDropdownView" : 500,
              "Z-index" : 10,
              "__TypeDisplayName" : "List",
              "__supportsLabel" : true,
              "__supportsTooltip" : true
            },
            "Widgets" : [ ]
          } ]
        } ]
      }, {
        "Properties" : {
          "AnimateExpandCollapse" : true,
          "Area" : "UI",
          "BGImageRepeat" : "no-repeat",
          "BGImageSize" : "auto",
          "DisplayName" : "Column 1",
          "ExpandCollapseTabLocation" : "outside",
          "Expanded" : true,
          "Id" : "container-3",
          "MinHeight" : 0,
          "MinWidth" : 0,
          "Overlay" : false,
          "OverlayIsTransparent" : false,
          "ResponsiveLayout" : true,
          "ShowDataLoading" : true,
          "ShowExpandCollapseTab" : false,
          "Style" : "DefaultContainerStyle",
          "TabCollapseStyle" : "DefaultTabCollapseStyle",
          "TabExpandStyle" : "DefaultTabExpandStyle",
          "TabHeight" : 36,
          "TabLocation" : "center",
          "TabOffset" : 0,
          "TabWidth" : 36,
          "Type" : "container",
          "Visible" : true,
          "Z-index" : 10,
          "__TypeDisplayName" : "Container",
          "userCannotRemove" : true
        },
        "Widgets" : [ {
          "Properties" : {
            "Area" : "UI",
            "DisplayName" : "mashupcontainer-5",
            "Height" : 300,
            "Id" : "mashupcontainer-5",
            "Left" : 285,
            "Machine" : "-nothing-",
            "MachineName" : "",
            "MashupParameters" : [ {
              "BaseType" : "STRING",
              "Description" : "",
              "ParameterName" : "Station",
              "ParmDef" : {
                "aspects" : {
                  "ordinal" : "2"
                },
                "baseType" : "STRING",
                "description" : "",
                "name" : "Station",
                "ordinal" : 0
              }
            }, {
              "BaseType" : "STRING",
              "DefaultValue" : "",
              "Description" : "",
              "ParameterName" : "MachineName",
              "ParmDef" : {
                "aspects" : {
                  "ordinal" : "1"
                },
                "baseType" : "STRING",
                "description" : "",
                "name" : "MachineName",
                "ordinal" : 0
              }
            }, {
              "BaseType" : "STRING",
              "DefaultValue" : "-nothing-",
              "Description" : "",
              "ParameterName" : "Machine",
              "ParmDef" : {
                "aspects" : {
                  "ordinal" : "0"
                },
                "baseType" : "STRING",
                "description" : "",
                "name" : "Machine",
                "ordinal" : 0
              }
            } ],
            "Name" : "KBLocalSmartKPIProductiveTimeLossesV2Mashup",
            "ResponsiveLayout" : true,
            "ShowDataLoading" : true,
            "TabSequenceGroup" : 0,
            "Top" : 90,
            "Type" : "mashupcontainer",
            "Visible" : true,
            "Width" : 400,
            "Z-index" : 10,
            "__TypeDisplayName" : "Contained Mashup"
          },
          "Widgets" : [ ]
        } ]
      } ]
    } ]
  },
  "mashupType" : "mashup"
}]]>
			</mashupContent>
			<preview/>
			<ConfigurationChanges>
				<ConfigurationChange changeAction="CREATE" changeReason="header : name : updated&#10;" timestamp="2021-02-12T11:27:31.122+01:00" user="adm-konasm"/>
				<ConfigurationChange changeAction="MODIFY" changeReason="Mashup : design : updated&#10;" timestamp="2021-02-12T11:31:15.710+01:00" user="adm-konasm"/>
				<ConfigurationChange changeAction="CREATE" changeReason="" timestamp="2021-02-12T12:55:15.365+01:00" user="adm-konasm"/>
			</ConfigurationChanges>
		</Mashup>
	</Mashups>
</Entities>