<?xml version="1.0" encoding="UTF-8"?>
<Entities
 majorVersion="9"
 minorVersion="3"
 universal="password">
    <Mashups>
        <Mashup
         aspect.isFlex="true"
         aspect.isResponsive="true"
         aspect.mashupType="mashup"
         columns="0.0"
         description=""
         documentationContent=""
         homeMashup=""
         name="KBLocalSmartKPIRailOEEMachineLevelMashup"
         projectName="KBsmartKPI"
         rows="0.0"
         tags="KBThingWorxInstallationVocabulary:01_smartKPI_Truck">
            <avatar></avatar>
            <DesignTimePermissions>
                <Create></Create>
                <Read>
                    <Principal
                     isPermitted="true"
                     name="KBMesKitHelperUser"
                     type="User"></Principal>
                </Read>
                <Update></Update>
                <Delete></Delete>
                <Metadata></Metadata>
            </DesignTimePermissions>
            <RunTimePermissions>
                <Permissions
                 resourceName="*">
                    <PropertyRead>
                        <Principal
                         isPermitted="true"
                         name="KBMesKitHelperUser"
                         type="User"></Principal>
                        <Principal
                         isPermitted="true"
                         name="KBUserGroup"
                         type="Group"></Principal>
                    </PropertyRead>
                    <PropertyWrite></PropertyWrite>
                    <ServiceInvoke>
                        <Principal
                         isPermitted="true"
                         name="KBMesKitHelperUser"
                         type="User"></Principal>
                        <Principal
                         isPermitted="true"
                         name="KBUserGroup"
                         type="Group"></Principal>
                    </ServiceInvoke>
                    <EventInvoke></EventInvoke>
                    <EventSubscribe></EventSubscribe>
                </Permissions>
            </RunTimePermissions>
            <VisibilityPermissions>
                <Visibility>
                    <Principal
                     isPermitted="true"
                     name="KBBackGroundWorker"
                     type="Organization"></Principal>
                    <Principal
                     isPermitted="true"
                     name="KBOrganization"
                     type="Organization"></Principal>
                </Visibility>
            </VisibilityPermissions>
            <ConfigurationTableDefinitions></ConfigurationTableDefinitions>
            <ConfigurationTables>
                <ConfigurationTable
                 dataShapeName=""
                 description="Mashup Mobile Settings"
                 isHidden="true"
                 isMultiRow="false"
                 name="MobileSettings"
                 ordinal="0">
                    <DataShape>
                        <FieldDefinitions>
                            <FieldDefinition
                             aspect.defaultValue="false"
                             aspect.friendlyName="Disable Zoom"
                             baseType="BOOLEAN"
                             description="Disables zooming in and out within the mashup"
                             name="disableZoom"
                             ordinal="0"></FieldDefinition>
                            <FieldDefinition
                             aspect.defaultValue="true"
                             aspect.friendlyName="Full Screen Mode"
                             baseType="BOOLEAN"
                             description="Open the mashup in full screen mode"
                             name="fullScreenMode"
                             ordinal="0"></FieldDefinition>
                            <FieldDefinition
                             aspect.friendlyName="Height"
                             baseType="STRING"
                             description="The height of the mashup page"
                             name="height"
                             ordinal="0"></FieldDefinition>
                            <FieldDefinition
                             aspect.defaultValue="device-height"
                             aspect.friendlyName="Height Type"
                             baseType="STRING"
                             description="Use the height of the device display, or a custom height (in px)"
                             name="heightType"
                             ordinal="0"></FieldDefinition>
                            <FieldDefinition
                             aspect.defaultValue="1.0"
                             aspect.friendlyName="Initial Scale"
                             baseType="NUMBER"
                             description="The initial zoom scale when the mashup is loaded for the first time"
                             name="initialScale"
                             ordinal="0"></FieldDefinition>
                            <FieldDefinition
                             aspect.friendlyName="Shortcut Icon Title"
                             baseType="STRING"
                             description="A title for the mashup shortcut on the iOS home screen"
                             name="iosShortcutIconTitle"
                             ordinal="0"></FieldDefinition>
                            <FieldDefinition
                             aspect.defaultValue="black-translucent"
                             aspect.friendlyName="Status Bar Appearance"
                             baseType="STRING"
                             description="The style of the iOS status bar"
                             name="iosStatusBarAppearance"
                             ordinal="0"></FieldDefinition>
                            <FieldDefinition
                             aspect.defaultValue="10.0"
                             aspect.friendlyName="Maximum Scale"
                             baseType="NUMBER"
                             description="The maximum scale that users can zoom out to"
                             name="maximumScale"
                             ordinal="0"></FieldDefinition>
                            <FieldDefinition
                             aspect.defaultValue="0.1"
                             aspect.friendlyName="Minimum Scale"
                             baseType="NUMBER"
                             description="The minimum scale that users can zoom out to"
                             name="minimumScale"
                             ordinal="0"></FieldDefinition>
                            <FieldDefinition
                             aspect.friendlyName="Width"
                             baseType="STRING"
                             description="The width of the mashup page"
                             name="width"
                             ordinal="0"></FieldDefinition>
                            <FieldDefinition
                             aspect.defaultValue="device-width"
                             aspect.friendlyName="Width Type"
                             baseType="STRING"
                             description="Use the width of the device display, or a custom width (in px)"
                             name="widthType"
                             ordinal="0"></FieldDefinition>
                        </FieldDefinitions>
                    </DataShape>
                    <Rows>
                        <Row>
                            <disableZoom>false</disableZoom>
                            <fullScreenMode>true</fullScreenMode>
                            <height></height>
                            <heightType>
                            <![CDATA[
                            device-height
                            ]]>
                            </heightType>
                            <initialScale>1.0</initialScale>
                            <iosShortcutIconTitle></iosShortcutIconTitle>
                            <iosStatusBarAppearance>
                            <![CDATA[
                            black-translucent
                            ]]>
                            </iosStatusBarAppearance>
                            <maximumScale>10.0</maximumScale>
                            <minimumScale>0.1</minimumScale>
                            <width></width>
                            <widthType>
                            <![CDATA[
                            device-width
                            ]]>
                            </widthType>
                        </Row>
                    </Rows>
                </ConfigurationTable>
            </ConfigurationTables>
            <ParameterDefinitions>
                <FieldDefinition
                 baseType="STRING"
                 description=""
                 name="MachineThingName"
                 ordinal="0"></FieldDefinition>
            </ParameterDefinitions>
            <Things></Things>
            <ThingShapes></ThingShapes>
            <ThingTemplates></ThingTemplates>
            <mashupContent>
            <![CDATA[
            {
              "CustomMashupCss" : "",
              "Data" : {
                "Session" : {
                  "DataName" : "Session",
                  "EntityName" : "",
                  "EntityType" : "Session",
                  "Id" : "session",
                  "Services" : [ {
                    "APIMethod" : "post",
                    "Characteristic" : "Services",
                    "Id" : "SessionInterface",
                    "Name" : "GetGlobalSessionValues",
                    "Parameters" : { },
                    "RefreshInterval" : 0,
                    "Target" : "GetGlobalSessionValues"
                  } ]
                },
                "Things_KBSmartKPIHelperThing" : {
                  "DataName" : "Things_KBSmartKPIHelperThing",
                  "EntityName" : "KBSmartKPIHelperThing",
                  "EntityType" : "Things",
                  "Id" : "8bd6b11d-722e-465c-a7a1-f81cb6f049bc",
                  "Services" : [ {
                    "APIMethod" : "post",
                    "Characteristic" : "Services",
                    "Id" : "d6337846-3298-4107-8d8b-40e05f7ea484",
                    "Name" : "GetRailGlobalKpiCalculationBaseForMenue",
                    "Parameters" : { },
                    "RefreshInterval" : 0,
                    "Target" : "GetRailGlobalKpiCalculationBaseForMenue"
                  } ]
                },
                "UserExtensions" : {
                  "DataName" : "UserExtensions",
                  "EntityName" : "",
                  "EntityType" : "UserExtensions",
                  "Id" : "UserExtensions",
                  "Services" : [ {
                    "APIMethod" : "post",
                    "Characteristic" : "Services",
                    "Id" : "UserExtensionInterface",
                    "Name" : "GetCurrentUserExtensionProperties",
                    "Parameters" : { },
                    "RefreshInterval" : 0,
                    "Target" : "GetCurrentUserExtensionProperties"
                  } ]
                }
              },
              "DataBindings" : [ {
                "Id" : "2798587d-004d-4dbd-9b64-4fd0bff493d3",
                "PropertyMaps" : [ {
                  "SourceProperty" : "",
                  "SourcePropertyBaseType" : "INFOTABLE",
                  "SourcePropertyType" : "InfoTable",
                  "TargetProperty" : "Data",
                  "TargetPropertyBaseType" : "INFOTABLE",
                  "TargetPropertyType" : "property"
                } ],
                "SourceArea" : "Data",
                "SourceDetails" : "AllData",
                "SourceId" : "GetRailGlobalKpiCalculationBaseForMenue",
                "SourceSection" : "Things_KBSmartKPIHelperThing",
                "TargetArea" : "UI",
                "TargetId" : "ptcsdropdown-178",
                "TargetSection" : ""
              }, {
                "Id" : "d05ec941-fbc3-4008-9727-d6620065af4b",
                "PropertyMaps" : [ {
                  "SourceProperty" : "DisplayName",
                  "SourcePropertyBaseType" : "STRING",
                  "SourcePropertyType" : "Field",
                  "TargetProperty" : "CalculationBase",
                  "TargetPropertyBaseType" : "STRING",
                  "TargetPropertyType" : "property"
                } ],
                "SourceArea" : "Data",
                "SourceDetails" : "SelectedRows",
                "SourceId" : "GetRailGlobalKpiCalculationBaseForMenue",
                "SourceSection" : "Things_KBSmartKPIHelperThing",
                "TargetArea" : "UI",
                "TargetId" : "clickablecontainermashup-180",
                "TargetSection" : ""
              }, {
                "Id" : "5c23a88a-33c7-4cdc-adaf-0c75affaf699",
                "PropertyMaps" : [ {
                  "SourceProperty" : "DisplayName",
                  "SourcePropertyBaseType" : "STRING",
                  "SourcePropertyType" : "Field",
                  "TargetProperty" : "CalculationBase",
                  "TargetPropertyBaseType" : "STRING",
                  "TargetPropertyType" : "property"
                } ],
                "SourceArea" : "Data",
                "SourceDetails" : "SelectedRows",
                "SourceId" : "GetRailGlobalKpiCalculationBaseForMenue",
                "SourceSection" : "Things_KBSmartKPIHelperThing",
                "TargetArea" : "UI",
                "TargetId" : "clickablecontainermashup-182",
                "TargetSection" : ""
              }, {
                "Id" : "a6db978c-4bf2-49a6-ae24-42dbe3114d62",
                "PropertyMaps" : [ {
                  "SourceProperty" : "StartDateTime",
                  "SourcePropertyBaseType" : "DATETIME",
                  "SourcePropertyType" : "Property",
                  "TargetProperty" : "StartTime",
                  "TargetPropertyBaseType" : "DATETIME",
                  "TargetPropertyType" : "property"
                } ],
                "SourceArea" : "UI",
                "SourceId" : "timeselector-179",
                "SourceSection" : "",
                "TargetArea" : "UI",
                "TargetId" : "clickablecontainermashup-188",
                "TargetSection" : ""
              }, {
                "Id" : "d7b85297-ad63-4c8d-a928-0d612f433692",
                "PropertyMaps" : [ {
                  "SourceProperty" : "EndDateTime",
                  "SourcePropertyBaseType" : "DATETIME",
                  "SourcePropertyType" : "Property",
                  "TargetProperty" : "EndTime",
                  "TargetPropertyBaseType" : "DATETIME",
                  "TargetPropertyType" : "property"
                } ],
                "SourceArea" : "UI",
                "SourceId" : "timeselector-179",
                "SourceSection" : "",
                "TargetArea" : "UI",
                "TargetId" : "clickablecontainermashup-188",
                "TargetSection" : ""
              }, {
                "Id" : "f5ebe441-35b4-4e9f-8484-3eb05846a09c",
                "PropertyMaps" : [ {
                  "SourceProperty" : "DisplayName",
                  "SourcePropertyBaseType" : "STRING",
                  "SourcePropertyType" : "Field",
                  "TargetProperty" : "CalculationBase",
                  "TargetPropertyBaseType" : "STRING",
                  "TargetPropertyType" : "property"
                } ],
                "SourceArea" : "Data",
                "SourceDetails" : "SelectedRows",
                "SourceId" : "GetRailGlobalKpiCalculationBaseForMenue",
                "SourceSection" : "Things_KBSmartKPIHelperThing",
                "TargetArea" : "UI",
                "TargetId" : "clickablecontainermashup-188",
                "TargetSection" : ""
              }, {
                "Id" : "b6024b01-e2df-489c-8e0e-3f7f6762098f",
                "PropertyMaps" : [ {
                  "SourceProperty" : "MachineThingName",
                  "SourcePropertyBaseType" : "STRING",
                  "SourcePropertyType" : "Property",
                  "TargetProperty" : "MachineThingName",
                  "TargetPropertyBaseType" : "STRING",
                  "TargetPropertyType" : "property"
                } ],
                "SourceArea" : "Mashup",
                "SourceId" : "mashup-root",
                "SourceSection" : "",
                "TargetArea" : "UI",
                "TargetId" : "clickablecontainermashup-180",
                "TargetSection" : ""
              }, {
                "Id" : "4b005b4f-e894-4eff-beb5-2d0b9499537d",
                "PropertyMaps" : [ {
                  "SourceProperty" : "MachineThingName",
                  "SourcePropertyBaseType" : "STRING",
                  "SourcePropertyType" : "Property",
                  "TargetProperty" : "MachineThingName",
                  "TargetPropertyBaseType" : "STRING",
                  "TargetPropertyType" : "property"
                } ],
                "SourceArea" : "Mashup",
                "SourceId" : "mashup-root",
                "SourceSection" : "",
                "TargetArea" : "UI",
                "TargetId" : "clickablecontainermashup-182",
                "TargetSection" : ""
              }, {
                "Id" : "a7de7539-35c7-429f-a8d8-9dd711c87d14",
                "PropertyMaps" : [ {
                  "SourceProperty" : "MachineThingName",
                  "SourcePropertyBaseType" : "STRING",
                  "SourcePropertyType" : "Property",
                  "TargetProperty" : "MachineThingName",
                  "TargetPropertyBaseType" : "STRING",
                  "TargetPropertyType" : "property"
                } ],
                "SourceArea" : "Mashup",
                "SourceId" : "mashup-root",
                "SourceSection" : "",
                "TargetArea" : "UI",
                "TargetId" : "clickablecontainermashup-188",
                "TargetSection" : ""
              }, {
                "Id" : "5dd986d3-64ae-4ca4-ae7c-6b91d4f2cc84",
                "PropertyMaps" : [ {
                  "SourceProperty" : "DisplayName",
                  "SourcePropertyBaseType" : "STRING",
                  "SourcePropertyType" : "Field",
                  "TargetProperty" : "CalculationBase",
                  "TargetPropertyBaseType" : "STRING",
                  "TargetPropertyType" : "property"
                } ],
                "SourceArea" : "Data",
                "SourceDetails" : "SelectedRows",
                "SourceId" : "GetRailGlobalKpiCalculationBaseForMenue",
                "SourceSection" : "Things_KBSmartKPIHelperThing",
                "TargetArea" : "UI",
                "TargetId" : "clickablecontainermashup-191",
                "TargetSection" : ""
              }, {
                "Id" : "b459248d-af80-42fb-8acf-7582ddabd0e6",
                "PropertyMaps" : [ {
                  "SourceProperty" : "MachineThingName",
                  "SourcePropertyBaseType" : "STRING",
                  "SourcePropertyType" : "Property",
                  "TargetProperty" : "MachineThingName",
                  "TargetPropertyBaseType" : "STRING",
                  "TargetPropertyType" : "property"
                } ],
                "SourceArea" : "Mashup",
                "SourceId" : "mashup-root",
                "SourceSection" : "",
                "TargetArea" : "UI",
                "TargetId" : "clickablecontainermashup-191",
                "TargetSection" : ""
              }, {
                "Id" : "52530cc7-db0a-40fc-979d-b3cca63d9c3b",
                "PropertyMaps" : [ {
                  "SourceProperty" : "StartDateTime",
                  "SourcePropertyBaseType" : "DATETIME",
                  "SourcePropertyType" : "Property",
                  "TargetProperty" : "StartTime",
                  "TargetPropertyBaseType" : "DATETIME",
                  "TargetPropertyType" : "property"
                } ],
                "SourceArea" : "UI",
                "SourceId" : "timeselector-179",
                "SourceSection" : "",
                "TargetArea" : "UI",
                "TargetId" : "clickablecontainermashup-180",
                "TargetSection" : ""
              }, {
                "Id" : "1858e6ed-d4d9-4888-865a-21f5b9775afe",
                "PropertyMaps" : [ {
                  "SourceProperty" : "EndDateTime",
                  "SourcePropertyBaseType" : "DATETIME",
                  "SourcePropertyType" : "Property",
                  "TargetProperty" : "EndTime",
                  "TargetPropertyBaseType" : "DATETIME",
                  "TargetPropertyType" : "property"
                } ],
                "SourceArea" : "UI",
                "SourceId" : "timeselector-179",
                "SourceSection" : "",
                "TargetArea" : "UI",
                "TargetId" : "clickablecontainermashup-180",
                "TargetSection" : ""
              }, {
                "Id" : "31ff4c06-203c-4c1d-b91e-c541375d7c2c",
                "PropertyMaps" : [ {
                  "SourceProperty" : "StartDateTime",
                  "SourcePropertyBaseType" : "DATETIME",
                  "SourcePropertyType" : "Property",
                  "TargetProperty" : "StartTime",
                  "TargetPropertyBaseType" : "DATETIME",
                  "TargetPropertyType" : "property"
                } ],
                "SourceArea" : "UI",
                "SourceId" : "timeselector-179",
                "SourceSection" : "",
                "TargetArea" : "UI",
                "TargetId" : "clickablecontainermashup-182",
                "TargetSection" : ""
              }, {
                "Id" : "6ef3b7f2-418e-4469-8a16-683fed5e0514",
                "PropertyMaps" : [ {
                  "SourceProperty" : "EndDateTime",
                  "SourcePropertyBaseType" : "DATETIME",
                  "SourcePropertyType" : "Property",
                  "TargetProperty" : "EndTime",
                  "TargetPropertyBaseType" : "DATETIME",
                  "TargetPropertyType" : "property"
                } ],
                "SourceArea" : "UI",
                "SourceId" : "timeselector-179",
                "SourceSection" : "",
                "TargetArea" : "UI",
                "TargetId" : "clickablecontainermashup-182",
                "TargetSection" : ""
              }, {
                "Id" : "43412794-fd9f-474e-8f8f-ddec0ee6f543",
                "PropertyMaps" : [ {
                  "SourceProperty" : "StartDateTime",
                  "SourcePropertyBaseType" : "DATETIME",
                  "SourcePropertyType" : "Property",
                  "TargetProperty" : "StartTime",
                  "TargetPropertyBaseType" : "DATETIME",
                  "TargetPropertyType" : "property"
                } ],
                "SourceArea" : "UI",
                "SourceId" : "timeselector-179",
                "SourceSection" : "",
                "TargetArea" : "UI",
                "TargetId" : "clickablecontainermashup-191",
                "TargetSection" : ""
              }, {
                "Id" : "3c217612-a8f0-4691-a839-e0d80d78eb70",
                "PropertyMaps" : [ {
                  "SourceProperty" : "EndDateTime",
                  "SourcePropertyBaseType" : "DATETIME",
                  "SourcePropertyType" : "Property",
                  "TargetProperty" : "EndTime",
                  "TargetPropertyBaseType" : "DATETIME",
                  "TargetPropertyType" : "property"
                } ],
                "SourceArea" : "UI",
                "SourceId" : "timeselector-179",
                "SourceSection" : "",
                "TargetArea" : "UI",
                "TargetId" : "clickablecontainermashup-191",
                "TargetSection" : ""
              }, {
                "Id" : "fd1e9ade-0afb-45f6-8a6f-88dbac2dc429",
                "PropertyMaps" : [ {
                  "SourceProperty" : "Output",
                  "SourcePropertyBaseType" : "STRING",
                  "SourcePropertyType" : "Property",
                  "TargetProperty" : "SelectedText",
                  "TargetPropertyBaseType" : "STRING",
                  "TargetPropertyType" : "property"
                } ],
                "SourceArea" : "UI",
                "SourceId" : "expression2-198",
                "SourceSection" : "",
                "TargetArea" : "UI",
                "TargetId" : "ptcsdropdown-178",
                "TargetSection" : ""
              } ],
              "DesignTimePermissions" : {
                "Create" : [ ],
                "Delete" : [ ],
                "Metadata" : [ ],
                "Read" : [ {
                  "isPermitted" : true,
                  "name" : "KBMesKitHelperUser",
                  "type" : "User"
                } ],
                "Update" : [ ]
              },
              "Events" : [ {
                "EventHandlerArea" : "Data",
                "EventHandlerId" : "Things_KBSmartKPIHelperThing",
                "EventHandlerService" : "GetRailGlobalKpiCalculationBaseForMenue",
                "EventTriggerArea" : "Mashup",
                "EventTriggerEvent" : "Loaded",
                "EventTriggerId" : "mashup-root",
                "EventTriggerSection" : "",
                "Id" : "aa5d36cc-184b-4621-8c01-d76455c6159e"
              }, {
                "EventHandlerArea" : "UI",
                "EventHandlerId" : "clickablecontainermashup-188",
                "EventHandlerService" : "Refresh",
                "EventTriggerArea" : "Mashup",
                "EventTriggerEvent" : "RefreshRequested",
                "EventTriggerId" : "mashup-root",
                "EventTriggerSection" : "",
                "Id" : "969d8bb5-2da8-421b-a145-e85fddbac23d"
              }, {
                "EventHandlerArea" : "UI",
                "EventHandlerId" : "clickablecontainermashup-188",
                "EventHandlerService" : "Refresh",
                "EventTriggerArea" : "Mashup",
                "EventTriggerEvent" : "MachineThingNameChanged",
                "EventTriggerId" : "mashup-root",
                "EventTriggerSection" : "",
                "Id" : "5005b4ef-5121-4a76-9444-88cd7f0e6504"
              }, {
                "EventHandlerArea" : "UI",
                "EventHandlerId" : "clickablecontainermashup-180",
                "EventHandlerService" : "Refresh",
                "EventTriggerArea" : "UI",
                "EventTriggerEvent" : "Updated",
                "EventTriggerId" : "timeselector-179",
                "EventTriggerSection" : "",
                "Id" : "d757c41a-e6f9-40d8-ac80-0697eabdaf53"
              }, {
                "EventHandlerArea" : "UI",
                "EventHandlerId" : "clickablecontainermashup-182",
                "EventHandlerService" : "Refresh",
                "EventTriggerArea" : "UI",
                "EventTriggerEvent" : "Updated",
                "EventTriggerId" : "timeselector-179",
                "EventTriggerSection" : "",
                "Id" : "51d4e761-583f-4e2f-9ef2-0d2bc3fc30f3"
              }, {
                "EventHandlerArea" : "UI",
                "EventHandlerId" : "clickablecontainermashup-191",
                "EventHandlerService" : "Refresh",
                "EventTriggerArea" : "UI",
                "EventTriggerEvent" : "Updated",
                "EventTriggerId" : "timeselector-179",
                "EventTriggerSection" : "",
                "Id" : "bdb66eec-9304-4107-b2bf-ab625a10717d"
              }, {
                "EventHandlerArea" : "UI",
                "EventHandlerId" : "clickablecontainermashup-188",
                "EventHandlerService" : "Refresh",
                "EventTriggerArea" : "UI",
                "EventTriggerEvent" : "Updated",
                "EventTriggerId" : "timeselector-179",
                "EventTriggerSection" : "",
                "Id" : "90eb4677-a9d0-46fa-8f5e-f497682f0176"
              }, {
                "EventHandlerArea" : "UI",
                "EventHandlerId" : "clickablecontainermashup-180",
                "EventHandlerService" : "Refresh",
                "EventTriggerArea" : "Mashup",
                "EventTriggerEvent" : "RefreshRequested",
                "EventTriggerId" : "mashup-root",
                "EventTriggerSection" : "",
                "Id" : "b972efab-12fd-4a02-bd49-e3862b8f2018"
              }, {
                "EventHandlerArea" : "UI",
                "EventHandlerId" : "clickablecontainermashup-182",
                "EventHandlerService" : "Refresh",
                "EventTriggerArea" : "Mashup",
                "EventTriggerEvent" : "RefreshRequested",
                "EventTriggerId" : "mashup-root",
                "EventTriggerSection" : "",
                "Id" : "4ac850f5-5658-4724-982b-137d21bd17cd"
              }, {
                "EventHandlerArea" : "UI",
                "EventHandlerId" : "clickablecontainermashup-191",
                "EventHandlerService" : "Refresh",
                "EventTriggerArea" : "Mashup",
                "EventTriggerEvent" : "RefreshRequested",
                "EventTriggerId" : "mashup-root",
                "EventTriggerSection" : "",
                "Id" : "937723fd-66b0-4d0f-af7f-4403ff3ed968"
              }, {
                "EventHandlerArea" : "UI",
                "EventHandlerId" : "clickablecontainermashup-180",
                "EventHandlerService" : "Refresh",
                "EventTriggerArea" : "Mashup",
                "EventTriggerEvent" : "MachineThingNameChanged",
                "EventTriggerId" : "mashup-root",
                "EventTriggerSection" : "",
                "Id" : "de12d12b-1cab-4ea1-89fe-64c3d102e8b4"
              }, {
                "EventHandlerArea" : "UI",
                "EventHandlerId" : "clickablecontainermashup-182",
                "EventHandlerService" : "Refresh",
                "EventTriggerArea" : "Mashup",
                "EventTriggerEvent" : "MachineThingNameChanged",
                "EventTriggerId" : "mashup-root",
                "EventTriggerSection" : "",
                "Id" : "5b31ae74-635b-45ac-a588-ea8dc8e03c37"
              }, {
                "EventHandlerArea" : "UI",
                "EventHandlerId" : "clickablecontainermashup-191",
                "EventHandlerService" : "Refresh",
                "EventTriggerArea" : "Mashup",
                "EventTriggerEvent" : "MachineThingNameChanged",
                "EventTriggerId" : "mashup-root",
                "EventTriggerSection" : "",
                "Id" : "47e8d159-f225-417e-b32f-a4a79f000b70"
              }, {
                "EventHandlerArea" : "UI",
                "EventHandlerId" : "expression2-198",
                "EventHandlerService" : "Evaluate",
                "EventTriggerArea" : "Mashup",
                "EventTriggerEvent" : "Loaded",
                "EventTriggerId" : "mashup-root",
                "EventTriggerSection" : "",
                "Id" : "8f47b914-2dc9-476f-bb47-391dbfc8b7b6"
              } ],
              "Reminders" : [ ],
              "RunTimePermissions" : {
                "permissions" : [ {
                  "EventInvoke" : [ ],
                  "EventSubscribe" : [ ],
                  "PropertyRead" : [ {
                    "isPermitted" : true,
                    "name" : "KBUserGroup",
                    "type" : "Group"
                  }, {
                    "isPermitted" : true,
                    "name" : "KBMesKitHelperUser",
                    "type" : "User"
                  } ],
                  "PropertyWrite" : [ ],
                  "ServiceInvoke" : [ {
                    "isPermitted" : true,
                    "name" : "KBUserGroup",
                    "type" : "Group"
                  }, {
                    "isPermitted" : true,
                    "name" : "KBMesKitHelperUser",
                    "type" : "User"
                  } ],
                  "resourceName" : "*"
                } ]
              },
              "UI" : {
                "Properties" : {
                  "AddToDashboardButton" : "SimplePlus",
                  "AddToDashboardButtonStyle" : "DefaultAddToDashboardButtonStyle",
                  "Area" : "Mashup",
                  "BGImage" : "",
                  "BGImageRepeat" : "no-repeat",
                  "BGImageSize" : "auto",
                  "Columns" : 0,
                  "ConfigureGadgetButton" : "SimpleGear",
                  "ConfigureGadgetButtonStyle" : "DefaultConfigureGadgetButtonStyle",
                  "DisplayName" : "Mashup",
                  "EnableParameterEditing" : false,
                  "Height" : 618,
                  "Id" : "mashup-root",
                  "IgnoreWarningsInViewMashup" : false,
                  "IsPrintLayout" : false,
                  "Left" : 0,
                  "MachineThingName" : "",
                  "Margin" : "5",
                  "MashupResolution" : "FHD 1920x1080",
                  "MashupToEditGadget" : "DefaultMashupToEditGadget",
                  "Master" : "KBSmartProductionMaster1Mashup",
                  "MigratedOn" : "2023-07-10T13:04:59.000Z",
                  "MinHeight" : 0,
                  "MinWidth" : 0,
                  "ResponsiveLayout" : true,
                  "Rows" : 0,
                  "ShowDataLoading" : true,
                  "Style" : "DefaultMashupStyle",
                  "StyleProperties" : {
                    "data" : {
                      "flexcontainer-162" : {
                        "parts" : {
                          "$" : {
                            "$" : {
                              "background" : "transparent"
                            }
                          }
                        },
                        "widget" : "flex-container"
                      },
                      "flexcontainer-171" : {
                        "parts" : {
                          "$" : {
                            "$" : {
                              "background" : "transparent"
                            }
                          }
                        },
                        "widget" : "flex-container"
                      },
                      "flexcontainer-174" : {
                        "parts" : {
                          "$" : {
                            "$" : {
                              "background" : "transparent"
                            }
                          }
                        },
                        "widget" : "flex-container"
                      },
                      "flexcontainer-175" : {
                        "parts" : {
                          "$" : {
                            "$" : {
                              "border-color" : "#c5c3c8",
                              "border-style" : "solid",
                              "border-width" : "1px"
                            }
                          }
                        },
                        "widget" : "flex-container"
                      },
                      "ptcsdropdown-178" : {
                        "parts" : {
                          "label" : {
                            "$" : {
                              "font-size" : "11px",
                              "font-weight" : "700"
                            }
                          }
                        },
                        "widget" : "ptcs-dropdown"
                      },
                      "ptcslabel-196" : {
                        "parts" : {
                          "$" : {
                            "$" : {
                              "font-size" : "11px",
                              "font-weight" : "700",
                              "line-height" : "2"
                            }
                          }
                        },
                        "widget" : "ptcs-label"
                      }
                    },
                    "meta" : {
                      "type" : "WidgetStyler",
                      "version" : "1.0"
                    }
                  },
                  "StyleTheme" : "KBStandardStyleTheme",
                  "Title" : "",
                  "TitleBar" : false,
                  "TitleBarStyle" : "DefaultTitleBarStyle",
                  "TitleBarText" : "Gadget Title Here",
                  "Top" : 0,
                  "Type" : "mashup",
                  "UseMasterTheme" : false,
                  "UseTheme" : false,
                  "UseThemeForHybrids" : false,
                  "Visible" : true,
                  "Width" : 1024,
                  "Z-index" : 10,
                  "__TypeDisplayName" : "Mashup",
                  "_currentParameterDefs" : [ {
                    "BaseType" : "STRING",
                    "DefaultValue" : "",
                    "Description" : "",
                    "ParameterName" : "MachineThingName"
                  } ],
                  "id_index" : 198,
                  "supportsAutoResize" : true
                },
                "Widgets" : [ {
                  "Properties" : {
                    "Area" : "UI",
                    "CollapseTabIcon" : "",
                    "DisplayName" : "container-174",
                    "EnableContainerUnload" : false,
                    "EnableExpandCollapse" : false,
                    "ExpandCollapseTabLocation" : "inside",
                    "ExpandTabIcon" : "",
                    "Expanded" : true,
                    "Id" : "flexcontainer-174",
                    "LastContainer" : true,
                    "LazyLoading" : false,
                    "Margin" : "",
                    "Overlay" : false,
                    "ResponsiveLayout" : true,
                    "Scrolling" : "auto-scroll",
                    "ShowDataLoading" : true,
                    "ShowExpandCollapseTab" : false,
                    "SourceURL" : "",
                    "Style" : "DefaultContainerStyle",
                    "StyleProperties" : { },
                    "Type" : "flexcontainer",
                    "UseTheme" : true,
                    "Visible" : true,
                    "Z-index" : 10,
                    "__TypeDisplayName" : "Flex Container",
                    "align-content" : "flex-start",
                    "align-items" : "flex-start",
                    "flex-basis" : "auto",
                    "flex-direction" : "column",
                    "flex-grow" : 1,
                    "flex-max-height" : "",
                    "flex-max-width" : "",
                    "flex-min-height" : "",
                    "flex-min-width" : "",
                    "flex-shrink" : 1,
                    "flex-size" : "default",
                    "flex-wrap" : "nowrap",
                    "iconClass" : "widgets-flexcontainer",
                    "justify-content" : "flex-start",
                    "positioning" : "responsive",
                    "userCannotRemove" : true
                  },
                  "Widgets" : [ {
                    "Properties" : {
                      "Area" : "UI",
                      "CollapseTabIcon" : "",
                      "DisplayName" : "container-175",
                      "EnableContainerUnload" : false,
                      "EnableExpandCollapse" : true,
                      "ExpandCollapseTabLocation" : "outside",
                      "ExpandTabIcon" : "",
                      "Expanded" : true,
                      "Id" : "flexcontainer-175",
                      "LastContainer" : false,
                      "LazyLoading" : false,
                      "Margin" : "0",
                      "Overlay" : false,
                      "ResponsiveLayout" : true,
                      "ShowDataLoading" : true,
                      "ShowExpandCollapseTab" : false,
                      "SourceURL" : "",
                      "Style" : "DefaultContainerStyle",
                      "StyleProperties" : { },
                      "Type" : "flexcontainer",
                      "UseTheme" : true,
                      "Visible" : true,
                      "Z-index" : 10,
                      "__TypeDisplayName" : "Flex Container",
                      "align-content" : "flex-start",
                      "align-items" : "flex-start",
                      "flex-basis" : "auto",
                      "flex-direction" : "column",
                      "flex-grow" : 1,
                      "flex-max-height" : "90px",
                      "flex-max-width" : "",
                      "flex-min-height" : "90px",
                      "flex-min-width" : "",
                      "flex-shrink" : "0",
                      "flex-size" : "fixed",
                      "flex-wrap" : "nowrap",
                      "iconClass" : "widgets-flexcontainer-fixed",
                      "isLocked" : false,
                      "justify-content" : "flex-start",
                      "positioning" : "static",
                      "userCannotRemove" : false
                    },
                    "Widgets" : [ {
                      "Properties" : {
                        "Alignment" : "left",
                        "AllLabel" : "[[all]]",
                        "Area" : "UI",
                        "AutoSelectFirstRow" : true,
                        "ClearSelectedItemsLabel" : "[[clearSelectedItems]]",
                        "ClearSelectionItem" : false,
                        "ClearSelectionLabel" : "[[None]]",
                        "CriteriaMessage" : "",
                        "CriteriaMessageDetails" : "",
                        "Disabled" : false,
                        "DisplayField" : "DisplayName",
                        "DisplayName" : "dhxlist-178",
                        "EnableToolTips" : true,
                        "FilterHintText" : "Filter",
                        "Height" : 28,
                        "HintText" : "",
                        "Id" : "ptcsdropdown-178",
                        "ItemMeta" : {
                          "type" : "text"
                        },
                        "Label" : "Calculation Base:",
                        "LabelAlignment" : "left",
                        "LastContainer" : false,
                        "Left" : 20,
                        "ListFormat_StateParameters" : [ ],
                        "ListMarginTop" : 8,
                        "Margin" : "5",
                        "MultiSelect" : false,
                        "NumberOfItemsInDropdownView" : 6,
                        "RequiredMessage" : "A selection is required",
                        "ResponsiveLayout" : false,
                        "RowHeight" : 28,
                        "SelectAllLabel" : "[[selectAll]]",
                        "SelectedLabel" : "[[selected]]",
                        "ShowDataLoading" : true,
                        "ShowListFilter" : false,
                        "ShowValidationCriteria" : false,
                        "ShowValidationFailure" : false,
                        "ShowValidationSuccess" : false,
                        "SuccessMessage" : "",
                        "SuccessMessageDetails" : "",
                        "TabSequence" : -1,
                        "Top" : 15,
                        "Type" : "ptcsdropdown",
                        "UseTheme" : true,
                        "ValidationCriteriaIcon" : "cds:icon_info",
                        "ValidationFailureIcon" : "cds:icon_error",
                        "ValidationState" : "undefined",
                        "ValidationSuccessIcon" : "cds:icon_success",
                        "ValueField" : "DisplayName",
                        "ValueRequired" : false,
                        "Visible" : true,
                        "Width" : 200,
                        "Z-index" : 10,
                        "__TypeDisplayName" : "List"
                      },
                      "Widgets" : [ ]
                    }, {
                      "Properties" : {
                        "Area" : "UI",
                        "AutoRefresh" : true,
                        "DateDelimiter" : "-",
                        "DateDisplay" : "short",
                        "DateFormat" : "yyyy-M-dd",
                        "DateFormatToken" : "",
                        "DateOrder" : "yy-mm-dd",
                        "DecadeView" : false,
                        "DisplayName" : "timeselector-179",
                        "DisplaySeconds" : false,
                        "FocusStyle" : "DefaultButtonFocusStyle",
                        "Height" : 65,
                        "Id" : "timeselector-179",
                        "Interval" : 12,
                        "IntervalType" : "h",
                        "LastContainer" : false,
                        "Left" : 270,
                        "Margin" : "5",
                        "RefreshInterval" : 300,
                        "ResponsiveLayout" : false,
                        "ShowDataLoading" : true,
                        "ShowLockControls" : false,
                        "TabSequence" : 0,
                        "TimeAutoRefreshBtnStyle" : "DefaultTimeAutoRefreshBtnStyle",
                        "TimeBGStyle" : "DefaultTimeBGStyle",
                        "TimeDatePickerStyle" : "DefaultTimeDatePickerStyle",
                        "TimeFormat" : "hh:mm:ss",
                        "TimeRefreshBtnStyle" : "DefaultTimeRefreshBtnStyle",
                        "Top" : 10,
                        "Type" : "timeselector",
                        "UseIntervalAsMax" : false,
                        "Visible" : true,
                        "Widescreen" : false,
                        "Width" : 500,
                        "Z-index" : 10,
                        "__TypeDisplayName" : "Time Selector"
                      },
                      "Widgets" : [ ]
                    }, {
                      "Properties" : {
                        "Area" : "UI",
                        "DisclosureControl" : "show-more",
                        "DisplayName" : "label-196",
                        "HorizontalAlignment" : "left",
                        "Id" : "ptcslabel-196",
                        "LabelText" : "Please be aware that your current time zone is taken and not the one in the plant. The selected local time is displayed underneath the charts. Please correct the time difference if necessary.",
                        "LabelType" : "caption",
                        "LastContainer" : false,
                        "Left" : 790,
                        "Margin" : "5",
                        "MultiLine" : true,
                        "PreserveWhiteSpace" : false,
                        "ResponsiveLayout" : false,
                        "ShowDataLoading" : true,
                        "TooltipField" : "",
                        "Top" : 10,
                        "Type" : "ptcslabel",
                        "UseTheme" : true,
                        "VerticalAlignment" : "flex-start",
                        "Visible" : true,
                        "Width" : 350,
                        "Z-index" : 10,
                        "__TypeDisplayName" : "Beschriftung",
                        "overflowShowLessTxt" : "[[showLess]]",
                        "overflowShowMoreTxt" : "[[showMore]]"
                      },
                      "Widgets" : [ ]
                    } ]
                  }, {
                    "Properties" : {
                      "Area" : "UI",
                      "CollapseTabIcon" : "",
                      "DisplayName" : "container-176",
                      "EnableContainerUnload" : false,
                      "EnableExpandCollapse" : false,
                      "ExpandCollapseTabLocation" : "inside",
                      "ExpandTabIcon" : "",
                      "Expanded" : true,
                      "Id" : "flexcontainer-176",
                      "LastContainer" : false,
                      "LazyLoading" : false,
                      "Margin" : "",
                      "Overlay" : false,
                      "ResponsiveLayout" : true,
                      "Scrolling" : "auto-scroll",
                      "ShowDataLoading" : true,
                      "ShowExpandCollapseTab" : false,
                      "SourceURL" : "",
                      "Style" : "DefaultContainerStyle",
                      "StyleProperties" : { },
                      "Type" : "flexcontainer",
                      "UseTheme" : true,
                      "Visible" : true,
                      "Z-index" : 10,
                      "__TypeDisplayName" : "Flex Container",
                      "align-content" : "flex-start",
                      "align-items" : "flex-start",
                      "flex-basis" : "auto",
                      "flex-direction" : "column",
                      "flex-grow" : 1,
                      "flex-max-height" : "",
                      "flex-max-width" : "",
                      "flex-min-height" : "",
                      "flex-min-width" : "",
                      "flex-shrink" : 1,
                      "flex-size" : "fixed",
                      "flex-wrap" : "nowrap",
                      "iconClass" : "widgets-flexcontainer",
                      "isLocked" : true,
                      "justify-content" : "flex-start",
                      "positioning" : "responsive",
                      "userCannotRemove" : false
                    },
                    "Widgets" : [ {
                      "Properties" : {
                        "Area" : "UI",
                        "CollapseTabIcon" : "",
                        "DisplayName" : "container-162",
                        "EnableContainerUnload" : false,
                        "EnableExpandCollapse" : false,
                        "ExpandCollapseTabLocation" : "inside",
                        "ExpandTabIcon" : "",
                        "Expanded" : true,
                        "Id" : "flexcontainer-162",
                        "LastContainer" : true,
                        "LazyLoading" : false,
                        "Margin" : "",
                        "Overlay" : false,
                        "ResponsiveLayout" : true,
                        "ShowDataLoading" : true,
                        "ShowExpandCollapseTab" : false,
                        "SourceURL" : "",
                        "Style" : "DefaultContainerStyle",
                        "StyleProperties" : { },
                        "Type" : "flexcontainer",
                        "UseTheme" : true,
                        "Visible" : true,
                        "Z-index" : 10,
                        "__TypeDisplayName" : "Flex Container",
                        "align-content" : "flex-start",
                        "align-items" : "flex-start",
                        "flex-basis" : "auto",
                        "flex-direction" : "column",
                        "flex-grow" : 1,
                        "flex-max-height" : "",
                        "flex-max-width" : "",
                        "flex-min-height" : "",
                        "flex-min-width" : "",
                        "flex-shrink" : "0",
                        "flex-size" : "default",
                        "flex-wrap" : "nowrap",
                        "iconClass" : "widgets-flexcontainer",
                        "isLocked" : true,
                        "justify-content" : "flex-start",
                        "positioning" : "responsive",
                        "userCannotRemove" : false
                      },
                      "Widgets" : [ {
                        "Properties" : {
                          "Area" : "UI",
                          "CollapseTabIcon" : "",
                          "DisplayName" : "container-170",
                          "EnableContainerUnload" : false,
                          "EnableExpandCollapse" : false,
                          "ExpandCollapseTabLocation" : "inside",
                          "ExpandTabIcon" : "",
                          "Expanded" : true,
                          "Id" : "flexcontainer-170",
                          "LastContainer" : false,
                          "LazyLoading" : false,
                          "Margin" : "10 0 0 0",
                          "Overlay" : false,
                          "ResponsiveLayout" : true,
                          "Scrolling" : "auto-scroll",
                          "ShowDataLoading" : true,
                          "ShowExpandCollapseTab" : false,
                          "SourceURL" : "",
                          "Style" : "DefaultContainerStyle",
                          "StyleProperties" : { },
                          "Type" : "flexcontainer",
                          "UseTheme" : true,
                          "Visible" : true,
                          "Z-index" : 10,
                          "__TypeDisplayName" : "Flex Container",
                          "align-content" : "flex-start",
                          "align-items" : "flex-start",
                          "flex-basis" : "0",
                          "flex-direction" : "column",
                          "flex-grow" : 50,
                          "flex-max-height" : "",
                          "flex-max-width" : "",
                          "flex-min-height" : "",
                          "flex-min-width" : "",
                          "flex-shrink" : 1,
                          "flex-size" : "fixed",
                          "flex-wrap" : "nowrap",
                          "iconClass" : "widgets-flexcontainer",
                          "isLocked" : false,
                          "justify-content" : "flex-start",
                          "positioning" : "responsive",
                          "userCannotRemove" : false
                        },
                        "Widgets" : [ {
                          "Properties" : {
                            "Area" : "UI",
                            "CollapseTabIcon" : "",
                            "DisplayName" : "container-171",
                            "EnableContainerUnload" : false,
                            "EnableExpandCollapse" : false,
                            "ExpandCollapseTabLocation" : "inside",
                            "ExpandTabIcon" : "",
                            "Expanded" : true,
                            "Id" : "flexcontainer-171",
                            "LastContainer" : true,
                            "LazyLoading" : false,
                            "Margin" : "",
                            "Overlay" : false,
                            "ResponsiveLayout" : true,
                            "Scrolling" : "auto-scroll",
                            "ShowDataLoading" : true,
                            "ShowExpandCollapseTab" : false,
                            "SourceURL" : "",
                            "Style" : "DefaultContainerStyle",
                            "StyleProperties" : { },
                            "Type" : "flexcontainer",
                            "UseTheme" : true,
                            "Visible" : true,
                            "Z-index" : 10,
                            "__TypeDisplayName" : "Flex Container",
                            "align-content" : "flex-start",
                            "align-items" : "flex-start",
                            "flex-basis" : "auto",
                            "flex-direction" : "row",
                            "flex-grow" : 1,
                            "flex-max-height" : "",
                            "flex-max-width" : "",
                            "flex-min-height" : "",
                            "flex-min-width" : "",
                            "flex-shrink" : 1,
                            "flex-size" : "default",
                            "flex-wrap" : "nowrap",
                            "iconClass" : "widgets-flexcontainer",
                            "isLocked" : true,
                            "justify-content" : "flex-start",
                            "positioning" : "responsive",
                            "userCannotRemove" : false
                          },
                          "Widgets" : [ {
                            "Properties" : {
                              "Area" : "UI",
                              "CollapseTabIcon" : "",
                              "DisplayName" : "container-172",
                              "EnableContainerUnload" : false,
                              "EnableExpandCollapse" : false,
                              "ExpandCollapseTabLocation" : "inside",
                              "ExpandTabIcon" : "",
                              "Expanded" : true,
                              "Id" : "flexcontainer-172",
                              "LastContainer" : false,
                              "LazyLoading" : false,
                              "Margin" : "",
                              "Overlay" : false,
                              "ResponsiveLayout" : true,
                              "Scrolling" : "auto-scroll",
                              "ShowDataLoading" : true,
                              "ShowExpandCollapseTab" : false,
                              "SourceURL" : "",
                              "Style" : "DefaultContainerStyle",
                              "StyleProperties" : { },
                              "Type" : "flexcontainer",
                              "UseTheme" : true,
                              "Visible" : true,
                              "Z-index" : 10,
                              "__TypeDisplayName" : "Flex Container",
                              "align-content" : "flex-start",
                              "align-items" : "flex-start",
                              "flex-basis" : "0",
                              "flex-direction" : "row",
                              "flex-grow" : 33,
                              "flex-max-height" : "",
                              "flex-max-width" : "",
                              "flex-min-height" : "",
                              "flex-min-width" : "",
                              "flex-shrink" : 1,
                              "flex-size" : "fixed",
                              "flex-wrap" : "nowrap",
                              "iconClass" : "widgets-flexcontainer",
                              "isLocked" : false,
                              "justify-content" : "flex-start",
                              "positioning" : "responsive",
                              "userCannotRemove" : false
                            },
                            "Widgets" : [ {
                              "Properties" : {
                                "Area" : "UI",
                                "ButtonHeight" : 30,
                                "ButtonLabel" : "",
                                "ButtonRightMargin" : 15,
                                "ButtonTopMargin" : 15,
                                "ButtonWidth" : 30,
                                "ClickOutsideToClose" : false,
                                "DisplayName" : "clickablecontainermashup-180",
                                "FixedPopupHeight" : 0,
                                "FixedPopupWidth" : 0,
                                "Height" : 300,
                                "Id" : "clickablecontainermashup-180",
                                "KPIType" : "Utilization",
                                "LastContainer" : false,
                                "Left" : 70,
                                "Margin" : "0",
                                "MashupParameters" : [ {
                                  "BaseType" : "STRING",
                                  "Description" : "",
                                  "ParameterName" : "MachineThingName",
                                  "ParmDef" : {
                                    "aspects" : { },
                                    "baseType" : "STRING",
                                    "description" : "",
                                    "name" : "MachineThingName",
                                    "ordinal" : 0
                                  }
                                }, {
                                  "BaseType" : "DATETIME",
                                  "Description" : "",
                                  "ParameterName" : "EndTime",
                                  "ParmDef" : {
                                    "aspects" : { },
                                    "baseType" : "DATETIME",
                                    "description" : "",
                                    "name" : "EndTime",
                                    "ordinal" : 0
                                  }
                                }, {
                                  "BaseType" : "STRING",
                                  "Description" : "",
                                  "ParameterName" : "CalculationBase",
                                  "ParmDef" : {
                                    "aspects" : { },
                                    "baseType" : "STRING",
                                    "description" : "",
                                    "name" : "CalculationBase",
                                    "ordinal" : 0
                                  }
                                }, {
                                  "BaseType" : "DATETIME",
                                  "Description" : "",
                                  "ParameterName" : "StartTime",
                                  "ParmDef" : {
                                    "aspects" : { },
                                    "baseType" : "DATETIME",
                                    "description" : "",
                                    "name" : "StartTime",
                                    "ordinal" : 0
                                  }
                                }, {
                                  "BaseType" : "STRING",
                                  "Description" : "",
                                  "ParameterName" : "KPIType",
                                  "ParmDef" : {
                                    "aspects" : { },
                                    "baseType" : "STRING",
                                    "description" : "",
                                    "name" : "KPIType",
                                    "ordinal" : 0
                                  }
                                } ],
                                "MessageToShow" : "Mashup must be selected",
                                "ModalPopupOpacity" : 0.5,
                                "Name" : "KBLocalSmartKPIRailOEE1MachineLevelMashup",
                                "NavigateButtonStyle" : "KBDefaultNavigateButtonStyle",
                                "PopupScrolling" : "auto",
                                "PopupTitle" : "",
                                "PopupTitleStyle" : "DefaultPopupTitleStyle",
                                "ReloadOnReplace" : false,
                                "ResponsiveLayout" : true,
                                "ShowCloseButton" : true,
                                "ShowDataLoading" : true,
                                "ShowMessageIfNoMashup" : false,
                                "TabSequenceGroup" : 0,
                                "TargetWindow" : "modal-popup",
                                "Top" : 15,
                                "Type" : "clickable_container_mashup",
                                "Visible" : true,
                                "Width" : 400,
                                "Z-index" : 10,
                                "__TypeDisplayName" : "Clickable Contained Mashup with Navigation"
                              },
                              "Widgets" : [ ]
                            } ]
                          }, {
                            "Properties" : {
                              "Area" : "UI",
                              "CollapseTabIcon" : "",
                              "DisplayName" : "container-173",
                              "EnableContainerUnload" : false,
                              "EnableExpandCollapse" : false,
                              "ExpandCollapseTabLocation" : "inside",
                              "ExpandTabIcon" : "",
                              "Expanded" : true,
                              "Id" : "flexcontainer-173",
                              "LastContainer" : false,
                              "LazyLoading" : false,
                              "Margin" : "",
                              "Overlay" : false,
                              "ResponsiveLayout" : true,
                              "Scrolling" : "auto-scroll",
                              "ShowDataLoading" : true,
                              "ShowExpandCollapseTab" : false,
                              "SourceURL" : "",
                              "Style" : "DefaultContainerStyle",
                              "StyleProperties" : { },
                              "Type" : "flexcontainer",
                              "UseTheme" : true,
                              "Visible" : true,
                              "Z-index" : 10,
                              "__TypeDisplayName" : "Flex Container",
                              "align-content" : "flex-start",
                              "align-items" : "flex-start",
                              "flex-basis" : "0",
                              "flex-direction" : "row",
                              "flex-grow" : 33,
                              "flex-max-height" : "",
                              "flex-max-width" : "",
                              "flex-min-height" : "",
                              "flex-min-width" : "",
                              "flex-shrink" : 1,
                              "flex-size" : "fixed",
                              "flex-wrap" : "nowrap",
                              "iconClass" : "widgets-flexcontainer",
                              "isLocked" : false,
                              "justify-content" : "flex-start",
                              "positioning" : "responsive",
                              "userCannotRemove" : false
                            },
                            "Widgets" : [ {
                              "Properties" : {
                                "Area" : "UI",
                                "ButtonHeight" : 30,
                                "ButtonLabel" : "",
                                "ButtonRightMargin" : 15,
                                "ButtonTopMargin" : 15,
                                "ButtonWidth" : 30,
                                "ClickOutsideToClose" : false,
                                "DisplayName" : "clickablecontainermashup-182",
                                "FixedPopupHeight" : 0,
                                "FixedPopupWidth" : 0,
                                "Height" : 300,
                                "Id" : "clickablecontainermashup-182",
                                "KPIType" : "OEE",
                                "LastContainer" : false,
                                "Left" : 70,
                                "Margin" : "0",
                                "MashupParameters" : [ {
                                  "BaseType" : "STRING",
                                  "Description" : "",
                                  "ParameterName" : "MachineThingName",
                                  "ParmDef" : {
                                    "aspects" : { },
                                    "baseType" : "STRING",
                                    "description" : "",
                                    "name" : "MachineThingName",
                                    "ordinal" : 0
                                  }
                                }, {
                                  "BaseType" : "DATETIME",
                                  "Description" : "",
                                  "ParameterName" : "EndTime",
                                  "ParmDef" : {
                                    "aspects" : { },
                                    "baseType" : "DATETIME",
                                    "description" : "",
                                    "name" : "EndTime",
                                    "ordinal" : 0
                                  }
                                }, {
                                  "BaseType" : "STRING",
                                  "Description" : "",
                                  "ParameterName" : "CalculationBase",
                                  "ParmDef" : {
                                    "aspects" : { },
                                    "baseType" : "STRING",
                                    "description" : "",
                                    "name" : "CalculationBase",
                                    "ordinal" : 0
                                  }
                                }, {
                                  "BaseType" : "DATETIME",
                                  "Description" : "",
                                  "ParameterName" : "StartTime",
                                  "ParmDef" : {
                                    "aspects" : { },
                                    "baseType" : "DATETIME",
                                    "description" : "",
                                    "name" : "StartTime",
                                    "ordinal" : 0
                                  }
                                }, {
                                  "BaseType" : "STRING",
                                  "Description" : "",
                                  "ParameterName" : "KPIType",
                                  "ParmDef" : {
                                    "aspects" : { },
                                    "baseType" : "STRING",
                                    "description" : "",
                                    "name" : "KPIType",
                                    "ordinal" : 0
                                  }
                                } ],
                                "MessageToShow" : "Mashup must be selected",
                                "ModalPopupOpacity" : 0.5,
                                "Name" : "KBLocalSmartKPIRailOEE1MachineLevelMashup",
                                "NavigateButtonStyle" : "KBDefaultNavigateButtonStyle",
                                "PopupScrolling" : "auto",
                                "PopupTitle" : "",
                                "PopupTitleStyle" : "DefaultPopupTitleStyle",
                                "ReloadOnReplace" : false,
                                "ResponsiveLayout" : true,
                                "ShowCloseButton" : true,
                                "ShowDataLoading" : true,
                                "ShowMessageIfNoMashup" : false,
                                "TabSequenceGroup" : 0,
                                "TargetWindow" : "modal-popup",
                                "Top" : 35,
                                "Type" : "clickable_container_mashup",
                                "Visible" : true,
                                "Width" : 400,
                                "Z-index" : 10,
                                "__TypeDisplayName" : "Clickable Contained Mashup with Navigation"
                              },
                              "Widgets" : [ ]
                            } ]
                          }, {
                            "Properties" : {
                              "Area" : "UI",
                              "CollapseTabIcon" : "",
                              "DisplayName" : "container-190",
                              "EnableContainerUnload" : false,
                              "EnableExpandCollapse" : false,
                              "ExpandCollapseTabLocation" : "inside",
                              "ExpandTabIcon" : "",
                              "Expanded" : true,
                              "Id" : "flexcontainer-190",
                              "LastContainer" : false,
                              "LazyLoading" : false,
                              "Margin" : "",
                              "Overlay" : false,
                              "ResponsiveLayout" : true,
                              "Scrolling" : "auto-scroll",
                              "ShowDataLoading" : true,
                              "ShowExpandCollapseTab" : false,
                              "SourceURL" : "",
                              "Style" : "DefaultContainerStyle",
                              "StyleProperties" : { },
                              "Type" : "flexcontainer",
                              "UseTheme" : true,
                              "Visible" : true,
                              "Z-index" : 10,
                              "__TypeDisplayName" : "Flex Container",
                              "align-content" : "flex-start",
                              "align-items" : "flex-start",
                              "flex-basis" : "0",
                              "flex-direction" : "row",
                              "flex-grow" : 34,
                              "flex-max-height" : "",
                              "flex-max-width" : "",
                              "flex-min-height" : "",
                              "flex-min-width" : "",
                              "flex-shrink" : 1,
                              "flex-size" : "fixed",
                              "flex-wrap" : "nowrap",
                              "iconClass" : "widgets-flexcontainer",
                              "isLocked" : false,
                              "justify-content" : "flex-start",
                              "positioning" : "responsive",
                              "userCannotRemove" : false
                            },
                            "Widgets" : [ {
                              "Properties" : {
                                "Area" : "UI",
                                "ButtonHeight" : 30,
                                "ButtonLabel" : "",
                                "ButtonRightMargin" : 15,
                                "ButtonTopMargin" : 15,
                                "ButtonWidth" : 30,
                                "ClickOutsideToClose" : false,
                                "DisplayName" : "clickablecontainermashup-191",
                                "FixedPopupHeight" : 0,
                                "FixedPopupWidth" : 0,
                                "Height" : 300,
                                "Id" : "clickablecontainermashup-191",
                                "LastContainer" : false,
                                "Left" : 0,
                                "Margin" : "0",
                                "MashupParameters" : [ {
                                  "BaseType" : "STRING",
                                  "Description" : "",
                                  "ParameterName" : "MachineThingName",
                                  "ParmDef" : {
                                    "aspects" : { },
                                    "baseType" : "STRING",
                                    "description" : "",
                                    "name" : "MachineThingName",
                                    "ordinal" : 0
                                  }
                                }, {
                                  "BaseType" : "DATETIME",
                                  "Description" : "",
                                  "ParameterName" : "EndTime",
                                  "ParmDef" : {
                                    "aspects" : { },
                                    "baseType" : "DATETIME",
                                    "description" : "",
                                    "name" : "EndTime",
                                    "ordinal" : 0
                                  }
                                }, {
                                  "BaseType" : "STRING",
                                  "Description" : "",
                                  "ParameterName" : "CalculationBase",
                                  "ParmDef" : {
                                    "aspects" : { },
                                    "baseType" : "STRING",
                                    "description" : "",
                                    "name" : "CalculationBase",
                                    "ordinal" : 0
                                  }
                                }, {
                                  "BaseType" : "DATETIME",
                                  "Description" : "",
                                  "ParameterName" : "StartTime",
                                  "ParmDef" : {
                                    "aspects" : { },
                                    "baseType" : "DATETIME",
                                    "description" : "",
                                    "name" : "StartTime",
                                    "ordinal" : 0
                                  }
                                }, {
                                  "BaseType" : "STRING",
                                  "Description" : "",
                                  "ParameterName" : "KPIType",
                                  "ParmDef" : {
                                    "aspects" : { },
                                    "baseType" : "STRING",
                                    "description" : "",
                                    "name" : "KPIType",
                                    "ordinal" : 0
                                  }
                                } ],
                                "MessageToShow" : "Mashup must be selected",
                                "ModalPopupOpacity" : 0.5,
                                "Name" : "KBLocalSmartKPIRailOEE3MachineLevelMashup",
                                "NavigateButtonStyle" : "KBDefaultNavigateButtonStyle",
                                "PopupScrolling" : "auto",
                                "PopupTitle" : "",
                                "PopupTitleStyle" : "DefaultPopupTitleStyle",
                                "ReloadOnReplace" : false,
                                "ResponsiveLayout" : true,
                                "ShowCloseButton" : true,
                                "ShowDataLoading" : true,
                                "ShowMessageIfNoMashup" : false,
                                "TabSequenceGroup" : 0,
                                "TargetWindow" : "modal-popup",
                                "Top" : 0,
                                "Type" : "clickable_container_mashup",
                                "Visible" : true,
                                "Width" : 400,
                                "Z-index" : 10,
                                "__TypeDisplayName" : "Clickable Contained Mashup with Navigation"
                              },
                              "Widgets" : [ ]
                            } ]
                          } ]
                        } ]
                      }, {
                        "Properties" : {
                          "Area" : "UI",
                          "CollapseTabIcon" : "",
                          "DisplayName" : "container-164",
                          "EnableContainerUnload" : false,
                          "EnableExpandCollapse" : false,
                          "ExpandCollapseTabLocation" : "inside",
                          "ExpandTabIcon" : "",
                          "Expanded" : true,
                          "Id" : "flexcontainer-164",
                          "LastContainer" : false,
                          "LazyLoading" : false,
                          "Margin" : "5 0 0 0",
                          "Overlay" : false,
                          "ResponsiveLayout" : true,
                          "Scrolling" : "auto-scroll",
                          "ShowDataLoading" : true,
                          "ShowExpandCollapseTab" : false,
                          "SourceURL" : "",
                          "Style" : "DefaultContainerStyle",
                          "StyleProperties" : { },
                          "Type" : "flexcontainer",
                          "UseTheme" : true,
                          "Visible" : true,
                          "Z-index" : 10,
                          "__TypeDisplayName" : "Flex Container",
                          "align-content" : "flex-start",
                          "align-items" : "flex-start",
                          "flex-basis" : "0",
                          "flex-direction" : "column",
                          "flex-grow" : 50,
                          "flex-max-height" : "",
                          "flex-max-width" : "",
                          "flex-min-height" : "",
                          "flex-min-width" : "",
                          "flex-shrink" : 1,
                          "flex-size" : "fixed",
                          "flex-wrap" : "nowrap",
                          "iconClass" : "widgets-flexcontainer",
                          "isLocked" : false,
                          "justify-content" : "flex-start",
                          "positioning" : "responsive",
                          "userCannotRemove" : false
                        },
                        "Widgets" : [ {
                          "Properties" : {
                            "Area" : "UI",
                            "ButtonHeight" : 30,
                            "ButtonLabel" : "",
                            "ButtonRightMargin" : 15,
                            "ButtonTopMargin" : 15,
                            "ButtonWidth" : 30,
                            "ClickOutsideToClose" : false,
                            "DisplayName" : "clickablecontainermashup-188",
                            "FixedPopupHeight" : 0,
                            "FixedPopupWidth" : 0,
                            "Height" : 300,
                            "Id" : "clickablecontainermashup-188",
                            "LastContainer" : false,
                            "Left" : 290,
                            "Margin" : "5",
                            "MashupParameters" : [ {
                              "BaseType" : "STRING",
                              "Description" : "",
                              "ParameterName" : "MachineThingName",
                              "ParmDef" : {
                                "aspects" : { },
                                "baseType" : "STRING",
                                "description" : "",
                                "name" : "MachineThingName",
                                "ordinal" : 0
                              }
                            }, {
                              "BaseType" : "DATETIME",
                              "Description" : "",
                              "ParameterName" : "EndTime",
                              "ParmDef" : {
                                "aspects" : { },
                                "baseType" : "DATETIME",
                                "description" : "",
                                "name" : "EndTime",
                                "ordinal" : 0
                              }
                            }, {
                              "BaseType" : "STRING",
                              "Description" : "",
                              "ParameterName" : "CalculationBase",
                              "ParmDef" : {
                                "aspects" : { },
                                "baseType" : "STRING",
                                "description" : "",
                                "name" : "CalculationBase",
                                "ordinal" : 0
                              }
                            }, {
                              "BaseType" : "DATETIME",
                              "Description" : "",
                              "ParameterName" : "StartTime",
                              "ParmDef" : {
                                "aspects" : { },
                                "baseType" : "DATETIME",
                                "description" : "",
                                "name" : "StartTime",
                                "ordinal" : 0
                              }
                            }, {
                              "BaseType" : "STRING",
                              "Description" : "",
                              "ParameterName" : "KPIType",
                              "ParmDef" : {
                                "aspects" : { },
                                "baseType" : "STRING",
                                "description" : "",
                                "name" : "KPIType",
                                "ordinal" : 0
                              }
                            } ],
                            "MessageToShow" : "Mashup must be selected",
                            "ModalPopupOpacity" : 0.5,
                            "Name" : "KBLocalSmartKPIRailOEE2MachineLevelMashup",
                            "NavigateButtonStyle" : "KBDefaultNavigateButtonStyle",
                            "PopupScrolling" : "auto",
                            "PopupTitle" : "",
                            "PopupTitleStyle" : "DefaultPopupTitleStyle",
                            "ReloadOnReplace" : false,
                            "ResponsiveLayout" : true,
                            "ShowCloseButton" : true,
                            "ShowDataLoading" : true,
                            "ShowMessageIfNoMashup" : false,
                            "TabSequenceGroup" : 0,
                            "TargetWindow" : "modal-popup",
                            "Top" : 25,
                            "Type" : "clickable_container_mashup",
                            "Visible" : true,
                            "Width" : 400,
                            "Z-index" : 10,
                            "__TypeDisplayName" : "Clickable Contained Mashup with Navigation"
                          },
                          "Widgets" : [ ]
                        } ]
                      } ]
                    } ]
                  } ]
                }, {
                  "Properties" : {
                    "Area" : "UI",
                    "AutoEvaluate" : false,
                    "DataChangeType" : "ALWAYS",
                    "DisplayName" : "DefaultCalculationBase",
                    "Expression" : "Output=\"Day\";",
                    "FireOnFirstValue" : false,
                    "Height" : 28,
                    "Id" : "expression2-198",
                    "LastContainer" : false,
                    "Left" : null,
                    "Margin" : "5",
                    "OutputBaseType" : "STRING",
                    "ResponsiveLayout" : false,
                    "ShowDataLoading" : true,
                    "Top" : null,
                    "Type" : "expression2",
                    "Visible" : true,
                    "Width" : 200,
                    "Z-index" : 10,
                    "__TypeDisplayName" : "Expression",
                    "_currentParameterDefs" : [ ]
                  },
                  "Widgets" : [ ]
                } ]
              },
              "mashupType" : "mashup"
            }
            ]]>
            </mashupContent>
            <preview></preview>
        </Mashup>
    </Mashups>
</Entities>
