<?xml version="1.0" encoding="UTF-8"?>
<Entities
 majorVersion="9"
 minorVersion="3"
 universal="password">
    <Mashups>
        <Mashup
         aspect.isFlex="true"
         aspect.isResponsive="true"
         aspect.mashupType="mashup"
         columns="0.0"
         description=""
         documentationContent=""
         homeMashup=""
         name="KBKpiDbLocalDailyTimeSeriesMashup"
         projectName="KBsmartKPI"
         rows="0.0"
         tags="KBThingWorxInstallationVocabulary:ExtensionSmartKPI">
            <avatar></avatar>
            <DesignTimePermissions>
                <Create></Create>
                <Read></Read>
                <Update></Update>
                <Delete></Delete>
                <Metadata></Metadata>
            </DesignTimePermissions>
            <RunTimePermissions>
                <Permissions
                 resourceName="*">
                    <PropertyRead>
                        <Principal
                         isPermitted="true"
                         name="KBUserGroup"
                         type="Group"></Principal>
                    </PropertyRead>
                    <PropertyWrite></PropertyWrite>
                    <ServiceInvoke>
                        <Principal
                         isPermitted="true"
                         name="KBUserGroup"
                         type="Group"></Principal>
                    </ServiceInvoke>
                    <EventInvoke></EventInvoke>
                    <EventSubscribe></EventSubscribe>
                </Permissions>
            </RunTimePermissions>
            <VisibilityPermissions>
                <Visibility>
                    <Principal
                     isPermitted="true"
                     name="KBOrganization"
                     type="Organization"></Principal>
                </Visibility>
            </VisibilityPermissions>
            <ConfigurationTableDefinitions></ConfigurationTableDefinitions>
            <ConfigurationTables>
                <ConfigurationTable
                 dataShapeName=""
                 description="Mashup Mobile Settings"
                 isHidden="true"
                 isMultiRow="false"
                 name="MobileSettings"
                 ordinal="0">
                    <DataShape>
                        <FieldDefinitions>
                            <FieldDefinition
                             aspect.defaultValue="false"
                             aspect.friendlyName="Disable Zoom"
                             baseType="BOOLEAN"
                             description="Disables zooming in and out within the mashup"
                             name="disableZoom"
                             ordinal="0"></FieldDefinition>
                            <FieldDefinition
                             aspect.defaultValue="true"
                             aspect.friendlyName="Full Screen Mode"
                             baseType="BOOLEAN"
                             description="Open the mashup in full screen mode"
                             name="fullScreenMode"
                             ordinal="0"></FieldDefinition>
                            <FieldDefinition
                             aspect.friendlyName="Height"
                             baseType="STRING"
                             description="The height of the mashup page"
                             name="height"
                             ordinal="0"></FieldDefinition>
                            <FieldDefinition
                             aspect.defaultValue="device-height"
                             aspect.friendlyName="Height Type"
                             baseType="STRING"
                             description="Use the height of the device display, or a custom height (in px)"
                             name="heightType"
                             ordinal="0"></FieldDefinition>
                            <FieldDefinition
                             aspect.defaultValue="1.0"
                             aspect.friendlyName="Initial Scale"
                             baseType="NUMBER"
                             description="The initial zoom scale when the mashup is loaded for the first time"
                             name="initialScale"
                             ordinal="0"></FieldDefinition>
                            <FieldDefinition
                             aspect.friendlyName="Shortcut Icon Title"
                             baseType="STRING"
                             description="A title for the mashup shortcut on the iOS home screen"
                             name="iosShortcutIconTitle"
                             ordinal="0"></FieldDefinition>
                            <FieldDefinition
                             aspect.defaultValue="black-translucent"
                             aspect.friendlyName="Status Bar Appearance"
                             baseType="STRING"
                             description="The style of the iOS status bar"
                             name="iosStatusBarAppearance"
                             ordinal="0"></FieldDefinition>
                            <FieldDefinition
                             aspect.defaultValue="10.0"
                             aspect.friendlyName="Maximum Scale"
                             baseType="NUMBER"
                             description="The maximum scale that users can zoom out to"
                             name="maximumScale"
                             ordinal="0"></FieldDefinition>
                            <FieldDefinition
                             aspect.defaultValue="0.1"
                             aspect.friendlyName="Minimum Scale"
                             baseType="NUMBER"
                             description="The minimum scale that users can zoom out to"
                             name="minimumScale"
                             ordinal="0"></FieldDefinition>
                            <FieldDefinition
                             aspect.friendlyName="Width"
                             baseType="STRING"
                             description="The width of the mashup page"
                             name="width"
                             ordinal="0"></FieldDefinition>
                            <FieldDefinition
                             aspect.defaultValue="device-width"
                             aspect.friendlyName="Width Type"
                             baseType="STRING"
                             description="Use the width of the device display, or a custom width (in px)"
                             name="widthType"
                             ordinal="0"></FieldDefinition>
                        </FieldDefinitions>
                    </DataShape>
                    <Rows>
                        <Row>
                            <disableZoom>false</disableZoom>
                            <fullScreenMode>true</fullScreenMode>
                            <height></height>
                            <heightType>
                            <![CDATA[
                            device-height
                            ]]>
                            </heightType>
                            <initialScale>1.0</initialScale>
                            <iosShortcutIconTitle></iosShortcutIconTitle>
                            <iosStatusBarAppearance>
                            <![CDATA[
                            black-translucent
                            ]]>
                            </iosStatusBarAppearance>
                            <maximumScale>10.0</maximumScale>
                            <minimumScale>0.1</minimumScale>
                            <width></width>
                            <widthType>
                            <![CDATA[
                            device-width
                            ]]>
                            </widthType>
                        </Row>
                    </Rows>
                </ConfigurationTable>
            </ConfigurationTables>
            <ParameterDefinitions>
                <FieldDefinition
                 aspect.bindingDirection="BOTH"
                 aspect.isMandatory="false"
                 baseType="STRING"
                 description=""
                 name="MachineThingName"
                 ordinal="0"></FieldDefinition>
                <FieldDefinition
                 aspect.bindingDirection="BOTH"
                 aspect.dataShape="KBNameForMenuDataShape"
                 aspect.isDataTableEntry="true"
                 aspect.isMandatory="false"
                 baseType="INFOTABLE"
                 description=""
                 name="SelectedKPI"
                 ordinal="0"></FieldDefinition>
            </ParameterDefinitions>
            <Things></Things>
            <ThingShapes></ThingShapes>
            <ThingTemplates></ThingTemplates>
            <mashupContent>
            <![CDATA[
            {
              "CustomMashupCss" : "",
              "Data" : {
                "Session" : {
                  "DataName" : "Session",
                  "EntityName" : "",
                  "EntityType" : "Session",
                  "Id" : "session",
                  "Services" : [ {
                    "APIMethod" : "post",
                    "Characteristic" : "Services",
                    "Id" : "SessionInterface",
                    "Name" : "GetGlobalSessionValues",
                    "Parameters" : { },
                    "RefreshInterval" : 0,
                    "Target" : "GetGlobalSessionValues"
                  } ]
                },
                "Things_KBSmartKPIHelperThing" : {
                  "DataName" : "Things_KBSmartKPIHelperThing",
                  "EntityName" : "KBSmartKPIHelperThing",
                  "EntityType" : "Things",
                  "Id" : "2b735025-d83c-4aad-b468-584b27a19bd3",
                  "RefreshInterval" : 0,
                  "Services" : [ {
                    "APIMethod" : "post",
                    "Characteristic" : "Services",
                    "Id" : "5f3c5cbf-aadc-4a12-90fc-7641ec065890",
                    "Name" : "GetMultiselctLast30KpiTruck",
                    "Parameters" : { },
                    "RefreshInterval" : 0,
                    "Target" : "GetMultiselctLast30KpiTruck"
                  } ]
                },
                "Things_KBTimeHelperThing" : {
                  "DataName" : "Things_KBTimeHelperThing",
                  "EntityName" : "KBTimeHelperThing",
                  "EntityType" : "Things",
                  "Id" : "8ff2891f-678f-4c77-bf6a-1d42bf38a9cf",
                  "Services" : [ {
                    "APIMethod" : "post",
                    "Characteristic" : "Services",
                    "Id" : "9fbe53d5-190b-4399-b8f4-fda142819e97",
                    "Name" : "GetNow",
                    "Parameters" : {
                      "RoundToNextHour" : true
                    },
                    "RefreshInterval" : 0,
                    "Target" : "GetNow"
                  }, {
                    "APIMethod" : "post",
                    "Characteristic" : "Services",
                    "Id" : "f0f11089-0e5a-46ca-9d34-592d760b1149",
                    "Name" : "GetLast30dStart",
                    "Parameters" : {
                      "RoundToNextHour" : true
                    },
                    "RefreshInterval" : 0,
                    "Target" : "GetLast30dStart"
                  } ]
                },
                "UserExtensions" : {
                  "DataName" : "UserExtensions",
                  "EntityName" : "",
                  "EntityType" : "UserExtensions",
                  "Id" : "UserExtensions",
                  "Services" : [ {
                    "APIMethod" : "post",
                    "Characteristic" : "Services",
                    "Id" : "UserExtensionInterface",
                    "Name" : "GetCurrentUserExtensionProperties",
                    "Parameters" : { },
                    "RefreshInterval" : 0,
                    "Target" : "GetCurrentUserExtensionProperties"
                  } ]
                }
              },
              "DataBindings" : [ {
                "Id" : "a5dc55fb-1a3a-457e-a294-587193e420c6",
                "PropertyMaps" : [ {
                  "SourceProperty" : "result",
                  "SourcePropertyBaseType" : "DATETIME",
                  "SourcePropertyType" : "Field",
                  "TargetProperty" : "XAxisMinimumValues",
                  "TargetPropertyBaseType" : "NUMBER",
                  "TargetPropertyType" : "property"
                } ],
                "SourceArea" : "Data",
                "SourceDetails" : "AllData",
                "SourceId" : "GetLast30dStart",
                "SourceName" : "GetLast30dStart",
                "SourceSection" : "Things_KBTimeHelperThing",
                "TargetArea" : "UI",
                "TargetId" : "ptcschartline-11",
                "TargetSection" : ""
              }, {
                "Id" : "530d71c0-7db7-4ad3-968f-76a73835e6ab",
                "PropertyMaps" : [ {
                  "SourceProperty" : "result",
                  "SourcePropertyBaseType" : "DATETIME",
                  "SourcePropertyType" : "Field",
                  "TargetProperty" : "XAxisMaximumValues",
                  "TargetPropertyBaseType" : "NUMBER",
                  "TargetPropertyType" : "property"
                } ],
                "SourceArea" : "Data",
                "SourceDetails" : "AllData",
                "SourceId" : "GetNow",
                "SourceSection" : "Things_KBTimeHelperThing",
                "TargetArea" : "UI",
                "TargetId" : "ptcschartline-11",
                "TargetSection" : ""
              }, {
                "Id" : "18a040d2-e6ab-429a-b74f-0a06bc65afae",
                "PropertyMaps" : [ {
                  "SourceProperty" : "MachineThingName",
                  "SourcePropertyBaseType" : "STRING",
                  "SourcePropertyType" : "property",
                  "TargetProperty" : "Machine",
                  "TargetPropertyBaseType" : "STRING",
                  "TargetPropertyType" : "Parameter"
                } ],
                "SourceArea" : "Mashup",
                "SourceId" : "mashup-root",
                "SourceSection" : "",
                "TargetArea" : "Data",
                "TargetId" : "GetMultiselctLast30KpiTruck",
                "TargetSection" : "Things_KBSmartKPIHelperThing"
              }, {
                "Id" : "1e7a5505-16fe-4d10-bbf7-6a347ee3d16f",
                "PropertyMaps" : [ {
                  "SourceProperty" : "SelectedKPI",
                  "SourcePropertyBaseType" : "INFOTABLE",
                  "SourcePropertyType" : "property",
                  "TargetProperty" : "SelectedKPIList",
                  "TargetPropertyBaseType" : "INFOTABLE",
                  "TargetPropertyType" : "Parameter"
                } ],
                "SourceArea" : "Mashup",
                "SourceId" : "mashup-root",
                "SourceSection" : "",
                "TargetArea" : "Data",
                "TargetId" : "GetMultiselctLast30KpiTruck",
                "TargetSection" : "Things_KBSmartKPIHelperThing"
              }, {
                "Id" : "78b43567-5051-482b-9020-4e9966d7f32d",
                "PropertyMaps" : [ {
                  "SourceProperty" : "",
                  "SourcePropertyBaseType" : "INFOTABLE",
                  "SourcePropertyType" : "InfoTable",
                  "TargetProperty" : "Data",
                  "TargetPropertyBaseType" : "INFOTABLE",
                  "TargetPropertyType" : "property"
                } ],
                "SourceArea" : "Data",
                "SourceDetails" : "AllData",
                "SourceId" : "GetMultiselctLast30KpiTruck",
                "SourceSection" : "Things_KBSmartKPIHelperThing",
                "TargetArea" : "UI",
                "TargetId" : "ptcschartline-11",
                "TargetSection" : ""
              } ],
              "DesignTimePermissions" : { },
              "Events" : [ {
                "EventHandlerArea" : "Data",
                "EventHandlerId" : "Things_KBTimeHelperThing",
                "EventHandlerService" : "GetLast30dStart",
                "EventTriggerArea" : "Mashup",
                "EventTriggerEvent" : "Loaded",
                "EventTriggerId" : "mashup-root",
                "EventTriggerSection" : "",
                "Id" : "15ebc404-4980-492e-a665-0ad28cab2419"
              }, {
                "EventHandlerArea" : "Data",
                "EventHandlerId" : "Things_KBTimeHelperThing",
                "EventHandlerService" : "GetLast30dStart",
                "EventTriggerArea" : "Mashup",
                "EventTriggerEvent" : "RefreshRequested",
                "EventTriggerId" : "mashup-root",
                "EventTriggerSection" : "",
                "Id" : "2991627a-98d3-4e71-bd37-c58bc82e963e"
              }, {
                "EventHandlerArea" : "Data",
                "EventHandlerId" : "Things_KBTimeHelperThing",
                "EventHandlerService" : "GetLast30dStart",
                "EventTriggerArea" : "Mashup",
                "EventTriggerEvent" : "MachineThingNameChanged",
                "EventTriggerId" : "mashup-root",
                "EventTriggerSection" : "",
                "Id" : "479a1a80-99ac-47bf-bed9-bd23143c9586"
              }, {
                "EventHandlerArea" : "Data",
                "EventHandlerId" : "Things_KBTimeHelperThing",
                "EventHandlerService" : "GetNow",
                "EventTriggerArea" : "Mashup",
                "EventTriggerEvent" : "Loaded",
                "EventTriggerId" : "mashup-root",
                "EventTriggerSection" : "",
                "Id" : "f4ae405c-deb6-4041-ab6a-4a6b838b62c8"
              }, {
                "EventHandlerArea" : "Data",
                "EventHandlerId" : "Things_KBSmartKPIHelperThing",
                "EventHandlerService" : "GetMultiselctLast30KpiTruck",
                "EventTriggerArea" : "Mashup",
                "EventTriggerEvent" : "Loaded",
                "EventTriggerId" : "mashup-root",
                "EventTriggerSection" : "",
                "Id" : "de73c227-e083-4167-a62d-321dfebe0ff2"
              }, {
                "EventHandlerArea" : "Data",
                "EventHandlerId" : "Things_KBSmartKPIHelperThing",
                "EventHandlerService" : "GetMultiselctLast30KpiTruck",
                "EventTriggerArea" : "Mashup",
                "EventTriggerEvent" : "RefreshRequested",
                "EventTriggerId" : "mashup-root",
                "EventTriggerSection" : "",
                "Id" : "a94d0e57-c559-4d5a-a42d-efc186e7123e"
              }, {
                "EventHandlerArea" : "Data",
                "EventHandlerId" : "Things_KBSmartKPIHelperThing",
                "EventHandlerService" : "GetMultiselctLast30KpiTruck",
                "EventTriggerArea" : "Mashup",
                "EventTriggerEvent" : "MachineThingNameChanged",
                "EventTriggerId" : "mashup-root",
                "EventTriggerSection" : "",
                "Id" : "032b998d-9d2f-4dc9-961f-b2d52649eeeb"
              }, {
                "EventHandlerArea" : "Data",
                "EventHandlerId" : "Things_KBSmartKPIHelperThing",
                "EventHandlerService" : "GetMultiselctLast30KpiTruck",
                "EventTriggerArea" : "Mashup",
                "EventTriggerEvent" : "SelectedKPIChanged",
                "EventTriggerId" : "mashup-root",
                "EventTriggerSection" : "",
                "Id" : "58d76239-7856-4287-9021-475b61f3ca2b"
              }, {
                "EventHandlerArea" : "Data",
                "EventHandlerId" : "Things_KBSmartKPIHelperThing",
                "EventHandlerService" : "GetMultiselctLast30KpiTruck",
                "EventTriggerArea" : "Data",
                "EventTriggerEvent" : "ServiceInvokeCompleted",
                "EventTriggerId" : "GetNow",
                "EventTriggerSection" : "Things_KBTimeHelperThing",
                "Id" : "26e91533-2735-4942-ada0-0da629930bde"
              } ],
              "Reminders" : [ ],
              "RunTimePermissions" : { },
              "UI" : {
                "Properties" : {
                  "AddToDashboardButton" : "SimplePlus",
                  "AddToDashboardButtonStyle" : "DefaultAddToDashboardButtonStyle",
                  "Area" : "Mashup",
                  "BGImage" : "",
                  "BGImageRepeat" : "no-repeat",
                  "BGImageSize" : "auto",
                  "Columns" : 0,
                  "ConfigureGadgetButton" : "SimpleGear",
                  "ConfigureGadgetButtonStyle" : "DefaultConfigureGadgetButtonStyle",
                  "DisplayName" : "Mashup",
                  "EnableParameterEditing" : false,
                  "Height" : 618,
                  "Id" : "mashup-root",
                  "IgnoreWarningsInViewMashup" : false,
                  "IsPrintLayout" : false,
                  "Left" : 0,
                  "MachineThingName" : "-nothing-",
                  "Margin" : "5",
                  "MashupToEditGadget" : "DefaultMashupToEditGadget",
                  "MigratedOn" : "2023-04-11T12:41:01.000Z",
                  "MinHeight" : 0,
                  "MinWidth" : 0,
                  "ResponsiveLayout" : true,
                  "Rows" : 0,
                  "ShowDataLoading" : true,
                  "Style" : "DefaultMashupStyle",
                  "StyleProperties" : {
                    "data" : {
                      "ptcschartline-11" : {
                        "parts" : {
                          "chart-layout" : {
                            "$" : {
                              "padding-bottom" : "2px",
                              "padding-left" : "2px",
                              "padding-right" : "2px",
                              "padding-top" : "2px"
                            }
                          },
                          "title-area" : {
                            "$" : {
                              "background" : "rgba(0,69,126,1)"
                            }
                          },
                          "title-label" : {
                            "$" : {
                              "color" : "rgba(255,255,255,1)"
                            }
                          },
                          "xaxis-tick-label" : {
                            "$" : {
                              "font-weight" : "600"
                            }
                          },
                          "yaxis-tick-label" : {
                            "$" : {
                              "font-weight" : "600"
                            }
                          },
                          "yaxis2-tick-label" : {
                            "$" : {
                              "font-weight" : "600"
                            }
                          }
                        },
                        "widget" : "ptcs-chart-line"
                      }
                    },
                    "meta" : {
                      "type" : "WidgetStyler",
                      "version" : "1.0"
                    }
                  },
                  "StyleTheme" : "KBStandardStyleTheme",
                  "Title" : "",
                  "TitleBar" : false,
                  "TitleBarStyle" : "DefaultTitleBarStyle",
                  "TitleBarText" : "Gadget Title Here",
                  "Top" : 0,
                  "Type" : "mashup",
                  "UseMasterTheme" : false,
                  "UseTheme" : false,
                  "Visible" : true,
                  "Width" : 1024,
                  "Z-index" : 10,
                  "__TypeDisplayName" : "Mashup",
                  "_currentParameterDefs" : [ {
                    "Aspects" : {
                      "bindingDirection" : "BOTH",
                      "isMandatory" : false
                    },
                    "BaseType" : "STRING",
                    "DefaultValue" : "-nothing-",
                    "Description" : "",
                    "ParameterName" : "MachineThingName"
                  }, {
                    "Aspects" : {
                      "bindingDirection" : "BOTH",
                      "dataShape" : "KBNameForMenuDataShape",
                      "isDataTableEntry" : true,
                      "isMandatory" : false
                    },
                    "BaseType" : "INFOTABLE",
                    "Description" : "",
                    "ParameterName" : "SelectedKPI"
                  } ],
                  "id_index" : 12,
                  "supportsAutoResize" : true
                },
                "Widgets" : [ {
                  "Properties" : {
                    "Area" : "UI",
                    "CollapseTabIcon" : "",
                    "DisplayName" : "container-12",
                    "EnableContainerUnload" : false,
                    "EnableExpandCollapse" : false,
                    "ExpandCollapseTabLocation" : "inside",
                    "ExpandTabIcon" : "",
                    "Expanded" : true,
                    "Id" : "flexcontainer-12",
                    "LastContainer" : true,
                    "LazyLoading" : false,
                    "Margin" : "",
                    "Overlay" : false,
                    "ResponsiveLayout" : true,
                    "Scrolling" : "auto-scroll",
                    "ShowDataLoading" : true,
                    "ShowExpandCollapseTab" : false,
                    "SourceURL" : "",
                    "Style" : "DefaultContainerStyle",
                    "StyleProperties" : { },
                    "Type" : "flexcontainer",
                    "UseTheme" : true,
                    "Visible" : true,
                    "Z-index" : 10,
                    "align-content" : "flex-start",
                    "align-items" : "flex-start",
                    "flex-basis" : "auto",
                    "flex-direction" : "row",
                    "flex-grow" : 1,
                    "flex-max-height" : "",
                    "flex-max-width" : "",
                    "flex-min-height" : "",
                    "flex-min-width" : "",
                    "flex-shrink" : 1,
                    "flex-size" : "default",
                    "flex-wrap" : "nowrap",
                    "iconClass" : "widgets-flexcontainer",
                    "justify-content" : "flex-start",
                    "positioning" : "responsive",
                    "userCannotRemove" : true
                  },
                  "Widgets" : [ {
                    "Properties" : {
                      "Area" : "UI",
                      "ChartMinWidth" : 450,
                      "ChartType" : "runchart",
                      "CurveFitting" : "linear",
                      "DataField1" : "KPI0",
                      "DataField2" : "KPI1",
                      "DataField3" : "KPI2",
                      "DataField4" : "KPI3",
                      "DataField5" : "KPI4",
                      "DataField6" : "KPI5",
                      "DataLabel1" : "",
                      "DataLabel10" : "",
                      "DataLabel11" : "",
                      "DataLabel12" : "",
                      "DataLabel13" : "",
                      "DataLabel14" : "",
                      "DataLabel15" : "",
                      "DataLabel16" : "",
                      "DataLabel17" : "",
                      "DataLabel18" : "",
                      "DataLabel19" : "",
                      "DataLabel2" : "",
                      "DataLabel20" : "",
                      "DataLabel21" : "",
                      "DataLabel22" : "",
                      "DataLabel23" : "",
                      "DataLabel24" : "",
                      "DataLabel3" : "",
                      "DataLabel4" : "",
                      "DataLabel5" : "",
                      "DataLabel6" : "",
                      "DataLabel7" : "",
                      "DataLabel8" : "",
                      "DataLabel9" : "",
                      "DataPointSelection" : "auto",
                      "DataSeriesStyle10_StateParameters" : [ ],
                      "DataSeriesStyle11_StateParameters" : [ ],
                      "DataSeriesStyle12_StateParameters" : [ ],
                      "DataSeriesStyle13_StateParameters" : [ ],
                      "DataSeriesStyle14_StateParameters" : [ ],
                      "DataSeriesStyle15_StateParameters" : [ ],
                      "DataSeriesStyle16_StateParameters" : [ ],
                      "DataSeriesStyle17_StateParameters" : [ ],
                      "DataSeriesStyle18_StateParameters" : [ ],
                      "DataSeriesStyle19_StateParameters" : [ ],
                      "DataSeriesStyle1_StateParameters" : [ ],
                      "DataSeriesStyle20_StateParameters" : [ ],
                      "DataSeriesStyle21_StateParameters" : [ ],
                      "DataSeriesStyle22_StateParameters" : [ ],
                      "DataSeriesStyle23_StateParameters" : [ ],
                      "DataSeriesStyle24_StateParameters" : [ ],
                      "DataSeriesStyle2_StateParameters" : [ ],
                      "DataSeriesStyle3_StateParameters" : [ ],
                      "DataSeriesStyle4_StateParameters" : [ ],
                      "DataSeriesStyle5_StateParameters" : [ ],
                      "DataSeriesStyle6_StateParameters" : [ ],
                      "DataSeriesStyle7_StateParameters" : [ ],
                      "DataSeriesStyle8_StateParameters" : [ ],
                      "DataSeriesStyle9_StateParameters" : [ ],
                      "DataSeriesStyle_StateParameters" : [ ],
                      "DateRangeHintText" : "[[selectDateAndTime]]",
                      "DirectSelectionZoom" : "none",
                      "Disabled" : false,
                      "DisplayName" : "timeserieschart-11",
                      "DragSelectionZoom" : "none",
                      "FillContainer" : true,
                      "Height" : 240,
                      "HideLegend" : true,
                      "HideLegendLabel" : "[[hideLegend]]",
                      "HideLines" : false,
                      "HideMarkers" : true,
                      "HideNotes" : false,
                      "HideValues" : true,
                      "HideXAxis" : false,
                      "HideYAxis" : false,
                      "HorizontalAxisMaxHeight" : 85,
                      "HorizontalEndZoomLabel" : "",
                      "HorizontalIntervalAnchorPoint" : "start",
                      "HorizontalIntervalAnchorPointLabel" : "",
                      "HorizontalIntervalControl" : "none",
                      "HorizontalIntervalControlLabel" : "",
                      "HorizontalRangeZoom" : false,
                      "HorizontalSliderZoom" : false,
                      "HorizontalSliderZoomMaxLabel" : "",
                      "HorizontalSliderZoomMinLabel" : "",
                      "HorizontalStartZoomLabel" : "",
                      "HorizontalZoom" : true,
                      "Id" : "ptcschartline-11",
                      "Label" : "Daily Based (last 30 days)",
                      "LabelAlignment" : "center",
                      "LabelPosition" : "top",
                      "LabelReset" : "[[reset]]",
                      "LabelType" : "title",
                      "LastContainer" : false,
                      "Left" : null,
                      "LegendAlignment" : "start",
                      "LegendFilter" : false,
                      "LegendMarkerShapes" : "square",
                      "LegendMaxWidth" : 736,
                      "LegendPosition" : "right",
                      "Margin" : "0",
                      "MarkerShape" : "circle",
                      "MarkerSize" : 6,
                      "MultipleDataSources" : false,
                      "Notes" : "",
                      "NotesAlignment" : "left",
                      "NotesPosition" : "bottom",
                      "NumberOfReferenceLines" : 0,
                      "NumberOfSeries" : 6,
                      "NumberOfXLabels" : 3,
                      "NumberOfYLabels" : 3,
                      "PointerType" : "auto",
                      "ReferenceLine10Axis" : "xaxis",
                      "ReferenceLine10Value" : "",
                      "ReferenceLine11Axis" : "xaxis",
                      "ReferenceLine11Value" : "",
                      "ReferenceLine12Axis" : "xaxis",
                      "ReferenceLine12Value" : "",
                      "ReferenceLine13Axis" : "xaxis",
                      "ReferenceLine13Value" : "",
                      "ReferenceLine14Axis" : "xaxis",
                      "ReferenceLine14Value" : "",
                      "ReferenceLine15Axis" : "xaxis",
                      "ReferenceLine15Value" : "",
                      "ReferenceLine16Axis" : "xaxis",
                      "ReferenceLine16Value" : "",
                      "ReferenceLine17Axis" : "xaxis",
                      "ReferenceLine17Value" : "",
                      "ReferenceLine18Axis" : "xaxis",
                      "ReferenceLine18Value" : "",
                      "ReferenceLine19Axis" : "xaxis",
                      "ReferenceLine19Value" : "",
                      "ReferenceLine1Axis" : "xaxis",
                      "ReferenceLine1Value" : "",
                      "ReferenceLine20Axis" : "xaxis",
                      "ReferenceLine20Value" : "",
                      "ReferenceLine21Axis" : "xaxis",
                      "ReferenceLine21Value" : "",
                      "ReferenceLine22Axis" : "xaxis",
                      "ReferenceLine22Value" : "",
                      "ReferenceLine23Axis" : "xaxis",
                      "ReferenceLine23Value" : "",
                      "ReferenceLine24Axis" : "xaxis",
                      "ReferenceLine24Value" : "",
                      "ReferenceLine2Axis" : "xaxis",
                      "ReferenceLine2Value" : "",
                      "ReferenceLine3Axis" : "xaxis",
                      "ReferenceLine3Value" : "",
                      "ReferenceLine4Axis" : "xaxis",
                      "ReferenceLine4Value" : "",
                      "ReferenceLine5Axis" : "xaxis",
                      "ReferenceLine5Value" : "",
                      "ReferenceLine6Axis" : "xaxis",
                      "ReferenceLine6Value" : "",
                      "ReferenceLine7Axis" : "xaxis",
                      "ReferenceLine7Value" : "",
                      "ReferenceLine8Axis" : "xaxis",
                      "ReferenceLine8Value" : "",
                      "ReferenceLine9Axis" : "xaxis",
                      "ReferenceLine9Value" : "",
                      "ResetButtonType" : "transparent",
                      "ResponsiveLayout" : true,
                      "ReverseSecondYAxis" : false,
                      "ReverseXAxis" : false,
                      "ReverseYAxis" : false,
                      "RulersInFront" : false,
                      "SecondYAxis" : true,
                      "SecondYAxisFormat" : "0000.0",
                      "SecondYAxisLabel" : "",
                      "SecondYAxisLabelAlignment" : "center",
                      "SecondYAxisType" : "number",
                      "SelectionMode" : "single",
                      "Series10MarkerType" : "default",
                      "Series11MarkerType" : "default",
                      "Series12MarkerType" : "default",
                      "Series13MarkerType" : "default",
                      "Series14MarkerType" : "default",
                      "Series15MarkerType" : "default",
                      "Series16MarkerType" : "default",
                      "Series17MarkerType" : "default",
                      "Series18MarkerType" : "default",
                      "Series19MarkerType" : "default",
                      "Series1MarkerType" : "default",
                      "Series20MarkerType" : "default",
                      "Series21MarkerType" : "default",
                      "Series22MarkerType" : "default",
                      "Series23MarkerType" : "default",
                      "Series24MarkerType" : "default",
                      "Series2MarkerType" : "default",
                      "Series3MarkerType" : "default",
                      "Series4MarkerType" : "default",
                      "Series5MarkerType" : "default",
                      "Series6MarkerType" : "default",
                      "Series7MarkerType" : "default",
                      "Series8MarkerType" : "default",
                      "Series9MarkerType" : "default",
                      "SeriesStacking" : "none",
                      "SeriesStyle1" : "KPI1StyleDefiniiton",
                      "SeriesStyle10" : "DefaultChartStyle10",
                      "SeriesStyle11" : "DefaultChartStyle11",
                      "SeriesStyle12" : "DefaultChartStyle12",
                      "SeriesStyle13" : "DefaultChartStyle13",
                      "SeriesStyle14" : "DefaultChartStyle14",
                      "SeriesStyle15" : "DefaultChartStyle15",
                      "SeriesStyle16" : "DefaultChartStyle16",
                      "SeriesStyle2" : "KPI2StyleDefiniiton",
                      "SeriesStyle3" : "KPI3StyleDefiniiton",
                      "SeriesStyle4" : "KPI4StyleDefiniiton",
                      "SeriesStyle5" : "KPI5StyleDefiniiton",
                      "SeriesStyle6" : "KPI6StyleDefiniiton",
                      "SeriesStyle7" : "DefaultChartStyle7",
                      "SeriesStyle8" : "DefaultChartStyle8",
                      "SeriesStyle9" : "DefaultChartStyle9",
                      "ShowArea" : false,
                      "ShowDataLoading" : true,
                      "ShowHideLegend" : false,
                      "ShowHideLegendButtonType" : "transparent",
                      "ShowHorizontalAnchorPointControl" : false,
                      "ShowLegendLabel" : "[[showLegend]]",
                      "ShowXAxisRuler" : true,
                      "ShowYAxisRuler" : true,
                      "ShowZeroValueRuler" : false,
                      "ShowZoomButtons" : false,
                      "SparkView" : false,
                      "StackOrder" : "auto",
                      "StepPosition" : "center",
                      "StringClearAll" : "[[clearAll]]",
                      "StringEnd" : "[[endRange]]",
                      "StringSelectAll" : "[[selectAll]]",
                      "StringStart" : "[[startRange]]",
                      "TabSequence" : 0,
                      "Top" : null,
                      "Type" : "ptcschartline",
                      "UseSampleDataInRuntime" : false,
                      "UseSecondYAxis1" : true,
                      "UseSecondYAxis10" : false,
                      "UseSecondYAxis11" : false,
                      "UseSecondYAxis12" : false,
                      "UseSecondYAxis13" : false,
                      "UseSecondYAxis14" : false,
                      "UseSecondYAxis15" : false,
                      "UseSecondYAxis16" : false,
                      "UseSecondYAxis17" : false,
                      "UseSecondYAxis18" : false,
                      "UseSecondYAxis19" : false,
                      "UseSecondYAxis2" : false,
                      "UseSecondYAxis20" : false,
                      "UseSecondYAxis21" : false,
                      "UseSecondYAxis22" : false,
                      "UseSecondYAxis23" : false,
                      "UseSecondYAxis24" : false,
                      "UseSecondYAxis3" : false,
                      "UseSecondYAxis4" : false,
                      "UseSecondYAxis5" : false,
                      "UseSecondYAxis6" : false,
                      "UseSecondYAxis7" : false,
                      "UseSecondYAxis8" : false,
                      "UseSecondYAxis9" : false,
                      "UseTheme" : true,
                      "ValuesPosition" : "above",
                      "ValuesTooltip" : "[[LineChartDefaultTooltip]]",
                      "VerticalAxisMaxWidth" : 85,
                      "VerticalSliderZoom" : false,
                      "VerticalSliderZoomMaxLabel" : "",
                      "VerticalSliderZoomMinLabel" : "",
                      "VerticalZoom" : true,
                      "Visible" : true,
                      "Width" : 640,
                      "XAxisDateFormatToken" : "DD.MM.",
                      "XAxisField" : "KPIDateTime",
                      "XAxisFormat" : "0000.0",
                      "XAxisLabel" : "",
                      "XAxisLabelAlignment" : "start",
                      "XAxisLabelFormat" : "datetime",
                      "XAxisMaximumValues" : false,
                      "XAxisMinimumValues" : false,
                      "XAxisType" : "date",
                      "YAxisAutoscale" : true,
                      "YAxisDateFormatToken" : "",
                      "YAxisFormat" : "0000.0",
                      "YAxisLabel" : "",
                      "YAxisLabelAlignment" : "center",
                      "YAxisMinimumValues" : 0,
                      "YAxisRulerAlignment" : "primary",
                      "YAxisType" : "number",
                      "YAxisZeroscale" : true,
                      "Z-index" : 10,
                      "__TypeDisplayName" : "Time Series Chart"
                    },
                    "Widgets" : [ ]
                  } ]
                } ]
              },
              "mashupType" : "mashup"
            }
            ]]>
            </mashupContent>
            <preview></preview>
        </Mashup>
    </Mashups>
</Entities>
