<?xml version="1.0" encoding="UTF-8"?>
<Entities
 majorVersion="9"
 minorVersion="3"
 universal="password">
    <Mashups>
        <Mashup
         aspect.isFlex="true"
         aspect.isResponsive="true"
         aspect.mashupType="mashup"
         columns="0.0"
         description=""
         documentationContent=""
         homeMashup=""
         name="KBLocalSmartKPIMachineLevelProcessDataFrameMashup"
         projectName="KBsmartKPI"
         rows="0.0"
         tags="KBThingWorxInstallationVocabulary:ExtensionSmartKPI">
            <avatar></avatar>
            <DesignTimePermissions>
                <Create></Create>
                <Read></Read>
                <Update></Update>
                <Delete></Delete>
                <Metadata></Metadata>
            </DesignTimePermissions>
            <RunTimePermissions>
                <Permissions
                 resourceName="*">
                    <PropertyRead>
                        <Principal
                         isPermitted="true"
                         name="KBUserGroup"
                         type="Group"></Principal>
                    </PropertyRead>
                    <PropertyWrite></PropertyWrite>
                    <ServiceInvoke>
                        <Principal
                         isPermitted="true"
                         name="KBUserGroup"
                         type="Group"></Principal>
                    </ServiceInvoke>
                    <EventInvoke></EventInvoke>
                    <EventSubscribe></EventSubscribe>
                </Permissions>
            </RunTimePermissions>
            <VisibilityPermissions>
                <Visibility>
                    <Principal
                     isPermitted="true"
                     name="KBOrganization"
                     type="Organization"></Principal>
                </Visibility>
            </VisibilityPermissions>
            <ConfigurationTableDefinitions></ConfigurationTableDefinitions>
            <ConfigurationTables>
                <ConfigurationTable
                 dataShapeName=""
                 description="Mashup Mobile Settings"
                 isHidden="true"
                 isMultiRow="false"
                 name="MobileSettings"
                 ordinal="0">
                    <DataShape>
                        <FieldDefinitions>
                            <FieldDefinition
                             aspect.defaultValue="false"
                             aspect.friendlyName="Disable Zoom"
                             baseType="BOOLEAN"
                             description="Disables zooming in and out within the mashup"
                             name="disableZoom"
                             ordinal="0"></FieldDefinition>
                            <FieldDefinition
                             aspect.defaultValue="true"
                             aspect.friendlyName="Full Screen Mode"
                             baseType="BOOLEAN"
                             description="Open the mashup in full screen mode"
                             name="fullScreenMode"
                             ordinal="0"></FieldDefinition>
                            <FieldDefinition
                             aspect.friendlyName="Height"
                             baseType="STRING"
                             description="The height of the mashup page"
                             name="height"
                             ordinal="0"></FieldDefinition>
                            <FieldDefinition
                             aspect.defaultValue="device-height"
                             aspect.friendlyName="Height Type"
                             baseType="STRING"
                             description="Use the height of the device display, or a custom height (in px)"
                             name="heightType"
                             ordinal="0"></FieldDefinition>
                            <FieldDefinition
                             aspect.defaultValue="1.0"
                             aspect.friendlyName="Initial Scale"
                             baseType="NUMBER"
                             description="The initial zoom scale when the mashup is loaded for the first time"
                             name="initialScale"
                             ordinal="0"></FieldDefinition>
                            <FieldDefinition
                             aspect.friendlyName="Shortcut Icon Title"
                             baseType="STRING"
                             description="A title for the mashup shortcut on the iOS home screen"
                             name="iosShortcutIconTitle"
                             ordinal="0"></FieldDefinition>
                            <FieldDefinition
                             aspect.defaultValue="black-translucent"
                             aspect.friendlyName="Status Bar Appearance"
                             baseType="STRING"
                             description="The style of the iOS status bar"
                             name="iosStatusBarAppearance"
                             ordinal="0"></FieldDefinition>
                            <FieldDefinition
                             aspect.defaultValue="10.0"
                             aspect.friendlyName="Maximum Scale"
                             baseType="NUMBER"
                             description="The maximum scale that users can zoom out to"
                             name="maximumScale"
                             ordinal="0"></FieldDefinition>
                            <FieldDefinition
                             aspect.defaultValue="0.1"
                             aspect.friendlyName="Minimum Scale"
                             baseType="NUMBER"
                             description="The minimum scale that users can zoom out to"
                             name="minimumScale"
                             ordinal="0"></FieldDefinition>
                            <FieldDefinition
                             aspect.friendlyName="Width"
                             baseType="STRING"
                             description="The width of the mashup page"
                             name="width"
                             ordinal="0"></FieldDefinition>
                            <FieldDefinition
                             aspect.defaultValue="device-width"
                             aspect.friendlyName="Width Type"
                             baseType="STRING"
                             description="Use the width of the device display, or a custom width (in px)"
                             name="widthType"
                             ordinal="0"></FieldDefinition>
                        </FieldDefinitions>
                    </DataShape>
                    <Rows>
                        <Row>
                            <disableZoom>false</disableZoom>
                            <fullScreenMode>true</fullScreenMode>
                            <height></height>
                            <heightType>
                            <![CDATA[
                            device-height
                            ]]>
                            </heightType>
                            <initialScale>1.0</initialScale>
                            <iosShortcutIconTitle></iosShortcutIconTitle>
                            <iosStatusBarAppearance>
                            <![CDATA[
                            black-translucent
                            ]]>
                            </iosStatusBarAppearance>
                            <maximumScale>10.0</maximumScale>
                            <minimumScale>0.1</minimumScale>
                            <width></width>
                            <widthType>
                            <![CDATA[
                            device-width
                            ]]>
                            </widthType>
                        </Row>
                    </Rows>
                </ConfigurationTable>
            </ConfigurationTables>
            <ParameterDefinitions></ParameterDefinitions>
            <Things></Things>
            <ThingShapes></ThingShapes>
            <ThingTemplates></ThingTemplates>
            <mashupContent>
            <![CDATA[
            {
              "CustomMashupCss" : "",
              "Data" : {
                "DynamicThingTemplates_KBKPILocalThingWorxDatabaseTemplate" : {
                  "DataName" : "DynamicThingTemplates_KBKPILocalThingWorxDatabaseTemplate",
                  "EntityName" : "KBKPILocalThingWorxDatabaseTemplate",
                  "EntityType" : "DynamicThingTemplates",
                  "Id" : "8805df63-5713-49f2-9e37-d4b6b3bf7ac3",
                  "Services" : [ {
                    "APIMethod" : "post",
                    "Characteristic" : "Services",
                    "Id" : "50218a17-e11c-4705-a993-564985fa9320",
                    "Name" : "GetMachinesWithProcessDataFloatForVisualization",
                    "Parameters" : { },
                    "RefreshInterval" : 0,
                    "Target" : "GetMachinesWithProcessDataFloatForVisualization"
                  }, {
                    "APIMethod" : "post",
                    "Characteristic" : "Services",
                    "Id" : "12c568ca-728d-4008-acce-0d1b36df7795",
                    "Name" : "GetProcessDataFloatTypesPerMachineForVisualization",
                    "Parameters" : { },
                    "RefreshInterval" : 0,
                    "Target" : "GetProcessDataFloatTypesPerMachineForVisualization"
                  }, {
                    "APIMethod" : "post",
                    "Characteristic" : "Services",
                    "Id" : "a2bae2c4-dfca-490c-a6b0-02517259ace3",
                    "Name" : "GetProcessDataInputParameterForVisualizationRepeater",
                    "Parameters" : { },
                    "RefreshInterval" : 0,
                    "Target" : "GetProcessDataInputParameterForVisualizationRepeater"
                  } ]
                },
                "Resources_KBThingWorxServerSystem" : {
                  "DataName" : "Resources_KBThingWorxServerSystem",
                  "EntityName" : "KBThingWorxServerSystem",
                  "EntityType" : "Resources",
                  "Id" : "d14ee7fd-8557-4f36-8f11-1eeea75a3050",
                  "Services" : [ {
                    "APIMethod" : "post",
                    "Characteristic" : "Services",
                    "Id" : "01785451-aedc-4361-bbc9-982ff02af232",
                    "Name" : "GetKPILocalThingWorxDatabaseThing",
                    "Parameters" : { },
                    "RefreshInterval" : 0,
                    "Target" : "GetKPILocalThingWorxDatabaseThing"
                  } ]
                },
                "Session" : {
                  "DataName" : "Session",
                  "EntityName" : "",
                  "EntityType" : "Session",
                  "Id" : "session",
                  "Services" : [ {
                    "APIMethod" : "post",
                    "Characteristic" : "Services",
                    "Id" : "SessionInterface",
                    "Name" : "GetGlobalSessionValues",
                    "Parameters" : { },
                    "RefreshInterval" : 0,
                    "Target" : "GetGlobalSessionValues"
                  } ]
                },
                "UserExtensions" : {
                  "DataName" : "UserExtensions",
                  "EntityName" : "",
                  "EntityType" : "UserExtensions",
                  "Id" : "UserExtensions",
                  "Services" : [ {
                    "APIMethod" : "post",
                    "Characteristic" : "Services",
                    "Id" : "UserExtensionInterface",
                    "Name" : "GetCurrentUserExtensionProperties",
                    "Parameters" : { },
                    "RefreshInterval" : 0,
                    "Target" : "GetCurrentUserExtensionProperties"
                  } ]
                }
              },
              "DataBindings" : [ {
                "Id" : "4afb2c80-092c-46f1-82f8-3d42776dea86",
                "PropertyMaps" : [ {
                  "SourceProperty" : "Result",
                  "SourcePropertyBaseType" : "STRING",
                  "TargetProperty" : "value",
                  "TargetPropertyBaseType" : "THINGNAME",
                  "TargetPropertyType" : "Entity"
                } ],
                "SourceArea" : "Data",
                "SourceDetails" : "AllData",
                "SourceId" : "GetKPILocalThingWorxDatabaseThing",
                "SourceSection" : "Resources_KBThingWorxServerSystem",
                "TargetArea" : "Data",
                "TargetId" : "EntityName",
                "TargetSection" : "DynamicThingTemplates_KBKPILocalThingWorxDatabaseTemplate"
              }, {
                "Id" : "631ce1c1-d913-44b5-b193-078ab72de727",
                "PropertyMaps" : [ {
                  "SourceProperty" : "",
                  "SourcePropertyBaseType" : "INFOTABLE",
                  "SourcePropertyType" : "InfoTable",
                  "TargetProperty" : "Data",
                  "TargetPropertyBaseType" : "INFOTABLE",
                  "TargetPropertyType" : "property"
                } ],
                "SourceArea" : "Data",
                "SourceDetails" : "AllData",
                "SourceId" : "GetMachinesWithProcessDataFloatForVisualization",
                "SourceSection" : "DynamicThingTemplates_KBKPILocalThingWorxDatabaseTemplate",
                "TargetArea" : "UI",
                "TargetId" : "ptcslist-4",
                "TargetSection" : ""
              }, {
                "Id" : "bdb6b99a-9f65-49b0-a73b-91b14b153246",
                "PropertyMaps" : [ {
                  "SourceProperty" : "ThingName",
                  "SourcePropertyBaseType" : "STRING",
                  "TargetProperty" : "Machine",
                  "TargetPropertyBaseType" : "STRING",
                  "TargetPropertyType" : "Parameter"
                } ],
                "SourceArea" : "Data",
                "SourceDetails" : "SelectedRows",
                "SourceId" : "GetMachinesWithProcessDataFloatForVisualization",
                "SourceSection" : "DynamicThingTemplates_KBKPILocalThingWorxDatabaseTemplate",
                "TargetArea" : "Data",
                "TargetId" : "GetProcessDataFloatTypesPerMachineForVisualization",
                "TargetSection" : "DynamicThingTemplates_KBKPILocalThingWorxDatabaseTemplate"
              }, {
                "Id" : "6d58ed3e-7410-453f-bb52-e398b7798e6e",
                "PropertyMaps" : [ {
                  "SourceProperty" : "",
                  "SourcePropertyBaseType" : "INFOTABLE",
                  "SourcePropertyType" : "InfoTable",
                  "TargetProperty" : "Data",
                  "TargetPropertyBaseType" : "INFOTABLE",
                  "TargetPropertyType" : "property"
                } ],
                "SourceArea" : "Data",
                "SourceDetails" : "AllData",
                "SourceId" : "GetProcessDataFloatTypesPerMachineForVisualization",
                "SourceSection" : "DynamicThingTemplates_KBKPILocalThingWorxDatabaseTemplate",
                "TargetArea" : "UI",
                "TargetId" : "ptcslist-8",
                "TargetSection" : ""
              }, {
                "Id" : "813ccdbe-751c-4177-8ea1-62504f091169",
                "PropertyMaps" : [ {
                  "SourceProperty" : "ThingName",
                  "SourcePropertyBaseType" : "STRING",
                  "TargetProperty" : "Machine",
                  "TargetPropertyBaseType" : "STRING",
                  "TargetPropertyType" : "Parameter"
                } ],
                "SourceArea" : "Data",
                "SourceDetails" : "SelectedRows",
                "SourceId" : "GetMachinesWithProcessDataFloatForVisualization",
                "SourceSection" : "DynamicThingTemplates_KBKPILocalThingWorxDatabaseTemplate",
                "TargetArea" : "Data",
                "TargetId" : "GetProcessDataInputParameterForVisualizationRepeater",
                "TargetSection" : "DynamicThingTemplates_KBKPILocalThingWorxDatabaseTemplate"
              }, {
                "Id" : "99df614e-6fee-4e4d-a766-c6546803d0cc",
                "PropertyMaps" : [ {
                  "SourceProperty" : "",
                  "SourcePropertyBaseType" : "INFOTABLE",
                  "TargetProperty" : "ProcessDataTypes",
                  "TargetPropertyBaseType" : "INFOTABLE",
                  "TargetPropertyType" : "Parameter"
                } ],
                "SourceArea" : "Data",
                "SourceDetails" : "SelectedRows",
                "SourceId" : "GetProcessDataFloatTypesPerMachineForVisualization",
                "SourceSection" : "DynamicThingTemplates_KBKPILocalThingWorxDatabaseTemplate",
                "TargetArea" : "Data",
                "TargetId" : "GetProcessDataInputParameterForVisualizationRepeater",
                "TargetSection" : "DynamicThingTemplates_KBKPILocalThingWorxDatabaseTemplate"
              }, {
                "Id" : "a3491670-2959-4253-b682-afd9df715d2c",
                "PropertyMaps" : [ {
                  "SourceProperty" : "StartDateTime",
                  "SourcePropertyBaseType" : "DATETIME",
                  "TargetProperty" : "StartDate",
                  "TargetPropertyBaseType" : "DATETIME",
                  "TargetPropertyType" : "Parameter"
                } ],
                "SourceArea" : "UI",
                "SourceId" : "timeselector-21",
                "SourceSection" : "",
                "TargetArea" : "Data",
                "TargetId" : "GetProcessDataInputParameterForVisualizationRepeater",
                "TargetSection" : "DynamicThingTemplates_KBKPILocalThingWorxDatabaseTemplate"
              }, {
                "Id" : "17b4c5d4-b186-4ce9-901a-579c84ff8076",
                "PropertyMaps" : [ {
                  "SourceProperty" : "EndDateTime",
                  "SourcePropertyBaseType" : "DATETIME",
                  "TargetProperty" : "EndDate",
                  "TargetPropertyBaseType" : "DATETIME",
                  "TargetPropertyType" : "Parameter"
                } ],
                "SourceArea" : "UI",
                "SourceId" : "timeselector-21",
                "SourceSection" : "",
                "TargetArea" : "Data",
                "TargetId" : "GetProcessDataInputParameterForVisualizationRepeater",
                "TargetSection" : "DynamicThingTemplates_KBKPILocalThingWorxDatabaseTemplate"
              }, {
                "Id" : "f1da8d10-ffcd-465c-b41f-cd53fb8d7a5f",
                "PropertyMaps" : [ {
                  "SourceProperty" : "DisplayName",
                  "SourcePropertyBaseType" : "STRING",
                  "SourcePropertyType" : "Field",
                  "TargetProperty" : "LabelText",
                  "TargetPropertyBaseType" : "STRING",
                  "TargetPropertyType" : "property"
                } ],
                "SourceArea" : "Data",
                "SourceDetails" : "SelectedRows",
                "SourceId" : "GetMachinesWithProcessDataFloatForVisualization",
                "SourceSection" : "DynamicThingTemplates_KBKPILocalThingWorxDatabaseTemplate",
                "TargetArea" : "UI",
                "TargetId" : "ptcslabel-24",
                "TargetSection" : ""
              }, {
                "Id" : "b633ba5e-b1b9-4d33-85f2-1a29117d4913",
                "PropertyMaps" : [ {
                  "SourceProperty" : "",
                  "SourcePropertyBaseType" : "INFOTABLE",
                  "SourcePropertyType" : "InfoTable",
                  "TargetProperty" : "Data",
                  "TargetPropertyBaseType" : "INFOTABLE",
                  "TargetPropertyType" : "property"
                } ],
                "SourceArea" : "Data",
                "SourceDetails" : "AllData",
                "SourceId" : "GetProcessDataInputParameterForVisualizationRepeater",
                "SourceName" : "GetProcessDataInputParameterForVisualizationRepeater",
                "SourceSection" : "DynamicThingTemplates_KBKPILocalThingWorxDatabaseTemplate",
                "TargetArea" : "UI",
                "TargetId" : "collection-29",
                "TargetSection" : ""
              }, {
                "Id" : "cbb33204-2958-412d-8758-869e0b403f48",
                "PropertyMaps" : [ {
                  "SourceProperty" : "",
                  "SourcePropertyBaseType" : "INFOTABLE",
                  "SourcePropertyType" : "InfoTable",
                  "TargetProperty" : "Data",
                  "TargetPropertyBaseType" : "INFOTABLE",
                  "TargetPropertyType" : "property"
                } ],
                "SourceArea" : "Data",
                "SourceDetails" : "AllData",
                "SourceId" : "GetProcessDataInputParameterForVisualizationRepeater",
                "SourceName" : "GetProcessDataInputParameterForVisualizationRepeater",
                "SourceSection" : "DynamicThingTemplates_KBKPILocalThingWorxDatabaseTemplate",
                "TargetArea" : "UI",
                "TargetId" : "collection-30",
                "TargetSection" : ""
              } ],
              "DesignTimePermissions" : { },
              "Events" : [ {
                "EventHandlerArea" : "Data",
                "EventHandlerId" : "Resources_KBThingWorxServerSystem",
                "EventHandlerService" : "GetKPILocalThingWorxDatabaseThing",
                "EventTriggerArea" : "Mashup",
                "EventTriggerEvent" : "Loaded",
                "EventTriggerId" : "mashup-root",
                "EventTriggerSection" : "",
                "Id" : "8bc57299-3b34-4f70-8051-26407cc65647"
              }, {
                "EventHandlerArea" : "Data",
                "EventHandlerId" : "DynamicThingTemplates_KBKPILocalThingWorxDatabaseTemplate",
                "EventHandlerService" : "GetMachinesWithProcessDataFloatForVisualization",
                "EventTriggerArea" : "Data",
                "EventTriggerEvent" : "ServiceInvokeCompleted",
                "EventTriggerId" : "GetKPILocalThingWorxDatabaseThing",
                "EventTriggerSection" : "Resources_KBThingWorxServerSystem",
                "Id" : "65644fbe-a647-4b9d-8452-dbaed4ddb79b"
              }, {
                "EventHandlerArea" : "Data",
                "EventHandlerId" : "DynamicThingTemplates_KBKPILocalThingWorxDatabaseTemplate",
                "EventHandlerService" : "GetProcessDataFloatTypesPerMachineForVisualization",
                "EventTriggerArea" : "Data",
                "EventTriggerEvent" : "SelectedRowsChanged",
                "EventTriggerId" : "GetMachinesWithProcessDataFloatForVisualization",
                "EventTriggerSection" : "DynamicThingTemplates_KBKPILocalThingWorxDatabaseTemplate",
                "Id" : "4d4d713a-3ea2-43ce-8508-f4b361bf23b6"
              }, {
                "EventHandlerArea" : "Data",
                "EventHandlerId" : "DynamicThingTemplates_KBKPILocalThingWorxDatabaseTemplate",
                "EventHandlerService" : "GetProcessDataInputParameterForVisualizationRepeater",
                "EventTriggerArea" : "Data",
                "EventTriggerEvent" : "SelectedRowsChanged",
                "EventTriggerId" : "GetProcessDataFloatTypesPerMachineForVisualization",
                "EventTriggerSection" : "DynamicThingTemplates_KBKPILocalThingWorxDatabaseTemplate",
                "Id" : "fb19557a-9746-4acb-995d-80e5dce5c47c"
              }, {
                "EventHandlerArea" : "Data",
                "EventHandlerId" : "DynamicThingTemplates_KBKPILocalThingWorxDatabaseTemplate",
                "EventHandlerService" : "GetProcessDataInputParameterForVisualizationRepeater",
                "EventTriggerArea" : "UI",
                "EventTriggerEvent" : "Updated",
                "EventTriggerId" : "timeselector-21",
                "EventTriggerSection" : "",
                "Id" : "bcc3f0fd-9e5f-4be1-9a97-92e7b8724758"
              } ],
              "Reminders" : [ ],
              "RunTimePermissions" : { },
              "UI" : {
                "Properties" : {
                  "AddToDashboardButton" : "SimplePlus",
                  "AddToDashboardButtonStyle" : "DefaultAddToDashboardButtonStyle",
                  "Area" : "Mashup",
                  "BGImage" : "",
                  "BGImageRepeat" : "no-repeat",
                  "BGImageSize" : "auto",
                  "Columns" : 0,
                  "ConfigureGadgetButton" : "SimpleGear",
                  "ConfigureGadgetButtonStyle" : "DefaultConfigureGadgetButtonStyle",
                  "DisplayName" : "Mashup",
                  "EnableParameterEditing" : false,
                  "Height" : 618,
                  "Id" : "mashup-root",
                  "IgnoreWarningsInViewMashup" : false,
                  "IsPrintLayout" : false,
                  "Left" : 0,
                  "Margin" : "5",
                  "MashupToEditGadget" : "DefaultMashupToEditGadget",
                  "Master" : "KBSmartProductionMaster1Mashup",
                  "MigratedOn" : "2023-04-06T11:52:43.000Z",
                  "MinHeight" : 0,
                  "MinWidth" : 0,
                  "ResponsiveLayout" : true,
                  "Rows" : 0,
                  "ShowDataLoading" : true,
                  "Style" : "DefaultMashupStyle",
                  "StyleProperties" : {
                    "data" : {
                      "flexcontainer-1" : {
                        "parts" : {
                          "$" : {
                            "$" : {
                              "background" : "transparent"
                            }
                          }
                        },
                        "widget" : "flex-container"
                      },
                      "flexcontainer-10" : {
                        "parts" : {
                          "$" : {
                            "$" : {
                              "background" : "transparent"
                            }
                          }
                        },
                        "widget" : "flex-container"
                      },
                      "flexcontainer-13" : {
                        "parts" : {
                          "$" : {
                            "$" : {
                              "background" : "transparent"
                            }
                          }
                        },
                        "widget" : "flex-container"
                      },
                      "flexcontainer-25" : {
                        "parts" : {
                          "$" : {
                            "$" : {
                              "background" : "transparent"
                            }
                          }
                        },
                        "widget" : "flex-container"
                      },
                      "flexcontainer-5" : {
                        "parts" : {
                          "$" : {
                            "$" : {
                              "background" : "transparent"
                            }
                          }
                        },
                        "widget" : "flex-container"
                      }
                    },
                    "meta" : {
                      "type" : "WidgetStyler",
                      "version" : "1.0"
                    }
                  },
                  "StyleTheme" : "KBStandardStyleTheme",
                  "Title" : "",
                  "TitleBar" : false,
                  "TitleBarStyle" : "DefaultTitleBarStyle",
                  "TitleBarText" : "Gadget Title Here",
                  "Top" : 0,
                  "Type" : "mashup",
                  "UseMasterTheme" : false,
                  "UseTheme" : false,
                  "Visible" : true,
                  "Width" : 1024,
                  "Z-index" : 10,
                  "__TypeDisplayName" : "Mashup",
                  "id_index" : 30,
                  "supportsAutoResize" : true
                },
                "Widgets" : [ {
                  "Properties" : {
                    "Area" : "UI",
                    "CollapseTabIcon" : "",
                    "DisplayName" : "container-1",
                    "EnableContainerUnload" : false,
                    "EnableExpandCollapse" : false,
                    "ExpandCollapseTabLocation" : "inside",
                    "ExpandTabIcon" : "",
                    "Expanded" : true,
                    "Id" : "flexcontainer-1",
                    "LastContainer" : true,
                    "LazyLoading" : false,
                    "Margin" : "",
                    "Overlay" : false,
                    "ResponsiveLayout" : true,
                    "Scrolling" : "auto-scroll",
                    "ShowDataLoading" : true,
                    "ShowExpandCollapseTab" : false,
                    "SourceURL" : "",
                    "Style" : "DefaultContainerStyle",
                    "StyleProperties" : { },
                    "Type" : "flexcontainer",
                    "UseTheme" : true,
                    "Visible" : true,
                    "Z-index" : 10,
                    "__TypeDisplayName" : "Flex Container",
                    "align-content" : "flex-start",
                    "align-items" : "flex-start",
                    "flex-basis" : "auto",
                    "flex-direction" : "row",
                    "flex-grow" : 1,
                    "flex-max-height" : "",
                    "flex-max-width" : "",
                    "flex-min-height" : "",
                    "flex-min-width" : "",
                    "flex-shrink" : 1,
                    "flex-size" : "default",
                    "flex-wrap" : "nowrap",
                    "iconClass" : "widgets-flexcontainer",
                    "justify-content" : "flex-start",
                    "positioning" : "responsive",
                    "userCannotRemove" : true
                  },
                  "Widgets" : [ {
                    "Properties" : {
                      "Area" : "UI",
                      "CollapseTabIcon" : "",
                      "DisplayName" : "container-2",
                      "EnableContainerUnload" : false,
                      "EnableExpandCollapse" : true,
                      "ExpandCollapseTabLocation" : "outside",
                      "ExpandTabIcon" : "",
                      "Expanded" : true,
                      "Id" : "flexcontainer-2",
                      "LastContainer" : false,
                      "LazyLoading" : false,
                      "Margin" : "false 0 false false",
                      "Overlay" : false,
                      "ResponsiveLayout" : true,
                      "Scrolling" : "auto-scroll",
                      "ShowDataLoading" : true,
                      "ShowExpandCollapseTab" : false,
                      "SourceURL" : "",
                      "Style" : "DefaultContainerStyle",
                      "StyleProperties" : { },
                      "Type" : "flexcontainer",
                      "UseTheme" : true,
                      "Visible" : true,
                      "Z-index" : 10,
                      "__TypeDisplayName" : "Flex Container",
                      "align-content" : "flex-start",
                      "align-items" : "flex-start",
                      "flex-basis" : "auto",
                      "flex-direction" : "row",
                      "flex-grow" : 1,
                      "flex-max-height" : "",
                      "flex-max-width" : "100px",
                      "flex-min-height" : "",
                      "flex-min-width" : "100px",
                      "flex-shrink" : 1,
                      "flex-size" : "fixed",
                      "flex-wrap" : "nowrap",
                      "iconClass" : "widgets-flexcontainer-fixed",
                      "isLocked" : false,
                      "justify-content" : "flex-start",
                      "positioning" : "responsive",
                      "userCannotRemove" : false
                    },
                    "Widgets" : [ {
                      "Properties" : {
                        "Alignment" : "left",
                        "Area" : "UI",
                        "AutoSelectFirstRow" : true,
                        "ClearSelectedItemsLabel" : "[[clearSelectedItems]]",
                        "ClearSelectionItem" : false,
                        "ClearSelectionLabel" : "[[None]]",
                        "CriteriaMessage" : "",
                        "CriteriaMessageDetails" : "",
                        "Disabled" : false,
                        "DisplayField" : "DisplayName",
                        "DisplayName" : "dhxlist-4",
                        "EnableToolTips" : true,
                        "FillContainer" : true,
                        "FilterHintText" : "[[filter]]",
                        "Height" : 170,
                        "HintText" : "",
                        "Id" : "ptcslist-4",
                        "ItemMeta" : {
                          "type" : "text"
                        },
                        "Label" : "",
                        "LabelAlignment" : "left",
                        "LastContainer" : false,
                        "Left" : 25,
                        "ListFormat_StateParameters" : [ ],
                        "Margin" : "5",
                        "MultiSelect" : false,
                        "NumberOfItemsInDropdownView" : 6,
                        "RequiredMessage" : "A selection is required",
                        "ResponsiveLayout" : true,
                        "RowHeight" : 28,
                        "SelectAllLabel" : "[[selectAll]]",
                        "ShowDataLoading" : true,
                        "ShowListFilter" : false,
                        "ShowValidationCriteria" : false,
                        "ShowValidationFailure" : false,
                        "ShowValidationSuccess" : false,
                        "SuccessMessage" : "",
                        "SuccessMessageDetails" : "",
                        "TabSequence" : 0,
                        "Top" : 130,
                        "Type" : "ptcslist",
                        "UseTheme" : true,
                        "ValidationCriteriaIcon" : "cds:icon_info",
                        "ValidationFailureIcon" : "cds:icon_error",
                        "ValidationState" : "undefined",
                        "ValidationSuccessIcon" : "cds:icon_success",
                        "ValueField" : "ThingName",
                        "ValueRequired" : false,
                        "Visible" : true,
                        "Width" : 110,
                        "Z-index" : 10,
                        "__TypeDisplayName" : "List"
                      },
                      "Widgets" : [ ]
                    } ]
                  }, {
                    "Properties" : {
                      "Area" : "UI",
                      "CollapseTabIcon" : "",
                      "DisplayName" : "container-3",
                      "EnableContainerUnload" : false,
                      "EnableExpandCollapse" : false,
                      "ExpandCollapseTabLocation" : "inside",
                      "ExpandTabIcon" : "",
                      "Expanded" : true,
                      "Id" : "flexcontainer-3",
                      "LastContainer" : false,
                      "LazyLoading" : false,
                      "Margin" : "0 0 0 0",
                      "Overlay" : false,
                      "ResponsiveLayout" : true,
                      "ShowDataLoading" : true,
                      "ShowExpandCollapseTab" : false,
                      "SourceURL" : "",
                      "Style" : "DefaultContainerStyle",
                      "StyleProperties" : { },
                      "Type" : "flexcontainer",
                      "UseTheme" : true,
                      "Visible" : true,
                      "Z-index" : 10,
                      "__TypeDisplayName" : "Flex Container",
                      "align-content" : "flex-start",
                      "align-items" : "flex-start",
                      "flex-basis" : "auto",
                      "flex-direction" : "row",
                      "flex-grow" : 1,
                      "flex-max-height" : "",
                      "flex-max-width" : "",
                      "flex-min-height" : "",
                      "flex-min-width" : "",
                      "flex-shrink" : "0",
                      "flex-size" : "fixed",
                      "flex-wrap" : "nowrap",
                      "iconClass" : "widgets-flexcontainer",
                      "isLocked" : true,
                      "justify-content" : "flex-start",
                      "positioning" : "responsive",
                      "userCannotRemove" : false
                    },
                    "Widgets" : [ {
                      "Properties" : {
                        "Area" : "UI",
                        "CollapseTabIcon" : "",
                        "DisplayName" : "container-5",
                        "EnableContainerUnload" : false,
                        "EnableExpandCollapse" : false,
                        "ExpandCollapseTabLocation" : "inside",
                        "ExpandTabIcon" : "",
                        "Expanded" : true,
                        "Id" : "flexcontainer-5",
                        "LastContainer" : true,
                        "LazyLoading" : false,
                        "Margin" : "",
                        "Overlay" : false,
                        "ResponsiveLayout" : true,
                        "ShowDataLoading" : true,
                        "ShowExpandCollapseTab" : false,
                        "SourceURL" : "",
                        "Style" : "DefaultContainerStyle",
                        "StyleProperties" : { },
                        "Type" : "flexcontainer",
                        "UseTheme" : true,
                        "Visible" : true,
                        "Z-index" : 10,
                        "__TypeDisplayName" : "Flex Container",
                        "align-content" : "flex-start",
                        "align-items" : "flex-start",
                        "flex-basis" : "auto",
                        "flex-direction" : "row",
                        "flex-grow" : 1,
                        "flex-max-height" : "",
                        "flex-max-width" : "",
                        "flex-min-height" : "",
                        "flex-min-width" : "",
                        "flex-shrink" : "0",
                        "flex-size" : "default",
                        "flex-wrap" : "nowrap",
                        "iconClass" : "widgets-flexcontainer",
                        "isLocked" : true,
                        "justify-content" : "flex-start",
                        "positioning" : "responsive",
                        "userCannotRemove" : false
                      },
                      "Widgets" : [ {
                        "Properties" : {
                          "Area" : "UI",
                          "CollapseTabIcon" : "",
                          "DisplayName" : "container-6",
                          "EnableContainerUnload" : false,
                          "EnableExpandCollapse" : true,
                          "ExpandCollapseTabLocation" : "outside",
                          "ExpandTabIcon" : "",
                          "Expanded" : true,
                          "Id" : "flexcontainer-6",
                          "LastContainer" : false,
                          "LazyLoading" : false,
                          "Margin" : "false 5 false false",
                          "Overlay" : false,
                          "ResponsiveLayout" : true,
                          "Scrolling" : "auto-scroll",
                          "ShowDataLoading" : true,
                          "ShowExpandCollapseTab" : false,
                          "SourceURL" : "",
                          "Style" : "DefaultContainerStyle",
                          "StyleProperties" : { },
                          "Type" : "flexcontainer",
                          "UseTheme" : true,
                          "Visible" : true,
                          "Z-index" : 10,
                          "__TypeDisplayName" : "Flex Container",
                          "align-content" : "flex-start",
                          "align-items" : "flex-start",
                          "flex-basis" : "auto",
                          "flex-direction" : "row",
                          "flex-grow" : 1,
                          "flex-max-height" : "",
                          "flex-max-width" : "200px",
                          "flex-min-height" : "",
                          "flex-min-width" : "200px",
                          "flex-shrink" : 1,
                          "flex-size" : "fixed",
                          "flex-wrap" : "nowrap",
                          "iconClass" : "widgets-flexcontainer-fixed",
                          "isLocked" : false,
                          "justify-content" : "flex-start",
                          "positioning" : "responsive",
                          "userCannotRemove" : false
                        },
                        "Widgets" : [ {
                          "Properties" : {
                            "Alignment" : "left",
                            "Area" : "UI",
                            "AutoSelectFirstRow" : false,
                            "ClearSelectedItemsLabel" : "[[clearSelectedItems]]",
                            "ClearSelectionItem" : false,
                            "ClearSelectionLabel" : "[[None]]",
                            "CriteriaMessage" : "",
                            "CriteriaMessageDetails" : "",
                            "Disabled" : false,
                            "DisplayField" : "DisplayName",
                            "DisplayName" : "dhxlist-8",
                            "EnableToolTips" : true,
                            "FillContainer" : true,
                            "FilterHintText" : "[[filter]]",
                            "Height" : 170,
                            "HintText" : "",
                            "Id" : "ptcslist-8",
                            "ItemMeta" : {
                              "type" : "text"
                            },
                            "Label" : "",
                            "LabelAlignment" : "left",
                            "LastContainer" : false,
                            "Left" : 0,
                            "ListFormat_StateParameters" : [ ],
                            "Margin" : "5",
                            "MultiSelect" : true,
                            "NumberOfItemsInDropdownView" : 6,
                            "RequiredMessage" : "A selection is required",
                            "ResponsiveLayout" : true,
                            "RowHeight" : 28,
                            "SelectAllLabel" : "[[selectAll]]",
                            "ShowDataLoading" : true,
                            "ShowListFilter" : false,
                            "ShowValidationCriteria" : false,
                            "ShowValidationFailure" : false,
                            "ShowValidationSuccess" : false,
                            "SuccessMessage" : "",
                            "SuccessMessageDetails" : "",
                            "TabSequence" : 0,
                            "Top" : 0,
                            "Type" : "ptcslist",
                            "UseTheme" : true,
                            "ValidationCriteriaIcon" : "cds:icon_info",
                            "ValidationFailureIcon" : "cds:icon_error",
                            "ValidationState" : "undefined",
                            "ValidationSuccessIcon" : "cds:icon_success",
                            "ValueField" : "DisplayName",
                            "ValueRequired" : false,
                            "Visible" : true,
                            "Width" : 110,
                            "Z-index" : 10,
                            "__TypeDisplayName" : "List"
                          },
                          "Widgets" : [ ]
                        } ]
                      }, {
                        "Properties" : {
                          "Area" : "UI",
                          "CollapseTabIcon" : "",
                          "DisplayName" : "container-7",
                          "EnableContainerUnload" : false,
                          "EnableExpandCollapse" : false,
                          "ExpandCollapseTabLocation" : "inside",
                          "ExpandTabIcon" : "",
                          "Expanded" : true,
                          "Id" : "flexcontainer-7",
                          "LastContainer" : false,
                          "LazyLoading" : false,
                          "Margin" : "false 0 false 5",
                          "Overlay" : false,
                          "ResponsiveLayout" : true,
                          "ShowDataLoading" : true,
                          "ShowExpandCollapseTab" : false,
                          "SourceURL" : "",
                          "Style" : "DefaultContainerStyle",
                          "StyleProperties" : { },
                          "Type" : "flexcontainer",
                          "UseTheme" : true,
                          "Visible" : true,
                          "Z-index" : 10,
                          "__TypeDisplayName" : "Flex Container",
                          "align-content" : "flex-start",
                          "align-items" : "flex-start",
                          "flex-basis" : "auto",
                          "flex-direction" : "row",
                          "flex-grow" : 1,
                          "flex-max-height" : "",
                          "flex-max-width" : "",
                          "flex-min-height" : "",
                          "flex-min-width" : "",
                          "flex-shrink" : "0",
                          "flex-size" : "fixed",
                          "flex-wrap" : "nowrap",
                          "iconClass" : "widgets-flexcontainer",
                          "isLocked" : true,
                          "justify-content" : "flex-start",
                          "positioning" : "responsive",
                          "userCannotRemove" : false
                        },
                        "Widgets" : [ {
                          "Properties" : {
                            "Area" : "UI",
                            "CollapseTabIcon" : "",
                            "DisplayName" : "container-10",
                            "EnableContainerUnload" : false,
                            "EnableExpandCollapse" : false,
                            "ExpandCollapseTabLocation" : "inside",
                            "ExpandTabIcon" : "",
                            "Expanded" : true,
                            "Id" : "flexcontainer-10",
                            "LastContainer" : true,
                            "LazyLoading" : false,
                            "Margin" : "",
                            "Overlay" : false,
                            "ResponsiveLayout" : true,
                            "ShowDataLoading" : true,
                            "ShowExpandCollapseTab" : false,
                            "SourceURL" : "",
                            "Style" : "DefaultContainerStyle",
                            "StyleProperties" : { },
                            "Type" : "flexcontainer",
                            "UseTheme" : true,
                            "Visible" : true,
                            "Z-index" : 10,
                            "__TypeDisplayName" : "Flex Container",
                            "align-content" : "flex-start",
                            "align-items" : "flex-start",
                            "flex-basis" : "auto",
                            "flex-direction" : "column",
                            "flex-grow" : 1,
                            "flex-max-height" : "",
                            "flex-max-width" : "",
                            "flex-min-height" : "",
                            "flex-min-width" : "",
                            "flex-shrink" : "0",
                            "flex-size" : "default",
                            "flex-wrap" : "nowrap",
                            "iconClass" : "widgets-flexcontainer",
                            "isLocked" : true,
                            "justify-content" : "flex-start",
                            "positioning" : "responsive",
                            "userCannotRemove" : false
                          },
                          "Widgets" : [ {
                            "Properties" : {
                              "Area" : "UI",
                              "CollapseTabIcon" : "",
                              "DisplayName" : "container-11",
                              "EnableContainerUnload" : false,
                              "EnableExpandCollapse" : true,
                              "ExpandCollapseTabLocation" : "outside",
                              "ExpandTabIcon" : "",
                              "Expanded" : true,
                              "Id" : "flexcontainer-11",
                              "LastContainer" : false,
                              "LazyLoading" : false,
                              "Margin" : "false false 5 false",
                              "Overlay" : false,
                              "ResponsiveLayout" : true,
                              "ShowDataLoading" : true,
                              "ShowExpandCollapseTab" : false,
                              "SourceURL" : "",
                              "Style" : "DefaultContainerStyle",
                              "StyleProperties" : { },
                              "Type" : "flexcontainer",
                              "UseTheme" : true,
                              "Visible" : true,
                              "Z-index" : 10,
                              "__TypeDisplayName" : "Flex Container",
                              "align-content" : "flex-start",
                              "align-items" : "flex-start",
                              "flex-basis" : "auto",
                              "flex-direction" : "column",
                              "flex-grow" : 1,
                              "flex-max-height" : "100px",
                              "flex-max-width" : "",
                              "flex-min-height" : "100px",
                              "flex-min-width" : "",
                              "flex-shrink" : "0",
                              "flex-size" : "fixed",
                              "flex-wrap" : "nowrap",
                              "iconClass" : "widgets-flexcontainer-fixed",
                              "isLocked" : false,
                              "justify-content" : "flex-start",
                              "positioning" : "responsive",
                              "userCannotRemove" : false
                            },
                            "Widgets" : [ {
                              "Properties" : {
                                "Area" : "UI",
                                "CollapseTabIcon" : "",
                                "DisplayName" : "container-25",
                                "EnableContainerUnload" : false,
                                "EnableExpandCollapse" : false,
                                "ExpandCollapseTabLocation" : "inside",
                                "ExpandTabIcon" : "",
                                "Expanded" : true,
                                "Id" : "flexcontainer-25",
                                "LastContainer" : true,
                                "LazyLoading" : false,
                                "Margin" : "",
                                "Overlay" : false,
                                "ResponsiveLayout" : true,
                                "ShowDataLoading" : true,
                                "ShowExpandCollapseTab" : false,
                                "SourceURL" : "",
                                "Style" : "DefaultContainerStyle",
                                "StyleProperties" : { },
                                "Type" : "flexcontainer",
                                "UseTheme" : true,
                                "Visible" : true,
                                "Z-index" : 10,
                                "__TypeDisplayName" : "Flex Container",
                                "align-content" : "flex-start",
                                "align-items" : "flex-start",
                                "flex-basis" : "auto",
                                "flex-direction" : "row",
                                "flex-grow" : 1,
                                "flex-max-height" : "",
                                "flex-max-width" : "",
                                "flex-min-height" : "",
                                "flex-min-width" : "",
                                "flex-shrink" : "0",
                                "flex-size" : "default",
                                "flex-wrap" : "nowrap",
                                "iconClass" : "widgets-flexcontainer",
                                "isLocked" : true,
                                "justify-content" : "flex-start",
                                "positioning" : "responsive",
                                "userCannotRemove" : false
                              },
                              "Widgets" : [ {
                                "Properties" : {
                                  "Area" : "UI",
                                  "CollapseTabIcon" : "",
                                  "DisplayName" : "container-26",
                                  "EnableContainerUnload" : false,
                                  "EnableExpandCollapse" : false,
                                  "ExpandCollapseTabLocation" : "inside",
                                  "ExpandTabIcon" : "",
                                  "Expanded" : true,
                                  "Id" : "flexcontainer-26",
                                  "LastContainer" : true,
                                  "LazyLoading" : false,
                                  "Margin" : "false 5 false 0",
                                  "Overlay" : false,
                                  "ResponsiveLayout" : true,
                                  "ShowDataLoading" : true,
                                  "ShowExpandCollapseTab" : false,
                                  "SourceURL" : "",
                                  "Style" : "DefaultContainerStyle",
                                  "StyleProperties" : { },
                                  "Type" : "flexcontainer",
                                  "UseTheme" : true,
                                  "Visible" : true,
                                  "Z-index" : 10,
                                  "__TypeDisplayName" : "Flex Container",
                                  "align-content" : "flex-start",
                                  "align-items" : "flex-start",
                                  "flex-basis" : "auto",
                                  "flex-direction" : "column",
                                  "flex-grow" : 30,
                                  "flex-max-height" : "",
                                  "flex-max-width" : "",
                                  "flex-min-height" : "",
                                  "flex-min-width" : "",
                                  "flex-shrink" : "0",
                                  "flex-size" : "default",
                                  "flex-wrap" : "nowrap",
                                  "iconClass" : "widgets-flexcontainer",
                                  "isLocked" : true,
                                  "justify-content" : "flex-start",
                                  "positioning" : "responsive",
                                  "userCannotRemove" : false
                                },
                                "Widgets" : [ {
                                  "Properties" : {
                                    "Area" : "UI",
                                    "DisclosureControl" : "show-more",
                                    "DisplayName" : "label-23",
                                    "HorizontalAlignment" : "left",
                                    "Id" : "ptcslabel-23",
                                    "LabelText" : "Process Data, Line",
                                    "LabelType" : "header",
                                    "LastContainer" : false,
                                    "Left" : 0,
                                    "Margin" : "5",
                                    "MultiLine" : true,
                                    "PreserveWhiteSpace" : false,
                                    "ResponsiveLayout" : false,
                                    "ShowDataLoading" : true,
                                    "TooltipField" : "",
                                    "Top" : 0,
                                    "Type" : "ptcslabel",
                                    "UseTheme" : true,
                                    "VerticalAlignment" : "flex-start",
                                    "Visible" : true,
                                    "Z-index" : 10,
                                    "__TypeDisplayName" : "Label",
                                    "overflowShowLessTxt" : "[[showLess]]",
                                    "overflowShowMoreTxt" : "[[showMore]]"
                                  },
                                  "Widgets" : [ ]
                                }, {
                                  "Properties" : {
                                    "Area" : "UI",
                                    "DisclosureControl" : "show-more",
                                    "DisplayName" : "label-24",
                                    "HorizontalAlignment" : "left",
                                    "Id" : "ptcslabel-24",
                                    "LabelText" : "",
                                    "LabelType" : "sub-header",
                                    "LastContainer" : false,
                                    "Left" : 0,
                                    "Margin" : "5",
                                    "MultiLine" : true,
                                    "PreserveWhiteSpace" : false,
                                    "ResponsiveLayout" : false,
                                    "ShowDataLoading" : true,
                                    "TooltipField" : "",
                                    "Top" : 0,
                                    "Type" : "ptcslabel",
                                    "UseTheme" : true,
                                    "VerticalAlignment" : "flex-start",
                                    "Visible" : true,
                                    "Z-index" : 10,
                                    "__TypeDisplayName" : "Label",
                                    "overflowShowLessTxt" : "[[showLess]]",
                                    "overflowShowMoreTxt" : "[[showMore]]"
                                  },
                                  "Widgets" : [ ]
                                } ]
                              }, {
                                "Properties" : {
                                  "Area" : "UI",
                                  "CollapseTabIcon" : "",
                                  "DisplayName" : "container-27",
                                  "EnableContainerUnload" : false,
                                  "EnableExpandCollapse" : true,
                                  "ExpandCollapseTabLocation" : "outside",
                                  "ExpandTabIcon" : "",
                                  "Expanded" : true,
                                  "Id" : "flexcontainer-27",
                                  "LastContainer" : false,
                                  "LazyLoading" : false,
                                  "Margin" : "false false false 5",
                                  "Overlay" : false,
                                  "ResponsiveLayout" : true,
                                  "ShowDataLoading" : true,
                                  "ShowExpandCollapseTab" : false,
                                  "SourceURL" : "",
                                  "Style" : "DefaultContainerStyle",
                                  "StyleProperties" : { },
                                  "Type" : "flexcontainer",
                                  "UseTheme" : true,
                                  "Visible" : true,
                                  "Z-index" : 10,
                                  "__TypeDisplayName" : "Flex Container",
                                  "align-content" : "flex-start",
                                  "align-items" : "flex-start",
                                  "flex-basis" : "auto",
                                  "flex-direction" : "row",
                                  "flex-grow" : 1,
                                  "flex-max-height" : "",
                                  "flex-max-width" : "500px",
                                  "flex-min-height" : "",
                                  "flex-min-width" : "500px",
                                  "flex-shrink" : "0",
                                  "flex-size" : "fixed",
                                  "flex-wrap" : "nowrap",
                                  "iconClass" : "widgets-flexcontainer-fixed",
                                  "isLocked" : false,
                                  "justify-content" : "flex-start",
                                  "positioning" : "static",
                                  "userCannotRemove" : false
                                },
                                "Widgets" : [ {
                                  "Properties" : {
                                    "Area" : "UI",
                                    "AutoRefresh" : true,
                                    "DateDelimiter" : "-",
                                    "DateDisplay" : "short",
                                    "DateFormat" : "yyyy-M-dd",
                                    "DateFormatToken" : "",
                                    "DateOrder" : "yy-mm-dd",
                                    "DecadeView" : false,
                                    "DisplayName" : "timeselector-21",
                                    "DisplaySeconds" : true,
                                    "FocusStyle" : "DefaultButtonFocusStyle",
                                    "Height" : 65,
                                    "Id" : "timeselector-21",
                                    "Interval" : 1,
                                    "IntervalType" : "d",
                                    "LastContainer" : false,
                                    "Left" : 10,
                                    "Margin" : "5",
                                    "RefreshInterval" : 30,
                                    "ResponsiveLayout" : false,
                                    "ShowDataLoading" : true,
                                    "ShowLockControls" : false,
                                    "TabSequence" : 0,
                                    "TimeAutoRefreshBtnStyle" : "DefaultTimeAutoRefreshBtnStyle",
                                    "TimeBGStyle" : "DefaultTimeBGStyle",
                                    "TimeDatePickerStyle" : "KBDefaultTimeDatePickerStyle",
                                    "TimeFormat" : "hh:mm:ss",
                                    "TimeRefreshBtnStyle" : "DefaultTimeRefreshBtnStyle",
                                    "Top" : 5,
                                    "Type" : "timeselector",
                                    "UseIntervalAsMax" : false,
                                    "Visible" : true,
                                    "Widescreen" : false,
                                    "Width" : 450,
                                    "Z-index" : 10,
                                    "__TypeDisplayName" : "Time Selector"
                                  },
                                  "Widgets" : [ ]
                                } ]
                              } ]
                            } ]
                          }, {
                            "Properties" : {
                              "Area" : "UI",
                              "CollapseTabIcon" : "",
                              "DisplayName" : "container-12",
                              "EnableContainerUnload" : false,
                              "EnableExpandCollapse" : false,
                              "ExpandCollapseTabLocation" : "inside",
                              "ExpandTabIcon" : "",
                              "Expanded" : true,
                              "Id" : "flexcontainer-12",
                              "LastContainer" : false,
                              "LazyLoading" : false,
                              "Margin" : "5 false 0 false",
                              "Overlay" : false,
                              "ResponsiveLayout" : true,
                              "ShowDataLoading" : true,
                              "ShowExpandCollapseTab" : false,
                              "SourceURL" : "",
                              "Style" : "DefaultContainerStyle",
                              "StyleProperties" : { },
                              "Type" : "flexcontainer",
                              "UseTheme" : true,
                              "Visible" : true,
                              "Z-index" : 10,
                              "__TypeDisplayName" : "Flex Container",
                              "align-content" : "flex-start",
                              "align-items" : "flex-start",
                              "flex-basis" : "auto",
                              "flex-direction" : "column",
                              "flex-grow" : 1,
                              "flex-max-height" : "",
                              "flex-max-width" : "",
                              "flex-min-height" : "",
                              "flex-min-width" : "",
                              "flex-shrink" : "0",
                              "flex-size" : "fixed",
                              "flex-wrap" : "nowrap",
                              "iconClass" : "widgets-flexcontainer",
                              "isLocked" : true,
                              "justify-content" : "flex-start",
                              "positioning" : "responsive",
                              "userCannotRemove" : false
                            },
                            "Widgets" : [ {
                              "Properties" : {
                                "Area" : "UI",
                                "CollapseTabIcon" : "",
                                "DisplayName" : "container-13",
                                "EnableContainerUnload" : false,
                                "EnableExpandCollapse" : false,
                                "ExpandCollapseTabLocation" : "inside",
                                "ExpandTabIcon" : "",
                                "Expanded" : true,
                                "Id" : "flexcontainer-13",
                                "LastContainer" : true,
                                "LazyLoading" : false,
                                "Margin" : "",
                                "Overlay" : false,
                                "ResponsiveLayout" : true,
                                "ShowDataLoading" : true,
                                "ShowExpandCollapseTab" : false,
                                "SourceURL" : "",
                                "Style" : "DefaultContainerStyle",
                                "StyleProperties" : { },
                                "Type" : "flexcontainer",
                                "UseTheme" : true,
                                "Visible" : true,
                                "Z-index" : 10,
                                "__TypeDisplayName" : "Flex Container",
                                "align-content" : "flex-start",
                                "align-items" : "flex-start",
                                "flex-basis" : "auto",
                                "flex-direction" : "row",
                                "flex-grow" : 1,
                                "flex-max-height" : "",
                                "flex-max-width" : "",
                                "flex-min-height" : "",
                                "flex-min-width" : "",
                                "flex-shrink" : "0",
                                "flex-size" : "default",
                                "flex-wrap" : "nowrap",
                                "iconClass" : "widgets-flexcontainer",
                                "isLocked" : true,
                                "justify-content" : "flex-start",
                                "positioning" : "responsive",
                                "userCannotRemove" : false
                              },
                              "Widgets" : [ {
                                "Properties" : {
                                  "Area" : "UI",
                                  "CollapseTabIcon" : "",
                                  "DisplayName" : "container-14",
                                  "EnableContainerUnload" : false,
                                  "EnableExpandCollapse" : false,
                                  "ExpandCollapseTabLocation" : "inside",
                                  "ExpandTabIcon" : "",
                                  "Expanded" : true,
                                  "Id" : "flexcontainer-14",
                                  "LastContainer" : false,
                                  "LazyLoading" : false,
                                  "Margin" : "",
                                  "Overlay" : false,
                                  "ResponsiveLayout" : true,
                                  "Scrolling" : "auto-scroll",
                                  "ShowDataLoading" : true,
                                  "ShowExpandCollapseTab" : false,
                                  "SourceURL" : "",
                                  "Style" : "DefaultContainerStyle",
                                  "StyleProperties" : { },
                                  "Type" : "flexcontainer",
                                  "UseTheme" : true,
                                  "Visible" : true,
                                  "Z-index" : 10,
                                  "__TypeDisplayName" : "Flex Container",
                                  "align-content" : "flex-start",
                                  "align-items" : "flex-start",
                                  "flex-basis" : "0",
                                  "flex-direction" : "row",
                                  "flex-grow" : 50,
                                  "flex-max-height" : "",
                                  "flex-max-width" : "",
                                  "flex-min-height" : "",
                                  "flex-min-width" : "",
                                  "flex-shrink" : 1,
                                  "flex-size" : "fixed",
                                  "flex-wrap" : "nowrap",
                                  "iconClass" : "widgets-flexcontainer",
                                  "isLocked" : false,
                                  "justify-content" : "flex-start",
                                  "positioning" : "responsive",
                                  "userCannotRemove" : false
                                },
                                "Widgets" : [ {
                                  "Properties" : {
                                    "AllowSelection" : true,
                                    "AlwaysUseCustomScrollerOniOS" : true,
                                    "Area" : "UI",
                                    "AutoSelectFirstRow" : true,
                                    "BottomPadding" : 22,
                                    "CellActiveStyle" : "DefaultCollectionCellActiveStyle",
                                    "CellAlternateStyle" : "DefaultCollectionCellAlternateStyle",
                                    "CellBorderRadius" : 0,
                                    "CellBoxShadow" : "",
                                    "CellHoverStyle" : "DefaultCollectionCellHoverStyle",
                                    "CellMashupSelectedField" : "",
                                    "CellMenuStatesIconGravity" : "Left",
                                    "CellMenuStatesIconSize" : 16,
                                    "CellMenuStatesOrientation" : "Horizontal",
                                    "CellMenuStatesUseBuiltin" : false,
                                    "CellMultipleSelectionType" : "Disabled",
                                    "CellPointer" : "Auto",
                                    "CellSelectedStyle" : "DefaultCollectionCellSelectedStyle",
                                    "CellStyle" : "DefaultCollectionCellStyle",
                                    "DisableWrapping" : false,
                                    "DisplayName" : "collection-30",
                                    "FlowLayoutAlignment" : "Center",
                                    "FlowLayoutContentGravity" : "Center",
                                    "FlowLayoutGravity" : "Spaced",
                                    "FooterHeight" : 44,
                                    "FooterSectionParam" : "",
                                    "HandleSelectionUpdates" : true,
                                    "HasSelectedCells" : false,
                                    "HeaderHeight" : 44,
                                    "HeaderSectionParam" : "",
                                    "Height" : 300,
                                    "Id" : "collection-30",
                                    "ItemLoadBehavior" : "loadUnload",
                                    "LastContainer" : false,
                                    "Left" : 59.006256103515625,
                                    "LeftAlignFinalRow" : false,
                                    "Margin" : "5",
                                    "Mashup" : "KBLocalSmartKPIMachineLevelProcessDataTimeChartMashup",
                                    "MashupGlobalPropertyBinding" : "{}",
                                    "MashupHeight" : 300,
                                    "MashupPropertyBinding" : {
                                      "EndDate" : "EndDate",
                                      "Machine" : "Machine",
                                      "ProcessDataType" : "ProcessParameterType",
                                      "StartDate" : "StartDate"
                                    },
                                    "MashupWidth" : 400,
                                    "MinimumSpacing" : 0,
                                    "MultiSelect" : false,
                                    "OffScreenBufferFactor" : 0.1,
                                    "PinFootersToBottom" : false,
                                    "PinHeadersToTop" : false,
                                    "PlaysIntroAnimation" : true,
                                    "ResponsiveLayout" : true,
                                    "RippleEffectStyle" : "DefaultCollectionRippleStyle",
                                    "RowSpacing" : 44,
                                    "ScrollbarType" : "hover",
                                    "ScrollsToSelectedCell" : false,
                                    "SectionInsetBottom" : 0,
                                    "SectionInsetLeft" : 0,
                                    "SectionInsetRight" : 0,
                                    "SectionInsetTop" : 0,
                                    "SelectedCellsCount" : 0,
                                    "ShowDataLoading" : true,
                                    "ShowFooters" : false,
                                    "ShowHeaders" : false,
                                    "SortAscending" : false,
                                    "Top" : 131.06875610351562,
                                    "TopPadding" : 22,
                                    "Type" : "collection",
                                    "UIDField" : "ProcessDataType",
                                    "UseCustomScrollerOnWindowsDesktops" : true,
                                    "UseMashupDimensions" : false,
                                    "UseRippleEffect" : false,
                                    "View" : "table",
                                    "Visible" : true,
                                    "Width" : 400,
                                    "Z-index" : 10,
                                    "_CanDoubleClick" : false,
                                    "_EventDataShape" : "{\"StartDate\":{\"name\":\"StartDate\",\"aspects\":{},\"description\":\"\",\"baseType\":\"DATETIME\",\"ordinal\":1,\"type\":\"Field\"},\"ProcessDataType\":{\"name\":\"ProcessDataType\",\"aspects\":{},\"description\":\"\",\"baseType\":\"STRING\",\"ordinal\":4,\"type\":\"Field\"},\"EndDate\":{\"name\":\"EndDate\",\"aspects\":{},\"description\":\"\",\"baseType\":\"DATETIME\",\"ordinal\":2,\"type\":\"Field\"},\"Machine\":{\"name\":\"Machine\",\"aspects\":{},\"description\":\"\",\"baseType\":\"STRING\",\"ordinal\":3,\"type\":\"Field\"}}",
                                    "_GlobalDataShape" : "{}",
                                    "_MenuDefinition" : "[]",
                                    "__TypeDisplayName" : "Collection"
                                  },
                                  "Widgets" : [ ]
                                } ]
                              }, {
                                "Properties" : {
                                  "Area" : "UI",
                                  "CollapseTabIcon" : "",
                                  "DisplayName" : "container-15",
                                  "EnableContainerUnload" : false,
                                  "EnableExpandCollapse" : false,
                                  "ExpandCollapseTabLocation" : "inside",
                                  "ExpandTabIcon" : "",
                                  "Expanded" : true,
                                  "Id" : "flexcontainer-15",
                                  "LastContainer" : false,
                                  "LazyLoading" : false,
                                  "Margin" : "",
                                  "Overlay" : false,
                                  "ResponsiveLayout" : true,
                                  "Scrolling" : "auto-scroll",
                                  "ShowDataLoading" : true,
                                  "ShowExpandCollapseTab" : false,
                                  "SourceURL" : "",
                                  "Style" : "DefaultContainerStyle",
                                  "StyleProperties" : { },
                                  "Type" : "flexcontainer",
                                  "UseTheme" : true,
                                  "Visible" : true,
                                  "Z-index" : 10,
                                  "__TypeDisplayName" : "Flex Container",
                                  "align-content" : "flex-start",
                                  "align-items" : "flex-start",
                                  "flex-basis" : "0",
                                  "flex-direction" : "row",
                                  "flex-grow" : 50,
                                  "flex-max-height" : "",
                                  "flex-max-width" : "",
                                  "flex-min-height" : "",
                                  "flex-min-width" : "",
                                  "flex-shrink" : 1,
                                  "flex-size" : "fixed",
                                  "flex-wrap" : "nowrap",
                                  "iconClass" : "widgets-flexcontainer",
                                  "isLocked" : false,
                                  "justify-content" : "flex-start",
                                  "positioning" : "responsive",
                                  "userCannotRemove" : false
                                },
                                "Widgets" : [ {
                                  "Properties" : {
                                    "AllowSelection" : true,
                                    "AlwaysUseCustomScrollerOniOS" : true,
                                    "Area" : "UI",
                                    "AutoSelectFirstRow" : true,
                                    "BottomPadding" : 22,
                                    "CellActiveStyle" : "DefaultCollectionCellActiveStyle",
                                    "CellAlternateStyle" : "DefaultCollectionCellAlternateStyle",
                                    "CellBorderRadius" : 0,
                                    "CellBoxShadow" : "",
                                    "CellHoverStyle" : "DefaultCollectionCellHoverStyle",
                                    "CellMashupSelectedField" : "",
                                    "CellMenuStatesIconGravity" : "Left",
                                    "CellMenuStatesIconSize" : 16,
                                    "CellMenuStatesOrientation" : "Horizontal",
                                    "CellMenuStatesUseBuiltin" : false,
                                    "CellMultipleSelectionType" : "Disabled",
                                    "CellPointer" : "Auto",
                                    "CellSelectedStyle" : "DefaultCollectionCellSelectedStyle",
                                    "CellStyle" : "DefaultCollectionCellStyle",
                                    "DisableWrapping" : false,
                                    "DisplayName" : "collection-29",
                                    "FlowLayoutAlignment" : "Center",
                                    "FlowLayoutContentGravity" : "Center",
                                    "FlowLayoutGravity" : "Spaced",
                                    "FooterHeight" : 44,
                                    "FooterSectionParam" : "",
                                    "HandleSelectionUpdates" : true,
                                    "HasSelectedCells" : false,
                                    "HeaderHeight" : 44,
                                    "HeaderSectionParam" : "",
                                    "Height" : 300,
                                    "Id" : "collection-29",
                                    "ItemLoadBehavior" : "loadUnload",
                                    "LastContainer" : false,
                                    "Left" : 79.00625610351562,
                                    "LeftAlignFinalRow" : false,
                                    "Margin" : "1",
                                    "Mashup" : "KBLocalSmartKPIMachineLevelProcessDataBoxplotMashup",
                                    "MashupGlobalPropertyBinding" : "{}",
                                    "MashupHeight" : 300,
                                    "MashupPropertyBinding" : {
                                      "EndDate" : "EndDate",
                                      "Machine" : "Machine",
                                      "ProcessDataType" : "ProcessParameterType",
                                      "StartDate" : "StartDate"
                                    },
                                    "MashupWidth" : 400,
                                    "MinimumSpacing" : 0,
                                    "MultiSelect" : false,
                                    "OffScreenBufferFactor" : 0.1,
                                    "PinFootersToBottom" : false,
                                    "PinHeadersToTop" : false,
                                    "PlaysIntroAnimation" : true,
                                    "ResponsiveLayout" : true,
                                    "RippleEffectStyle" : "DefaultCollectionRippleStyle",
                                    "RowSpacing" : 44,
                                    "ScrollbarType" : "hover",
                                    "ScrollsToSelectedCell" : false,
                                    "SectionInsetBottom" : 0,
                                    "SectionInsetLeft" : 0,
                                    "SectionInsetRight" : 0,
                                    "SectionInsetTop" : 0,
                                    "SelectedCellsCount" : 0,
                                    "ShowDataLoading" : true,
                                    "ShowFooters" : false,
                                    "ShowHeaders" : false,
                                    "SortAscending" : false,
                                    "Top" : 106.06875610351562,
                                    "TopPadding" : 22,
                                    "Type" : "collection",
                                    "UIDField" : "ProcessDataType",
                                    "UseCustomScrollerOnWindowsDesktops" : true,
                                    "UseMashupDimensions" : false,
                                    "UseRippleEffect" : false,
                                    "View" : "table",
                                    "Visible" : true,
                                    "Width" : 400,
                                    "Z-index" : 10,
                                    "_CanDoubleClick" : false,
                                    "_EventDataShape" : "{\"StartDate\":{\"name\":\"StartDate\",\"aspects\":{},\"description\":\"\",\"baseType\":\"DATETIME\",\"ordinal\":1,\"type\":\"Field\"},\"ProcessDataType\":{\"name\":\"ProcessDataType\",\"aspects\":{},\"description\":\"\",\"baseType\":\"STRING\",\"ordinal\":4,\"type\":\"Field\"},\"EndDate\":{\"name\":\"EndDate\",\"aspects\":{},\"description\":\"\",\"baseType\":\"DATETIME\",\"ordinal\":2,\"type\":\"Field\"},\"Machine\":{\"name\":\"Machine\",\"aspects\":{},\"description\":\"\",\"baseType\":\"STRING\",\"ordinal\":3,\"type\":\"Field\"}}",
                                    "_GlobalDataShape" : "{}",
                                    "_MenuDefinition" : "[]",
                                    "__TypeDisplayName" : "Collection"
                                  },
                                  "Widgets" : [ ]
                                } ]
                              } ]
                            } ]
                          } ]
                        } ]
                      } ]
                    } ]
                  } ]
                } ]
              },
              "mashupType" : "mashup"
            }
            ]]>
            </mashupContent>
            <preview></preview>
        </Mashup>
    </Mashups>
</Entities>
