<?xml version="1.0" encoding="UTF-8" standalone="no"?>
<Entities build="b52" majorVersion="8" minorVersion="0"
	modelPersistenceProviderPackage="MssqlPersistenceProviderPackage"
	revision="3" schemaVersion="1000">
	<StateDefinitions>
		<StateDefinition description=""
			documentationContent="" homeMashup=""
			lastModifiedDate="2017-12-11T10:03:09.577+01:00"
			name="KBShiftInfoState" projectName="KBsmartKPI"
			tags="KBThingWorxInstallationVocabulary:ExtensionSmartKPI">
			<Owner name="adm-flassakm" type="User" />
			<avatar />
			<DesignTimePermissions>
				<Create />
				<Read />
				<Update />
				<Delete />
				<Metadata />
			</DesignTimePermissions>
			<RunTimePermissions>
				<Permissions resourceName="*">
					<PropertyRead>
						<Principal isPermitted="true" name="KBUserGroup"
							type="Group" />
					</PropertyRead>
					<PropertyWrite />
					<ServiceInvoke>
						<Principal isPermitted="true" name="KBUserGroup"
							type="Group" />
					</ServiceInvoke>
					<EventInvoke />
					<EventSubscribe />
				</Permissions>
			</RunTimePermissions>
			<VisibilityPermissions>
				<Visibility>
					<Principal isPermitted="true" name="KBOrganization"
						type="Organization" />
				</Visibility>
			</VisibilityPermissions>
			<ConfigurationTables />
			<content><![CDATA[{"stateDefinitions":[{"displayString":"Work","defaultStyleDefinition":"DefaultChartStyle2","defaultValue":"W","name":"Work","description":""},{"displayString":"Break","defaultStyleDefinition":"DefaultChartStyle4","defaultValue":"B","name":"Break","description":""},{"displayString":"Unknown","defaultStyleDefinition":"DefaultChartStyle3","defaultValue":"U","name":"Unknown","description":""},{"displayString":"","defaultStyleDefinition":"","name":"","description":""}],"stateType":"string"}]]></content>
			<ConfigurationChanges>
				<ConfigurationChange changeAction="CREATE"
					changeReason="header : name : updated&#10;"
					timestamp="2017-12-11T10:03:09.577+01:00" user="adm-flassakm" />
			</ConfigurationChanges>
		</StateDefinition>
	</StateDefinitions>
</Entities>