<?xml version="1.0" encoding="UTF-8"?>
<Entities
 majorVersion="9"
 minorVersion="3"
 universal="password">
    <StateDefinitions>
        <StateDefinition
         description="State definition to display selected KPI entries in different colors on KBKpiDbLocalMashup mashup"
         documentationContent=""
         homeMashup=""
         name="KBSelectedKPIOrderGridStates"
         projectName="KBsmartKPI"
         tags="">
            <avatar></avatar>
            <DesignTimePermissions>
                <Create></Create>
                <Read></Read>
                <Update></Update>
                <Delete></Delete>
                <Metadata></Metadata>
            </DesignTimePermissions>
            <RunTimePermissions>
                <Permissions
                 resourceName="*">
                    <PropertyRead>
                        <Principal
                         isPermitted="true"
                         name="KBUserGroup"
                         type="Group"></Principal>
                    </PropertyRead>
                    <PropertyWrite></PropertyWrite>
                    <ServiceInvoke>
                        <Principal
                         isPermitted="true"
                         name="KBUserGroup"
                         type="Group"></Principal>
                    </ServiceInvoke>
                    <EventInvoke></EventInvoke>
                    <EventSubscribe></EventSubscribe>
                </Permissions>
            </RunTimePermissions>
            <VisibilityPermissions>
                <Visibility>
                    <Principal
                     isPermitted="true"
                     name="KBOrganization"
                     type="Organization"></Principal>
                </Visibility>
            </VisibilityPermissions>
            <ConfigurationTableDefinitions></ConfigurationTableDefinitions>
            <ConfigurationTables></ConfigurationTables>
            <content>
            <![CDATA[
            {
              "stateDefinitions" : [ {
                "defaultStyleDefinition" : {
                  "backgroundColor" : "rgba(181,225,137,1)",
                  "displayString" : "",
                  "fontEmphasisBold" : true,
                  "fontEmphasisItalic" : false,
                  "fontEmphasisUnderline" : false,
                  "foregroundColor" : "rgba(51,51,51,1)",
                  "image" : "",
                  "lineColor" : "",
                  "lineStyle" : "solid",
                  "lineThickness" : 1,
                  "secondaryBackgroundColor" : "",
                  "textSize" : "xlarge"
                },
                "defaultValue" : "1",
                "description" : "",
                "displayString" : "1",
                "name" : ""
              }, {
                "defaultStyleDefinition" : {
                  "backgroundColor" : "rgba(255,177,153,1)",
                  "displayString" : "",
                  "fontEmphasisBold" : true,
                  "fontEmphasisItalic" : false,
                  "fontEmphasisUnderline" : false,
                  "foregroundColor" : "rgba(51,51,51,1)",
                  "image" : "",
                  "lineColor" : "",
                  "lineStyle" : "solid",
                  "lineThickness" : 1,
                  "secondaryBackgroundColor" : "",
                  "textSize" : "xlarge"
                },
                "defaultValue" : "2",
                "description" : "",
                "displayString" : "2",
                "name" : ""
              }, {
                "defaultStyleDefinition" : {
                  "backgroundColor" : "rgba(220,176,227,1)",
                  "displayString" : "",
                  "fontEmphasisBold" : true,
                  "fontEmphasisItalic" : false,
                  "fontEmphasisUnderline" : false,
                  "foregroundColor" : "rgba(51,51,51,1)",
                  "image" : "",
                  "lineColor" : "",
                  "lineStyle" : "solid",
                  "lineThickness" : 1,
                  "secondaryBackgroundColor" : "",
                  "textSize" : "xlarge"
                },
                "defaultValue" : "3",
                "description" : "",
                "displayString" : "3",
                "name" : ""
              }, {
                "defaultStyleDefinition" : {
                  "backgroundColor" : "rgba(255,219,112,1)",
                  "displayString" : "",
                  "fontEmphasisBold" : true,
                  "fontEmphasisItalic" : false,
                  "fontEmphasisUnderline" : false,
                  "foregroundColor" : "rgba(51,51,51,1)",
                  "image" : "",
                  "lineColor" : "",
                  "lineStyle" : "solid",
                  "lineThickness" : 1,
                  "secondaryBackgroundColor" : "",
                  "textSize" : "xlarge"
                },
                "defaultValue" : "4",
                "description" : "",
                "displayString" : "4",
                "name" : ""
              }, {
                "defaultStyleDefinition" : {
                  "backgroundColor" : "rgba(149,244,234,1)",
                  "displayString" : "",
                  "fontEmphasisBold" : true,
                  "fontEmphasisItalic" : false,
                  "fontEmphasisUnderline" : false,
                  "foregroundColor" : "rgba(51,51,51,1)",
                  "image" : "",
                  "lineColor" : "",
                  "lineStyle" : "solid",
                  "lineThickness" : 1,
                  "secondaryBackgroundColor" : "",
                  "textSize" : "xlarge"
                },
                "defaultValue" : "5",
                "description" : "",
                "displayString" : "5",
                "name" : ""
              }, {
                "defaultStyleDefinition" : {
                  "backgroundColor" : "rgba(205,168,189,1)",
                  "displayString" : "",
                  "fontEmphasisBold" : true,
                  "fontEmphasisItalic" : false,
                  "fontEmphasisUnderline" : false,
                  "foregroundColor" : "rgba(51,51,51,1)",
                  "image" : "",
                  "lineColor" : "",
                  "lineStyle" : "solid",
                  "lineThickness" : 1,
                  "secondaryBackgroundColor" : "",
                  "textSize" : "xlarge"
                },
                "defaultValue" : "6",
                "description" : "",
                "displayString" : "6",
                "name" : ""
              }, {
                "defaultStyleDefinition" : {
                  "backgroundColor" : "rgba(138,79,247,1)",
                  "displayString" : "",
                  "fontEmphasisBold" : true,
                  "fontEmphasisItalic" : false,
                  "fontEmphasisUnderline" : false,
                  "foregroundColor" : "rgba(51,51,51,1)",
                  "image" : "",
                  "lineColor" : "",
                  "lineStyle" : "solid",
                  "lineThickness" : 1,
                  "secondaryBackgroundColor" : "",
                  "textSize" : "xlarge"
                },
                "defaultValue" : "7",
                "description" : "",
                "displayString" : "7",
                "name" : ""
              }, {
                "defaultStyleDefinition" : {
                  "backgroundColor" : "rgba(19,148,146,1)",
                  "displayString" : "",
                  "fontEmphasisBold" : true,
                  "fontEmphasisItalic" : false,
                  "fontEmphasisUnderline" : false,
                  "foregroundColor" : "rgba(51,51,51,1)",
                  "image" : "",
                  "lineColor" : "",
                  "lineStyle" : "solid",
                  "lineThickness" : 1,
                  "secondaryBackgroundColor" : "",
                  "textSize" : "xlarge"
                },
                "defaultValue" : "8",
                "description" : "",
                "displayString" : "8",
                "name" : ""
              }, {
                "defaultStyleDefinition" : {
                  "backgroundColor" : "rgba(170,145,3,1)",
                  "displayString" : "",
                  "fontEmphasisBold" : true,
                  "fontEmphasisItalic" : false,
                  "fontEmphasisUnderline" : false,
                  "foregroundColor" : "rgba(51,51,51,1)",
                  "image" : "",
                  "lineColor" : "",
                  "lineStyle" : "solid",
                  "lineThickness" : 1,
                  "secondaryBackgroundColor" : "",
                  "textSize" : "xlarge"
                },
                "defaultValue" : "9",
                "description" : "",
                "displayString" : "9",
                "name" : ""
              }, {
                "defaultStyleDefinition" : {
                  "backgroundColor" : "rgba(195,62,112,1)",
                  "displayString" : "",
                  "fontEmphasisBold" : true,
                  "fontEmphasisItalic" : false,
                  "fontEmphasisUnderline" : false,
                  "foregroundColor" : "rgba(51,51,51,1)",
                  "image" : "",
                  "lineColor" : "",
                  "lineStyle" : "solid",
                  "lineThickness" : 1,
                  "secondaryBackgroundColor" : "",
                  "textSize" : "xlarge"
                },
                "defaultValue" : "10",
                "description" : "",
                "displayString" : "10",
                "name" : ""
              }, {
                "defaultStyleDefinition" : {
                  "backgroundColor" : "rgba(144,75,111,1)",
                  "displayString" : "",
                  "fontEmphasisBold" : true,
                  "fontEmphasisItalic" : false,
                  "fontEmphasisUnderline" : false,
                  "foregroundColor" : "rgba(51,51,51,1)",
                  "image" : "",
                  "lineColor" : "",
                  "lineStyle" : "solid",
                  "lineThickness" : 1,
                  "secondaryBackgroundColor" : "",
                  "textSize" : "xlarge"
                },
                "defaultValue" : "11",
                "description" : "",
                "displayString" : "11",
                "name" : ""
              }, {
                "defaultStyleDefinition" : {
                  "backgroundColor" : "rgba(157,39,176,1)",
                  "displayString" : "",
                  "fontEmphasisBold" : true,
                  "fontEmphasisItalic" : false,
                  "fontEmphasisUnderline" : false,
                  "foregroundColor" : "rgba(51,51,51,1)",
                  "image" : "",
                  "lineColor" : "",
                  "lineStyle" : "solid",
                  "lineThickness" : 1,
                  "secondaryBackgroundColor" : "",
                  "textSize" : "xlarge"
                },
                "defaultValue" : "12",
                "description" : "",
                "displayString" : "12",
                "name" : ""
              }, {
                "defaultStyleDefinition" : {
                  "backgroundColor" : "rgba(51,99,216,1)",
                  "displayString" : "",
                  "fontEmphasisBold" : true,
                  "fontEmphasisItalic" : false,
                  "fontEmphasisUnderline" : false,
                  "foregroundColor" : "rgba(51,51,51,1)",
                  "image" : "",
                  "lineColor" : "",
                  "lineStyle" : "solid",
                  "lineThickness" : 1,
                  "secondaryBackgroundColor" : "",
                  "textSize" : "xlarge"
                },
                "defaultValue" : "13",
                "description" : "",
                "displayString" : "13",
                "name" : ""
              }, {
                "defaultStyleDefinition" : {
                  "backgroundColor" : "rgba(0,112,158,1)",
                  "displayString" : "",
                  "fontEmphasisBold" : true,
                  "fontEmphasisItalic" : false,
                  "fontEmphasisUnderline" : false,
                  "foregroundColor" : "rgba(51,51,51,1)",
                  "image" : "",
                  "lineColor" : "",
                  "lineStyle" : "solid",
                  "lineThickness" : 1,
                  "secondaryBackgroundColor" : "",
                  "textSize" : "xlarge"
                },
                "defaultValue" : "14",
                "description" : "",
                "displayString" : "14",
                "name" : ""
              }, {
                "defaultStyleDefinition" : {
                  "backgroundColor" : "rgba(42,91,89,1)",
                  "displayString" : "",
                  "fontEmphasisBold" : true,
                  "fontEmphasisItalic" : false,
                  "fontEmphasisUnderline" : false,
                  "foregroundColor" : "rgba(51,51,51,1)",
                  "image" : "",
                  "lineColor" : "",
                  "lineStyle" : "solid",
                  "lineThickness" : 1,
                  "secondaryBackgroundColor" : "",
                  "textSize" : "xlarge"
                },
                "defaultValue" : "15",
                "description" : "",
                "displayString" : "15",
                "name" : ""
              }, {
                "defaultStyleDefinition" : {
                  "backgroundColor" : "rgba(56,19,148,1)",
                  "displayString" : "",
                  "fontEmphasisBold" : true,
                  "fontEmphasisItalic" : false,
                  "fontEmphasisUnderline" : false,
                  "foregroundColor" : "rgba(51,51,51,1)",
                  "image" : "",
                  "lineColor" : "",
                  "lineStyle" : "solid",
                  "lineThickness" : 1,
                  "secondaryBackgroundColor" : "",
                  "textSize" : "xlarge"
                },
                "defaultValue" : "16",
                "description" : "",
                "displayString" : "16",
                "name" : ""
              }, {
                "defaultStyleDefinition" : {
                  "backgroundColor" : "rgba(143,56,9,1)",
                  "displayString" : "",
                  "fontEmphasisBold" : true,
                  "fontEmphasisItalic" : false,
                  "fontEmphasisUnderline" : false,
                  "foregroundColor" : "rgba(51,51,51,1)",
                  "image" : "",
                  "lineColor" : "",
                  "lineStyle" : "solid",
                  "lineThickness" : 1,
                  "secondaryBackgroundColor" : "",
                  "textSize" : "xlarge"
                },
                "defaultValue" : "17",
                "description" : "",
                "displayString" : "17",
                "name" : ""
              }, {
                "defaultStyleDefinition" : {
                  "backgroundColor" : "rgba(142,101,20,1)",
                  "displayString" : "",
                  "fontEmphasisBold" : true,
                  "fontEmphasisItalic" : false,
                  "fontEmphasisUnderline" : false,
                  "foregroundColor" : "rgba(51,51,51,1)",
                  "image" : "",
                  "lineColor" : "",
                  "lineStyle" : "solid",
                  "lineThickness" : 1,
                  "secondaryBackgroundColor" : "",
                  "textSize" : "xlarge"
                },
                "defaultValue" : "18",
                "description" : "",
                "displayString" : "18",
                "name" : ""
              }, {
                "defaultStyleDefinition" : {
                  "backgroundColor" : "rgba(93,95,105,1)",
                  "displayString" : "",
                  "fontEmphasisBold" : true,
                  "fontEmphasisItalic" : false,
                  "fontEmphasisUnderline" : false,
                  "foregroundColor" : "rgba(51,51,51,1)",
                  "image" : "",
                  "lineColor" : "",
                  "lineStyle" : "solid",
                  "lineThickness" : 1,
                  "secondaryBackgroundColor" : "",
                  "textSize" : "xlarge"
                },
                "defaultValue" : "19",
                "description" : "",
                "displayString" : "19",
                "name" : ""
              }, {
                "defaultStyleDefinition" : {
                  "backgroundColor" : "rgba(134,51,94,1)",
                  "displayString" : "",
                  "fontEmphasisBold" : true,
                  "fontEmphasisItalic" : false,
                  "fontEmphasisUnderline" : false,
                  "foregroundColor" : "rgba(51,51,51,1)",
                  "image" : "",
                  "lineColor" : "",
                  "lineStyle" : "solid",
                  "lineThickness" : 1,
                  "secondaryBackgroundColor" : "",
                  "textSize" : "xlarge"
                },
                "defaultValue" : "20",
                "description" : "",
                "displayString" : "20",
                "name" : ""
              }, {
                "defaultStyleDefinition" : {
                  "backgroundColor" : "rgba(73,14,62,1)",
                  "displayString" : "",
                  "fontEmphasisBold" : true,
                  "fontEmphasisItalic" : false,
                  "fontEmphasisUnderline" : false,
                  "foregroundColor" : "rgba(51,51,51,1)",
                  "image" : "",
                  "lineColor" : "",
                  "lineStyle" : "solid",
                  "lineThickness" : 1,
                  "secondaryBackgroundColor" : "",
                  "textSize" : "xlarge"
                },
                "defaultValue" : "21",
                "description" : "",
                "displayString" : "21",
                "name" : ""
              }, {
                "defaultStyleDefinition" : {
                  "backgroundColor" : "rgba(86,34,110,1)",
                  "displayString" : "",
                  "fontEmphasisBold" : true,
                  "fontEmphasisItalic" : false,
                  "fontEmphasisUnderline" : false,
                  "foregroundColor" : "rgba(51,51,51,1)",
                  "image" : "",
                  "lineColor" : "",
                  "lineStyle" : "solid",
                  "lineThickness" : 1,
                  "secondaryBackgroundColor" : "",
                  "textSize" : "xlarge"
                },
                "defaultValue" : "22",
                "description" : "",
                "displayString" : "22",
                "name" : ""
              }, {
                "defaultStyleDefinition" : {
                  "backgroundColor" : "rgba(43,56,127,1)",
                  "displayString" : "",
                  "fontEmphasisBold" : true,
                  "fontEmphasisItalic" : false,
                  "fontEmphasisUnderline" : false,
                  "foregroundColor" : "rgba(51,51,51,1)",
                  "image" : "",
                  "lineColor" : "",
                  "lineStyle" : "solid",
                  "lineThickness" : 1,
                  "secondaryBackgroundColor" : "",
                  "textSize" : "xlarge"
                },
                "defaultValue" : "23",
                "description" : "",
                "displayString" : "23",
                "name" : ""
              }, {
                "defaultStyleDefinition" : {
                  "backgroundColor" : "rgba(29,73,110,1)",
                  "displayString" : "",
                  "fontEmphasisBold" : true,
                  "fontEmphasisItalic" : false,
                  "fontEmphasisUnderline" : false,
                  "foregroundColor" : "rgba(51,51,51,1)",
                  "image" : "",
                  "lineColor" : "",
                  "lineStyle" : "solid",
                  "lineThickness" : 1,
                  "secondaryBackgroundColor" : "",
                  "textSize" : "xlarge"
                },
                "defaultValue" : "24",
                "description" : "",
                "displayString" : "24",
                "name" : ""
              }, {
                "defaultStyleDefinition" : {
                  "backgroundColor" : "rgba(192,192,192,1)",
                  "displayString" : "",
                  "fontEmphasisBold" : true,
                  "fontEmphasisItalic" : false,
                  "fontEmphasisUnderline" : false,
                  "foregroundColor" : "rgba(51,51,51,1)",
                  "image" : "",
                  "lineColor" : "",
                  "lineStyle" : "solid",
                  "lineThickness" : 1,
                  "secondaryBackgroundColor" : "",
                  "textSize" : "xlarge"
                },
                "description" : "",
                "displayString" : "",
                "name" : ""
              } ],
              "stateType" : "string"
            }
            ]]>
            </content>
        </StateDefinition>
    </StateDefinitions>
</Entities>
