<?xml version="1.0" encoding="UTF-8"?>
<Entities
 build="b706"
 majorVersion="9"
 minorVersion="0"
 modelPersistenceProviderPackage="MssqlPersistenceProviderPackage"
 revision="12"
 schemaVersion="1109"
 universal="password">
    <StyleDefinitions>
        <StyleDefinition
         aspect.isThemeObject="true"
         description=""
         documentationContent=""
         homeMashup=""
         lastModifiedDate="2022-03-09T12:18:32.503Z"
         name="KBMultiMachineGridAdvancedHeaderStyle"
         projectName=""
         tags="">
            <avatar></avatar>
            <DesignTimePermissions>
                <Create></Create>
                <Read></Read>
                <Update></Update>
                <Delete></Delete>
                <Metadata></Metadata>
            </DesignTimePermissions>
            <RunTimePermissions></RunTimePermissions>
            <VisibilityPermissions>
                <Visibility></Visibility>
            </VisibilityPermissions>
            <ConfigurationTableDefinitions></ConfigurationTableDefinitions>
            <ConfigurationTables></ConfigurationTables>
            <content>
            <![CDATA[
            {
              "backgroundColor" : "rgba(0,148,200,1)",
              "displayString" : "",
              "fontEmphasisBold" : true,
              "fontEmphasisItalic" : false,
              "fontEmphasisUnderline" : false,
              "foregroundColor" : "#ffffff",
              "image" : "",
              "lineColor" : "#c0c0c0",
              "lineStyle" : "solid",
              "lineThickness" : 1,
              "secondaryBackgroundColor" : "",
              "textSize" : "xlarge"
            }
            ]]>
            </content>
        </StyleDefinition>
    </StyleDefinitions>
</Entities>
