<?xml version="1.0" encoding="UTF-8" standalone="no"?>
<Entities build="b52" majorVersion="8" minorVersion="0"
	modelPersistenceProviderPackage="MssqlPersistenceProviderPackage"
	revision="3" schemaVersion="1000">
	<Things>
		<Thing description="" documentationContent=""
			effectiveThingPackage="StreamThing" enabled="true" homeMashup=""
			identifier="" lastModifiedDate="2017-09-29T11:44:24.780+02:00"
			name="KBRateOfQualityDailyHistoryStream" projectName="KBsmartKPI"
			published="false"
			tags="KBThingWorxInstallationVocabulary:ExtensionSmartKPI"
			thingTemplate="Stream" valueStream="">
			<Owner name="adm-flassakm" type="User" />
			<avatar />
			<DesignTimePermissions>
				<Create />
				<Read />
				<Update />
				<Delete />
				<Metadata />
			</DesignTimePermissions>
			<RunTimePermissions>
				<Permissions resourceName="*">
					<PropertyRead>
						<Principal isPermitted="true" name="KBUserGroup"
							type="Group" />
					</PropertyRead>
					<PropertyWrite>
						<Principal isPermitted="true" name="KBUserGroup"
							type="Group" />
					</PropertyWrite>
					<ServiceInvoke>
						<Principal isPermitted="true" name="KBUserGroup"
							type="Group" />
					</ServiceInvoke>
					<EventInvoke>
						<Principal isPermitted="true" name="KBUserGroup"
							type="Group" />
					</EventInvoke>
					<EventSubscribe />
				</Permissions>
			</RunTimePermissions>
			<VisibilityPermissions>
				<Visibility>
					<Principal isPermitted="true" name="KBOrganization"
						type="Organization" />
				</Visibility>
			</VisibilityPermissions>
			<ConfigurationTables>
				<ConfigurationTable
					description="Data Thing Configuration" isMultiRow="false"
					name="DataThingSettings" ordinal="0">
					<DataShape>
						<FieldDefinitions>
							<FieldDefinition baseType="STRING"
								description="Persistence Provider Name"
								name="persistenceProvider" ordinal="0" />
						</FieldDefinitions>
					</DataShape>
					<Rows>
						<Row>
							<persistenceProvider><![CDATA[ThingworxPersistenceProvider]]></persistenceProvider>
						</Row>
					</Rows>
				</ConfigurationTable>
				<ConfigurationTable
					description="Configurable options to tune Stream performance"
					isMultiRow="false" name="PersistenceProviderCustomSettings"
					ordinal="2">
					<DataShape>
						<FieldDefinitions>
							<FieldDefinition
								aspect.friendlyName="Persistence Provider Custom Settings Table"
								baseType="INFOTABLE"
								description="Persistence Provider Custom Config Table"
								name="customConfigTable" ordinal="0" />
						</FieldDefinitions>
					</DataShape>
					<Rows>
						<Row>
							<customConfigTable>
								<infoTable>
									<DataShape>
										<FieldDefinitions />
									</DataShape>
									<Rows />
								</infoTable>
							</customConfigTable>
						</Row>
					</Rows>
				</ConfigurationTable>
				<ConfigurationTable
					description="Data Shape Configuration" isMultiRow="false"
					name="Settings" ordinal="0">
					<DataShape>
						<FieldDefinitions>
							<FieldDefinition aspect.friendlyName="Data Shape"
								baseType="DATASHAPENAME" description="Data shape"
								name="dataShape" ordinal="0" />
						</FieldDefinitions>
					</DataShape>
					<Rows>
						<Row>
							<accumulatedDataShape>
								<json><![CDATA[{"fieldDefinitions":{"BadParts":{"name":"BadParts","aspects":{},"description":"","baseType":"INTEGER","ordinal":0},"GoodParts":{"name":"GoodParts","aspects":{},"description":"","baseType":"INTEGER","ordinal":2},"DateTime":{"name":"DateTime","aspects":{"isPrimaryKey":true},"description":"","baseType":"DATETIME","ordinal":1},"Machine":{"name":"Machine","aspects":{"isPrimaryKey":true,"thingTemplate":"KBGlobalMachineThingTemplate"},"description":"","baseType":"THINGNAME","ordinal":3},"RQ":{"name":"RQ","aspects":{"units":"%"},"description":"","baseType":"NUMBER","ordinal":4}}}]]></json>
							</accumulatedDataShape>
							<dataShape><![CDATA[KBRateOfQualityHistoryDataShape]]></dataShape>
						</Row>
					</Rows>
				</ConfigurationTable>
			</ConfigurationTables>
			<ThingShape>
				<PropertyDefinitions />
				<ServiceDefinitions />
				<EventDefinitions />
				<ServiceMappings />
				<ServiceImplementations />
				<Subscriptions />
			</ThingShape>
			<PropertyBindings />
			<RemotePropertyBindings />
			<RemoteServiceBindings />
			<RemoteEventBindings />
			<AlertConfigurations />
			<ImplementedShapes />
			<ThingProperties />
			<ConfigurationChanges>
				<ConfigurationChange changeAction="CREATE"
					changeReason="header : name : updated, tags : updated, projectName : updated&#10;configuration : persistenceProvider : updated, dataShape : updated&#10;"
					timestamp="2017-09-29T11:44:24.780+02:00" user="adm-flassakm" />
			</ConfigurationChanges>
		</Thing>
	</Things>
</Entities>