<?xml version="1.0" encoding="UTF-8" standalone="no"?>
<Entities build="b167" majorVersion="8" minorVersion="2"
	modelPersistenceProviderPackage="MssqlPersistenceProviderPackage"
	revision="2" schemaVersion="1020" universal="">
	<Things>
		<Thing description="" documentationContent=""
			effectiveThingPackage="ConfiguredThing" enabled="true" homeMashup=""
			identifier="" lastModifiedDate="2019-03-19T10:50:00.970+01:00"
			name="KBGlobalThingWorxThing" projectName="" published="false"
			tags="" thingTemplate="GenericThing" valueStream="">
			<Owner name="adm-flassakm" type="User" />
			<avatar />
			<DesignTimePermissions>
				<Create />
				<Read />
				<Update />
				<Delete />
				<Metadata />
			</DesignTimePermissions>
			<RunTimePermissions>
				<Permissions resourceName="GetFullShiftTime">
					<PropertyRead />
					<PropertyWrite />
					<ServiceInvoke>
						<Principal isPermitted="true" name="KBMesKitHelperUser"
							type="User" />
						<Principal isPermitted="true" name="KBOGSHelperUser"
							type="User" />
						<Principal isPermitted="true" name="KBUserGroup"
							type="Group" />
					</ServiceInvoke>
					<EventInvoke />
					<EventSubscribe />
				</Permissions>
				<Permissions
					resourceName="GetSingleKpiUtilizationOee2Truck">
					<PropertyRead />
					<PropertyWrite />
					<ServiceInvoke>
						<Principal isPermitted="true" name="KBMesKitHelperUser"
							type="User" />
						<Principal isPermitted="true" name="KBOGSHelperUser"
							type="User" />
					</ServiceInvoke>
					<EventInvoke />
					<EventSubscribe />
				</Permissions>
				<Permissions resourceName="GetGlobalDbServiceUrl">
					<PropertyRead />
					<PropertyWrite />
					<ServiceInvoke>
						<Principal isPermitted="true" name="KBMesKitHelperUser"
							type="User" />
						<Principal isPermitted="true" name="KBOGSHelperUser"
							type="User" />
					</ServiceInvoke>
					<EventInvoke />
					<EventSubscribe />
				</Permissions>
				<Permissions resourceName="GetAppKey">
					<PropertyRead />
					<PropertyWrite />
					<ServiceInvoke>
						<Principal isPermitted="true" name="KBMesKitHelperUser"
							type="User" />
						<Principal isPermitted="true" name="KBOGSHelperUser"
							type="User" />
					</ServiceInvoke>
					<EventInvoke />
					<EventSubscribe />
				</Permissions>
				<Permissions resourceName="GetData">
					<PropertyRead />
					<PropertyWrite />
					<ServiceInvoke>
						<Principal isPermitted="true" name="KBMesKitHelperUser"
							type="User" />
						<Principal isPermitted="true" name="KBOGSHelperUser"
							type="User" />
					</ServiceInvoke>
					<EventInvoke />
					<EventSubscribe />
				</Permissions>
				<Permissions resourceName="GetCVSProductionTarget">
					<PropertyRead />
					<PropertyWrite />
					<ServiceInvoke>
						<Principal isPermitted="true" name="KBMesKitHelperUser"
							type="User" />
						<Principal isPermitted="true" name="KBOGSHelperUser"
							type="User" />
						<Principal isPermitted="true" name="KBUserGroup"
							type="Group" />
					</ServiceInvoke>
					<EventInvoke />
					<EventSubscribe />
				</Permissions>
				<Permissions resourceName="GetCVSProductionTargetDetail">
					<PropertyRead />
					<PropertyWrite />
					<ServiceInvoke>
						<Principal isPermitted="true" name="KBMesKitHelperUser"
							type="User" />
						<Principal isPermitted="true" name="KBOGSHelperUser"
							type="User" />
						<Principal isPermitted="true" name="KBUserGroup"
							type="Group" />
					</ServiceInvoke>
					<EventInvoke />
					<EventSubscribe />
				</Permissions>
				<Permissions resourceName="GetTop1KpiData">
					<PropertyRead />
					<PropertyWrite />
					<ServiceInvoke>
						<Principal isPermitted="true" name="KBMesKitHelperUser"
							type="User" />
						<Principal isPermitted="true" name="KBOGSHelperUser"
							type="User" />
					</ServiceInvoke>
					<EventInvoke />
					<EventSubscribe />
				</Permissions>
				<Permissions resourceName="GetKpiDataForRail">
					<PropertyRead />
					<PropertyWrite />
					<ServiceInvoke>
						<Principal isPermitted="true" name="KBMesKitHelperUser"
							type="User" />
					</ServiceInvoke>
					<EventInvoke />
					<EventSubscribe />
				</Permissions>
				<Permissions resourceName="GetAllKpiDataForRail">
					<PropertyRead />
					<PropertyWrite />
					<ServiceInvoke>
						<Principal isPermitted="true" name="KBMesKitHelperUser"
							type="User" />
					</ServiceInvoke>
					<EventInvoke />
					<EventSubscribe />
				</Permissions>
				<Permissions resourceName="GetKpiDataForTruck">
					<PropertyRead />
					<PropertyWrite />
					<ServiceInvoke>
						<Principal isPermitted="true" name="KBMesKitHelperUser"
							type="User" />
						<Principal isPermitted="true" name="KBOGSHelperUser"
							type="User" />
						<Principal isPermitted="true" name="KBUserGroup"
							type="Group" />
					</ServiceInvoke>
					<EventInvoke />
					<EventSubscribe />
				</Permissions>
				<Permissions resourceName="GetAllKpiDataForTruck">
					<PropertyRead />
					<PropertyWrite />
					<ServiceInvoke>
						<Principal isPermitted="true" name="KBMesKitHelperUser"
							type="User" />
						<Principal isPermitted="true" name="KBOGSHelperUser"
							type="User" />
					</ServiceInvoke>
					<EventInvoke />
					<EventSubscribe />
				</Permissions>
				<Permissions resourceName="*">
					<PropertyRead>
						<Principal isPermitted="true" name="KBUserGroup"
							type="Group" />
					</PropertyRead>
					<PropertyWrite />
					<ServiceInvoke>
						<Principal isPermitted="true" name="KBUserGroup"
							type="Group" />
					</ServiceInvoke>
					<EventInvoke />
					<EventSubscribe />
				</Permissions>
			</RunTimePermissions>
			<VisibilityPermissions>
				<Visibility>
					<Principal isPermitted="true" name="KBBackGroundWorker"
						type="Organization" />
					<Principal isPermitted="true" name="KBOrganization"
						type="Organization" />
				</Visibility>
			</VisibilityPermissions>
			<ConfigurationTables />
			<ThingShape>
				<PropertyDefinitions />
				<ServiceDefinitions>
					<ServiceDefinition aspect.isAsync="false"
						category="" description="" isAllowOverride="false"
						isLocalOnly="false" isOpen="false" isPrivate="false"
						name="GetKpiDataTruckLast30Days">
						<ResultType aspect.dataShape="KBKpiDataFromDbDataShape"
							baseType="INFOTABLE" description="" name="result" ordinal="0" />
						<ParameterDefinitions>
							<FieldDefinition aspect.isRequired="true"
								baseType="STRING" description="" name="KPIName" ordinal="4" />
							<FieldDefinition aspect.isRequired="true"
								baseType="STRING" description="" name="Machine" ordinal="3" />
						</ParameterDefinitions>
					</ServiceDefinition>
					<ServiceDefinition aspect.isAsync="false"
						category="" description="" isAllowOverride="false"
						isLocalOnly="false" isOpen="false" isPrivate="false"
						name="GetKpiDataTruckLast7Days">
						<ResultType aspect.dataShape="KBKpiDataFromDbDataShape"
							baseType="INFOTABLE" description="" name="result" ordinal="0" />
						<ParameterDefinitions>
							<FieldDefinition aspect.isRequired="true"
								baseType="STRING" description="" name="KPIName" ordinal="4" />
							<FieldDefinition aspect.isRequired="true"
								baseType="STRING" description="" name="Machine" ordinal="3" />
						</ParameterDefinitions>
					</ServiceDefinition>
					<ServiceDefinition aspect.isAsync="false"
						category="" description="" isAllowOverride="false"
						isLocalOnly="false" isOpen="false" isPrivate="false"
						name="GetKpiDataTruckLast24h">
						<ResultType aspect.dataShape="KBKpiDataFromDbDataShape"
							baseType="INFOTABLE" description="" name="result" ordinal="0" />
						<ParameterDefinitions>
							<FieldDefinition aspect.isRequired="true"
								baseType="STRING" description="" name="KPIName" ordinal="4" />
							<FieldDefinition aspect.isRequired="true"
								baseType="STRING" description="" name="Machine" ordinal="3" />
						</ParameterDefinitions>
					</ServiceDefinition>
					<ServiceDefinition
                     aspect.isAsync="false"
                     category=""
                     description=""
                     isAllowOverride="false"
                     isLocalOnly="false"
                     isOpen="false"
                     isPrivate="false"
                     name="GetOrderKeyValueDataPerOrder">
                        <ResultType
                         aspect.dataShape="KBOrderKeyValueDataDataShape"
                         baseType="INFOTABLE"
                         description=""
                         name="result"
                         ordinal="0"></ResultType>
                        <ParameterDefinitions>
                            <FieldDefinition
                             baseType="STRING"
                             description=""
                             name="OrderNumber"
                             ordinal="2"></FieldDefinition>
                            <FieldDefinition
                             baseType="STRING"
                             description=""
                             name="SAPPlantNumber"
                             ordinal="1"></FieldDefinition>
                        </ParameterDefinitions>
                    </ServiceDefinition>
					<ServiceDefinition aspect.isAsync="false"
						category="" description="" isAllowOverride="false"
						isLocalOnly="false" isOpen="false" isPrivate="false"
						name="GetPlantOrderList">
						<ResultType
							aspect.dataShape="KBLocalOrderListDataShape" baseType="INFOTABLE"
							description="" name="result" ordinal="0" />
						<ParameterDefinitions>
							<FieldDefinition baseType="STRING" description=""
								name="MaterialNumber" ordinal="3" />
							<FieldDefinition baseType="STRING" description=""
								name="OperationNumber" ordinal="4" />
							<FieldDefinition baseType="STRING" description=""
								name="OrderNumber" ordinal="2" />
							<FieldDefinition aspect.isRequired="true"
								baseType="STRING" description="" name="PlantNumber" ordinal="1" />
						</ParameterDefinitions>
					</ServiceDefinition>
					<ServiceDefinition aspect.isAsync="false"
						category="" description="" isAllowOverride="false"
						isLocalOnly="false" isOpen="false" isPrivate="false"
						name="GetNewOrderData">
						<ResultType aspect.dataShape="KBOrderDataDataShape"
							baseType="INFOTABLE" description="" name="result" ordinal="0" />
						<ParameterDefinitions>
							<FieldDefinition aspect.isRequired="true"
								baseType="STRING" description="" name="SAPPlantNumber"
								ordinal="2" />
							<FieldDefinition aspect.isRequired="true"
								baseType="DATETIME" description="" name="StartDateTime"
								ordinal="1" />
						</ParameterDefinitions>
					</ServiceDefinition>
					<ServiceDefinition aspect.isAsync="false"
						category="" description="" isAllowOverride="false"
						isLocalOnly="false" isOpen="false" isPrivate="false"
						name="GetNewOrderKeyValueData">
						<ResultType
							aspect.dataShape="KBOrderKeyValueDataDataShape"
							baseType="INFOTABLE" description="" name="result" ordinal="0" />
						<ParameterDefinitions>
							<FieldDefinition aspect.isRequired="true"
								baseType="STRING" description="" name="SAPPlantNumber"
								ordinal="2" />
							<FieldDefinition aspect.isRequired="true"
								baseType="DATETIME" description="" name="StartDateTime"
								ordinal="1" />
						</ParameterDefinitions>
					</ServiceDefinition>
					<ServiceDefinition aspect.isAsync="false"
						category="" description="" isAllowOverride="false"
						isLocalOnly="false" isOpen="false" isPrivate="false"
						name="GetShiftDataForEventChart">
						<ResultType
							aspect.dataShape="KBShiftInfoForEventChartDataShape"
							baseType="INFOTABLE" description="" name="result" ordinal="0" />
						<ParameterDefinitions>
							<FieldDefinition baseType="DATETIME"
								description="" name="EndDate" ordinal="4" />
							<FieldDefinition baseType="STRING" description=""
								name="MachineSAP" ordinal="2" />
							<FieldDefinition baseType="STRING" description=""
								name="PlantSAP" ordinal="1" />
							<FieldDefinition baseType="DATETIME"
								description="" name="StartDate" ordinal="3" />
						</ParameterDefinitions>
					</ServiceDefinition>
					<ServiceDefinition aspect.isAsync="false"
						category="" description="" isAllowOverride="false"
						isLocalOnly="false" isOpen="false" isPrivate="false"
						name="GetShiftInfo">
						<ResultType aspect.dataShape="KBShiftInfoDataShape"
							baseType="INFOTABLE" description="" name="result" ordinal="0" />
						<ParameterDefinitions>
							<FieldDefinition baseType="DATETIME"
								description="" name="EndDate" ordinal="4" />
							<FieldDefinition baseType="STRING" description=""
								name="MachineSAP" ordinal="2" />
							<FieldDefinition baseType="STRING" description=""
								name="PlantSAP" ordinal="1" />
							<FieldDefinition baseType="DATETIME"
								description="" name="StartDate" ordinal="3" />
						</ParameterDefinitions>
					</ServiceDefinition>
					<ServiceDefinition aspect.isAsync="false"
						category="" description="" isAllowOverride="false"
						isLocalOnly="false" isOpen="false" isPrivate="false"
						name="GetTop1IoNioDataYear">
						<ResultType aspect.dataShape="KBKpiSummaryShape"
							baseType="INFOTABLE" description="" name="result" ordinal="0" />
						<ParameterDefinitions>
							<FieldDefinition aspect.isRequired="true"
								baseType="STRING" description="" name="IOName" ordinal="4" />
							<FieldDefinition aspect.isRequired="true"
								baseType="STRING" description="" name="NIOName" ordinal="3" />
							<FieldDefinition aspect.isRequired="true"
								baseType="STRING" description="" name="KPIName" ordinal="2" />
							<FieldDefinition aspect.isRequired="true"
								baseType="STRING" description="" name="Machine" ordinal="1" />
						</ParameterDefinitions>
					</ServiceDefinition>
					<ServiceDefinition aspect.isAsync="false"
						category="" description="" isAllowOverride="false"
						isLocalOnly="false" isOpen="false" isPrivate="false"
						name="GetTop1IoNioDataMonth">
						<ResultType aspect.dataShape="KBKpiSummaryShape"
							baseType="INFOTABLE" description="" name="result" ordinal="0" />
						<ParameterDefinitions>
							<FieldDefinition aspect.isRequired="true"
								baseType="STRING" description="" name="IOName" ordinal="4" />
							<FieldDefinition aspect.isRequired="true"
								baseType="STRING" description="" name="NIOName" ordinal="3" />
							<FieldDefinition aspect.isRequired="true"
								baseType="STRING" description="" name="KPIName" ordinal="2" />
							<FieldDefinition aspect.isRequired="true"
								baseType="STRING" description="" name="Machine" ordinal="1" />
						</ParameterDefinitions>
					</ServiceDefinition>
					<ServiceDefinition aspect.isAsync="false"
						category="" description="" isAllowOverride="false"
						isLocalOnly="false" isOpen="false" isPrivate="false"
						name="GetTop1IoNioDataWeek">
						<ResultType aspect.dataShape="KBKpiSummaryShape"
							baseType="INFOTABLE" description="" name="result" ordinal="0" />
						<ParameterDefinitions>
							<FieldDefinition aspect.isRequired="true"
								baseType="STRING" description="" name="IOName" ordinal="4" />
							<FieldDefinition aspect.isRequired="true"
								baseType="STRING" description="" name="NIOName" ordinal="3" />
							<FieldDefinition aspect.isRequired="true"
								baseType="STRING" description="" name="KPIName" ordinal="2" />
							<FieldDefinition aspect.isRequired="true"
								baseType="STRING" description="" name="Machine" ordinal="1" />
						</ParameterDefinitions>
					</ServiceDefinition>
					<ServiceDefinition aspect.isAsync="false"
						category="" description="" isAllowOverride="false"
						isLocalOnly="false" isOpen="false" isPrivate="false"
						name="GetTop1IoNioDataDay">
						<ResultType aspect.dataShape="KBKpiSummaryShape"
							baseType="INFOTABLE" description="" name="result" ordinal="0" />
						<ParameterDefinitions>
							<FieldDefinition aspect.isRequired="true"
								baseType="STRING" description="" name="IOName" ordinal="4" />
							<FieldDefinition aspect.isRequired="true"
								baseType="STRING" description="" name="NIOName" ordinal="3" />
							<FieldDefinition aspect.isRequired="true"
								baseType="STRING" description="" name="KPIName" ordinal="2" />
							<FieldDefinition aspect.isRequired="true"
								baseType="STRING" description="" name="Machine" ordinal="1" />
						</ParameterDefinitions>
					</ServiceDefinition>
					<ServiceDefinition aspect.isAsync="false"
						category="" description="" isAllowOverride="false"
						isLocalOnly="false" isOpen="false" isPrivate="false"
						name="GetTop1KpiDataYear">
						<ResultType aspect.dataShape="KBKpiSummaryShape"
							baseType="INFOTABLE" description="" name="result" ordinal="0" />
						<ParameterDefinitions>
							<FieldDefinition aspect.isRequired="true"
								baseType="STRING" description="" name="KPIName" ordinal="4" />
							<FieldDefinition aspect.isRequired="true"
								baseType="STRING" description="" name="Machine" ordinal="3" />
						</ParameterDefinitions>
					</ServiceDefinition>
					<ServiceDefinition aspect.isAsync="false"
						category="" description="" isAllowOverride="false"
						isLocalOnly="false" isOpen="false" isPrivate="false"
						name="GetTop1KpiDataMonth">
						<ResultType aspect.dataShape="KBKpiSummaryShape"
							baseType="INFOTABLE" description="" name="result" ordinal="0" />
						<ParameterDefinitions>
							<FieldDefinition aspect.isRequired="true"
								baseType="STRING" description="" name="KPIName" ordinal="4" />
							<FieldDefinition aspect.isRequired="true"
								baseType="STRING" description="" name="Machine" ordinal="3" />
						</ParameterDefinitions>
					</ServiceDefinition>
					<ServiceDefinition aspect.isAsync="false"
						category="" description="" isAllowOverride="false"
						isLocalOnly="false" isOpen="false" isPrivate="false"
						name="GetTop1KpiDataWeek">
						<ResultType aspect.dataShape="KBKpiSummaryShape"
							baseType="INFOTABLE" description="" name="result" ordinal="0" />
						<ParameterDefinitions>
							<FieldDefinition aspect.isRequired="true"
								baseType="STRING" description="" name="KPIName" ordinal="4" />
							<FieldDefinition aspect.isRequired="true"
								baseType="STRING" description="" name="Machine" ordinal="3" />
						</ParameterDefinitions>
					</ServiceDefinition>
					<ServiceDefinition aspect.isAsync="false"
						category="" description="" isAllowOverride="false"
						isLocalOnly="false" isOpen="false" isPrivate="false"
						name="GetTop1KpiDataDay">
						<ResultType aspect.dataShape="KBKpiSummaryShape"
							baseType="INFOTABLE" description="" name="result" ordinal="0" />
						<ParameterDefinitions>
							<FieldDefinition aspect.isRequired="true"
								baseType="STRING" description="" name="KPIName" ordinal="4" />
							<FieldDefinition aspect.isRequired="true"
								baseType="STRING" description="" name="Machine" ordinal="3" />
						</ParameterDefinitions>
					</ServiceDefinition>
					<ServiceDefinition aspect.isAsync="false"
						category="" description="" isAllowOverride="false"
						isLocalOnly="false" isOpen="false" isPrivate="false"
						name="GetKpiLimitsForLines">
						<ResultType aspect.dataShape="KBKpiDataFromDbDataShape"
							baseType="INFOTABLE" description="" name="result" ordinal="0" />
						<ParameterDefinitions>
							<FieldDefinition baseType="STRING" description=""
								name="KPIName" ordinal="1" />
							<FieldDefinition baseType="STRING" description=""
								name="Machine" ordinal="2" />
						</ParameterDefinitions>
					</ServiceDefinition>
					<ServiceDefinition aspect.isAsync="false"
						category="" description="" isAllowOverride="false"
						isLocalOnly="false" isOpen="false" isPrivate="false"
						name="GetKpiLimitsIoNioForBars">
						<ResultType aspect.dataShape="KBKpiDataFromDbDataShape"
							baseType="INFOTABLE" description="" name="result" ordinal="0" />
						<ParameterDefinitions>
							<FieldDefinition baseType="STRING" description=""
								name="KPIName" ordinal="1" />
							<FieldDefinition baseType="STRING" description=""
								name="Machine" ordinal="2" />
							<FieldDefinition aspect.isRequired="true"
								baseType="STRING" description="" name="IOName" ordinal="4" />
							<FieldDefinition aspect.isRequired="true"
								baseType="STRING" description="" name="NIOName" ordinal="3" />
						</ParameterDefinitions>
					</ServiceDefinition>
					<ServiceDefinition aspect.isAsync="false"
						category="" description="" isAllowOverride="false"
						isLocalOnly="false" isOpen="false" isPrivate="false"
						name="GetKpiLimitsIoNioForLines">
						<ResultType aspect.dataShape="KBKpiDataFromDbDataShape"
							baseType="INFOTABLE" description="" name="result" ordinal="0" />
						<ParameterDefinitions>
							<FieldDefinition baseType="STRING" description=""
								name="KPIName" ordinal="1" />
							<FieldDefinition baseType="STRING" description=""
								name="Machine" ordinal="2" />
							<FieldDefinition aspect.isRequired="true"
								baseType="STRING" description="" name="IOName" ordinal="4" />
							<FieldDefinition aspect.isRequired="true"
								baseType="STRING" description="" name="NIOName" ordinal="3" />
						</ParameterDefinitions>
					</ServiceDefinition>
					<ServiceDefinition aspect.isAsync="false"
						category="" description="" isAllowOverride="false"
						isLocalOnly="false" isOpen="false" isPrivate="false"
						name="GetTop3KpiTruckDataYear">
						<ResultType aspect.dataShape="KBKpiSummaryShape"
							baseType="INFOTABLE" description="" name="result" ordinal="0" />
						<ParameterDefinitions>
							<FieldDefinition aspect.isRequired="true"
								baseType="STRING" description="" name="KPIName" ordinal="4" />
							<FieldDefinition aspect.isRequired="true"
								baseType="STRING" description="" name="Machine" ordinal="3" />
						</ParameterDefinitions>
					</ServiceDefinition>
					<ServiceDefinition aspect.isAsync="false"
						category="" description="" isAllowOverride="false"
						isLocalOnly="false" isOpen="false" isPrivate="false"
						name="GetTop3KpiTruckDataMonth">
						<ResultType aspect.dataShape="KBKpiSummaryShape"
							baseType="INFOTABLE" description="" name="result" ordinal="0" />
						<ParameterDefinitions>
							<FieldDefinition aspect.isRequired="true"
								baseType="STRING" description="" name="KPIName" ordinal="4" />
							<FieldDefinition aspect.isRequired="true"
								baseType="STRING" description="" name="Machine" ordinal="3" />
						</ParameterDefinitions>
					</ServiceDefinition>
					<ServiceDefinition aspect.isAsync="false"
						category="" description="" isAllowOverride="false"
						isLocalOnly="false" isOpen="false" isPrivate="false"
						name="GetTop3KpiTruckDataWeek">
						<ResultType aspect.dataShape="KBKpiSummaryShape"
							baseType="INFOTABLE" description="" name="result" ordinal="0" />
						<ParameterDefinitions>
							<FieldDefinition aspect.isRequired="true"
								baseType="STRING" description="" name="KPIName" ordinal="4" />
							<FieldDefinition aspect.isRequired="true"
								baseType="STRING" description="" name="Machine" ordinal="3" />
						</ParameterDefinitions>
					</ServiceDefinition>
					<ServiceDefinition aspect.isAsync="false"
						category="" description="" isAllowOverride="false"
						isLocalOnly="false" isOpen="false" isPrivate="false"
						name="GetTop3KpiTruckDataDay">
						<ResultType aspect.dataShape="KBKpiSummaryShape"
							baseType="INFOTABLE" description="" name="result" ordinal="0" />
						<ParameterDefinitions>
							<FieldDefinition aspect.isRequired="true"
								baseType="STRING" description="" name="KPIName" ordinal="4" />
							<FieldDefinition aspect.isRequired="true"
								baseType="STRING" description="" name="Machine" ordinal="3" />
						</ParameterDefinitions>
					</ServiceDefinition>
					<ServiceDefinition aspect.isAsync="false"
						category="" description="" isAllowOverride="false"
						isLocalOnly="false" isOpen="false" isPrivate="false"
						name="GetKpiData">
						<ResultType aspect.dataShape="KBKpiDataFromDbDataShape"
							baseType="INFOTABLE" description="" name="result" ordinal="0" />
						<ParameterDefinitions>
							<FieldDefinition aspect.isRequired="true"
								baseType="DATETIME" description="" name="EndDate" ordinal="2" />
							<FieldDefinition aspect.isRequired="true"
								baseType="STRING" description="" name="KPICalculationBase"
								ordinal="5" />
							<FieldDefinition aspect.isRequired="true"
								baseType="STRING" description="" name="KPIName" ordinal="4" />
							<FieldDefinition aspect.isRequired="true"
								baseType="STRING" description="" name="Machine" ordinal="3" />
							<FieldDefinition aspect.isRequired="true"
								baseType="DATETIME" description="" name="StartDate" ordinal="1" />
						</ParameterDefinitions>
					</ServiceDefinition>
					<ServiceDefinition aspect.isAsync="false"
						category="" description="" isAllowOverride="false"
						isLocalOnly="false" isOpen="false" isPrivate="false"
						name="AddQualityResultToDataTable">
						<ResultType baseType="NUMBER" description=""
							name="result" ordinal="0" />
						<ParameterDefinitions>
							<FieldDefinition aspect.defaultValue="false"
								aspect.isRequired="false" baseType="BOOLEAN" description=""
								name="confirmToSAP" ordinal="10" />
							<FieldDefinition aspect.defaultValue="false"
								aspect.isRequired="false" baseType="BOOLEAN" description=""
								name="confirmedToSAP" ordinal="11" />
							<FieldDefinition aspect.isRequired="false"
								baseType="STRING" description="" name="SAPOperationNumber"
								ordinal="12" />
							<FieldDefinition aspect.isRequired="false"
								baseType="STRING" description="" name="SAPconfirmationResult"
								ordinal="13" />
							<FieldDefinition aspect.isRequired="false"
								baseType="NUMBER" description="" name="timePerPartSec"
								ordinal="14" />
							<FieldDefinition baseType="DATETIME"
								description="" name="DateTime" ordinal="2" />
							<FieldDefinition baseType="BOOLEAN"
								description="" name="isPartOK" ordinal="3" />
							<FieldDefinition baseType="STRING" description=""
								name="Machine" ordinal="1" />
							<FieldDefinition baseType="INTEGER"
								description="" name="NumberOfParts" ordinal="8" />
							<FieldDefinition baseType="STRING" description=""
								name="OrderNumber" ordinal="6" />
							<FieldDefinition baseType="STRING" description=""
								name="PartNumber" ordinal="4" />
							<FieldDefinition baseType="STRING" description=""
								name="ScrapReason" ordinal="7" />
							<FieldDefinition baseType="STRING" description=""
								name="SerialNumber" ordinal="5" />
							<FieldDefinition aspect.defaultValue="default"
								baseType="STRING" description="" name="Station" ordinal="10" />
						</ParameterDefinitions>
					</ServiceDefinition>
					<ServiceDefinition aspect.isAsync="false"
						category="" description="" isAllowOverride="false"
						isLocalOnly="false" isOpen="false" isPrivate="false"
						name="AddQualityResultsToDataTable">
						<ResultType baseType="NUMBER" description=""
							name="result" ordinal="0" />
						<ParameterDefinitions>
							<FieldDefinition
								aspect.dataShape="KBRateOfQualityDataShape" baseType="INFOTABLE"
								description="" name="KBRateOfQualityData" ordinal="1" />
						</ParameterDefinitions>
					</ServiceDefinition>
					<ServiceDefinition aspect.isAsync="false"
						category="" description="" isAllowOverride="false"
						isLocalOnly="false" isOpen="false" isPrivate="false"
						name="GetOeeUtilizationRail">
						<ResultType
							aspect.dataShape="KBOeeUtilizationRailDataShape"
							baseType="INFOTABLE" description="" name="result" ordinal="0" />
						<ParameterDefinitions>
							<FieldDefinition aspect.isRequired="true"
								baseType="STRING" description="" name="CalculationBase"
								ordinal="2" />
							<FieldDefinition aspect.isRequired="true"
								baseType="STRING" description="" name="Machine" ordinal="1" />
							<FieldDefinition aspect.isRequired="true"
								baseType="DATETIME" description="" name="TimeEnd" ordinal="4" />
							<FieldDefinition aspect.isRequired="true"
								baseType="DATETIME" description="" name="TimeStart" ordinal="3" />
						</ParameterDefinitions>
					</ServiceDefinition>
					<ServiceDefinition aspect.isAsync="false"
						category="" description="" isAllowOverride="false"
						isLocalOnly="false" isOpen="false" isPrivate="false"
						name="GetUtilizationRailWithPercent">
						<ResultType
							aspect.dataShape="KBUtilizationRailDataShape"
							baseType="INFOTABLE" description="" name="result" ordinal="0" />
						<ParameterDefinitions>
							<FieldDefinition aspect.isRequired="true"
								baseType="STRING" description="" name="CalculationBase"
								ordinal="2" />
							<FieldDefinition aspect.isRequired="false"
								baseType="STRING" description="" name="KPIType" ordinal="5" />
							<FieldDefinition aspect.isRequired="true"
								baseType="STRING" description="" name="Machine" ordinal="1" />
							<FieldDefinition aspect.isRequired="true"
								baseType="DATETIME" description="" name="TimeEnd" ordinal="4" />
							<FieldDefinition aspect.isRequired="true"
								baseType="DATETIME" description="" name="TimeStart" ordinal="3" />
						</ParameterDefinitions>
					</ServiceDefinition>
					<ServiceDefinition aspect.isAsync="false"
						category="" description="" isAllowOverride="false"
						isLocalOnly="false" isOpen="false" isPrivate="false"
						name="GetCVSProductionTarget">
						<ResultType aspect.dataShape="KBKpiSummaryShape"
							baseType="INFOTABLE" description="" name="result" ordinal="0" />
						<ParameterDefinitions>
							<FieldDefinition aspect.isRequired="true"
								baseType="DATETIME" description="" name="EndTime" ordinal="4" />
							<FieldDefinition aspect.isRequired="true"
								baseType="STRING" description="" name="LineThingName"
								ordinal="2" />
							<FieldDefinition aspect.isRequired="true"
								baseType="DATETIME" description="" name="StartTime" ordinal="3" />
						</ParameterDefinitions>
					</ServiceDefinition>
					<ServiceDefinition aspect.isAsync="false"
						category="" description="" isAllowOverride="false"
						isLocalOnly="false" isOpen="false" isPrivate="false"
						name="GetCVSProductionTargetDetail">
						<ResultType
							aspect.dataShape="KBCVSProductionTargetDetailDataShape"
							baseType="INFOTABLE" description="" name="result" ordinal="0" />
						<ParameterDefinitions>
							<FieldDefinition aspect.isRequired="true"
								baseType="DATETIME" description="" name="EndTime" ordinal="4" />
							<FieldDefinition aspect.isRequired="true"
								baseType="STRING" description="" name="LineThingName"
								ordinal="2" />
							<FieldDefinition aspect.isRequired="true"
								baseType="DATETIME" description="" name="StartTime" ordinal="3" />
						</ParameterDefinitions>
					</ServiceDefinition>
					<ServiceDefinition aspect.isAsync="false"
						category="" description="" isAllowOverride="false"
						isLocalOnly="false" isOpen="false" isPrivate="false"
						name="GetTop1KpiData">
						<ResultType aspect.dataShape="KBKpiSummaryShape"
							baseType="INFOTABLE" description="" name="result" ordinal="0" />
						<ParameterDefinitions>
							<FieldDefinition aspect.isRequired="true"
								baseType="DATETIME" description="" name="KPITime" ordinal="1" />
							<FieldDefinition aspect.isRequired="true"
								baseType="STRING" description="" name="KPICalculationBase"
								ordinal="2" />
							<FieldDefinition aspect.isRequired="true"
								baseType="STRING" description="" name="KPIName" ordinal="4" />
							<FieldDefinition aspect.isRequired="true"
								baseType="STRING" description="" name="Machine" ordinal="3" />
						</ParameterDefinitions>
					</ServiceDefinition>
					<ServiceDefinition aspect.isAsync="false"
						category="" description="" isAllowOverride="false"
						isLocalOnly="false" isOpen="false" isPrivate="false"
						name="GetKpiDataForRail">
						<ResultType aspect.dataShape="KBKpiSummaryShape"
							baseType="INFOTABLE" description="" name="result" ordinal="0" />
						<ParameterDefinitions>
							<FieldDefinition aspect.isRequired="true"
								baseType="DATETIME" description="" name="StartDate" ordinal="1" />
							<FieldDefinition aspect.isRequired="true"
								baseType="DATETIME" description="" name="EndDate" ordinal="2" />
							<FieldDefinition aspect.isRequired="true"
								baseType="STRING" description="" name="KPIName" ordinal="4" />
							<FieldDefinition aspect.isRequired="true"
								baseType="STRING" description="" name="Machine" ordinal="3" />
						</ParameterDefinitions>
					</ServiceDefinition>
					<ServiceDefinition aspect.isAsync="false"
						category="" description="" isAllowOverride="false"
						isLocalOnly="false" isOpen="false" isPrivate="false"
						name="GetAllKpiDataForRail">
						<ResultType aspect.dataShape="KBKpiSummaryShape"
							baseType="INFOTABLE" description="" name="result" ordinal="0" />
						<ParameterDefinitions>
							<FieldDefinition aspect.isRequired="true"
								baseType="DATETIME" description="" name="StartDate" ordinal="1" />
							<FieldDefinition aspect.isRequired="true"
								baseType="DATETIME" description="" name="EndDate" ordinal="2" />
							<FieldDefinition aspect.isRequired="true"
								baseType="STRING" description="" name="Machine" ordinal="3" />
						</ParameterDefinitions>
					</ServiceDefinition>
					<ServiceDefinition aspect.isAsync="false"
						category="" description="" isAllowOverride="false"
						isLocalOnly="false" isOpen="false" isPrivate="false"
						name="GetKpiDataForTruck">
						<ResultType aspect.dataShape="KBKpiSummaryShape"
							baseType="INFOTABLE" description="" name="result" ordinal="0" />
						<ParameterDefinitions>
							<FieldDefinition aspect.isRequired="true"
								baseType="DATETIME" description="" name="StartDate" ordinal="1" />
							<FieldDefinition aspect.isRequired="true"
								baseType="DATETIME" description="" name="EndDate" ordinal="2" />
							<FieldDefinition aspect.isRequired="true"
								baseType="STRING" description="" name="KPIName" ordinal="4" />
							<FieldDefinition aspect.isRequired="true"
								baseType="STRING" description="" name="Machine" ordinal="3" />
						</ParameterDefinitions>
					</ServiceDefinition>
					<ServiceDefinition aspect.isAsync="false"
						category="" description="" isAllowOverride="false"
						isLocalOnly="false" isOpen="false" isPrivate="false"
						name="GetAllKpiDataForTruck">
						<ResultType aspect.dataShape="KBKpiSummaryShape"
							baseType="INFOTABLE" description="" name="result" ordinal="0" />
						<ParameterDefinitions>
							<FieldDefinition aspect.isRequired="true"
								baseType="DATETIME" description="" name="StartDate" ordinal="1" />
							<FieldDefinition aspect.isRequired="true"
								baseType="DATETIME" description="" name="EndDate" ordinal="2" />
							<FieldDefinition aspect.isRequired="true"
								baseType="STRING" description="" name="Machine" ordinal="3" />
						</ParameterDefinitions>
					</ServiceDefinition>
					<ServiceDefinition aspect.isAsync="false"
						category="" description="" isAllowOverride="false"
						isLocalOnly="false" isOpen="false" isPrivate="false"
						name="GetAppKey">
						<ResultType baseType="STRING" description=""
							name="result" ordinal="0" />
						<ParameterDefinitions />
					</ServiceDefinition>
					<ServiceDefinition aspect.isAsync="false"
						category="" description="" isAllowOverride="false"
						isLocalOnly="false" isOpen="false" isPrivate="false"
						name="GetData">
						<ResultType baseType="INFOTABLE" description=""
							name="result" ordinal="0" />
						<ParameterDefinitions>
							<FieldDefinition aspect.isRequired="true"
								baseType="JSON" description="" name="Content" ordinal="2" />
							<FieldDefinition aspect.isRequired="true"
								baseType="STRING" description="" name="ServiceName" ordinal="1" />
						</ParameterDefinitions>
					</ServiceDefinition>
					<ServiceDefinition aspect.isAsync="false"
						category="" description="" isAllowOverride="false"
						isLocalOnly="false" isOpen="false" isPrivate="false"
						name="GetFullShiftTime">
						<ResultType aspect.dataShape="KBShiftTimeDataShape"
							baseType="INFOTABLE" description="" name="result" ordinal="0" />
						<ParameterDefinitions>
							<FieldDefinition aspect.isRequired="true"
								baseType="DATETIME" description="" name="date" ordinal="1" />
							<FieldDefinition aspect.isRequired="true"
								baseType="STRING" description="" name="Machine" ordinal="2" />
						</ParameterDefinitions>
					</ServiceDefinition>
					<ServiceDefinition aspect.isAsync="false"
						category="" description="" isAllowOverride="false"
						isLocalOnly="false" isOpen="false" isPrivate="false"
						name="GetSingleKpiUtilizationOee2Truck">
						<ResultType
							aspect.dataShape="KBSingleKpiUtilizationOee2TruckDataShape"
							baseType="INFOTABLE" description="" name="result" ordinal="0" />
						<ParameterDefinitions>
							<FieldDefinition aspect.isRequired="true"
								baseType="DATETIME" description="" name="EndDateTime"
								ordinal="2" />
							<FieldDefinition aspect.isRequired="true"
								baseType="STRING" description="" name="Machine" ordinal="3" />
							<FieldDefinition aspect.isRequired="true"
								baseType="DATETIME" description="" name="StartDateTime"
								ordinal="1" />
						</ParameterDefinitions>
					</ServiceDefinition>
					<ServiceDefinition aspect.isAsync="false"
						category="" description="" isAllowOverride="false"
						isLocalOnly="false" isOpen="false" isPrivate="false"
						name="GetGlobalDbServiceUrl">
						<ResultType baseType="STRING" description=""
							name="result" ordinal="0" />
						<ParameterDefinitions />
					</ServiceDefinition>
				</ServiceDefinitions>
				<EventDefinitions />
				<ServiceMappings />
				<ServiceImplementations>
					<ServiceImplementation description=""
						handlerName="Script" name="GetKpiDataTruckLast30Days">
						<ConfigurationTables>
							<ConfigurationTable description="Script"
								isMultiRow="false" name="Script" ordinal="0">
								<DataShape>
									<FieldDefinitions>
										<FieldDefinition baseType="STRING"
											description="code" name="code" ordinal="0" />
									</FieldDefinitions>
								</DataShape>
								<Rows>
									<Row>
										<code><![CDATA[
try {

	var content = {"KPIName":KPIName, "Machine":Machine};
	
	var params = {
		ServiceName: "GetKpiDataTruckLast30Days" /* STRING */,
		Content: content /* JSON */
	};
	
	// result: INFOTABLE dataShape: "undefined"
	var result = me.GetData(params);
} catch(err) {
	logger.error("KBGlobalThingWorxThing: " + err);
}

]]></code>
									</Row>
								</Rows>
							</ConfigurationTable>
						</ConfigurationTables>
					</ServiceImplementation>
					<ServiceImplementation description=""
						handlerName="Script" name="GetKpiDataTruckLast7Days">
						<ConfigurationTables>
							<ConfigurationTable description="Script"
								isMultiRow="false" name="Script" ordinal="0">
								<DataShape>
									<FieldDefinitions>
										<FieldDefinition baseType="STRING"
											description="code" name="code" ordinal="0" />
									</FieldDefinitions>
								</DataShape>
								<Rows>
									<Row>
										<code><![CDATA[
try {

	var content = {"KPIName":KPIName, "Machine":Machine};
	
	var params = {
		ServiceName: "GetKpiDataTruckLast7Days" /* STRING */,
		Content: content /* JSON */
	};
	
	// result: INFOTABLE dataShape: "undefined"
	var result = me.GetData(params);
} catch(err) {
	logger.error("KBGlobalThingWorxThing: " + err);
}

]]></code>
									</Row>
								</Rows>
							</ConfigurationTable>
						</ConfigurationTables>
					</ServiceImplementation>
					<ServiceImplementation description=""
						handlerName="Script" name="GetKpiDataTruckLast24h">
						<ConfigurationTables>
							<ConfigurationTable description="Script"
								isMultiRow="false" name="Script" ordinal="0">
								<DataShape>
									<FieldDefinitions>
										<FieldDefinition baseType="STRING"
											description="code" name="code" ordinal="0" />
									</FieldDefinitions>
								</DataShape>
								<Rows>
									<Row>
										<code><![CDATA[
try {

	var content = {"KPIName":KPIName, "Machine":Machine};
	
	var params = {
		ServiceName: "GetKpiDataTruckLast24h" /* STRING */,
		Content: content /* JSON */
	};
	
	// result: INFOTABLE dataShape: "undefined"
	var result = me.GetData(params);
} catch(err) {
	logger.error("KBGlobalThingWorxThing: " + err);
}

]]></code>
									</Row>
								</Rows>
							</ConfigurationTable>
						</ConfigurationTables>
					</ServiceImplementation>
					<ServiceImplementation
                     description=""
                     handlerName="Script"
                     name="GetOrderKeyValueDataPerOrder">
                        <ConfigurationTables>
                            <ConfigurationTable
                             dataShapeName=""
                             description=""
                             isMultiRow="false"
                             name="Script"
                             ordinal="0">
                                <DataShape>
                                    <FieldDefinitions>
                                        <FieldDefinition
                                         baseType="STRING"
                                         description="code"
                                         name="code"
                                         ordinal="0"></FieldDefinition>
                                    </FieldDefinitions>
                                </DataShape>
                                <Rows>
                                    <Row>
                                        <code>
                                        <![CDATA[
                                        try {
                                        
                                        	var content = {"SAPPlantNumber":SAPPlantNumber, "OrderNumber":OrderNumber};
                                        	
                                        	var params = {
                                        		ServiceName: "GetOrderKeyValueDataPerOrder" /* STRING */,
                                        		Content: content /* JSON */
                                        	};
                                        	
                                        	// result: INFOTABLE dataShape: "undefined"
                                        	var result = me.GetData(params);
                                        } catch(err) {
                                        	logger.error("KBGlobalThingWorxThing: " + err);
                                        }
                                        ]]>
                                        </code>
                                    </Row>
                                </Rows>
                            </ConfigurationTable>
                        </ConfigurationTables>
                    </ServiceImplementation>
					<ServiceImplementation description=""
						handlerName="Script" name="GetPlantOrderList">
						<ConfigurationTables>
							<ConfigurationTable description="Script"
								isMultiRow="false" name="Script" ordinal="0">
								<DataShape>
									<FieldDefinitions>
										<FieldDefinition baseType="STRING"
											description="code" name="code" ordinal="0" />
									</FieldDefinitions>
								</DataShape>
								<Rows>
									<Row>
										<code><![CDATA[
try {

	var content = {"PlantNumber":PlantNumber, "OrderNumber":OrderNumber, "OperationNumber":OperationNumber, "MaterialNumber":MaterialNumber};
	
	var params = {
		ServiceName: "GetPlantOrderList" /* STRING */,
		Content: content /* JSON */
	};
	
	// result: INFOTABLE dataShape: "undefined"
	var result = me.GetData(params);
} catch(err) {
	logger.error("KBGlobalThingWorxThing: " + err);
}

]]></code>
									</Row>
								</Rows>
							</ConfigurationTable>
						</ConfigurationTables>
					</ServiceImplementation>
					<ServiceImplementation description=""
						handlerName="Script" name="GetNewOrderData">
						<ConfigurationTables>
							<ConfigurationTable description="Script"
								isMultiRow="false" name="Script" ordinal="0">
								<DataShape>
									<FieldDefinitions>
										<FieldDefinition baseType="STRING"
											description="code" name="code" ordinal="0" />
									</FieldDefinitions>
								</DataShape>
								<Rows>
									<Row>
										<code><![CDATA[
try {

	var content = {"SAPPlantNumber":SAPPlantNumber, "StartDateTime":StartDateTime};
	
	var params = {
		ServiceName: "GetNewOrderData" /* STRING */,
		Content: content /* JSON */
	};
	
	// result: INFOTABLE dataShape: "undefined"
	var result = me.GetData(params);
} catch(err) {
	logger.error("KBGlobalThingWorxThing: " + err);
}

]]></code>
									</Row>
								</Rows>
							</ConfigurationTable>
						</ConfigurationTables>
					</ServiceImplementation>
					<ServiceImplementation description=""
						handlerName="Script" name="GetNewOrderKeyValueData">
						<ConfigurationTables>
							<ConfigurationTable description="Script"
								isMultiRow="false" name="Script" ordinal="0">
								<DataShape>
									<FieldDefinitions>
										<FieldDefinition baseType="STRING"
											description="code" name="code" ordinal="0" />
									</FieldDefinitions>
								</DataShape>
								<Rows>
									<Row>
										<code><![CDATA[
try {

	var content = {"SAPPlantNumber":SAPPlantNumber, "StartDateTime":StartDateTime};
	
	var params = {
		ServiceName: "GetNewOrderKeyValueData" /* STRING */,
		Content: content /* JSON */
	};
	
	// result: INFOTABLE dataShape: "undefined"
	var result = me.GetData(params);
} catch(err) {
	logger.error("KBGlobalThingWorxThing: " + err);
}

]]></code>
									</Row>
								</Rows>
							</ConfigurationTable>
						</ConfigurationTables>
					</ServiceImplementation>
					<ServiceImplementation description=""
						handlerName="Script" name="GetKpiData">
						<ConfigurationTables>
							<ConfigurationTable description="Script"
								isMultiRow="false" name="Script" ordinal="0">
								<DataShape>
									<FieldDefinitions>
										<FieldDefinition baseType="STRING"
											description="code" name="code" ordinal="0" />
									</FieldDefinitions>
								</DataShape>
								<Rows>
									<Row>
										<code><![CDATA[
try {

	var content = {"EndDate":EndDate, "KPICalculationBase":KPICalculationBase, "KPIName":KPIName, "Machine":Machine, "StartDate":StartDate};
	
	var params = {
		ServiceName: "GetKpiData" /* STRING */,
		Content: content /* JSON */
	};
	
	// result: INFOTABLE dataShape: "undefined"
	var result = me.GetData(params);
} catch(err) {
	logger.error("KBGlobalThingWorxThing: " + err);
}

]]></code>
									</Row>
								</Rows>
							</ConfigurationTable>
						</ConfigurationTables>
					</ServiceImplementation>
					<ServiceImplementation description=""
						handlerName="Script" name="GetShiftInfo">
						<ConfigurationTables>
							<ConfigurationTable description="Script"
								isMultiRow="false" name="Script" ordinal="0">
								<DataShape>
									<FieldDefinitions>
										<FieldDefinition baseType="STRING"
											description="code" name="code" ordinal="0" />
									</FieldDefinitions>
								</DataShape>
								<Rows>
									<Row>
										<code><![CDATA[
try {
	var content = {"EndDate":EndDate, "MachineSAP":MachineSAP, "PlantSAP":PlantSAP, "StartDate":StartDate};

	var params = {
		ServiceName: "GetShiftInfo" /* STRING */,
		Content: content /* JSON */
	};
	
	// result: INFOTABLE dataShape: "undefined"
	var result = me.GetData(params);
} catch(err) {
	logger.error("KBGlobalThingWorxThing: " + err);
}

]]></code>
									</Row>
								</Rows>
							</ConfigurationTable>
						</ConfigurationTables>
					</ServiceImplementation>
					<ServiceImplementation description=""
						handlerName="Script" name="GetShiftDataForEventChart">
						<ConfigurationTables>
							<ConfigurationTable description="Script"
								isMultiRow="false" name="Script" ordinal="0">
								<DataShape>
									<FieldDefinitions>
										<FieldDefinition baseType="STRING"
											description="code" name="code" ordinal="0" />
									</FieldDefinitions>
								</DataShape>
								<Rows>
									<Row>
										<code><![CDATA[
try {
	var content = {"EndDate":EndDate, "MachineSAP":MachineSAP, "PlantSAP":PlantSAP, "StartDate":StartDate};

	var params = {
		ServiceName: "GetShiftDataForEventChart" /* STRING */,
		Content: content /* JSON */
	};
	
	// result: INFOTABLE dataShape: "undefined"
	var result = me.GetData(params);
} catch(err) {
	logger.error("KBGlobalThingWorxThing: " + err);
}

]]></code>
									</Row>
								</Rows>
							</ConfigurationTable>
						</ConfigurationTables>
					</ServiceImplementation>
					<ServiceImplementation description=""
						handlerName="Script" name="GetTop3KpiTruckDataDay">
						<ConfigurationTables>
							<ConfigurationTable description="Script"
								isMultiRow="false" name="Script" ordinal="0">
								<DataShape>
									<FieldDefinitions>
										<FieldDefinition baseType="STRING"
											description="code" name="code" ordinal="0" />
									</FieldDefinitions>
								</DataShape>
								<Rows>
									<Row>
										<code><![CDATA[
try {
	var content = {"KPIName":KPIName, "Machine":Machine};

	var params = {
		ServiceName: "GetTop3KpiTruckDataDay" /* STRING */,
		Content: content /* JSON */
	};
	
	// result: INFOTABLE dataShape: "undefined"
	var result = me.GetData(params);
} catch(err) {
	logger.error("KBGlobalThingWorxThing: " + err);
}

]]></code>
									</Row>
								</Rows>
							</ConfigurationTable>
						</ConfigurationTables>
					</ServiceImplementation>
					<ServiceImplementation description=""
						handlerName="Script" name="GetTop3KpiTruckDataWeek">
						<ConfigurationTables>
							<ConfigurationTable description="Script"
								isMultiRow="false" name="Script" ordinal="0">
								<DataShape>
									<FieldDefinitions>
										<FieldDefinition baseType="STRING"
											description="code" name="code" ordinal="0" />
									</FieldDefinitions>
								</DataShape>
								<Rows>
									<Row>
										<code><![CDATA[
try {
	var content = {"KPIName":KPIName, "Machine":Machine};

	var params = {
		ServiceName: "GetTop3KpiTruckDataWeek" /* STRING */,
		Content: content /* JSON */
	};
	
	// result: INFOTABLE dataShape: "undefined"
	var result = me.GetData(params);
} catch(err) {
	logger.error("KBGlobalThingWorxThing: " + err);
}

]]></code>
									</Row>
								</Rows>
							</ConfigurationTable>
						</ConfigurationTables>
					</ServiceImplementation>
					<ServiceImplementation description=""
						handlerName="Script" name="GetTop3KpiTruckDataMonth">
						<ConfigurationTables>
							<ConfigurationTable description="Script"
								isMultiRow="false" name="Script" ordinal="0">
								<DataShape>
									<FieldDefinitions>
										<FieldDefinition baseType="STRING"
											description="code" name="code" ordinal="0" />
									</FieldDefinitions>
								</DataShape>
								<Rows>
									<Row>
										<code><![CDATA[
try {
	var content = {"KPIName":KPIName, "Machine":Machine};

	var params = {
		ServiceName: "GetTop3KpiTruckDataMonth" /* STRING */,
		Content: content /* JSON */
	};
	
	// result: INFOTABLE dataShape: "undefined"
	var result = me.GetData(params);
} catch(err) {
	logger.error("KBGlobalThingWorxThing: " + err);
}

]]></code>
									</Row>
								</Rows>
							</ConfigurationTable>
						</ConfigurationTables>
					</ServiceImplementation>
					<ServiceImplementation description=""
						handlerName="Script" name="GetTop3KpiTruckDataYear">
						<ConfigurationTables>
							<ConfigurationTable description="Script"
								isMultiRow="false" name="Script" ordinal="0">
								<DataShape>
									<FieldDefinitions>
										<FieldDefinition baseType="STRING"
											description="code" name="code" ordinal="0" />
									</FieldDefinitions>
								</DataShape>
								<Rows>
									<Row>
										<code><![CDATA[
try {
	var content = {"KPIName":KPIName, "Machine":Machine};

	var params = {
		ServiceName: "GetTop3KpiTruckDataYear" /* STRING */,
		Content: content /* JSON */
	};
	
	// result: INFOTABLE dataShape: "undefined"
	var result = me.GetData(params);
} catch(err) {
	logger.error("KBGlobalThingWorxThing: " + err);
}

]]></code>
									</Row>
								</Rows>
							</ConfigurationTable>
						</ConfigurationTables>
					</ServiceImplementation>
					<ServiceImplementation description=""
						handlerName="Script" name="GetKpiLimitsIoNioForLines">
						<ConfigurationTables>
							<ConfigurationTable description="Script"
								isMultiRow="false" name="Script" ordinal="0">
								<DataShape>
									<FieldDefinitions>
										<FieldDefinition baseType="STRING"
											description="code" name="code" ordinal="0" />
									</FieldDefinitions>
								</DataShape>
								<Rows>
									<Row>
										<code><![CDATA[
try {
	var content = {"KPIName":KPIName, "Machine":Machine, "IOName":IOName, "NIOName":NIOName};

	var params = {
		ServiceName: "GetKpiLimitsIoNioForLines" /* STRING */,
		Content: content /* JSON */
	};
	
	// result: INFOTABLE dataShape: "undefined"
	var result = me.GetData(params);
} catch(err) {
	logger.error("KBGlobalThingWorxThing: " + err);
}

]]></code>
									</Row>
								</Rows>
							</ConfigurationTable>
						</ConfigurationTables>
					</ServiceImplementation>
					<ServiceImplementation description=""
						handlerName="Script" name="GetKpiLimitsIoNioForBars">
						<ConfigurationTables>
							<ConfigurationTable description="Script"
								isMultiRow="false" name="Script" ordinal="0">
								<DataShape>
									<FieldDefinitions>
										<FieldDefinition baseType="STRING"
											description="code" name="code" ordinal="0" />
									</FieldDefinitions>
								</DataShape>
								<Rows>
									<Row>
										<code><![CDATA[
try {
	var content = {"KPIName":KPIName, "Machine":Machine, "IOName":IOName, "NIOName":NIOName};

	var params = {
		ServiceName: "GetKpiLimitsIoNioForBars" /* STRING */,
		Content: content /* JSON */
	};
	
	// result: INFOTABLE dataShape: "undefined"
	var result = me.GetData(params);
} catch(err) {
	logger.error("KBGlobalThingWorxThing: " + err);
}

]]></code>
									</Row>
								</Rows>
							</ConfigurationTable>
						</ConfigurationTables>
					</ServiceImplementation>
					<ServiceImplementation description=""
						handlerName="Script" name="GetKpiLimitsForLines">
						<ConfigurationTables>
							<ConfigurationTable description="Script"
								isMultiRow="false" name="Script" ordinal="0">
								<DataShape>
									<FieldDefinitions>
										<FieldDefinition baseType="STRING"
											description="code" name="code" ordinal="0" />
									</FieldDefinitions>
								</DataShape>
								<Rows>
									<Row>
										<code><![CDATA[
try {
	var content = {"KPIName":KPIName, "Machine":Machine};

	var params = {
		ServiceName: "GetKpiLimitsForLines" /* STRING */,
		Content: content /* JSON */
	};
	
	// result: INFOTABLE dataShape: "undefined"
	var result = me.GetData(params);
} catch(err) {
	logger.error("KBGlobalThingWorxThing: " + err);
}

]]></code>
									</Row>
								</Rows>
							</ConfigurationTable>
						</ConfigurationTables>
					</ServiceImplementation>
					<ServiceImplementation description=""
						handlerName="Script" name="GetTop1KpiDataDay">
						<ConfigurationTables>
							<ConfigurationTable description="Script"
								isMultiRow="false" name="Script" ordinal="0">
								<DataShape>
									<FieldDefinitions>
										<FieldDefinition baseType="STRING"
											description="code" name="code" ordinal="0" />
									</FieldDefinitions>
								</DataShape>
								<Rows>
									<Row>
										<code><![CDATA[
try {
	var content = {"KPIName":KPIName, "Machine":Machine};

	var params = {
		ServiceName: "GetTop1KpiDataDay" /* STRING */,
		Content: content /* JSON */
	};
	
	// result: INFOTABLE dataShape: "undefined"
	var result = me.GetData(params);
} catch(err) {
	logger.error("KBGlobalThingWorxThing: " + err);
}

]]></code>
									</Row>
								</Rows>
							</ConfigurationTable>
						</ConfigurationTables>
					</ServiceImplementation>
					<ServiceImplementation description=""
						handlerName="Script" name="GetTop1KpiDataWeek">
						<ConfigurationTables>
							<ConfigurationTable description="Script"
								isMultiRow="false" name="Script" ordinal="0">
								<DataShape>
									<FieldDefinitions>
										<FieldDefinition baseType="STRING"
											description="code" name="code" ordinal="0" />
									</FieldDefinitions>
								</DataShape>
								<Rows>
									<Row>
										<code><![CDATA[
try {
	var content = {"KPIName":KPIName, "Machine":Machine};

	var params = {
		ServiceName: "GetTop1KpiDataWeek" /* STRING */,
		Content: content /* JSON */
	};
	
	// result: INFOTABLE dataShape: "undefined"
	var result = me.GetData(params);
} catch(err) {
	logger.error("KBGlobalThingWorxThing: " + err);
}

]]></code>
									</Row>
								</Rows>
							</ConfigurationTable>
						</ConfigurationTables>
					</ServiceImplementation>
					<ServiceImplementation description=""
						handlerName="Script" name="GetTop1KpiDataMonth">
						<ConfigurationTables>
							<ConfigurationTable description="Script"
								isMultiRow="false" name="Script" ordinal="0">
								<DataShape>
									<FieldDefinitions>
										<FieldDefinition baseType="STRING"
											description="code" name="code" ordinal="0" />
									</FieldDefinitions>
								</DataShape>
								<Rows>
									<Row>
										<code><![CDATA[
try {
	var content = {"KPIName":KPIName, "Machine":Machine};

	var params = {
		ServiceName: "GetTop1KpiDataMonth" /* STRING */,
		Content: content /* JSON */
	};
	
	// result: INFOTABLE dataShape: "undefined"
	var result = me.GetData(params);
} catch(err) {
	logger.error("KBGlobalThingWorxThing: " + err);
}

]]></code>
									</Row>
								</Rows>
							</ConfigurationTable>
						</ConfigurationTables>
					</ServiceImplementation>
					<ServiceImplementation description=""
						handlerName="Script" name="GetTop1KpiDataYear">
						<ConfigurationTables>
							<ConfigurationTable description="Script"
								isMultiRow="false" name="Script" ordinal="0">
								<DataShape>
									<FieldDefinitions>
										<FieldDefinition baseType="STRING"
											description="code" name="code" ordinal="0" />
									</FieldDefinitions>
								</DataShape>
								<Rows>
									<Row>
										<code><![CDATA[
try {
	var content = {"KPIName":KPIName, "Machine":Machine};

	var params = {
		ServiceName: "GetTop1KpiDataYear" /* STRING */,
		Content: content /* JSON */
	};
	
	// result: INFOTABLE dataShape: "undefined"
	var result = me.GetData(params);
} catch(err) {
	logger.error("KBGlobalThingWorxThing: " + err);
}

]]></code>
									</Row>
								</Rows>
							</ConfigurationTable>
						</ConfigurationTables>
					</ServiceImplementation>
					<ServiceImplementation description=""
						handlerName="Script" name="GetTop1IoNioDataDay">
						<ConfigurationTables>
							<ConfigurationTable description="Script"
								isMultiRow="false" name="Script" ordinal="0">
								<DataShape>
									<FieldDefinitions>
										<FieldDefinition baseType="STRING"
											description="code" name="code" ordinal="0" />
									</FieldDefinitions>
								</DataShape>
								<Rows>
									<Row>
										<code><![CDATA[
try {
	var content = {"IOName":IOName, "NIOName":NIOName, "KPIName":KPIName, "Machine":Machine};

	var params = {
		ServiceName: "GetTop1IoNioDataDay" /* STRING */,
		Content: content /* JSON */
	};
	
	// result: INFOTABLE dataShape: "undefined"
	var result = me.GetData(params);
} catch(err) {
	logger.error("KBGlobalThingWorxThing: " + err);
}

]]></code>
									</Row>
								</Rows>
							</ConfigurationTable>
						</ConfigurationTables>
					</ServiceImplementation>
					<ServiceImplementation description=""
						handlerName="Script" name="GetTop1IoNioDataWeek">
						<ConfigurationTables>
							<ConfigurationTable description="Script"
								isMultiRow="false" name="Script" ordinal="0">
								<DataShape>
									<FieldDefinitions>
										<FieldDefinition baseType="STRING"
											description="code" name="code" ordinal="0" />
									</FieldDefinitions>
								</DataShape>
								<Rows>
									<Row>
										<code><![CDATA[
try {
	var content = {"IOName":IOName, "NIOName":NIOName, "KPIName":KPIName, "Machine":Machine};

	var params = {
		ServiceName: "GetTop1IoNioDataWeek" /* STRING */,
		Content: content /* JSON */
	};
	
	// result: INFOTABLE dataShape: "undefined"
	var result = me.GetData(params);
} catch(err) {
	logger.error("KBGlobalThingWorxThing: " + err);
}

]]></code>
									</Row>
								</Rows>
							</ConfigurationTable>
						</ConfigurationTables>
					</ServiceImplementation>
					<ServiceImplementation description=""
						handlerName="Script" name="GetTop1IoNioDataMonth">
						<ConfigurationTables>
							<ConfigurationTable description="Script"
								isMultiRow="false" name="Script" ordinal="0">
								<DataShape>
									<FieldDefinitions>
										<FieldDefinition baseType="STRING"
											description="code" name="code" ordinal="0" />
									</FieldDefinitions>
								</DataShape>
								<Rows>
									<Row>
										<code><![CDATA[
try {
	var content = {"IOName":IOName, "NIOName":NIOName, "KPIName":KPIName, "Machine":Machine};

	var params = {
		ServiceName: "GetTop1IoNioDataMonth" /* STRING */,
		Content: content /* JSON */
	};
	
	// result: INFOTABLE dataShape: "undefined"
	var result = me.GetData(params);
} catch(err) {
	logger.error("KBGlobalThingWorxThing: " + err);
}

]]></code>
									</Row>
								</Rows>
							</ConfigurationTable>
						</ConfigurationTables>
					</ServiceImplementation>
					<ServiceImplementation description=""
						handlerName="Script" name="GetTop1IoNioDataYear">
						<ConfigurationTables>
							<ConfigurationTable description="Script"
								isMultiRow="false" name="Script" ordinal="0">
								<DataShape>
									<FieldDefinitions>
										<FieldDefinition baseType="STRING"
											description="code" name="code" ordinal="0" />
									</FieldDefinitions>
								</DataShape>
								<Rows>
									<Row>
										<code><![CDATA[
try {
	var content = {"IOName":IOName, "NIOName":NIOName, "KPIName":KPIName, "Machine":Machine};

	var params = {
		ServiceName: "GetTop1IoNioDataYear" /* STRING */,
		Content: content /* JSON */
	};
	
	// result: INFOTABLE dataShape: "undefined"
	var result = me.GetData(params);
} catch(err) {
	logger.error("KBGlobalThingWorxThing: " + err);
}

]]></code>
									</Row>
								</Rows>
							</ConfigurationTable>
						</ConfigurationTables>
					</ServiceImplementation>
					<ServiceImplementation description=""
						handlerName="Script" name="AddQualityResultToDataTable">
						<ConfigurationTables>
							<ConfigurationTable description="Script"
								isMultiRow="false" name="Script" ordinal="0">
								<DataShape>
									<FieldDefinitions>
										<FieldDefinition baseType="STRING"
											description="code" name="code" ordinal="0" />
									</FieldDefinitions>
								</DataShape>
								<Rows>
									<Row>
										<code><![CDATA[

try {
	var content = { "DateTime":DateTime, 
					"isPartOK":isPartOK, 
					"Machine":Machine, 
					"NumberOfParts":NumberOfParts, 
					"PartNumber":PartNumber, 
					"ScrapReason":ScrapReason, 
					"SerialNumber":SerialNumber, 
					"Station":Station, 
					"OrderNumber":OrderNumber, 
					"confirmToSAP":confirmToSAP, 
					"confirmedToSAP":confirmedToSAP, 
					"SAPOperationNumber":SAPOperationNumber, 
					"timePerPartSec":timePerPartSec,
					"SAPconfirmationResult":SAPconfirmationResult
				  };

	var params = {
		ServiceName: "AddQualityResultToDataTable" /* STRING */,
		Content: content /* JSON */
	};
	
	// result: INFOTABLE dataShape: "undefined"
	var resultInfotable = me.GetData(params);
	var result = resultInfotable[0].result;										
} catch(err) {
	logger.error("KBGlobalThingWorxThing: " + err);
}
   
]]></code>
									</Row>
								</Rows>
							</ConfigurationTable>
						</ConfigurationTables>
					</ServiceImplementation>
					<ServiceImplementation description=""
						handlerName="Script" name="AddQualityResultsToDataTable">
						<ConfigurationTables>
							<ConfigurationTable description="Script"
								isMultiRow="false" name="Script" ordinal="0">
								<DataShape>
									<FieldDefinitions>
										<FieldDefinition baseType="STRING"
											description="code" name="code" ordinal="0" />
									</FieldDefinitions>
								</DataShape>
								<Rows>
									<Row>
										<code><![CDATA[

try {
	var content = {"KBRateOfQualityData":KBRateOfQualityData};


	var params = {
		ServiceName: "AddQualityResultsToDataTable" /* STRING */,
		Content: content /* JSON */
	};
	
	// result: INFOTABLE dataShape: "undefined"
	var resultInfotable = me.GetData(params);
	var result = resultInfotable[0].result;										
} catch(err) {
	logger.error("KBGlobalThingWorxThing: " + err);
}
]]></code>
									</Row>
								</Rows>
							</ConfigurationTable>
						</ConfigurationTables>
					</ServiceImplementation>
					<ServiceImplementation description=""
						handlerName="Script" name="GetOeeUtilizationRail">
						<ConfigurationTables>
							<ConfigurationTable description="Script"
								isMultiRow="false" name="Script" ordinal="0">
								<DataShape>
									<FieldDefinitions>
										<FieldDefinition baseType="STRING"
											description="code" name="code" ordinal="0" />
									</FieldDefinitions>
								</DataShape>
								<Rows>
									<Row>
										<code><![CDATA[
try {
	var content = {"CalculationBase":CalculationBase, "Machine":Machine, "TimeEnd":TimeEnd, "TimeStart":TimeStart};

	var params = {
		ServiceName: "GetOeeUtilizationRail" /* STRING */,
		Content: content /* JSON */
	};
	
	// result: INFOTABLE dataShape: "undefined"
	var result = me.GetData(params);
} catch(err) {
	logger.error("KBGlobalThingWorxThing: " + err);
}

]]></code>
									</Row>
								</Rows>
							</ConfigurationTable>
						</ConfigurationTables>
					</ServiceImplementation>
					<ServiceImplementation description=""
						handlerName="Script" name="GetUtilizationRailWithPercent">
						<ConfigurationTables>
							<ConfigurationTable description="Script"
								isMultiRow="false" name="Script" ordinal="0">
								<DataShape>
									<FieldDefinitions>
										<FieldDefinition baseType="STRING"
											description="code" name="code" ordinal="0" />
									</FieldDefinitions>
								</DataShape>
								<Rows>
									<Row>
										<code><![CDATA[
try {
	var content = {"CalculationBase":CalculationBase, "KPIType":KPIType, "Machine":Machine, "TimeEnd":TimeEnd, "TimeStart":TimeStart};

	var params = {
		ServiceName: "GetUtilizationRailWithPercent" /* STRING */,
		Content: content /* JSON */
	};
	
	// result: INFOTABLE dataShape: "undefined"
	var result = me.GetData(params);
} catch(err) {
	logger.error("KBGlobalThingWorxThing: " + err);
}

]]></code>
									</Row>
								</Rows>
							</ConfigurationTable>
						</ConfigurationTables>
					</ServiceImplementation>
					<ServiceImplementation description=""
						handlerName="Script" name="GetCVSProductionTarget">
						<ConfigurationTables>
							<ConfigurationTable description="Script"
								isMultiRow="false" name="Script" ordinal="0">
								<DataShape>
									<FieldDefinitions>
										<FieldDefinition baseType="STRING"
											description="code" name="code" ordinal="0" />
									</FieldDefinitions>
								</DataShape>
								<Rows>
									<Row>
										<code><![CDATA[
try {
	var content = {"EndTime":EndTime, "LineThingName":LineThingName, "StartTime":StartTime};

	var params = {
		ServiceName: "GetCVSProductionTarget" /* STRING */,
		Content: content /* JSON */
	};
	
	// result: INFOTABLE dataShape: "undefined"
	var result = me.GetData(params);
} catch(err) {
	logger.error("KBGlobalThingWorxThing: " + err);
}

]]></code>
									</Row>
								</Rows>
							</ConfigurationTable>
						</ConfigurationTables>
					</ServiceImplementation>
					<ServiceImplementation description=""
						handlerName="Script" name="GetCVSProductionTargetDetail">
						<ConfigurationTables>
							<ConfigurationTable description="Script"
								isMultiRow="false" name="Script" ordinal="0">
								<DataShape>
									<FieldDefinitions>
										<FieldDefinition baseType="STRING"
											description="code" name="code" ordinal="0" />
									</FieldDefinitions>
								</DataShape>
								<Rows>
									<Row>
										<code><![CDATA[
try {
	var content = {"EndTime":EndTime, "LineThingName":LineThingName, "StartTime":StartTime};

	var params = {
		ServiceName: "GetCVSProductionTargetDetail" /* STRING */,
		Content: content /* JSON */
	};
	
	// result: INFOTABLE dataShape: "undefined"
	var result = me.GetData(params);
} catch(err) {
	logger.error("KBGlobalThingWorxThing: " + err);
}

]]></code>
									</Row>
								</Rows>
							</ConfigurationTable>
						</ConfigurationTables>
					</ServiceImplementation>
					<ServiceImplementation description=""
						handlerName="Script" name="GetAppKey">
						<ConfigurationTables>
							<ConfigurationTable description="Script"
								isMultiRow="false" name="Script" ordinal="0">
								<DataShape>
									<FieldDefinitions>
										<FieldDefinition baseType="STRING"
											description="code" name="code" ordinal="0" />
									</FieldDefinitions>
								</DataShape>
								<Rows>
									<Row>
										<code><![CDATA[var result = "ced14789-9319-45b1-979a-8f55b86f435a";]]></code>
									</Row>
								</Rows>
							</ConfigurationTable>
						</ConfigurationTables>
					</ServiceImplementation>
					<ServiceImplementation description=""
						handlerName="Script" name="GetData">
						<ConfigurationTables>
							<ConfigurationTable description="Script"
								isMultiRow="false" name="Script" ordinal="0">
								<DataShape>
									<FieldDefinitions>
										<FieldDefinition baseType="STRING"
											description="code" name="code" ordinal="0" />
									</FieldDefinitions>
								</DataShape>
								<Rows>
									<Row>
										<code><![CDATA[
try{
var location = Resources["KBThingWorxServerSystem"].GetLocationIdentifier();
var url=me.GetGlobalDbServiceUrl()+ServiceName;

//Showcase system gets order data and shift calendar from prod (read only!!)...
//if (location == "TST" && (ServiceName == "GetShiftInfo" || ServiceName == "GetNewOrderData" || ServiceName == "GetNewOrderKeyValueData")) {
//	url = "https://smartproduction.corp.knorr-bremse.com/Thingworx/Things/KBKPIThingWorxDatabaseThing/Services/"+ServiceName;
//}


var appKey = me.GetAppKey();
var header = {"appKey":appKey, "Content-Type":"application/json", "Accept":"application/json", "x-thingworx-session":"true", "cache-control":"no-cache"};
var contentype = "application/json";


var params = {
	headers: header /* JSON */,
	ignoreSSLErrors: true /* BOOLEAN */,
	withCookies: undefined /* BOOLEAN */,
	url: url /* STRING */,
	content: Content /* JSON */,
	timeout: undefined /* NUMBER */
};

// result: JSON
var jsonresult = Resources["ContentLoaderFunctions"].PostJSON(params);


var params = {
	json: jsonresult /* JSON */
};

// result: INFOTABLE
var result = Resources["InfoTableFunctions"].FromJSON(params);

} catch(err) {
	logger.error("Error on service GetData: " + err + " on thing:" + me.name+ " at:" + err.lineNumber);
} 
]]></code>
									</Row>
								</Rows>
							</ConfigurationTable>
						</ConfigurationTables>
					</ServiceImplementation>
					<ServiceImplementation description=""
						handlerName="Script" name="GetTop1KpiData">
						<ConfigurationTables>
							<ConfigurationTable description="Script"
								isMultiRow="false" name="Script" ordinal="0">
								<DataShape>
									<FieldDefinitions>
										<FieldDefinition baseType="STRING"
											description="code" name="code" ordinal="0" />
									</FieldDefinitions>
								</DataShape>
								<Rows>
									<Row>
										<code><![CDATA[
try {
	var content = {"KPITime":KPITime, "KPICalculationBase":KPICalculationBase, "KPIName":KPIName, "Machine":Machine};

	var params = {
		ServiceName: "GetTop1KpiData" /* STRING */,
		Content: content /* JSON */
	};
	
	// result: INFOTABLE dataShape: "undefined"
	var result = me.GetData(params);
} catch(err) {
	logger.error("KBGlobalThingWorxThing: " + err);
}

]]></code>
									</Row>
								</Rows>
							</ConfigurationTable>
						</ConfigurationTables>
					</ServiceImplementation>
					<ServiceImplementation description=""
						handlerName="Script" name="GetKpiDataForRail">
						<ConfigurationTables>
							<ConfigurationTable description="Script"
								isMultiRow="false" name="Script" ordinal="0">
								<DataShape>
									<FieldDefinitions>
										<FieldDefinition baseType="STRING"
											description="code" name="code" ordinal="0" />
									</FieldDefinitions>
								</DataShape>
								<Rows>
									<Row>
										<code><![CDATA[
try {
	var content = {"StartDate":StartDate, "EndDate":EndDate, "KPIName":KPIName, "Machine":Machine};

	var params = {
		ServiceName: "GetKpiDataForRail" /* STRING */,
		Content: content /* JSON */
	};
	
	// result: INFOTABLE dataShape: "undefined"
	var result = me.GetData(params);
} catch(err) {
	logger.error("KBGlobalThingWorxThing: " + err);
}

]]></code>
									</Row>
								</Rows>
							</ConfigurationTable>
						</ConfigurationTables>
					</ServiceImplementation>
					<ServiceImplementation description=""
						handlerName="Script" name="GetAllKpiDataForRail">
						<ConfigurationTables>
							<ConfigurationTable description="Script"
								isMultiRow="false" name="Script" ordinal="0">
								<DataShape>
									<FieldDefinitions>
										<FieldDefinition baseType="STRING"
											description="code" name="code" ordinal="0" />
									</FieldDefinitions>
								</DataShape>
								<Rows>
									<Row>
										<code><![CDATA[
try {
	var content = {"StartDate":StartDate, "EndDate":EndDate, "Machine":Machine};

	var params = {
		ServiceName: "GetAllKpiDataForRail" /* STRING */,
		Content: content /* JSON */
	};
	
	// result: INFOTABLE dataShape: "undefined"
	var result = me.GetData(params);
} catch(err) {
	logger.error("KBGlobalThingWorxThing: " + err);
}

]]></code>
									</Row>
								</Rows>
							</ConfigurationTable>
						</ConfigurationTables>
					</ServiceImplementation>
					<ServiceImplementation description=""
						handlerName="Script" name="GetKpiDataForTruck">
						<ConfigurationTables>
							<ConfigurationTable description="Script"
								isMultiRow="false" name="Script" ordinal="0">
								<DataShape>
									<FieldDefinitions>
										<FieldDefinition baseType="STRING"
											description="code" name="code" ordinal="0" />
									</FieldDefinitions>
								</DataShape>
								<Rows>
									<Row>
										<code><![CDATA[
try {
	var content = {"StartDate":StartDate, "EndDate":EndDate, "KPIName":KPIName, "Machine":Machine};

	var params = {
		ServiceName: "GetKpiDataForTruck" /* STRING */,
		Content: content /* JSON */
	};
	
	// result: INFOTABLE dataShape: "undefined"
	var result = me.GetData(params);
} catch(err) {
	logger.error("KBGlobalThingWorxThing: " + err);
}

]]></code>
									</Row>
								</Rows>
							</ConfigurationTable>
						</ConfigurationTables>
					</ServiceImplementation>
					<ServiceImplementation description=""
						handlerName="Script" name="GetAllKpiDataForTruck">
						<ConfigurationTables>
							<ConfigurationTable description="Script"
								isMultiRow="false" name="Script" ordinal="0">
								<DataShape>
									<FieldDefinitions>
										<FieldDefinition baseType="STRING"
											description="code" name="code" ordinal="0" />
									</FieldDefinitions>
								</DataShape>
								<Rows>
									<Row>
										<code><![CDATA[
try {
	var content = {"StartDate":StartDate, "EndDate":EndDate, "Machine":Machine};

	var params = {
		ServiceName: "GetAllKpiDataForTruck" /* STRING */,
		Content: content /* JSON */
	};
	
	// result: INFOTABLE dataShape: "undefined"
	var result = me.GetData(params);
} catch(err) {
	logger.error("KBGlobalThingWorxThing: " + err);
}

]]></code>
									</Row>
								</Rows>
							</ConfigurationTable>
						</ConfigurationTables>
					</ServiceImplementation>
					<ServiceImplementation description=""
						handlerName="Script" name="GetSingleKpiUtilizationOee2Truck">
						<ConfigurationTables>
							<ConfigurationTable description="Script"
								isMultiRow="false" name="Script" ordinal="0">
								<DataShape>
									<FieldDefinitions>
										<FieldDefinition baseType="STRING"
											description="code" name="code" ordinal="0" />
									</FieldDefinitions>
								</DataShape>
								<Rows>
									<Row>
										<code><![CDATA[
try {
	var content = {"EndDate":EndDateTime, "Machine":Machine, "StartDate":StartDateTime};


	var params = {
		ServiceName: "GetSingleKpiUtilizationOee2Truck" /* STRING */,
		Content: content /* JSON */
	};
	
	// result: INFOTABLE dataShape: "undefined"
	var result = me.GetData(params);
} catch(err) {
	logger.error("KBGlobalThingWorxThing: " + err);
}
]]></code>
									</Row>
								</Rows>
							</ConfigurationTable>
						</ConfigurationTables>
					</ServiceImplementation>
					<ServiceImplementation description=""
						handlerName="Script" name="GetFullShiftTime">
						<ConfigurationTables>
							<ConfigurationTable description="Script"
								isMultiRow="false" name="Script" ordinal="0">
								<DataShape>
									<FieldDefinitions>
										<FieldDefinition baseType="STRING"
											description="code" name="code" ordinal="0" />
									</FieldDefinitions>
								</DataShape>
								<Rows>
									<Row>
										<code><![CDATA[
try {
	var content = {"date":date, "Machine":Machine};

	var params = {
		ServiceName: "GetFullShiftTime" /* STRING */,
		Content: content /* JSON */
	};
	
	// result: INFOTABLE dataShape: "undefined"
	var result = me.GetData(params);
} catch(err) {
	logger.error("KBGlobalThingWorxThing: " + err);
}

]]></code>
									</Row>
								</Rows>
							</ConfigurationTable>
						</ConfigurationTables>
					</ServiceImplementation>
					<ServiceImplementation description=""
						handlerName="Script" name="GetGlobalDbServiceUrl">
						<ConfigurationTables>
							<ConfigurationTable description="Script"
								isMultiRow="false" name="Script" ordinal="0">
								<DataShape>
									<FieldDefinitions>
										<FieldDefinition baseType="STRING"
											description="code" name="code" ordinal="0" />
									</FieldDefinitions>
								</DataShape>
								<Rows>
									<Row>
										<code><![CDATA[var URLsystem = Resources["KBThingWorxServerSystem"].GetStagingIdentifier();
if (URLsystem == "PROD") {
    URLsystem = "";
}
// result: STRING
var DBsystem = Resources["KBThingWorxServerSystem"].GetKPIThingWorxDatabaseThing();



var result="https://smartproduction"+URLsystem+".corp.knorr-bremse.com/Thingworx/Things/"+DBsystem+"/Services/";
]]></code>
									</Row>
								</Rows>
							</ConfigurationTable>
						</ConfigurationTables>
					</ServiceImplementation>
				</ServiceImplementations>
				<Subscriptions />
			</ThingShape>
			<PropertyBindings />
			<RemotePropertyBindings />
			<RemoteServiceBindings />
			<RemoteEventBindings />
			<AlertConfigurations />
			<ImplementedShapes />
			<ThingProperties />
			<ConfigurationChanges>
				<ConfigurationChange changeAction="CREATE"
					changeReason="header : thingTemplate : updated, name : updated&#10;"
					timestamp="2019-03-19T08:46:16.323+01:00" user="adm-flassakm" />
			</ConfigurationChanges>
		</Thing>
	</Things>
</Entities>