<?xml version="1.0" encoding="UTF-8"?>
<Entities
 majorVersion="9"
 minorVersion="3"
 universal="password">
    <Things>
        <Thing
         description=""
         documentationContent=""
         effectiveThingPackage="ConfiguredThing"
         enabled="true"
         homeMashup=""
         identifier=""
         inheritedValueStream=""
         name="KBOEEOverviewHelperThing"
         projectName=""
         published="false"
         tags=""
         thingTemplate="GenericThing"
         valueStream="">
            <avatar></avatar>
            <DesignTimePermissions>
                <Create></Create>
                <Read></Read>
                <Update></Update>
                <Delete></Delete>
                <Metadata></Metadata>
            </DesignTimePermissions>
            <RunTimePermissions>
                <Permissions
                 resourceName="*">
                    <PropertyRead>
                        <Principal
                         isPermitted="true"
                         name="KBMesKitHelperUser"
                         type="User"></Principal>
                        <Principal
                         isPermitted="true"
                         name="KBRailPNAUserGroup"
                         type="Group"></Principal>
                        <Principal
                         isPermitted="true"
                         name="KBUserGroup"
                         type="Group"></Principal>
                    </PropertyRead>
                    <PropertyWrite></PropertyWrite>
                    <ServiceInvoke>
                        <Principal
                         isPermitted="true"
                         name="KBMesKitHelperUser"
                         type="User"></Principal>
                        <Principal
                         isPermitted="true"
                         name="KBRailPNAUserGroup"
                         type="Group"></Principal>
                        <Principal
                         isPermitted="true"
                         name="KBUserGroup"
                         type="Group"></Principal>
                    </ServiceInvoke>
                    <EventInvoke></EventInvoke>
                    <EventSubscribe></EventSubscribe>
                </Permissions>
            </RunTimePermissions>
            <VisibilityPermissions>
                <Visibility>
                    <Principal
                     isPermitted="true"
                     name="KBBackGroundWorker"
                     type="Organization"></Principal>
                    <Principal
                     isPermitted="true"
                     name="KBOrganization"
                     type="Organization"></Principal>
                </Visibility>
            </VisibilityPermissions>
            <ConfigurationTableDefinitions></ConfigurationTableDefinitions>
            <ConfigurationTables></ConfigurationTables>
            <ThingShape>
                <PropertyDefinitions></PropertyDefinitions>
                <ServiceDefinitions>
                    <ServiceDefinition
                     aspect.isAsync="false"
                     category=""
                     description=""
                     isAllowOverride="false"
                     isLocalOnly="false"
                     isOpen="false"
                     isPrivate="false"
                     name="GetAllMachineMessagesJSService">
                        <ResultType
                         aspect.dataShape="KBProductionAdvisorMessagesDataShape"
                         baseType="INFOTABLE"
                         description=""
                         name="result"
                         ordinal="0"></ResultType>
                        <ParameterDefinitions>
                            <FieldDefinition
                             baseType="DATETIME"
                             description=""
                             name="EndDate"
                             ordinal="2"></FieldDefinition>
                            <FieldDefinition
                             baseType="STRING"
                             description=""
                             name="Machine"
                             ordinal="3"></FieldDefinition>
                            <FieldDefinition
                             baseType="DATETIME"
                             description=""
                             name="StartDate"
                             ordinal="1"></FieldDefinition>
                        </ParameterDefinitions>
                    </ServiceDefinition>
                    <ServiceDefinition
                     aspect.isAsync="false"
                     category=""
                     description=""
                     isAllowOverride="false"
                     isLocalOnly="false"
                     isOpen="false"
                     isPrivate="false"
                     name="GetAllMachineStatusJSService">
                        <ResultType
                         aspect.dataShape="KBProductionAdvisorStatusDataShape"
                         baseType="INFOTABLE"
                         description=""
                         name="result"
                         ordinal="0"></ResultType>
                        <ParameterDefinitions>
                            <FieldDefinition
                             aspect.isRequired="true"
                             baseType="DATETIME"
                             description=""
                             name="EndDate"
                             ordinal="2"></FieldDefinition>
                            <FieldDefinition
                             aspect.isRequired="true"
                             baseType="STRING"
                             description=""
                             name="Machine"
                             ordinal="3"></FieldDefinition>
                            <FieldDefinition
                             aspect.isRequired="true"
                             baseType="DATETIME"
                             description=""
                             name="StartDate"
                             ordinal="1"></FieldDefinition>
                        </ParameterDefinitions>
                    </ServiceDefinition>
                    <ServiceDefinition
                     aspect.isAsync="false"
                     category=""
                     description=""
                     isAllowOverride="false"
                     isLocalOnly="false"
                     isOpen="false"
                     isPrivate="false"
                     name="GetProducedPartsWithoutSAPDataJSService">
                        <ResultType
                         aspect.dataShape="KBProductionAdvisorPartsDataShape"
                         baseType="INFOTABLE"
                         description=""
                         name="result"
                         ordinal="0"></ResultType>
                        <ParameterDefinitions>
                            <FieldDefinition
                             baseType="DATETIME"
                             description=""
                             name="EndDate"
                             ordinal="2"></FieldDefinition>
                            <FieldDefinition
                             baseType="STRING"
                             description=""
                             name="Machine"
                             ordinal="3"></FieldDefinition>
                            <FieldDefinition
                             baseType="DATETIME"
                             description=""
                             name="StartDate"
                             ordinal="1"></FieldDefinition>
                        </ParameterDefinitions>
                    </ServiceDefinition>
                </ServiceDefinitions>
                <EventDefinitions></EventDefinitions>
                <ServiceMappings></ServiceMappings>
                <ServiceImplementations>
                    <ServiceImplementation
                     description=""
                     handlerName="Script"
                     name="GetAllMachineMessagesJSService">
                        <ConfigurationTables>
                            <ConfigurationTable
                             dataShapeName=""
                             description=""
                             isMultiRow="false"
                             name="Script"
                             ordinal="0">
                                <DataShape>
                                    <FieldDefinitions>
                                        <FieldDefinition
                                         baseType="STRING"
                                         description="code"
                                         name="code"
                                         ordinal="0"></FieldDefinition>
                                    </FieldDefinitions>
                                </DataShape>
                                <Rows>
                                    <Row>
                                        <code>
                                        <![CDATA[
                                        // result: INFOTABLE dataShape: "KBMachineMessagePADataShape"
                                        let result = Things["KBKPILocalThingWorxDatabaseThing"].GetAllMachineMessages({
                                        	StartDateTime: StartDate /* DATETIME */,
                                        	EndDateTime: EndDate /* DATETIME */,
                                        	Machine: Machine /* STRING [Required] */
                                        });
                                        ]]>
                                        </code>
                                    </Row>
                                </Rows>
                            </ConfigurationTable>
                        </ConfigurationTables>
                    </ServiceImplementation>
                    <ServiceImplementation
                     description=""
                     handlerName="Script"
                     name="GetAllMachineStatusJSService">
                        <ConfigurationTables>
                            <ConfigurationTable
                             dataShapeName=""
                             description=""
                             isMultiRow="false"
                             name="Script"
                             ordinal="0">
                                <DataShape>
                                    <FieldDefinitions>
                                        <FieldDefinition
                                         baseType="STRING"
                                         description="code"
                                         name="code"
                                         ordinal="0"></FieldDefinition>
                                    </FieldDefinitions>
                                </DataShape>
                                <Rows>
                                    <Row>
                                        <code>
                                        <![CDATA[
                                        //var params = {
                                        //	infoTableName: "InfoTable",
                                        //	dataShapeName: "KBProductionAdvisorStatusDataShape"
                                        //};
                                        //
                                        //// CreateInfoTableFromDataShape(infoTableName:STRING("InfoTable"), dataShapeName:STRING):INFOTABLE(KBProductionAdvisorStatusDataShape)
                                        //var result = Resources["InfoTableFunctions"].CreateInfoTableFromDataShape(params);
                                        //
                                        //// result: INFOTABLE dataShape: "KBMachineStatusPADataShape"
                                        //var data = Things["KBKPILocalThingWorxDatabaseThing"].GetAllMachineStatus({
                                        //	StartDate: StartDate /* DATETIME [Required] */ ,
                                        //	EndDate: EndDate /* DATETIME [Required] */ ,
                                        //	Machine: Machine /* STRING [Required] */
                                        //});
                                        
                                        // result: INFOTABLE dataShape: "KBMachineStatusPADataShape"
                                        let result = Things["KBKPILocalThingWorxDatabaseThing"].GetAllMachineStatus({
                                        	StartDateTime: StartDate /* DATETIME */,
                                        	EndDateTime: EndDate /* DATETIME */,
                                        	Machine: Machine /* STRING [Required] */
                                        });
                                        //for (var i = 0; i < data.rows.length; i++) {
                                        //	// KBProductionAdvisorStatusDataShape entry object
                                        //	let newEntry = {
                                        //		Machine: data.rows[i].Machine, // STRING [Primary Key]
                                        //		Status: data.rows[i].Status, // STRING
                                        //		SubStatus: data.rows[i].SubStatus, // STRING
                                        //		CreationTime: data.rows[i].CreationTime, // DATETIME
                                        //		description: data.rows[i].description, // STRING
                                        //		StatusType: data.rows[i].StatusType, // STRING
                                        //		StatusTime: data.rows[i].StatusTime // DATETIME [Primary Key]
                                        //	};
                                        //	result.AddRow(newEntry);
                                        //}
                                        ]]>
                                        </code>
                                    </Row>
                                </Rows>
                            </ConfigurationTable>
                        </ConfigurationTables>
                    </ServiceImplementation>
                    <ServiceImplementation
                     description=""
                     handlerName="Script"
                     name="GetProducedPartsWithoutSAPDataJSService">
                        <ConfigurationTables>
                            <ConfigurationTable
                             dataShapeName=""
                             description=""
                             isMultiRow="false"
                             name="Script"
                             ordinal="0">
                                <DataShape>
                                    <FieldDefinitions>
                                        <FieldDefinition
                                         baseType="STRING"
                                         description="code"
                                         name="code"
                                         ordinal="0"></FieldDefinition>
                                    </FieldDefinitions>
                                </DataShape>
                                <Rows>
                                    <Row>
                                        <code>
                                        <![CDATA[
                                        //var params = {
                                        //	infoTableName: "InfoTable",
                                        //	dataShapeName: "KBProductionAdvisorPartsDataShape"
                                        //};
                                        //
                                        //// CreateInfoTableFromDataShape(infoTableName:STRING("InfoTable"), dataShapeName:STRING):INFOTABLE(KBTestBenchStationThingNameDataShape)
                                        //var result = Resources["InfoTableFunctions"].CreateInfoTableFromDataShape(params);
                                        
                                        // result: INFOTABLE dataShape: "KBListOfProducedPartsDataShape"
                                        let result = Things["KBKPILocalThingWorxDatabaseThing"].GetProducedPartsWithoutSAPData({
                                        	StartDate: StartDate /* DATETIME [Required] */ ,
                                        	EndDate: EndDate /* DATETIME [Required] */ ,
                                        	Machine: Machine /* STRING [Required] */
                                        });
                                        
                                        //for (var i = 0; i < data.rows.length; i++) {
                                        //	// KBProductionAdvisorPartsDataShape entry object
                                        //	var newEntry = {
                                        //		CreationTime: data.rows[i].CreationTime, // DATETIME
                                        //		ProductionTime: data.rows[i].ProductionTime, // DATETIME
                                        //		isPartOK: data.rows[i].isPartOK, // BOOLEAN
                                        //		PartNumber: data.rows[i].PartNumber, // STRING
                                        //		SerialNumber: data.rows[i].SerialNumber, // STRING
                                        //		OrderNumber: data.rows[i].OrderNumber, // STRING
                                        //		ScrapReason: data.rows[i].ScrapReason, // STRING
                                        //		numberOfParts: data.rows[i].numberOfParts, // INTEGER
                                        //		Station: data.rows[i].Station // STRING
                                        //	};  
                                        //    result.AddRow(newEntry);
                                        //}
                                        ]]>
                                        </code>
                                    </Row>
                                </Rows>
                            </ConfigurationTable>
                        </ConfigurationTables>
                    </ServiceImplementation>
                </ServiceImplementations>
                <Subscriptions></Subscriptions>
            </ThingShape>
            <PropertyBindings></PropertyBindings>
            <RemotePropertyBindings></RemotePropertyBindings>
            <RemoteServiceBindings></RemoteServiceBindings>
            <RemoteEventBindings></RemoteEventBindings>
            <AlertConfigurations></AlertConfigurations>
            <ImplementedShapes></ImplementedShapes>
            <ThingProperties></ThingProperties>
        </Thing>
    </Things>
</Entities>
