<?xml version="1.0" encoding="UTF-8"?>
<Entities
 majorVersion="9"
 minorVersion="3"
 universal="password">
    <Things>
        <Thing
         description=""
         documentationContent=""
         effectiveThingPackage="SchedulerThing"
         enabled="true"
         homeMashup=""
         identifier=""
         inheritedValueStream=""
         name="KBsmartKPIUpdateRVSShiftCalendarTableOnlyFromGlobalToLocalScheduler"
         projectName="KBsmartKPI"
         published="false"
         tags=""
         thingTemplate="Scheduler"
         valueStream="">
            <avatar></avatar>
            <DesignTimePermissions>
                <Create></Create>
                <Read></Read>
                <Update></Update>
                <Delete></Delete>
                <Metadata></Metadata>
            </DesignTimePermissions>
            <RunTimePermissions></RunTimePermissions>
            <VisibilityPermissions>
                <Visibility></Visibility>
            </VisibilityPermissions>
            <ConfigurationTableDefinitions></ConfigurationTableDefinitions>
            <ConfigurationTables>
                <ConfigurationTable
                 dataShapeName=""
                 description="General Settings"
                 isMultiRow="false"
                 name="Settings"
                 ordinal="0">
                    <DataShape>
                        <FieldDefinitions>
                            <FieldDefinition
                             aspect.defaultValue="true"
                             baseType="BOOLEAN"
                             description="Automatically enable scheduler on startup"
                             name="enabled"
                             ordinal="0"></FieldDefinition>
                            <FieldDefinition
                             baseType="USERNAME"
                             description="User context in which to run event handlers"
                             name="runAsUser"
                             ordinal="0"></FieldDefinition>
                            <FieldDefinition
                             aspect.defaultValue="0 0/1 * * * ?"
                             baseType="SCHEDULE"
                             description="Execution Schedule (Cron String)"
                             name="schedule"
                             ordinal="0"></FieldDefinition>
                        </FieldDefinitions>
                    </DataShape>
                    <Rows>
                        <Row>
                            <enabled>true</enabled>
                            <runAsUser>
                            <![CDATA[
                            Administrator
                            ]]>
                            </runAsUser>
                            <schedule>
                            <![CDATA[
                            0 50 0/1 * * ?
                            ]]>
                            </schedule>
                        </Row>
                    </Rows>
                </ConfigurationTable>
            </ConfigurationTables>
            <ThingShape>
                <PropertyDefinitions></PropertyDefinitions>
                <ServiceDefinitions>
                    <ServiceDefinition
                     aspect.isAsync="false"
                     category=""
                     description=""
                     isAllowOverride="false"
                     isLocalOnly="false"
                     isOpen="false"
                     isPrivate="false"
                     name="UpdateShiftCalendar">
                        <ResultType
                         baseType="NOTHING"
                         description=""
                         name="result"
                         ordinal="0"></ResultType>
                        <ParameterDefinitions>
                            <FieldDefinition
                             aspect.isRequired="true"
                             baseType="DATETIME"
                             description=""
                             name="EndDate"
                             ordinal="2"></FieldDefinition>
                            <FieldDefinition
                             aspect.isRequired="true"
                             baseType="DATETIME"
                             description=""
                             name="StartDate"
                             ordinal="1"></FieldDefinition>
                        </ParameterDefinitions>
                    </ServiceDefinition>
                    <ServiceDefinition
                     aspect.isAsync="false"
                     category=""
                     description=""
                     isAllowOverride="false"
                     isLocalOnly="false"
                     isOpen="false"
                     isPrivate="false"
                     name="UpdateShiftCalendarSlot">
                        <ResultType
                         baseType="NOTHING"
                         description=""
                         name="result"
                         ordinal="0"></ResultType>
                        <ParameterDefinitions></ParameterDefinitions>
                    </ServiceDefinition>
                </ServiceDefinitions>
                <EventDefinitions></EventDefinitions>
                <ServiceMappings></ServiceMappings>
                <ServiceImplementations>
                    <ServiceImplementation
                     description=""
                     handlerName="Script"
                     name="UpdateShiftCalendar">
                        <ConfigurationTables>
                            <ConfigurationTable
                             dataShapeName=""
                             description="Script"
                             isMultiRow="false"
                             name="Script"
                             ordinal="0">
                                <DataShape>
                                    <FieldDefinitions>
                                        <FieldDefinition
                                         baseType="STRING"
                                         description="code"
                                         name="code"
                                         ordinal="0"></FieldDefinition>
                                    </FieldDefinitions>
                                </DataShape>
                                <Rows>
                                    <Row>
                                        <code>
                                        <![CDATA[
                                        logger.debug("UpdateShiftCalendar Start");
                                        
                                        var location = Resources["KBThingWorxServerSystem"].GetLocationIdentifier();
                                        
                                        logger.debug("UpdateShiftCalendar location: "+location);
                                        
                                        StartDate.setHours(0);
                                        StartDate.setMinutes(0);
                                        StartDate.setSeconds(0);
                                        StartDate.setMilliseconds(0);
                                        logger.debug("UpdateShiftCalendar StartDate: "+StartDate);
                                        
                                        EndDate = dateAddDays(EndDate, 1);
                                        EndDate.setHours(0);
                                        EndDate.setMinutes(0);
                                        EndDate.setSeconds(0);
                                        EndDate.setMilliseconds(0);
                                        logger.debug("UpdateShiftCalendar EndDate: "+EndDate);
                                        
                                        if (location != "MUC") {
                                        
                                            var params = {
                                                maxItems: 999999 /* NUMBER */,
                                                nameMask: undefined /* STRING */,
                                                query: undefined /* QUERY */,
                                                thingTemplate: "KBLocalPlantThingTemplate" /* THINGTEMPLATENAME */,
                                                tags: undefined /* TAGS */
                                            };
                                        
                                            // result: INFOTABLE dataShape: RootEntityList
                                            var plants = Resources["SearchFunctions"].SearchThingsByTemplateWithPersistent(params);
                                            var tableLengthplants = plants.rows.length;
                                        
                                        	logger.debug("UpdateShiftCalendar tableLengthplants: "+tableLengthplants);
                                            for (var xplants = 0; xplants < tableLengthplants; xplants++) {
                                                var rowplants = plants.rows[xplants];
                                                //Your code here
                                                
                                                var plantId = "";
                                                
                                                if (Things[rowplants.name].getShiftCalendarFromSAP){
                                        	        plantId = Things[rowplants.name].SAPPlantId;
                                                } else {
                                        	        plantId = Things[rowplants.name].PlantIdForNonSAPShiftCalendar;
                                                }
                                                
                                                
                                        		logger.debug("UpdateShiftCalendar plantId: "+plantId);
                                                
                                                
                                                if (plantId != "") {
                                                     
                                                    var params = {
                                                        endDate: EndDate /* DATETIME */,
                                                        plant: plantId /* STRING */,
                                                        startDate: StartDate /* DATETIME */
                                                    };
                                        
                                                    // result: NUMBER
                                                    Things["KBKPILocalThingWorxDatabaseThing"].DeleteShiftDatasFromDataTable(params);
                                        			logger.debug("UpdateShiftCalendar DeleteShiftDatasFromDataTable "+plantId);
                                                    
                                                    var params = {
                                                        maxItems: 999999 /* NUMBER */,
                                                        nameMask: undefined /* STRING */,
                                                        query: undefined /* QUERY */,
                                                        thingTemplate: "KBLocalMachineThingTemplate" /* THINGTEMPLATENAME */,
                                                        tags: undefined /* TAGS */
                                                    };
                                        
                                                    // result: INFOTABLE dataShape: RootEntityList
                                                    var machines = Resources["SearchFunctions"].SearchThingsByTemplateWithPersistent(params);
                                                    var tableLengthmachines = machines.rows.length;
                                        			logger.debug("UpdateShiftCalendar tableLengthmachines: "+tableLengthmachines);
                                        
                                                    for (var xmachines = 0; xmachines < tableLengthmachines; xmachines++) {
                                                        var rowmachines = machines.rows[xmachines];
                                                        //Your code here
                                        
                                        				logger.debug("UpdateShiftCalendar rowmachines: "+rowmachines.name);
                                        				logger.debug("UpdateShiftCalendar SAPWorkcenterNumber: "+Things[rowmachines.name].SAPWorkcenterNumber);
                                        				logger.debug("UpdateShiftCalendar UseAlternativeWorkcenterIdForNonSAPShiftCalendars: "+Things[rowmachines.name].UseAlternativeWorkcenterIdForNonSAPShiftCalendars);
                                        				logger.debug("UpdateShiftCalendar AlternativeWorkcenterIdForNonSAPShiftCalendars: "+Things[rowmachines.name].AlternativeWorkcenterIdForNonSAPShiftCalendars);
                                        				
                                        
                                        				var globalWorkCenterNumber = Things[rowmachines.name].SAPWorkcenterNumber;
                                        				if (Things[rowmachines.name].UseAlternativeWorkcenterIdForNonSAPShiftCalendars) {
                                        					globalWorkCenterNumber = Things[rowmachines.name].AlternativeWorkcenterIdForNonSAPShiftCalendars;
                                        				}
                                        
                                        				logger.debug("UpdateShiftCalendar globalWorkCenterNumber: "+globalWorkCenterNumber);
                                        
                                                        if (globalWorkCenterNumber != "" && Things[rowmachines.name].SAPWorkcenterNumber != "") {
                                        
                                                            var params = {
                                                                MachineSAP: globalWorkCenterNumber /* STRING */,
                                                                StartDate: StartDate /* DATETIME */,
                                                                EndDate: EndDate /* DATETIME */,
                                                                PlantSAP: plantId /* STRING */
                                                            };
                                        
                                                            // result: INFOTABLE dataShape: KBShiftInfoDataShape
                                                            var shiftInfo = Things["KBGlobalThingWorxThing"].GetShiftInfo(params);
                                        
                                                            var tableLengthshiftInfo = shiftInfo.rows.length;
                                        
                                                            for (var xshiftInfo = 0; xshiftInfo < tableLengthshiftInfo; xshiftInfo++) {
                                                                var rowshiftInfo = shiftInfo.rows[xshiftInfo];
                                                                var d = new Date();
                                                                //var endDateTime = dateAddMinutes(dateAddMinutes(rowshiftInfo.EndTime, -1 * rowshiftInfo.TimezoneOffset), d.getTimezoneOffset());
                                                                //var startDateTime = dateAddMinutes(dateAddMinutes(rowshiftInfo.StartTime, -1 * rowshiftInfo.TimezoneOffset), d.getTimezoneOffset());
                                                                
                                                                //Quickfix for V9
                                                                //if (plantId == "MLK-FactoryMaster" || plantId == "BUD-NDNC" || plantId == "1201" || plantId == "2001" || plantId == "292D" || plantId == "2901" || plantId == "KBB" || plantId == "1051" || plantId == "2601" || plantId == "KBA" || plantId == "PNA" || plantId == "3916"){
                                        	                     var endDateTime = rowshiftInfo.EndTime;
                                        	                     var startDateTime = rowshiftInfo.StartTime;
                                                                //}
                                                                //Quickfix for V9
                                                                
                                                                
                                                                //Your code here
                                                                var params = {
                                                                    EndTime: endDateTime /* DATETIME */,
                                                                    machine: Things[rowmachines.name].SAPWorkcenterNumber /* STRING */,
                                                                    plant: plantId /* STRING */,
                                                                    StartTime: startDateTime /* DATETIME */,
                                                                    Qualifier: rowshiftInfo.Qualifier /* STRING */,
                                                                    Name: rowshiftInfo.Name /* STRING */,
                                                                    utilization: rowshiftInfo.utilization
                                                                };
                                        
                                                                // result: NUMBER
                                                                Things["KBKPILocalThingWorxDatabaseThing"].AddShiftDataToDataTable(params);
                                                            }
                                                        }
                                                    }
                                        
                                                }
                                            }
                                        }
                                        ]]>
                                        </code>
                                    </Row>
                                </Rows>
                            </ConfigurationTable>
                        </ConfigurationTables>
                    </ServiceImplementation>
                    <ServiceImplementation
                     description=""
                     handlerName="Script"
                     name="UpdateShiftCalendarSlot">
                        <ConfigurationTables>
                            <ConfigurationTable
                             dataShapeName=""
                             description="Script"
                             isMultiRow="false"
                             name="Script"
                             ordinal="0">
                                <DataShape>
                                    <FieldDefinitions>
                                        <FieldDefinition
                                         baseType="STRING"
                                         description="code"
                                         name="code"
                                         ordinal="0"></FieldDefinition>
                                    </FieldDefinitions>
                                </DataShape>
                                <Rows>
                                    <Row>
                                        <code>
                                        <![CDATA[
                                        var location = Resources["KBThingWorxServerSystem"].GetLocationIdentifier();
                                        
                                        if (location != "MUC") {
                                        
                                        	// dateValue:DATETIME
                                        	var startdate = new Date();
                                        
                                        	// dateAddDays(dateValue:DATETIME,amount:NUMBER):STRING
                                        	 startdate = dateAddDays(startdate, -1);
                                        
                                        	// dateValue:DATETIME
                                        	var enddate = new Date();
                                        
                                        	// dateAddDays(dateValue:DATETIME,amount:NUMBER):STRING
                                        	 enddate = dateAddDays(enddate, 4);
                                        
                                        
                                        	var params = {
                                        		StartDate: startdate /* DATETIME */ ,
                                        		EndDate: enddate /* DATETIME */
                                        	};
                                        
                                        	me.UpdateShiftCalendar(params);
                                        
                                        }
                                        ]]>
                                        </code>
                                    </Row>
                                </Rows>
                            </ConfigurationTable>
                        </ConfigurationTables>
                    </ServiceImplementation>
                </ServiceImplementations>
                <Subscriptions>
                    <Subscription
                     description=""
                     enabled="true"
                     eventName="ScheduledEvent"
                     name="Event.ScheduledEvent"
                     source=""
                     sourceProperty=""
                     sourceType="Thing">
                        <ServiceImplementation
                         description=""
                         handlerName="Script"
                         name="Event.ScheduledEvent">
                            <ConfigurationTables>
                                <ConfigurationTable
                                 dataShapeName=""
                                 description=""
                                 isMultiRow="false"
                                 name="Script"
                                 ordinal="0">
                                    <DataShape>
                                        <FieldDefinitions>
                                            <FieldDefinition
                                             baseType="STRING"
                                             description="code"
                                             name="code"
                                             ordinal="0"></FieldDefinition>
                                        </FieldDefinitions>
                                    </DataShape>
                                    <Rows>
                                        <Row>
                                            <code>
                                            <![CDATA[
                                            var location = Resources["KBThingWorxServerSystem"].GetLocationIdentifier();
                                            
                                            if (location != "MUC" && (location == 'BUD' || location == 'PNA' || location == 'MLK' || location == 'MIL' || location == 'BRQ')) {
                                            	me.UpdateShiftCalendarSlot();
                                            }
                                            ]]>
                                            </code>
                                        </Row>
                                    </Rows>
                                </ConfigurationTable>
                            </ConfigurationTables>
                        </ServiceImplementation>
                    </Subscription>
                </Subscriptions>
            </ThingShape>
            <PropertyBindings></PropertyBindings>
            <RemotePropertyBindings></RemotePropertyBindings>
            <RemoteServiceBindings></RemoteServiceBindings>
            <RemoteEventBindings></RemoteEventBindings>
            <AlertConfigurations></AlertConfigurations>
            <ImplementedShapes></ImplementedShapes>
            <ThingProperties></ThingProperties>
        </Thing>
    </Things>
</Entities>
