<?xml version="1.0" encoding="UTF-8"?>
<Entities
 majorVersion="9"
 minorVersion="3"
 universal="password">
    <Things>
        <Thing
         description=""
         documentationContent=""
         effectiveThingPackage="ConfiguredThing"
         enabled="true"
         homeMashup=""
         identifier=""
         inheritedValueStream=""
         name="KBPNARecipeHelperThing"
         projectName=""
         published="false"
         tags=""
         thingTemplate="GenericThing"
         valueStream="">
            <avatar></avatar>
            <DesignTimePermissions>
                <Create></Create>
                <Read></Read>
                <Update></Update>
                <Delete></Delete>
                <Metadata></Metadata>
            </DesignTimePermissions>
            <RunTimePermissions>
                <Permissions
                 resourceName="*">
                    <PropertyRead>
                        <Principal
                         isPermitted="true"
                         name="KBMesKitHelperUser"
                         type="User"></Principal>
                        <Principal
                         isPermitted="true"
                         name="KBRailPNAUserGroup"
                         type="Group"></Principal>
                        <Principal
                         isPermitted="true"
                         name="KBRailUserGroup"
                         type="Group"></Principal>
                    </PropertyRead>
                    <PropertyWrite>
                        <Principal
                         isPermitted="false"
                         name="KBRailPNAUserGroup"
                         type="Group"></Principal>
                    </PropertyWrite>
                    <ServiceInvoke>
                        <Principal
                         isPermitted="true"
                         name="KBMesKitHelperUser"
                         type="User"></Principal>
                        <Principal
                         isPermitted="true"
                         name="KBRailPNAUserGroup"
                         type="Group"></Principal>
                        <Principal
                         isPermitted="true"
                         name="KBRailUserGroup"
                         type="Group"></Principal>
                    </ServiceInvoke>
                    <EventInvoke></EventInvoke>
                    <EventSubscribe></EventSubscribe>
                </Permissions>
            </RunTimePermissions>
            <VisibilityPermissions>
                <Visibility>
                    <Principal
                     isPermitted="true"
                     name="KBBackGroundWorker"
                     type="Organization"></Principal>
                    <Principal
                     isPermitted="true"
                     name="KBOrganization"
                     type="Organization"></Principal>
                </Visibility>
            </VisibilityPermissions>
            <ConfigurationTableDefinitions></ConfigurationTableDefinitions>
            <ConfigurationTables></ConfigurationTables>
            <ThingShape>
                <PropertyDefinitions></PropertyDefinitions>
                <ServiceDefinitions>
                    <ServiceDefinition
                     aspect.isAsync="false"
                     category=""
                     description=""
                     isAllowOverride="false"
                     isLocalOnly="false"
                     isOpen="false"
                     isPrivate="false"
                     name="GetLocation">
                        <ResultType
                         baseType="BOOLEAN"
                         description=""
                         name="result"
                         ordinal="0"></ResultType>
                        <ParameterDefinitions></ParameterDefinitions>
                    </ServiceDefinition>
                    <ServiceDefinition
                     aspect.isAsync="false"
                     category=""
                     description=""
                     isAllowOverride="false"
                     isLocalOnly="false"
                     isOpen="false"
                     isPrivate="false"
                     name="GetRecipe">
                        <ResultType
                         baseType="STRING"
                         description=""
                         name="result"
                         ordinal="0"></ResultType>
                        <ParameterDefinitions>
                            <FieldDefinition
                             baseType="STRING"
                             description=""
                             name="MachineThing"
                             ordinal="1"></FieldDefinition>
                        </ParameterDefinitions>
                    </ServiceDefinition>
                </ServiceDefinitions>
                <EventDefinitions></EventDefinitions>
                <ServiceMappings></ServiceMappings>
                <ServiceImplementations>
                    <ServiceImplementation
                     description=""
                     handlerName="Script"
                     name="GetLocation">
                        <ConfigurationTables>
                            <ConfigurationTable
                             dataShapeName=""
                             description=""
                             isMultiRow="false"
                             name="Script"
                             ordinal="0">
                                <DataShape>
                                    <FieldDefinitions>
                                        <FieldDefinition
                                         baseType="STRING"
                                         description="code"
                                         name="code"
                                         ordinal="0"></FieldDefinition>
                                    </FieldDefinitions>
                                </DataShape>
                                <Rows>
                                    <Row>
                                        <code>
                                        <![CDATA[
                                        var result;
                                        try {
                                        	var locationIdentifier = Resources["KBThingWorxServerSystem"].GetLocationIdentifier();
                                        	if (locationIdentifier === 'PNA') {
                                        		result = true;
                                        	} else {
                                        		result = false;
                                        	}
                                        } catch (e) {
                                        	logger.error('error in GetLocation Service');
                                        }
                                        ]]>
                                        </code>
                                    </Row>
                                </Rows>
                            </ConfigurationTable>
                        </ConfigurationTables>
                    </ServiceImplementation>
                    <ServiceImplementation
                     description=""
                     handlerName="Script"
                     name="GetRecipe">
                        <ConfigurationTables>
                            <ConfigurationTable
                             dataShapeName=""
                             description=""
                             isMultiRow="false"
                             name="Script"
                             ordinal="0">
                                <DataShape>
                                    <FieldDefinitions>
                                        <FieldDefinition
                                         baseType="STRING"
                                         description="code"
                                         name="code"
                                         ordinal="0"></FieldDefinition>
                                    </FieldDefinitions>
                                </DataShape>
                                <Rows>
                                    <Row>
                                        <code>
                                        <![CDATA[
                                        var plcStation;
                                        var result;
                                        try {
                                        	var locationIdentifier = Resources["KBThingWorxServerSystem"].GetLocationIdentifier();
                                        	if (locationIdentifier === 'PNA') {
                                        		plcStation = Things[MachineThing].MainStationForLineStatus;
                                        		if (plcStation !== undefined & plcStation !== '') {
                                        			result = Things[plcStation].RECIPE;
                                        		} else {
                                        			result = '';
                                        		}
                                        
                                        		var E13RecipeName = Things["PNAS0018"].E13_E13_RECIPE;
                                        		var E14RecipeName = Things["PNAS0018"].E14_E14_RECIPE;
                                        		var E15RecipeName = Things["PNAS0018"].E15_E15_RECIPE;
                                        		var E16RecipeName = Things["PNAS0018"].E16_E16_RECIPE;
                                        		var E17RecipeName = Things["PNAS0018"].E17_E17_RECIPE;
                                        		var E18RecipeName = Things["PNAS0018"].E18_E18_RECIPE;
                                        		var E19RecipeName = Things["PNAS0018"].E19_E19_RECIPE;
                                        		var E20RecipeName = Things["PNAS0018"].E20_E20_RECIPE;
                                        		var E22RecipeName = Things["PNAS0018"].E22_E22_RECIPE;
                                        		var E23RecipeName = Things["PNAS0018"].E23_E23_RECIPE;
                                        		var E24RecipeName = Things["PNAS0018"].E24_E24_RECIPE;
                                        
                                        		if (plcStation == 'KBPNAE13PLCStationThing') {
                                        			if (E13RecipeName == 'torebind') {
                                        				result = '';
                                        			}
                                        		} else if (plcStation == 'KBPNAE14PLCStationThing') {
                                        			if (E14RecipeName == 'torebind') {
                                        				result = '';
                                        			}
                                        		} else if (plcStation == 'KBPNAE15PLCStationThing') {
                                        			if (E15RecipeName == 'torebind') {
                                        				result = '';
                                        			}
                                        		} else if (plcStation == 'KBPNAE16PLCStationThing') {
                                        			if (E16RecipeName == 'torebind') {
                                        				result = '';
                                        			}
                                        		} else if (plcStation == 'KBPNAE17PLCStationThing') {
                                        			if (E17RecipeName == 'torebind') {
                                        				result = '';
                                        			}
                                        		} else if (plcStation == 'KBPNAE18PLCStationThing') {
                                        			if (E18RecipeName == 'torebind') {
                                        				result = '';
                                        			}
                                        		} else if (plcStation == 'KBPNAE19PLCStationThing') {
                                        			if (E19RecipeName == 'torebind') {
                                        				result = '';
                                        			}
                                        		} else if (plcStation == 'KBPNAE20PLCStationThing') {
                                        			if (E20RecipeName == 'torebind') {
                                        				result = '';
                                        			}
                                        		} else if (plcStation == 'KBPNAE22PLCStationThing') {
                                        			if (E22RecipeName == 'torebind') {
                                        				result = '';
                                        			}
                                        		} else if (plcStation == 'KBPNAE23PLCStationThing') {
                                        			if (E23RecipeName == 'torebind') {
                                        				result = '';
                                        			}
                                        		} else if (plcStation == 'KBPNAE24PLCStationThing') {
                                        			if (E24RecipeName == 'torebind') {
                                        				result = '';
                                        			}
                                        		}
                                        	}
                                        } catch (e) {
                                        	logger.error('error in GetRecipe Thing ' + plcStation + ' Recipe Thing not found');
                                        }
                                        ]]>
                                        </code>
                                    </Row>
                                </Rows>
                            </ConfigurationTable>
                        </ConfigurationTables>
                    </ServiceImplementation>
                </ServiceImplementations>
                <Subscriptions></Subscriptions>
            </ThingShape>
            <PropertyBindings></PropertyBindings>
            <RemotePropertyBindings></RemotePropertyBindings>
            <RemoteServiceBindings></RemoteServiceBindings>
            <RemoteEventBindings></RemoteEventBindings>
            <AlertConfigurations></AlertConfigurations>
            <ImplementedShapes></ImplementedShapes>
            <ThingProperties></ThingProperties>
        </Thing>
    </Things>
</Entities>
