<?xml version="1.0" encoding="UTF-8"?>
<Entities
 build="b628"
 majorVersion="9"
 minorVersion="0"
 modelPersistenceProviderPackage="MssqlPersistenceProviderPackage"
 revision="10"
 schemaVersion="1109"
 universal="password">
    <Things>
        <Thing
         description=""
         documentationContent=""
         effectiveThingPackage="DatabaseThing"
         enabled="true"
         homeMashup=""
         identifier=""
         inheritedValueStream=""
         lastModifiedDate="2022-08-05T08:32:41.422Z"
         name="KBSnowflakeCVSDatabaseSmartKPIThing_V1"
         projectName=""
         published="false"
         tags=""
         thingTemplate="KBSnowflakeCVSDatabaseSmartKPIThingTemplate"
         valueStream="">
            <avatar></avatar>
            <DesignTimePermissions>
                <Create></Create>
                <Read></Read>
                <Update></Update>
                <Delete></Delete>
                <Metadata></Metadata>
            </DesignTimePermissions>
            <RunTimePermissions>
                <Permissions
                 resourceName="*">
                    <PropertyRead>
                        <Principal
                         isPermitted="true"
                         name="Users"
                         type="Group"></Principal>
                    </PropertyRead>
                    <PropertyWrite></PropertyWrite>
                    <ServiceInvoke>
                        <Principal
                         isPermitted="true"
                         name="Users"
                         type="Group"></Principal>
                    </ServiceInvoke>
                    <EventInvoke></EventInvoke>
                    <EventSubscribe></EventSubscribe>
                </Permissions>
            </RunTimePermissions>
            <VisibilityPermissions>
                <Visibility>
                    <Principal
                     isPermitted="true"
                     name="KBOrganization"
                     type="Organization"></Principal>
                </Visibility>
            </VisibilityPermissions>
            <ConfigurationTableDefinitions></ConfigurationTableDefinitions>
            <ConfigurationTables>
                <ConfigurationTable
                 dataShapeName=""
                 description="JDBC Settings"
                 isMultiRow="false"
                 name="ConnectionInfo"
                 ordinal="0">
                    <DataShape>
                        <FieldDefinitions>
                            <FieldDefinition
                             aspect.defaultValue="SELECT NOW()"
                             baseType="STRING"
                             description="Connection test string/query"
                             name="connectionValidationString"
                             ordinal="2"></FieldDefinition>
                            <FieldDefinition
                             aspect.defaultValue="jdbc:mydb:/server:port/database?param=value"
                             aspect.friendlyName="JDBC Connection String"
                             baseType="STRING"
                             description="JDBC Connection URL"
                             name="jDBCConnectionURL"
                             ordinal="1"></FieldDefinition>
                            <FieldDefinition
                             aspect.defaultValue="com.yourdatabase.yourDriver"
                             aspect.friendlyName="JDBC Driver Class Name"
                             baseType="STRING"
                             description="JDBC Driver Class Name"
                             name="jDBCDriverClass"
                             ordinal="0"></FieldDefinition>
                            <FieldDefinition
                             aspect.defaultValue="5.0"
                             aspect.friendlyName="Maxium Number of Connections"
                             baseType="NUMBER"
                             description="Maximum number of connections in the pool"
                             name="maxConnections"
                             ordinal="3"></FieldDefinition>
                            <FieldDefinition
                             aspect.friendlyName="Database Password"
                             baseType="PASSWORD"
                             description="Database password"
                             name="password"
                             ordinal="5"></FieldDefinition>
                            <FieldDefinition
                             aspect.friendlyName="Database User Name"
                             baseType="STRING"
                             description="Database user name"
                             name="userName"
                             ordinal="4"></FieldDefinition>
                        </FieldDefinitions>
                    </DataShape>
                    <Rows>
                        <Row>
                            <connectionValidationString>
                            <![CDATA[
                            select getdate()
                            ]]>
                            </connectionValidationString>
                            <jDBCConnectionURL>
                            <![CDATA[
                            jdbc:snowflake://hs05738.west-europe.azure.snowflakecomputing.com/?private_key_file=C:/KBTWX/rsa_key.p8&warehouse=CORP_PROD_ANALYTICS_WH&db=CORP_PROD_M_DB&schema=CVS_SMARTPRODUCTION&role=CORP_PROD_CVS_SMARTPRODUCTION_GLOBAL_FR
                            ]]>
                            </jDBCConnectionURL>
                            <jDBCDriverClass>
                            <![CDATA[
                            com.snowflake.client.jdbc.SnowflakeDriver
                            ]]>
                            </jDBCDriverClass>
                            <maxConnections>5.0</maxConnections>
                            <password></password>
                            <userName>
                            <![CDATA[
                            SVC.MUC.THINGWORX@KNORR-BREMSE.COM
                            ]]>
                            </userName>
                        </Row>
                    </Rows>
                </ConfigurationTable>
                <ConfigurationTable
                 dataShapeName=""
                 description="Connection Monitoring Settings"
                 isMultiRow="false"
                 name="ConnectionMonitoring"
                 ordinal="0">
                    <DataShape>
                        <FieldDefinitions>
                            <FieldDefinition
                             aspect.defaultValue="30000.0"
                             aspect.friendlyName="Monitor Rate (seconds)"
                             baseType="NUMBER"
                             description="Monitor rate in milliseconds"
                             name="connectionMonitorRate"
                             ordinal="1"></FieldDefinition>
                            <FieldDefinition
                             aspect.defaultValue="false"
                             aspect.friendlyName="Enable Monitoring"
                             baseType="BOOLEAN"
                             description="Enable connection monitoring"
                             name="enableMonitor"
                             ordinal="0"></FieldDefinition>
                            <FieldDefinition
                             aspect.defaultValue="1.0"
                             aspect.friendlyName="Number of Retries"
                             baseType="NUMBER"
                             description="Number of retries"
                             name="numberOfRetries"
                             ordinal="2"></FieldDefinition>
                            <FieldDefinition
                             aspect.defaultValue="2000.0"
                             aspect.friendlyName="Retry Delay (milliseconds)"
                             baseType="NUMBER"
                             description="Retry delay in milliseconds"
                             name="retryDelay"
                             ordinal="3"></FieldDefinition>
                        </FieldDefinitions>
                    </DataShape>
                    <Rows>
                        <Row>
                            <connectionMonitorRate>30000.0</connectionMonitorRate>
                            <enableMonitor>false</enableMonitor>
                            <numberOfRetries>1.0</numberOfRetries>
                            <retryDelay>2000.0</retryDelay>
                        </Row>
                    </Rows>
                </ConfigurationTable>
                <ConfigurationTable
                 dataShapeName=""
                 description="Field/Column Name Aliases"
                 isMultiRow="true"
                 name="ColumnAliases"
                 ordinal="1">
                    <DataShape>
                        <FieldDefinitions>
                            <FieldDefinition
                             aspect.friendlyName="Database Column Name"
                             baseType="STRING"
                             description="Database column name"
                             name="columnName"
                             ordinal="0"></FieldDefinition>
                            <FieldDefinition
                             aspect.friendlyName="Thingworx Field Name"
                             baseType="STRING"
                             description="Thingworx field name"
                             name="fieldName"
                             ordinal="1"></FieldDefinition>
                        </FieldDefinitions>
                    </DataShape>
                    <Rows></Rows>
                </ConfigurationTable>
            </ConfigurationTables>
            <ThingShape>
                <PropertyDefinitions></PropertyDefinitions>
                <ServiceDefinitions>
                	<ServiceDefinition
                     aspect.isAsync="false"
                     category=""
                     description=""
                     isAllowOverride="false"
                     isLocalOnly="false"
                     isOpen="false"
                     isPrivate="false"
                     name="GetMachineFloatData">
                        <ResultType
                         aspect.dataShape="KBSmartKPIMachineFloatDataFromDataTableDataShape"
                         baseType="INFOTABLE"
                         description=""
                         name="result"
                         ordinal="0"></ResultType>
                        <ParameterDefinitions>
                            <FieldDefinition
                             baseType="STRING"
                             description=""
                             name="Machine"
                             ordinal="1"></FieldDefinition>
                            <FieldDefinition
                             baseType="STRING"
                             description=""
                             name="MachineDataType"
                             ordinal="2"></FieldDefinition>
                            <FieldDefinition
                             baseType="DATETIME"
                             description=""
                             name="MachineDateTimeFrom"
                             ordinal="3"></FieldDefinition>
                            <FieldDefinition
                             baseType="DATETIME"
                             description=""
                             name="MachineDateTimeTo"
                             ordinal="4"></FieldDefinition>
                            <FieldDefinition
                             baseType="STRING"
                             description=""
                             name="SourceSystem"
                             ordinal="5"></FieldDefinition>
                        </ParameterDefinitions>
                    </ServiceDefinition>
                    <ServiceDefinition
                     aspect.isAsync="false"
                     category=""
                     description=""
                     isAllowOverride="false"
                     isLocalOnly="false"
                     isOpen="false"
                     isPrivate="false"
                     name="GetMachineFloatDataV2">
                        <ResultType
                         aspect.dataShape="KBSmartKPIMachineFloatDataFromDataTableDataShape"
                         baseType="INFOTABLE"
                         description=""
                         name="result"
                         ordinal="0"></ResultType>
                        <ParameterDefinitions>
                            <FieldDefinition
                             baseType="STRING"
                             description=""
                             name="Machine"
                             ordinal="1"></FieldDefinition>
                            <FieldDefinition
                             baseType="STRING"
                             description=""
                             name="MachineComment"
                             ordinal="6"></FieldDefinition>
                            <FieldDefinition
                             baseType="STRING"
                             description=""
                             name="MachineDataType"
                             ordinal="2"></FieldDefinition>
                            <FieldDefinition
                             baseType="DATETIME"
                             description=""
                             name="MachineDateTimeFrom"
                             ordinal="3"></FieldDefinition>
                            <FieldDefinition
                             baseType="DATETIME"
                             description=""
                             name="MachineDateTimeTo"
                             ordinal="4"></FieldDefinition>
                            <FieldDefinition
                             baseType="STRING"
                             description=""
                             name="SourceSystem"
                             ordinal="5"></FieldDefinition>
                        </ParameterDefinitions>
                    </ServiceDefinition>
                    <ServiceDefinition
                     aspect.isAsync="false"
                     category=""
                     description=""
                     isAllowOverride="false"
                     isLocalOnly="false"
                     isOpen="false"
                     isPrivate="false"
                     name="machineStatistic">
                        <ResultType
                         aspect.dataShape="KBLandingPageMachineStatistic_DD"
                         baseType="INFOTABLE"
                         description=""
                         name="result"
                         ordinal="0"></ResultType>
                        <ParameterDefinitions></ParameterDefinitions>
                    </ServiceDefinition>
                    <ServiceDefinition
                     aspect.isAsync="false"
                     category=""
                     description=""
                     isAllowOverride="false"
                     isLocalOnly="false"
                     isOpen="false"
                     isPrivate="false"
                     name="machinestatistic_all">
                        <ResultType
                         aspect.dataShape="KBLandingPageMachineStatistic_DD"
                         baseType="INFOTABLE"
                         description=""
                         name="result"
                         ordinal="0"></ResultType>
                        <ParameterDefinitions></ParameterDefinitions>
                    </ServiceDefinition>
                </ServiceDefinitions>
                <EventDefinitions></EventDefinitions>
                <ServiceMappings></ServiceMappings>
                <ServiceImplementations>
                	<ServiceImplementation
                     description=""
                     handlerName="SQLQuery"
                     name="GetMachineFloatData">
                        <ConfigurationTables>
                            <ConfigurationTable
                             dataShapeName=""
                             description="SQLQuery"
                             isMultiRow="false"
                             name="Query"
                             ordinal="0">
                                <DataShape>
                                    <FieldDefinitions>
                                        <FieldDefinition
                                         baseType="NUMBER"
                                         description="maxItems"
                                         name="maxItems"
                                         ordinal="0"></FieldDefinition>
                                        <FieldDefinition
                                         baseType="STRING"
                                         description="sql"
                                         name="sql"
                                         ordinal="0"></FieldDefinition>
                                        <FieldDefinition
                                         baseType="NUMBER"
                                         description="timeout"
                                         name="timeout"
                                         ordinal="0"></FieldDefinition>
                                    </FieldDefinitions>
                                </DataShape>
                                <Rows>
                                    <Row>
                                        <maxItems>15000.0</maxItems>
                                        <sql>
                                        <![CDATA[
                                        select top 15000
                                              Id
                                              ,CreationTime
                                              ,Machine
                                              ,MachineTime
                                              ,MachineDataType
                                              ,MachineData
                                              ,MachineDataLSL
                                              ,MachineDataUSL
                                              ,isUpdated
                                              ,Unit
                                              ,description
                                              ,comment
                                        from CORP_PROD_M_DB.CVS_SMARTPRODUCTION.smartkpi_MachineFloatData
                                        where Machine=[[Machine]] and MachineTime>=[[MachineDateTimeFrom]] and MachineTime<=[[MachineDateTimeTo]]   and MachineDataType=[[MachineDataType]] and sourcesystem=[[SourceSystem]]
                                        and delete_identifier != 'DELETED'
                                        order by 4;
                                        ]]>
                                        </sql>
                                        <timeout>600.0</timeout>
                                    </Row>
                                </Rows>
                            </ConfigurationTable>
                        </ConfigurationTables>
                    </ServiceImplementation>
                    <ServiceImplementation
                     description=""
                     handlerName="SQLQuery"
                     name="GetMachineFloatDataV2">
                        <ConfigurationTables>
                            <ConfigurationTable
                             dataShapeName=""
                             description="SQLQuery"
                             isMultiRow="false"
                             name="Query"
                             ordinal="0">
                                <DataShape>
                                    <FieldDefinitions>
                                        <FieldDefinition
                                         baseType="NUMBER"
                                         description="maxItems"
                                         name="maxItems"
                                         ordinal="0"></FieldDefinition>
                                        <FieldDefinition
                                         baseType="STRING"
                                         description="sql"
                                         name="sql"
                                         ordinal="0"></FieldDefinition>
                                        <FieldDefinition
                                         baseType="NUMBER"
                                         description="timeout"
                                         name="timeout"
                                         ordinal="0"></FieldDefinition>
                                    </FieldDefinitions>
                                </DataShape>
                                <Rows>
                                    <Row>
                                        <maxItems>15000.0</maxItems>
                                        <sql>
                                        <![CDATA[
                                        select top 15000
                                              Id
                                              ,CreationTime
                                              ,Machine
                                              ,MachineTime
                                              ,MachineDataType
                                              ,MachineData
                                              ,MachineDataLSL
                                              ,MachineDataUSL
                                              ,isUpdated
                                              ,Unit
                                              ,description
                                              ,comment
                                        from CORP_PROD_M_DB.CVS_SMARTPRODUCTION.smartkpi_MachineFloatData
                                        where Machine=[[Machine]] and MachineTime>=[[MachineDateTimeFrom]] and MachineTime<=[[MachineDateTimeTo]]   and MachineDataType=[[MachineDataType]] and  comment=[[MachineComment]] and sourcesystem=[[SourceSystem]]
                                        and delete_identifier != 'DELETED'
                                        order by 4;
                                        ]]>
                                        </sql>
                                        <timeout>600.0</timeout>
                                    </Row>
                                </Rows>
                            </ConfigurationTable>
                        </ConfigurationTables>
                    </ServiceImplementation>
                    <ServiceImplementation
                     description=""
                     handlerName="SQLQuery"
                     name="machineStatistic">
                        <ConfigurationTables>
                            <ConfigurationTable
                             dataShapeName=""
                             description="SQLQuery"
                             isMultiRow="false"
                             name="Query"
                             ordinal="0">
                                <DataShape>
                                    <FieldDefinitions>
                                        <FieldDefinition
                                         baseType="NUMBER"
                                         description="maxItems"
                                         name="maxItems"
                                         ordinal="0"></FieldDefinition>
                                        <FieldDefinition
                                         baseType="STRING"
                                         description="sql"
                                         name="sql"
                                         ordinal="0"></FieldDefinition>
                                        <FieldDefinition
                                         baseType="NUMBER"
                                         description="timeout"
                                         name="timeout"
                                         ordinal="0"></FieldDefinition>
                                    </FieldDefinitions>
                                </DataShape>
                                <Rows>
                                    <Row>
                                        <maxItems>500.0</maxItems>
                                        <sql>
                                        <![CDATA[
                                        select machines.sourcesystem, machines.anz as machines, stations.anz as stations, parts.anz as parts from 
                                        (select count(*) anz,  sourcesystem
                                        from CORP_PROD_M_DB.CVS_SMARTPRODUCTION.smartkpi_machinekeyvaluedata
                                        where propertykey = 'thingTemplate'
                                        and textvalue = 'KBLocalMachineThingTemplate'
                                        and delete_identifier != 'DELETED'
                                        group by sourcesystem) machines,
                                        (select count(*) anz,  sourcesystem
                                        from CORP_PROD_M_DB.CVS_SMARTPRODUCTION.smartkpi_machinekeyvaluedata
                                        where propertykey = 'thingTemplate'
                                        and textvalue = 'KBLocalStationThingTemplate'
                                        and delete_identifier != 'DELETED'
                                        group by sourcesystem) stations,
                                        (select sum(NUMBEROFPARTS) anz, sourcesystem 
                                         from CORP_PROD_M_DB.CVS_SMARTPRODUCTION.smartkpi
                                         where delete_identifier != 'DELETED'
                                         group by sourcesystem
                                        ) parts
                                        where stations.sourcesystem = machines.sourcesystem
                                        and parts.sourcesystem = machines.sourcesystem
                                        order by 1;
                                        ]]>
                                        </sql>
                                        <timeout>600.0</timeout>
                                    </Row>
                                </Rows>
                            </ConfigurationTable>
                        </ConfigurationTables>
                    </ServiceImplementation>
                    <ServiceImplementation
                     description=""
                     handlerName="SQLQuery"
                     name="machinestatistic_all">
                        <ConfigurationTables>
                            <ConfigurationTable
                             dataShapeName=""
                             description="SQLQuery"
                             isMultiRow="false"
                             name="Query"
                             ordinal="0">
                                <DataShape>
                                    <FieldDefinitions>
                                        <FieldDefinition
                                         baseType="NUMBER"
                                         description="maxItems"
                                         name="maxItems"
                                         ordinal="0"></FieldDefinition>
                                        <FieldDefinition
                                         baseType="STRING"
                                         description="sql"
                                         name="sql"
                                         ordinal="0"></FieldDefinition>
                                        <FieldDefinition
                                         baseType="NUMBER"
                                         description="timeout"
                                         name="timeout"
                                         ordinal="0"></FieldDefinition>
                                    </FieldDefinitions>
                                </DataShape>
                                <Rows>
                                    <Row>
                                        <maxItems>500.0</maxItems>
                                        <sql>
                                        <![CDATA[
                                        select 'all' sourcesystem, machines.anz as machines, stations.anz as stations, parts.anz as parts from 
                                        (select count(*) anz
                                        from CORP_PROD_M_DB.CVS_SMARTPRODUCTION.smartkpi_machinekeyvaluedata
                                        where propertykey = 'thingTemplate'
                                        and textvalue = 'KBLocalMachineThingTemplate'
                                        and delete_identifier != 'DELETED') machines,
                                        (select count(*) anz
                                        from CORP_PROD_M_DB.CVS_SMARTPRODUCTION.smartkpi_machinekeyvaluedata
                                        where propertykey = 'thingTemplate'
                                        and textvalue = 'KBLocalStationThingTemplate'
                                        and delete_identifier != 'DELETED') stations,
                                        (select sum(NUMBEROFPARTS) anz 
                                         from CORP_PROD_M_DB.CVS_SMARTPRODUCTION.smartkpi
                                         where delete_identifier != 'DELETED'
                                        ) parts
                                        order by 1;
                                        ]]>
                                        </sql>
                                        <timeout>600.0</timeout>
                                    </Row>
                                </Rows>
                            </ConfigurationTable>
                        </ConfigurationTables>
                    </ServiceImplementation>
                </ServiceImplementations>
                <Subscriptions></Subscriptions>
            </ThingShape>
            <PropertyBindings></PropertyBindings>
            <RemotePropertyBindings></RemotePropertyBindings>
            <RemoteServiceBindings></RemoteServiceBindings>
            <RemoteEventBindings></RemoteEventBindings>
            <AlertConfigurations></AlertConfigurations>
            <ImplementedShapes></ImplementedShapes>
            <ThingProperties></ThingProperties>
        </Thing>
    </Things>
</Entities>
