<?xml version="1.0" encoding="UTF-8"?>
<Entities
 build="b2319"
 majorVersion="8"
 minorVersion="4"
 modelPersistenceProviderPackage="MssqlPersistenceProviderPackage"
 revision="4"
 schemaVersion="1041"
 universal="password">
    <Things>
        <Thing
         description=""
         documentationContent=""
         effectiveThingPackage="TimerThing"
         enabled="true"
         homeMashup=""
         identifier=""
         lastModifiedDate="2021-03-18T12:40:25.347+01:00"
         name="KBsmartKPIProcessingTimer"
         projectName="KBsmartKPI"
         published="false"
         tags="KBThingWorxInstallationVocabulary:ExtensionSmartKPI"
         thingTemplate="Timer"
         valueStream="">
            <avatar></avatar>
            <DesignTimePermissions>
                <Create></Create>
                <Read></Read>
                <Update></Update>
                <Delete></Delete>
                <Metadata></Metadata>
            </DesignTimePermissions>
            <RunTimePermissions></RunTimePermissions>
            <VisibilityPermissions>
                <Visibility></Visibility>
            </VisibilityPermissions>
            <ConfigurationTableDefinitions></ConfigurationTableDefinitions>
            <ConfigurationTables>
                <ConfigurationTable
                 description="General Settings"
                 isMultiRow="false"
                 name="Settings"
                 ordinal="0">
                    <DataShape>
                        <FieldDefinitions>
                            <FieldDefinition
                             aspect.defaultValue="true"
                             baseType="BOOLEAN"
                             description="Automatically enable timer on startup"
                             name="enabled"
                             ordinal="0"></FieldDefinition>
                            <FieldDefinition
                             baseType="USERNAME"
                             description="User context in which to run event handlers"
                             name="runAsUser"
                             ordinal="0"></FieldDefinition>
                            <FieldDefinition
                             aspect.defaultValue="60000.0"
                             baseType="NUMBER"
                             description="Update rate"
                             name="updateRate"
                             ordinal="0"></FieldDefinition>
                        </FieldDefinitions>
                    </DataShape>
                    <Rows>
                        <Row>
                            <enabled>true</enabled>
                            <runAsUser>
                            <![CDATA[
                            Administrator
                            ]]>
                            </runAsUser>
                            <updateRate>1000.0</updateRate>
                        </Row>
                    </Rows>
                </ConfigurationTable>
            </ConfigurationTables>
            <ThingShape>
                <PropertyDefinitions>
                    <PropertyDefinition
                     aspect.cacheTime="0.0"
                     aspect.dataChangeType="VALUE"
                     aspect.isLogged="false"
                     aspect.isPersistent="false"
                     aspect.isReadOnly="false"
                     baseType="BOOLEAN"
                     category=""
                     description=""
                     isLocalOnly="false"
                     name="KBLocalStationDataReceiverBufferProcessorIsRunning"
                     ordinal="1"></PropertyDefinition>
                </PropertyDefinitions>
                <ServiceDefinitions>
                    <ServiceDefinition
                     aspect.isAsync="false"
                     category=""
                     description=""
                     isAllowOverride="false"
                     isLocalOnly="false"
                     isOpen="false"
                     isPrivate="false"
                     name="KBLocalStationDataReceiverBufferProcessor">
                        <ResultType
                         baseType="NOTHING"
                         description=""
                         name="result"
                         ordinal="0"></ResultType>
                        <ParameterDefinitions></ParameterDefinitions>
                    </ServiceDefinition>
                </ServiceDefinitions>
                <EventDefinitions></EventDefinitions>
                <ServiceMappings></ServiceMappings>
                <ServiceImplementations>
                    <ServiceImplementation
                     description=""
                     handlerName="Script"
                     name="KBLocalStationDataReceiverBufferProcessor">
                        <ConfigurationTables>
                            <ConfigurationTable
                             description="Script"
                             isMultiRow="false"
                             name="Script"
                             ordinal="0">
                                <DataShape>
                                    <FieldDefinitions>
                                        <FieldDefinition
                                         baseType="STRING"
                                         description="code"
                                         name="code"
                                         ordinal="0"></FieldDefinition>
                                        <FieldDefinition
                                         baseType="JSON"
                                         description=""
                                         name="editorSettings"
                                         ordinal="0"></FieldDefinition>
                                    </FieldDefinitions>
                                </DataShape>
                                <Rows>
                                    <Row>
                                        <code>
                                        <![CDATA[
                                        if (!me.KBLocalStationDataReceiverBufferProcessorIsRunning) {
                                            me.KBLocalStationDataReceiverBufferProcessorIsRunning = true;
                                        
                                            try {
                                        
                                        
                                                logger.trace("KBLocalStationDataReceiverBufferProcessor Start");
                                                var location = Resources["KBThingWorxServerSystem"].GetLocationIdentifier();
                                        
                                                logger.trace("KBLocalStationDataReceiverBufferProcessor, location = " + location);
                                        
                                                if (location != "MUC") {
                                                	Things["KBLocalStationDataReceiverBufferProcessorThing"].ProcessingDataBuffer();
                                                }
                                        
                                                logger.trace("KBLocalStationDataReceiverBufferProcessor Finished");
                                            } catch(err) {
                                                logger.error("KBLocalStationDataReceiverBufferProcessor Error: " + err);
                                            }
                                        
                                            me.KBLocalStationDataReceiverBufferProcessorIsRunning = false;
                                        }
                                        ]]>
                                        </code>
                                    </Row>
                                </Rows>
                            </ConfigurationTable>
                        </ConfigurationTables>
                    </ServiceImplementation>
                </ServiceImplementations>
                <Subscriptions>
                    <Subscription
                     description=""
                     enabled="true"
                     eventName="Timer"
                     name="Event.Timer"
                     source=""
                     sourceProperty=""
                     sourceType="Thing">
                        <ServiceImplementation
                         description=""
                         handlerName="Script"
                         name="Event.Timer">
                            <ConfigurationTables>
                                <ConfigurationTable
                                 description=""
                                 isMultiRow="false"
                                 name="Script"
                                 ordinal="0">
                                    <DataShape>
                                        <FieldDefinitions>
                                            <FieldDefinition
                                             baseType="STRING"
                                             description="code"
                                             name="code"
                                             ordinal="0"></FieldDefinition>
                                            <FieldDefinition
                                             baseType="JSON"
                                             description=""
                                             name="editorSettings"
                                             ordinal="0"></FieldDefinition>
                                        </FieldDefinitions>
                                    </DataShape>
                                    <Rows>
                                        <Row>
                                            <code>
                                            <![CDATA[
                                            var location = Resources["KBThingWorxServerSystem"].GetLocationIdentifier();
                                            
                                            logger.trace("KBsmartKPIProcessingTimer Event.Timer, location = " + location);
                                            
                                            if (location != "MUC") {
                                            	me.KBLocalStationDataReceiverBufferProcessor();
                                            }
                                            ]]>
                                            </code>
                                        </Row>
                                    </Rows>
                                </ConfigurationTable>
                            </ConfigurationTables>
                        </ServiceImplementation>
                    </Subscription>
                </Subscriptions>
            </ThingShape>
            <PropertyBindings></PropertyBindings>
            <RemotePropertyBindings></RemotePropertyBindings>
            <RemoteServiceBindings></RemoteServiceBindings>
            <RemoteEventBindings></RemoteEventBindings>
            <AlertConfigurations>
                <AlertDefinitions
                 name="KBLocalStationDataReceiverBufferProcessorIsRunning"></AlertDefinitions>
            </AlertConfigurations>
            <ImplementedShapes></ImplementedShapes>
            <ThingProperties></ThingProperties>
        </Thing>
    </Things>
</Entities>
