<?xml version="1.0" encoding="UTF-8" standalone="no"?>
<Entities build="b52" majorVersion="8" minorVersion="0"
	modelPersistenceProviderPackage="MssqlPersistenceProviderPackage"
	revision="3" schemaVersion="1000">
	<Things>
		<Thing description="" documentationContent=""
			effectiveThingPackage="DataTableThing" enabled="true" homeMashup=""
			identifier="" lastModifiedDate="2017-09-26T13:48:56.626+02:00"
			name="KBRateOfQualityImportIdPointerDataTable"
			projectName="KBsmartKPI" published="false"
			tags="KBThingWorxInstallationVocabulary:ExtensionSmartKPI"
			thingTemplate="DataTable" valueStream="">
			<Owner name="adm-flassakm" type="User" />
			<avatar />
			<DesignTimePermissions>
				<Create />
				<Read />
				<Update />
				<Delete />
				<Metadata />
			</DesignTimePermissions>
			<RunTimePermissions>
                <Permissions
                 resourceName="*">
                    <PropertyRead>
                        <Principal
                         isPermitted="true"
                         name="KBMachineOperatorUserGroup"
                         type="Group"></Principal>
                    </PropertyRead>
                    <PropertyWrite>
                        <Principal
                         isPermitted="true"
                         name="KBMachineOperatorUserGroup"
                         type="Group"></Principal>
                    </PropertyWrite>
                    <ServiceInvoke>
                        <Principal
                         isPermitted="true"
                         name="KBMachineOperatorUserGroup"
                         type="Group"></Principal>
                    </ServiceInvoke>
                    <EventInvoke>
                        <Principal
                         isPermitted="true"
                         name="KBMachineOperatorUserGroup"
                         type="Group"></Principal>
                    </EventInvoke>
                    <EventSubscribe>
                        <Principal
                         isPermitted="true"
                         name="KBMachineOperatorUserGroup"
                         type="Group"></Principal>
                    </EventSubscribe>
                </Permissions>
            </RunTimePermissions>
			<VisibilityPermissions>
                <Visibility>
                    <Principal
                     isPermitted="true"
                     name="KBOrganization"
                     type="Organization"></Principal>
                </Visibility>
            </VisibilityPermissions>
			<ConfigurationTables>
				<ConfigurationTable
					description="Data Thing Configuration" isMultiRow="false"
					name="DataThingSettings" ordinal="0">
					<DataShape>
						<FieldDefinitions>
							<FieldDefinition baseType="STRING"
								description="Persistence Provider Name"
								name="persistenceProvider" ordinal="0" />
						</FieldDefinitions>
					</DataShape>
					<Rows>
						<Row>
							<persistenceProvider><![CDATA[ThingworxPersistenceProvider]]></persistenceProvider>
						</Row>
					</Rows>
				</ConfigurationTable>
				<ConfigurationTable description="Index Settings"
					isMultiRow="true" name="Indexes" ordinal="1">
					<DataShape>
						<FieldDefinitions>
							<FieldDefinition
								aspect.friendlyName="Index Field Names" baseType="STRING"
								description="Index fields" name="fieldNames" ordinal="1" />
							<FieldDefinition aspect.friendlyName="Index Name"
								baseType="STRING" description="Index name" name="name"
								ordinal="0" />
						</FieldDefinitions>
					</DataShape>
					<Rows />
				</ConfigurationTable>
				<ConfigurationTable
					description="Configurable options to tune Data Table performance"
					isMultiRow="false" name="PersistenceProviderCustomSettings"
					ordinal="2">
					<DataShape>
						<FieldDefinitions>
							<FieldDefinition
								aspect.friendlyName="Persistence Provider Custom Settings Table"
								baseType="INFOTABLE"
								description="Persistence Provider Custom Config Table"
								name="customConfigTable" ordinal="0" />
						</FieldDefinitions>
					</DataShape>
					<Rows>
						<Row>
							<customConfigTable>
								<infoTable>
									<DataShape>
										<FieldDefinitions />
									</DataShape>
									<Rows />
								</infoTable>
							</customConfigTable>
						</Row>
					</Rows>
				</ConfigurationTable>
				<ConfigurationTable
					description="Data Shape Configuration" isMultiRow="false"
					name="Settings" ordinal="0">
					<DataShape>
						<FieldDefinitions>
							<FieldDefinition aspect.friendlyName="Data Shape"
								baseType="DATASHAPENAME" description="Data shape"
								name="dataShape" ordinal="0" />
						</FieldDefinitions>
					</DataShape>
					<Rows>
						<Row>
							<accumulatedDataShape>
								<json><![CDATA[{"fieldDefinitions":{"KBMachineThing":{"name":"KBMachineThing","aspects":{"thingShape":"KBRateOfQualityShape","isPrimaryKey":true},"description":"","baseType":"THINGNAME","ordinal":0},"LastIdTransferred":{"name":"LastIdTransferred","aspects":{},"description":"","baseType":"LONG","ordinal":1}}}]]></json>
							</accumulatedDataShape>
							<dataShape><![CDATA[KBRateOfQualityImportIdPointerDataShape]]></dataShape>
						</Row>
					</Rows>
				</ConfigurationTable>
			</ConfigurationTables>
			<ThingShape>
				<PropertyDefinitions />
				<ServiceDefinitions />
				<EventDefinitions />
				<ServiceMappings />
				<ServiceImplementations />
				<Subscriptions />
			</ThingShape>
			<PropertyBindings />
			<RemotePropertyBindings />
			<RemoteServiceBindings />
			<RemoteEventBindings />
			<AlertConfigurations />
			<ImplementedShapes />
			<ThingProperties />
			<ConfigurationChanges>
				<ConfigurationChange changeAction="CREATE"
					changeReason="header : name : updated, projectName : updated, tags : updated&#10;configuration : persistenceProvider : updated, dataShape : updated&#10;"
					timestamp="2017-09-26T13:48:56.626+02:00" user="adm-flassakm" />
			</ConfigurationChanges>
		</Thing>
	</Things>
</Entities>