<?xml version="1.0" encoding="UTF-8"?>
<Entities
 majorVersion="9"
 minorVersion="3"
 universal="password">
    <ThingShapes>
        <ThingShape
         className=""
         description="Use this shape on the StationThing in case there are 2 or more parallel stations in production. Example scenario: each parallel station has its own status and it is needed to combine the status of those stations into one combined status of General station which is used in andon and other visualization mashups"
         documentationContent=""
         homeMashup=""
         name="KBGeneralStationThingShape"
         projectName="KBsmartKPI"
         tags="">
            <PropertyDefinitions>
                <PropertyDefinition
                 aspect.cacheTime="0.0"
                 aspect.dataChangeType="VALUE"
                 aspect.isPersistent="true"
                 baseType="BOOLEAN"
                 category=""
                 description=""
                 isLocalOnly="false"
                 name="isGeneralStation"
                 ordinal="2"></PropertyDefinition>
                <PropertyDefinition
                 aspect.cacheTime="0.0"
                 aspect.dataChangeType="VALUE"
                 aspect.dataShape="KBParallelStationsDataShape"
                 aspect.isIndexed="false"
                 aspect.isPersistent="true"
                 baseType="INFOTABLE"
                 category=""
                 description=""
                 isLocalOnly="false"
                 name="ParallelStations"
                 ordinal="3"></PropertyDefinition>
            </PropertyDefinitions>
            <ServiceDefinitions></ServiceDefinitions>
            <EventDefinitions></EventDefinitions>
            <ServiceMappings></ServiceMappings>
            <ServiceImplementations></ServiceImplementations>
            <Subscriptions></Subscriptions>
            <avatar></avatar>
            <DesignTimePermissions>
                <Create></Create>
                <Read>
                    <Principal
                     isPermitted="true"
                     name="KBMesKitHelperUser"
                     type="User"></Principal>
                </Read>
                <Update></Update>
                <Delete></Delete>
                <Metadata></Metadata>
            </DesignTimePermissions>
            <RunTimePermissions>
                <Permissions
                 resourceName="*">
                    <PropertyRead>
                        <Principal
                         isPermitted="true"
                         name="KBMesKitHelperUser"
                         type="User"></Principal>
                        <Principal
                         isPermitted="true"
                         name="KBOGSHelperUser"
                         type="User"></Principal>
                        <Principal
                         isPermitted="true"
                         name="KBTestBenchFileRepositoryUser"
                         type="User"></Principal>
                        <Principal
                         isPermitted="true"
                         name="KBUserGroup"
                         type="Group"></Principal>
                    </PropertyRead>
                    <PropertyWrite></PropertyWrite>
                    <ServiceInvoke>
                        <Principal
                         isPermitted="true"
                         name="KBMesKitHelperUser"
                         type="User"></Principal>
                        <Principal
                         isPermitted="true"
                         name="KBOGSHelperUser"
                         type="User"></Principal>
                        <Principal
                         isPermitted="true"
                         name="KBTestBenchFileRepositoryUser"
                         type="User"></Principal>
                        <Principal
                         isPermitted="true"
                         name="KBUserGroup"
                         type="Group"></Principal>
                    </ServiceInvoke>
                    <EventInvoke></EventInvoke>
                    <EventSubscribe></EventSubscribe>
                </Permissions>
            </RunTimePermissions>
            <VisibilityPermissions>
                <Visibility>
                    <Principal
                     isPermitted="true"
                     name="KBBackGroundWorker"
                     type="Organization"></Principal>
                    <Principal
                     isPermitted="true"
                     name="KBOrganization"
                     type="Organization"></Principal>
                </Visibility>
            </VisibilityPermissions>
            <ConfigurationTableDefinitions></ConfigurationTableDefinitions>
            <ConfigurationTables></ConfigurationTables>
            <PropertyBindings></PropertyBindings>
            <RemotePropertyBindings></RemotePropertyBindings>
            <RemoteServiceBindings></RemoteServiceBindings>
            <RemoteEventBindings></RemoteEventBindings>
            <AlertConfigurations>
                <AlertDefinitions
                 name="isGeneralStation"></AlertDefinitions>
                <AlertDefinitions
                 name="ParallelStations"></AlertDefinitions>
            </AlertConfigurations>
            <InstanceRunTimePermissions>
                <Permissions
                 resourceName="*">
                    <PropertyRead>
                        <Principal
                         isPermitted="true"
                         name="KBMesKitHelperUser"
                         type="User"></Principal>
                        <Principal
                         isPermitted="true"
                         name="KBOGSHelperUser"
                         type="User"></Principal>
                        <Principal
                         isPermitted="true"
                         name="KBTestBenchFileRepositoryUser"
                         type="User"></Principal>
                        <Principal
                         isPermitted="true"
                         name="KBUserGroup"
                         type="Group"></Principal>
                    </PropertyRead>
                    <PropertyWrite></PropertyWrite>
                    <ServiceInvoke>
                        <Principal
                         isPermitted="true"
                         name="KBMesKitHelperUser"
                         type="User"></Principal>
                        <Principal
                         isPermitted="true"
                         name="KBOGSHelperUser"
                         type="User"></Principal>
                        <Principal
                         isPermitted="true"
                         name="KBTestBenchFileRepositoryUser"
                         type="User"></Principal>
                        <Principal
                         isPermitted="true"
                         name="KBUserGroup"
                         type="Group"></Principal>
                    </ServiceInvoke>
                    <EventInvoke></EventInvoke>
                    <EventSubscribe></EventSubscribe>
                </Permissions>
                <Permissions
                 resourceName="SetStiwaStringDataV1">
                    <PropertyRead></PropertyRead>
                    <PropertyWrite></PropertyWrite>
                    <ServiceInvoke>
                        <Principal
                         isPermitted="true"
                         name="StiwaConnector"
                         type="User"></Principal>
                    </ServiceInvoke>
                    <EventInvoke></EventInvoke>
                    <EventSubscribe></EventSubscribe>
                </Permissions>
            </InstanceRunTimePermissions>
        </ThingShape>
    </ThingShapes>
</Entities>
