<?xml version="1.0" encoding="UTF-8" standalone="no"?>
<Entities build="b2319" majorVersion="8" minorVersion="4"
	modelPersistenceProviderPackage="MssqlPersistenceProviderPackage"
	revision="4" schemaVersion="1041" universal="">
	<DataShapes>
		<DataShape aspect.isExtension="true" baseDataShape=""
			description="" documentationContent="" homeMashup=""
			lastModifiedDate="2020-08-27T04:08:20.236+02:00"
			name="KBOrgAreaWithMacNoDataShape" projectName="KBOrgAdmin" tags="">
			<Owner name="SuperUser" type="User" />
			<avatar />
			<DesignTimePermissions>
				<Create />
				<Read />
				<Update />
				<Delete />
				<Metadata />
			</DesignTimePermissions>
			<RunTimePermissions />
			<VisibilityPermissions>
				<Visibility />
			</VisibilityPermissions>
			<ConfigurationTableDefinitions />
			<ConfigurationTables />
			<FieldDefinitions>
				<FieldDefinition aspect.isPrimaryKey="false"
					baseType="STRING" description="" name="DisplayName" ordinal="2" />
				<FieldDefinition aspect.isPrimaryKey="false"
					baseType="STRING" description="" name="FullName" ordinal="3" />
				<FieldDefinition aspect.isPrimaryKey="false"
					baseType="BOOLEAN" description="" name="isActive" ordinal="4" />
				<FieldDefinition aspect.isPrimaryKey="false"
					baseType="THINGNAME" description="" name="KBAreaThing" ordinal="1" />
				<FieldDefinition aspect.isPrimaryKey="false"
					baseType="THINGNAME" description="" name="KBPlantThing" ordinal="6" />
				<FieldDefinition aspect.isPrimaryKey="false"
					baseType="INTEGER" description="" name="MachineQty" ordinal="5" />
			</FieldDefinitions>
			<ConfigurationChanges>
				<ConfigurationChange changeAction="CREATE"
					changeReason="header : name : updated&#10;"
					timestamp="2020-08-27T03:27:39.407+02:00" user="adm-zhangt" />
				<ConfigurationChange changeAction="MODIFY"
					changeReason="header : projectName : updated&#10;"
					timestamp="2020-08-27T03:27:49.335+02:00" user="adm-zhangt" />
				<ConfigurationChange changeAction="MODIFY"
					changeReason="fields : DisplayName : added, FullName : added, isActive : added, MachineQty : added, KBPlantThing : added, KBAreaThing : added&#10;"
					timestamp="2020-08-27T03:30:39.681+02:00" user="adm-zhangt" />
				<ConfigurationChange changeAction="MODIFY"
					changeReason="Importing Extension Package Metadata"
					timestamp="2020-08-27T03:52:11.702+02:00" user="SuperUser" />
				<ConfigurationChange changeAction="MODIFY"
					changeReason="Importing Extension Package Metadata"
					timestamp="2020-08-27T04:04:36.736+02:00" user="SuperUser" />
				<ConfigurationChange changeAction="MODIFY"
					changeReason="Importing Extension Package Metadata"
					timestamp="2020-08-27T04:08:20.236+02:00" user="SuperUser" />
			</ConfigurationChanges>
		</DataShape>
	</DataShapes>
</Entities>