<?xml version="1.0" encoding="UTF-8" standalone="no"?>
<Entities build="b46" majorVersion="7" minorVersion="2"
	modelPersistenceProviderPackage="MssqlPersistenceProviderPackage"
	revision="4" schemaVersion="920">
	<DataShapes>
		<DataShape baseDataShape="" description=""
			documentationContent="" homeMashup=""
			lastModifiedDate="2017-07-18T14:01:39.458+02:00"
			name="KBRateOfQualityDataShape" projectName="KBsmartKPI"
			tags="KBThingWorxInstallationVocabulary:ExtensionSmartKPI">
			<Owner name="flassakm" type="User" />
			<avatar />
			<DesignTimePermissions>
				<Create />
				<Read />
				<Update />
				<Delete />
				<Metadata />
			</DesignTimePermissions>
			<RunTimePermissions>
				<Permissions resourceName="*">
					<PropertyRead>
						<Principal isPermitted="true" name="KBUserGroup"
							type="Group" />
					</PropertyRead>
					<PropertyWrite />
					<ServiceInvoke>
						<Principal isPermitted="true" name="KBUserGroup"
							type="Group" />
					</ServiceInvoke>
					<EventInvoke />
					<EventSubscribe />
				</Permissions>
			</RunTimePermissions>
			<VisibilityPermissions>
				<Visibility>
					<Principal isPermitted="true" name="KBOrganization"
						type="Organization" />
				</Visibility>
			</VisibilityPermissions>
			<ConfigurationTables />
			<FieldDefinitions>
				<FieldDefinition aspect.isPrimaryKey="true"
					baseType="DATETIME" description="" name="DateTime" ordinal="2" />
				<FieldDefinition baseType="BOOLEAN" description=""
					name="isPartOK" ordinal="3" />
				<FieldDefinition aspect.isPrimaryKey="true"
					baseType="STRING" description="" name="Machine" ordinal="1" />
				<FieldDefinition baseType="STRING" description=""
					name="PartNumber" ordinal="4" />
				<FieldDefinition baseType="STRING" description=""
					name="SerialNumber" ordinal="5" />
				<FieldDefinition baseType="STRING" description=""
					name="OrderNumber" ordinal="6" />
				<FieldDefinition baseType="STRING" description=""
					name="ScrapReason" ordinal="7" />
				<FieldDefinition baseType="STRING" description=""
					name="NumberOfParts" ordinal="8" />
				<FieldDefinition aspect.defaultValue="default"
					baseType="STRING" description="" name="Station" ordinal="10" />
			</FieldDefinitions>
			<ConfigurationChanges>
				<ConfigurationChange changeAction="CREATE"
					changeReason="header : name : updated, tags : updated&#10;fields : Machine : Added, DateTime : Added, isPartOK : Added, PartNumber : Added, SerialNumber : Added&#10;"
					timestamp="2017-07-18T14:01:39.458+02:00" user="flassakm" />
			</ConfigurationChanges>
		</DataShape>
	</DataShapes>
</Entities>