<?xml version="1.0" encoding="UTF-8" standalone="no"?>
<Entities build="b2319" majorVersion="8" minorVersion="4"
	modelPersistenceProviderPackage="MssqlPersistenceProviderPackage"
	revision="4" schemaVersion="1041" universal="">
	<DataShapes>
		<DataShape baseDataShape="" description=""
			documentationContent="" homeMashup=""
			lastModifiedDate="2019-11-07T12:09:19.244+01:00"
			name="KBCVSProductionTargetDetailDataShape" projectName="" tags="">
			<Owner name="adm-flassakm" type="User" />
			<avatar />
			<DesignTimePermissions>
				<Create />
				<Read />
				<Update />
				<Delete />
				<Metadata />
			</DesignTimePermissions>
			<RunTimePermissions />
			<VisibilityPermissions>
				<Visibility />
			</VisibilityPermissions>
			<ConfigurationTableDefinitions />
			<ConfigurationTables />
			<FieldDefinitions>
				<FieldDefinition baseType="INTEGER"
					description="counter" name="counter" ordinal="1" />
				<FieldDefinition baseType="NUMBER"
                 	description="FullCyclePartsProduced" name="FullCyclePartsProduced" ordinal="10" />
				<FieldDefinition baseType="STRING"
					description="OrderNumber" name="OrderNumber" ordinal="2" />
				<FieldDefinition baseType="NUMBER"
					description="ProcessingTime" name="ProcessingTime" ordinal="7" />
				<FieldDefinition baseType="NUMBER"
                 	description="ProcessNumber" name="ProcessNumber" ordinal="9" />
				<FieldDefinition baseType="DATETIME"
					description="ProductionTime" name="ProductionTime" ordinal="0" />
				<FieldDefinition baseType="NUMBER"
					description="SetupTime" name="SetupTime" ordinal="8" />
				<FieldDefinition baseType="INTEGER"
					description="SinglePartTargetCount" name="SinglePartTargetCount"
					ordinal="3" />
				<FieldDefinition baseType="NUMBER"
					description="TimeForProducedParts" name="TimeForProducedParts"
					ordinal="6" />
				<FieldDefinition baseType="NUMBER"
					description="TimeToProducePartsInMinutes"
					name="TimeToProducePartsInMinutes" ordinal="5" />
				<FieldDefinition baseType="NUMBER"
					description="WorkingTimeInMinutes" name="WorkingTimeInMinutes"
					ordinal="4" />
			</FieldDefinitions>
			<ConfigurationChanges>
				<ConfigurationChange changeAction="CREATE"
					changeReason="header : name : updated&#10;"
					timestamp="2019-11-07T12:09:19.244+01:00" user="adm-flassakm" />
			</ConfigurationChanges>
		</DataShape>
	</DataShapes>
</Entities>