<?xml version="1.0" encoding="UTF-8" standalone="no"?>
<Entities build="b167" majorVersion="8" minorVersion="2"
	modelPersistenceProviderPackage="MssqlPersistenceProviderPackage"
	revision="2" schemaVersion="1020" universal="">
	<DataShapes>
		<DataShape baseDataShape="" description=""
			documentationContent="" homeMashup=""
			lastModifiedDate="2019-01-28T13:50:41.104+01:00"
			name="KBUtilizationRailDataShape" projectName="" tags="">
			<Owner name="adm-flassakm" type="User" />
			<avatar />
			<DesignTimePermissions>
				<Create />
				<Read />
				<Update />
				<Delete />
				<Metadata />
			</DesignTimePermissions>
			<RunTimePermissions />
			<VisibilityPermissions>
				<Visibility />
			</VisibilityPermissions>
			<ConfigurationTables />
			<FieldDefinitions>
				<FieldDefinition baseType="STRING"
					description="KPIName" name="KPIName" ordinal="0" />
				<FieldDefinition baseType="DATETIME"
					description="MaxTime" name="MaxTime" ordinal="4" />
				<FieldDefinition baseType="DATETIME"
					description="MinTime" name="MinTime" ordinal="3" />
				<FieldDefinition baseType="INTEGER"
					description="sequenze" name="sequenze" ordinal="6" />
				<FieldDefinition baseType="NUMBER"
					description="TimeInH" name="TimeInH" ordinal="5" />
				<FieldDefinition baseType="NUMBER"
					description="TimeInMin" name="TimeInMin" ordinal="1" />
				<FieldDefinition baseType="STRING"
					description="Type" name="Type" ordinal="2" />
				<FieldDefinition baseType="STRING"
					description="Type" name="ShortType" ordinal="7" />
				<FieldDefinition baseType="NUMBER"
					description="TimeInH" name="persentage" ordinal="8" />
			</FieldDefinitions>
			<ConfigurationChanges>
				<ConfigurationChange changeAction="CREATE"
					changeReason="header : name : updated&#10;"
					timestamp="2019-01-28T13:50:41.104+01:00" user="adm-flassakm" />
			</ConfigurationChanges>
		</DataShape>
	</DataShapes>
</Entities>