<?xml version="1.0" encoding="UTF-8" standalone="no"?>
<Entities build="b97" majorVersion="8" minorVersion="4"
	modelPersistenceProviderPackage="MssqlPersistenceProviderPackage"
	revision="11" schemaVersion="1044" universal="">
	<DataShapes>
		<DataShape baseDataShape="" description=""
			documentationContent="" homeMashup=""
			lastModifiedDate="2021-02-17T22:09:38.503+01:00"
			name="KBDLP1MachineValueDataShape1" projectName="KBsmartKPI"
			tags="KB:DLP1">
			<Owner name="adm-konasm" type="User" />
			<avatar />
			<DesignTimePermissions>
				<Create />
				<Read />
				<Update />
				<Delete />
				<Metadata />
			</DesignTimePermissions>
			<RunTimePermissions />
			<VisibilityPermissions>
				<Visibility />
			</VisibilityPermissions>
			<ConfigurationTableDefinitions />
			<ConfigurationTables />
			<FieldDefinitions>
				<FieldDefinition baseType="NUMBER"
					description="FloatValue" name="FloatValue" ordinal="1" />
				<FieldDefinition baseType="STRING"
					description="PropertyKey" name="PropertyKey" ordinal="0" />
				<FieldDefinition baseType="STRING"
					description="PropertySubKey1" name="PropertySubKey1" ordinal="3" />
				<FieldDefinition baseType="DATETIME"
					description="UpdateTime" name="UpdateTime" ordinal="2" />
			</FieldDefinitions>
			<ConfigurationChanges>
				<ConfigurationChange changeAction="CREATE"
					changeReason="header : name : updated&#10;"
					timestamp="2021-02-17T21:54:45.777+01:00" user="adm-konasm" />
				<ConfigurationChange changeAction="MODIFY"
					changeReason="header : projectName : updated, tags : updated&#10;"
					timestamp="2021-02-17T22:09:38.503+01:00" user="adm-konasm" />
			</ConfigurationChanges>
		</DataShape>
	</DataShapes>
</Entities>