<?xml version="1.0" encoding="UTF-8" standalone="no"?>
<Entities build="b167" majorVersion="8" minorVersion="2"
	modelPersistenceProviderPackage="MssqlPersistenceProviderPackage"
	revision="2" schemaVersion="1020" universal="">
	<DataShapes>
		<DataShape baseDataShape="" description="DEPRECATED - replaced with KBLocalStationDataReceiverPartV2DataShape"
			documentationContent="" homeMashup=""
			lastModifiedDate="2018-05-25T07:30:00.649+02:00"
			name="KBLocalStationDataReceiverPartDataShape"
			projectName="KBsmartKPI"
			tags="KBThingWorxInstallationVocabulary:ExtensionSmartKPI">
			<Owner name="adm-flassakm" type="User" />
			<avatar />
			<DesignTimePermissions>
				<Create />
				<Read />
				<Update />
				<Delete />
				<Metadata />
			</DesignTimePermissions>
			<RunTimePermissions />
			<VisibilityPermissions>
				<Visibility>
					<Principal isPermitted="true" name="KBBackGroundWorker"
						type="Organization" />
				</Visibility>
				<Visibility>
					<Principal isPermitted="true" name="KBOrganization"
						type="Organization" />
				</Visibility>
			</VisibilityPermissions>
			<ConfigurationTables />
			<FieldDefinitions>
				<FieldDefinition aspect.isPrimaryKey="true"
					baseType="STRING" description="" name="Line" ordinal="1" />
				<FieldDefinition aspect.isPrimaryKey="true"
					baseType="STRING" description="" name="Station" ordinal="2" />
				<FieldDefinition baseType="STRING" description=""
					name="Description" ordinal="3" />
				<FieldDefinition aspect.isPrimaryKey="true"
					baseType="STRING" description="" name="Type" ordinal="4" />
				<FieldDefinition aspect.isPrimaryKey="true"
					baseType="DATETIME" description="" name="DateTime" ordinal="5" />
				<FieldDefinition baseType="STRING" description=""
					name="Identifier" ordinal="6" />
				<FieldDefinition aspect.isPrimaryKey="true"
					baseType="STRING" description="" name="ShortName" ordinal="7" />
				<FieldDefinition baseType="STRING" description=""
					name="Unit" ordinal="8" />
				<FieldDefinition baseType="STRING" description=""
					name="Value" ordinal="9" />
				<FieldDefinition baseType="STRING" description=""
					name="LowerLimit" ordinal="10" />
				<FieldDefinition baseType="STRING" description=""
					name="UpperLimit" ordinal="11" />
				<FieldDefinition baseType="STRING" description=""
					name="SerialNumber" ordinal="12" />
				<FieldDefinition baseType="STRING" description=""
					name="TrackingNumber" ordinal="13" />
				<FieldDefinition baseType="STRING" description=""
					name="OrderNumber" ordinal="14" />
				<FieldDefinition baseType="STRING" description=""
					name="PartNumber" ordinal="15" />
				<FieldDefinition baseType="STRING" description=""
					name="LocalStation" ordinal="16" />
			</FieldDefinitions>
			<ConfigurationChanges>
				<ConfigurationChange changeAction="CREATE"
					changeReason="header : name : updated, projectName : updated&#10;fields : SerialNumber : Added, TrackingNumber : Added, OrderNumber : Added, PartNumber : Added&#10;"
					timestamp="2018-05-25T07:30:00.649+02:00" user="adm-flassakm" />
			</ConfigurationChanges>
		</DataShape>
	</DataShapes>
</Entities>