<?xml version="1.0" encoding="UTF-8"?>
<Entities
 build="b97"
 majorVersion="8"
 minorVersion="4"
 modelPersistenceProviderPackage="MssqlPersistenceProviderPackage"
 revision="11"
 schemaVersion="1044"
 universal="password">
    <DataShapes>
        <DataShape
         baseDataShape=""
         description=""
         documentationContent=""
         homeMashup=""
         lastModifiedDate="2021-08-03T16:15:22.239+02:00"
         name="KBLevelStatusResultDataShape"
         projectName=""
         tags="">
            <avatar></avatar>
            <DesignTimePermissions>
                <Create></Create>
                <Read></Read>
                <Update></Update>
                <Delete></Delete>
                <Metadata></Metadata>
            </DesignTimePermissions>
            <RunTimePermissions></RunTimePermissions>
            <VisibilityPermissions>
                <Visibility></Visibility>
            </VisibilityPermissions>
            <ConfigurationTableDefinitions></ConfigurationTableDefinitions>
            <ConfigurationTables></ConfigurationTables>
            <FieldDefinitions>
                <FieldDefinition
                 baseType="STRING"
                 description="Devision"
                 name="Devision"
                 ordinal="1"></FieldDefinition>
                <FieldDefinition
                 baseType="STRING"
                 description="Machine"
                 name="Machine"
                 ordinal="0"></FieldDefinition>
                <FieldDefinition
                 baseType="STRING"
                 description="Status"
                 name="Status"
                 ordinal="3"></FieldDefinition>
                <FieldDefinition
                 baseType="STRING"
                 description="StatusType"
                 name="StatusType"
                 ordinal="4"></FieldDefinition>
                <FieldDefinition
                 baseType="STRING"
                 description="SubStatus"
                 name="SubStatus"
                 ordinal="2"></FieldDefinition>
            </FieldDefinitions>
        </DataShape>
    </DataShapes>
</Entities>
