<?xml version="1.0" encoding="UTF-8" standalone="no"?>
<Entities build="b52" majorVersion="8" minorVersion="0"
	modelPersistenceProviderPackage="MssqlPersistenceProviderPackage"
	revision="3" schemaVersion="1000">
	<Mashups>
		<Mashup aspect.isResponsive="true" aspect.mashupType="mashup"
			columns="0.0" description="" documentationContent="" homeMashup=""
			lastModifiedDate="2018-02-14T16:41:14.077+01:00"
			name="KBRateOfQualityHourlyTimeSeriesMashup" projectName="KBsmartKPI"
			rows="0.0" tags="KBThingWorxInstallationVocabulary:ExtensionSmartKPI">
			<Owner name="adm-flassakm" type="User" />
			<avatar />
			<DesignTimePermissions>
				<Create />
				<Read />
				<Update />
				<Delete />
				<Metadata />
			</DesignTimePermissions>
			<RunTimePermissions>
				<Permissions resourceName="*">
					<PropertyRead>
						<Principal isPermitted="true" name="KBUserGroup"
							type="Group" />
					</PropertyRead>
					<PropertyWrite />
					<ServiceInvoke>
						<Principal isPermitted="true" name="KBUserGroup"
							type="Group" />
					</ServiceInvoke>
					<EventInvoke />
					<EventSubscribe />
				</Permissions>
			</RunTimePermissions>
			<VisibilityPermissions>
				<Visibility>
					<Principal isPermitted="true" name="KBOrganization"
						type="Organization" />
				</Visibility>
			</VisibilityPermissions>
			<ConfigurationTables />
			<ParameterDefinitions>
				<FieldDefinition aspect.ordinal="0"
					baseType="STRING" description="" name="MachineThingName"
					ordinal="0" />
			</ParameterDefinitions>
			<Things>
				<Thing>KBRateOfQualityHourlyHistoryStream</Thing>
				<Thing>KBTimeHelperThing</Thing>
			</Things>
			<ThingShapes />
			<ThingTemplates />
			<mashupContent><![CDATA[{
  "RunTimePermissions" : { },
  "UI" : {
    "Widgets" : [ {
      "Widgets" : [ ],
      "Properties" : {
        "YAxisLabels" : 2,
        "SeriesDataStyle14_StateParameters" : [ ],
        "Left" : 265,
        "AxisMaximum16" : 100,
        "ChartStyle" : "DefaultChartStyle",
        "SelectedItemStyle" : "DefaultChartSelectionStyle",
        "AxisMaximum12" : 100,
        "AxisMaximum13" : 100,
        "AxisMaximum14" : 100,
        "AxisMaximum15" : 100,
        "AxisMaximum2" : 100,
        "AxisMaximum1" : 100,
        "SeriesDataStyle7_StateParameters" : [ ],
        "AxisMaximum6" : 100,
        "SeriesDataStyle4_StateParameters" : [ ],
        "SecondaryYAxisMaximum" : 100,
        "AxisMaximum5" : 100,
        "AxisMaximum4" : 100,
        "AxisMaximum3" : 100,
        "AxisMaximum9" : 100,
        "AxisMaximum8" : 100,
        "AxisMaximum7" : 100,
        "SeriesDataStyle11_StateParameters" : [ ],
        "ShowYAxisLabels" : true,
        "Z-index" : 10,
        "SeriesDataStyle1_StateParameters" : [ ],
        "XAxisLabels" : 3,
        "YAxisMaximum" : 100,
        "MarkerSize" : 3,
        "YAxisMinorTicks" : 1,
        "SecondaryYAxisZeroscale" : false,
        "XAxisZeroscale" : false,
        "AllowSelection" : true,
        "AxisMinimum16" : 0,
        "AxisMinimum15" : 0,
        "AxisMinimum14" : 0,
        "XAxisMinorTicks" : 12,
        "YAxisAutoscale" : false,
        "AxisMinimum13" : 0,
        "AxisMinimum12" : 0,
        "AxisMinimum11" : 0,
        "AxisMinimum10" : 0,
        "XAxisField" : "DateTime",
        "XAxisStyle" : "DefaultChartAxisStyle",
        "SecondaryYAxisAutoscale" : true,
        "XAxisFormat" : "dd.MM. HH:mm",
        "SeriesDataStyle3_StateParameters" : [ ],
        "ChartIndicatorStyle" : "DefaultChartIndicatorStyle",
        "ShowXAxis" : true,
        "ShowXAxisTicks" : true,
        "SeriesDataStyle9_StateParameters" : [ ],
        "AllowXAxisZoom" : true,
        "SeriesDataStyle6_StateParameters" : [ ],
        "Area" : "UI",
        "LegendLocation" : "right",
        "SeriesStyle11" : "DefaultChartStyle11",
        "SeriesStyle12" : "DefaultChartStyle12",
        "SeriesStyle10" : "DefaultChartStyle10",
        "SeriesStyle15" : "DefaultChartStyle15",
        "SeriesStyle16" : "DefaultChartStyle16",
        "SeriesStyle13" : "DefaultChartStyle13",
        "SeriesStyle14" : "DefaultChartStyle14",
        "YAxisZeroscale" : false,
        "GridStyle" : "DefaultChartGridStyle",
        "AxisMaximum10" : 100,
        "AxisMaximum11" : 100,
        "YAxisFormat" : "0000.0",
        "ShowYAxisGrid" : true,
        "ChartOrientation" : "vertical",
        "DataField1" : "RQ",
        "NumberOfSeries" : 1,
        "SeriesStyle3" : "DefaultChartStyle3",
        "SeriesStyle2" : "DefaultChartStyle2",
        "SeriesStyle5" : "DefaultChartStyle5",
        "SeriesStyle4" : "DefaultChartStyle4",
        "SeriesStyle7" : "DefaultChartStyle7",
        "SeriesStyle6" : "DefaultChartStyle6",
        "SeriesStyle9" : "DefaultChartStyle9",
        "SeriesStyle8" : "DefaultChartStyle8",
        "ShowDataLoading" : false,
        "ShowYAxis" : true,
        "YAxisIntervals" : 10,
        "SeriesStyle1" : "DefaultChartStyle1",
        "SecondaryYAxisFormat" : "0000.0",
        "__TypeDisplayName" : "Time Series Chart",
        "SeriesMarkerType1" : "chart",
        "YAxisMinimum" : 0,
        "SeriesMarkerType2" : "chart",
        "XAxisIntervals" : 7,
        "Top" : 90,
        "SeriesType9" : "chart",
        "SeriesType8" : "chart",
        "SeriesMarkerType9" : "chart",
        "SeriesType7" : "chart",
        "SeriesType6" : "chart",
        "SeriesMarkerType7" : "chart",
        "SeriesType5" : "chart",
        "SeriesMarkerType8" : "chart",
        "Id" : "timeserieschart-11",
        "SeriesType4" : "chart",
        "SeriesMarkerType5" : "chart",
        "SeriesType3" : "chart",
        "SeriesMarkerType6" : "chart",
        "ShowLegend" : false,
        "SeriesType2" : "chart",
        "SeriesMarkerType3" : "chart",
        "SeriesType1" : "chart",
        "SeriesMarkerType4" : "chart",
        "SeriesType10" : "chart",
        "SeriesType11" : "chart",
        "SeriesType12" : "chart",
        "SeriesType13" : "chart",
        "SeriesType14" : "chart",
        "SeriesType15" : "chart",
        "SeriesType16" : "chart",
        "LegendWidth" : 0,
        "AxisZeroscale11" : false,
        "Visible" : true,
        "AxisZeroscale10" : false,
        "AxisZeroscale13" : false,
        "AxisZeroscale12" : false,
        "AxisZeroscale15" : false,
        "Width" : 640,
        "AxisZeroscale14" : false,
        "AxisZeroscale16" : false,
        "XAxisSmoothScaling" : false,
        "AxisZeroscale9" : false,
        "SeriesMarkerType16" : "chart",
        "ResponsiveLayout" : true,
        "AxisZeroscale6" : false,
        "AxisZeroscale5" : false,
        "SeriesDataStyle15_StateParameters" : [ ],
        "AxisZeroscale8" : false,
        "AxisZeroscale7" : false,
        "AxisZeroscale2" : false,
        "AxisZeroscale1" : false,
        "AxisZeroscale4" : false,
        "AxisZeroscale3" : false,
        "AxisFormat11" : "0000.0",
        "AxisFormat12" : "0000.0",
        "Type" : "timeserieschart",
        "AxisFormat13" : "0000.0",
        "LegendOrientation" : "vertical",
        "AxisFormat14" : "0000.0",
        "AxisFormat15" : "0000.0",
        "AxisFormat16" : "0000.0",
        "SeriesDataStyle12_StateParameters" : [ ],
        "ChartAreaStyle" : "DefaultChartAreaStyle",
        "SeriesMarkerType15" : "chart",
        "SeriesDataStyle8_StateParameters" : [ ],
        "SeriesMarkerType14" : "chart",
        "SeriesMarkerType13" : "chart",
        "SeriesMarkerType12" : "chart",
        "SeriesMarkerType11" : "chart",
        "SeriesMarkerType10" : "chart",
        "SeriesDataStyle2_StateParameters" : [ ],
        "AxisFormat10" : "0000.0",
        "SeriesDataStyle5_StateParameters" : [ ],
        "AxisFormat6" : "0000.0",
        "AxisFormat7" : "0000.0",
        "AxisFormat4" : "0000.0",
        "AxisFormat5" : "0000.0",
        "AxisFormat2" : "0000.0",
        "AxisFormat3" : "0000.0",
        "AxisFormat1" : "0000.0",
        "ChartTitle" : "Hourly Based RQ (last 7 days)",
        "EnableHover" : true,
        "SeriesDataStyle10_StateParameters" : [ ],
        "ChartType" : "line",
        "SeriesDataStyle13_StateParameters" : [ ],
        "AxisFormat8" : "0000.0",
        "AxisFormat9" : "0000.0",
        "SeriesDataStyle16_StateParameters" : [ ],
        "ShowYAxisTicks" : true,
        "UseSecondaryAxis7" : false,
        "Smoothing" : false,
        "UseSecondaryAxis6" : false,
        "UseSecondaryAxis9" : false,
        "ShowXAxisGrid" : true,
        "UseSecondaryAxis8" : false,
        "UseSecondaryAxis3" : false,
        "AxisAutoscale13" : true,
        "UseSecondaryAxis2" : false,
        "AxisAutoscale14" : true,
        "UseSecondaryAxis5" : false,
        "AxisAutoscale15" : true,
        "UseSecondaryAxis4" : false,
        "AxisAutoscale16" : true,
        "AxisAutoscale10" : true,
        "UseSecondaryAxis1" : false,
        "AxisAutoscale11" : true,
        "AxisAutoscale12" : true,
        "AxisMinimum1" : 0,
        "AxisAutoscale4" : true,
        "AxisMinimum2" : 0,
        "AxisAutoscale5" : true,
        "AxisAutoscale2" : true,
        "AxisMinimum3" : 0,
        "AxisAutoscale3" : true,
        "AxisMinimum4" : 0,
        "AxisAutoscale8" : true,
        "AxisAutoscale9" : true,
        "AxisAutoscale6" : true,
        "AxisAutoscale7" : true,
        "AxisMinimum9" : 0,
        "SingleDataSource" : true,
        "ChartTitleStyle" : "DefaultChartTitleStyle",
        "AxisMinimum5" : 0,
        "AxisAutoscale1" : true,
        "AxisMinimum6" : 0,
        "DataLabel1" : "RQ",
        "ShowXAxisLabels" : true,
        "AxisMinimum7" : 0,
        "ChartLegendStyle" : "DefaultChartLegendStyle",
        "AxisMinimum8" : 0,
        "YAxisMode" : "single",
        "DisplayName" : "timeserieschart-11",
        "Height" : 240,
        "YAxisStyle" : "DefaultChartAxisStyle",
        "AllowYAxisZoom" : true,
        "SecondaryYAxisMinimum" : 0,
        "UseSecondaryAxis13" : false,
        "UseSecondaryAxis14" : false,
        "UseSecondaryAxis15" : false,
        "UseSecondaryAxis16" : false,
        "MarkerType" : "circle",
        "UseSecondaryAxis10" : false,
        "UseSecondaryAxis11" : false,
        "UseSecondaryAxis12" : false,
        "XAxisAutoscale" : false
      }
    } ],
    "Properties" : {
      "MinHeight" : 0,
      "Left" : 0,
      "BGImageRepeat" : "no-repeat",
      "ShowDataLoading" : true,
      "AddToDashboardButtonStyle" : "DefaultAddToDashboardButtonStyle",
      "id_index" : 11,
      "supportsAutoResize" : true,
      "Visible" : true,
      "DisplayName" : "Mashup",
      "Style" : "DefaultMashupStyle",
      "BGImageSize" : "auto",
      "Height" : 618,
      "_currentParameterDefs" : [ {
        "DefaultValue" : "-nothing-",
        "Description" : "",
        "BaseType" : "STRING",
        "ParameterName" : "MachineThingName"
      } ],
      "Width" : 1024,
      "TitleBar" : false,
      "Rows" : 0,
      "ConfigureGadgetButtonStyle" : "DefaultConfigureGadgetButtonStyle",
      "TitleBarStyle" : "DefaultTitleBarStyle",
      "ResponsiveLayout" : true,
      "Title" : "",
      "Columns" : 0,
      "Z-index" : 10,
      "TitleBarText" : "Gadget Title Here",
      "MinWidth" : 0,
      "__TypeDisplayName" : "Mashup",
      "EnableParameterEditing" : false,
      "Area" : "Mashup",
      "Type" : "mashup",
      "MachineThingName" : "-nothing-",
      "Top" : 0,
      "IsPrintLayout" : false,
      "MashupToEditGadget" : "DefaultMashupToEditGadget",
      "Id" : "mashup-root",
      "IgnoreWarningsInViewMashup" : false
    }
  },
  "Events" : [ {
    "EventTriggerArea" : "Mashup",
    "EventHandlerService" : "GetNow",
    "EventTriggerSection" : "",
    "EventHandlerId" : "Things_KBTimeHelperThing",
    "EventTriggerEvent" : "Loaded",
    "Id" : "2e39cd1d-19d7-4d28-8a0b-81a0f55fa46a",
    "EventTriggerId" : "mashup-root",
    "EventHandlerArea" : "Data"
  }, {
    "EventTriggerArea" : "Mashup",
    "EventHandlerService" : "GetNow",
    "EventTriggerSection" : "",
    "EventHandlerId" : "Things_KBTimeHelperThing",
    "EventTriggerEvent" : "RefreshRequested",
    "Id" : "8538c446-57f5-4501-b80a-0e90a73696e0",
    "EventTriggerId" : "mashup-root",
    "EventHandlerArea" : "Data"
  }, {
    "EventTriggerArea" : "Mashup",
    "EventHandlerService" : "GetNow",
    "EventTriggerSection" : "",
    "EventHandlerId" : "Things_KBTimeHelperThing",
    "EventTriggerEvent" : "MachineThingNameChanged",
    "Id" : "ae418593-6238-49ee-9774-fb89eaba024e",
    "EventTriggerId" : "mashup-root",
    "EventHandlerArea" : "Data"
  }, {
    "EventTriggerArea" : "Mashup",
    "EventHandlerService" : "QueryStreamData",
    "EventTriggerSection" : "",
    "EventHandlerId" : "Things_KBRateOfQualityHourlyHistoryStream",
    "EventTriggerEvent" : "Loaded",
    "Id" : "b30ac011-b14c-487a-beea-e97cd15a0d57",
    "EventTriggerId" : "mashup-root",
    "EventHandlerArea" : "Data"
  }, {
    "EventTriggerArea" : "Mashup",
    "EventHandlerService" : "GetLast7dStart",
    "EventTriggerSection" : "",
    "EventHandlerId" : "Things_KBTimeHelperThing",
    "EventTriggerEvent" : "Loaded",
    "Id" : "9a3abbf8-a7ee-4c5b-aee8-e1b9578a9960",
    "EventTriggerId" : "mashup-root",
    "EventHandlerArea" : "Data"
  }, {
    "EventTriggerArea" : "Mashup",
    "EventHandlerService" : "GetLast7dStart",
    "EventTriggerSection" : "",
    "EventHandlerId" : "Things_KBTimeHelperThing",
    "EventTriggerEvent" : "RefreshRequested",
    "Id" : "0b03eb2e-8133-4e05-ab1b-af5fbf786f6d",
    "EventTriggerId" : "mashup-root",
    "EventHandlerArea" : "Data"
  }, {
    "EventTriggerArea" : "Mashup",
    "EventHandlerService" : "QueryStreamData",
    "EventTriggerSection" : "",
    "EventHandlerId" : "Things_KBRateOfQualityHourlyHistoryStream",
    "EventTriggerEvent" : "RefreshRequested",
    "Id" : "a07e8aca-0edc-4569-9614-08e6118e231a",
    "EventTriggerId" : "mashup-root",
    "EventHandlerArea" : "Data"
  }, {
    "EventTriggerArea" : "Mashup",
    "EventHandlerService" : "GetLast7dStart",
    "EventTriggerSection" : "",
    "EventHandlerId" : "Things_KBTimeHelperThing",
    "EventTriggerEvent" : "MachineThingNameChanged",
    "Id" : "f7dd6798-7a4a-42be-a26f-70cac06a4984",
    "EventTriggerId" : "mashup-root",
    "EventHandlerArea" : "Data"
  }, {
    "EventTriggerArea" : "Mashup",
    "EventHandlerService" : "QueryStreamData",
    "EventTriggerSection" : "",
    "EventHandlerId" : "Things_KBRateOfQualityHourlyHistoryStream",
    "EventTriggerEvent" : "MachineThingNameChanged",
    "Id" : "9a096097-b4ed-4a41-8ef0-cba34ab8af81",
    "EventTriggerId" : "mashup-root",
    "EventHandlerArea" : "Data"
  } ],
  "mashupType" : "mashup",
  "DataBindings" : [ {
    "SourceArea" : "Data",
    "TargetArea" : "UI",
    "TargetSection" : "",
    "SourceId" : "GetNow",
    "Id" : "e6d90cb0-8895-4b95-a92b-530bf75f7f18",
    "SourceSection" : "Things_KBTimeHelperThing",
    "SourceDetails" : "AllData",
    "PropertyMaps" : [ {
      "SourcePropertyType" : "Field",
      "TargetProperty" : "XAxisMaximum",
      "TargetPropertyType" : "property",
      "SourcePropertyBaseType" : "DATETIME",
      "TargetPropertyBaseType" : "DATETIME",
      "SourceProperty" : "result"
    } ],
    "TargetId" : "timeserieschart-11"
  }, {
    "SourceArea" : "Data",
    "TargetArea" : "UI",
    "TargetSection" : "",
    "SourceId" : "GetLast7dStart",
    "Id" : "4dc11322-12c2-406e-85bc-bef04a8e9ab0",
    "SourceSection" : "Things_KBTimeHelperThing",
    "SourceDetails" : "AllData",
    "PropertyMaps" : [ {
      "SourcePropertyType" : "Field",
      "TargetProperty" : "XAxisMinimum",
      "TargetPropertyType" : "property",
      "SourcePropertyBaseType" : "DATETIME",
      "TargetPropertyBaseType" : "DATETIME",
      "SourceProperty" : "result"
    } ],
    "TargetId" : "timeserieschart-11"
  }, {
    "SourceArea" : "Data",
    "TargetArea" : "Data",
    "TargetSection" : "Things_KBRateOfQualityHourlyHistoryStream",
    "SourceId" : "GetLast7dStart",
    "Id" : "5078710e-27c2-4e5c-8037-03668794122b",
    "SourceSection" : "Things_KBTimeHelperThing",
    "SourceDetails" : "AllData",
    "PropertyMaps" : [ {
      "TargetProperty" : "startDate",
      "TargetPropertyType" : "Parameter",
      "SourcePropertyBaseType" : "DATETIME",
      "TargetPropertyBaseType" : "DATETIME",
      "SourceProperty" : "result"
    } ],
    "TargetId" : "QueryStreamData"
  }, {
    "SourceArea" : "Data",
    "TargetArea" : "Data",
    "TargetSection" : "Things_KBRateOfQualityHourlyHistoryStream",
    "SourceId" : "GetNow",
    "Id" : "ce20e7bd-f2cf-4b53-b62d-0e23616bc8e1",
    "SourceSection" : "Things_KBTimeHelperThing",
    "SourceDetails" : "AllData",
    "PropertyMaps" : [ {
      "TargetProperty" : "endDate",
      "TargetPropertyType" : "Parameter",
      "SourcePropertyBaseType" : "DATETIME",
      "TargetPropertyBaseType" : "DATETIME",
      "SourceProperty" : "result"
    } ],
    "TargetId" : "QueryStreamData"
  }, {
    "SourceArea" : "Mashup",
    "TargetArea" : "Data",
    "TargetSection" : "Things_KBRateOfQualityHourlyHistoryStream",
    "SourceId" : "mashup-root",
    "Id" : "753e3bd2-bf0a-4efd-9a22-e1c9d6f0109c",
    "SourceSection" : "",
    "PropertyMaps" : [ {
      "TargetProperty" : "source",
      "SourcePropertyBaseType" : "STRING",
      "TargetPropertyBaseType" : "STRING",
      "SourceProperty" : "MachineThingName"
    } ],
    "TargetId" : "QueryStreamData"
  }, {
    "SourceArea" : "Data",
    "TargetArea" : "UI",
    "TargetSection" : "",
    "SourceId" : "QueryStreamData",
    "Id" : "42149f54-24ad-4795-8dc3-0499e53884db",
    "SourceSection" : "Things_KBRateOfQualityHourlyHistoryStream",
    "SourceDetails" : "AllData",
    "PropertyMaps" : [ {
      "SourcePropertyType" : "InfoTable",
      "TargetProperty" : "Data",
      "TargetPropertyType" : "property",
      "SourcePropertyBaseType" : "INFOTABLE",
      "TargetPropertyBaseType" : "INFOTABLE",
      "SourceProperty" : ""
    } ],
    "TargetId" : "timeserieschart-11"
  } ],
  "Data" : {
    "UserExtensions" : {
      "EntityType" : "UserExtensions",
      "Services" : [ {
        "Target" : "GetCurrentUserExtensionProperties",
        "Parameters" : { },
        "APIMethod" : "post",
        "Characteristic" : "Services",
        "RefreshInterval" : 0,
        "Id" : "UserExtensionInterface",
        "Name" : "GetCurrentUserExtensionProperties"
      } ],
      "EntityName" : "",
      "Id" : "UserExtensions",
      "DataName" : "UserExtensions"
    },
    "Things_KBTimeHelperThing" : {
      "EntityType" : "Things",
      "Services" : [ {
        "Target" : "GetNow",
        "Parameters" : {
          "RoundToNextHour" : true
        },
        "APIMethod" : "post",
        "Characteristic" : "Services",
        "RefreshInterval" : 0,
        "Id" : "9fbe53d5-190b-4399-b8f4-fda142819e97",
        "Name" : "GetNow"
      }, {
        "Target" : "GetLast7dStart",
        "Parameters" : {
          "RoundToNextHour" : true
        },
        "APIMethod" : "post",
        "Characteristic" : "Services",
        "RefreshInterval" : 0,
        "Id" : "7f391464-4b2c-4a03-8af4-2aa15e60c897",
        "Name" : "GetLast7dStart"
      } ],
      "EntityName" : "KBTimeHelperThing",
      "Id" : "8ff2891f-678f-4c77-bf6a-1d42bf38a9cf",
      "DataName" : "Things_KBTimeHelperThing"
    },
    "Things_KBRateOfQualityHourlyHistoryStream" : {
      "EntityType" : "Things",
      "Services" : [ {
        "Target" : "QueryStreamData",
        "Parameters" : { },
        "APIMethod" : "post",
        "Characteristic" : "Services",
        "RefreshInterval" : 0,
        "Id" : "32c89ff5-1fa7-4298-98c7-9347f6d7045b",
        "Name" : "QueryStreamData"
      } ],
      "EntityName" : "KBRateOfQualityHourlyHistoryStream",
      "Id" : "5f9c9f48-a1ef-4021-863f-520102e1f373",
      "DataName" : "Things_KBRateOfQualityHourlyHistoryStream"
    },
    "Session" : {
      "EntityType" : "Session",
      "Services" : [ {
        "Target" : "GetGlobalSessionValues",
        "Parameters" : { },
        "APIMethod" : "post",
        "Characteristic" : "Services",
        "RefreshInterval" : 0,
        "Id" : "SessionInterface",
        "Name" : "GetGlobalSessionValues"
      } ],
      "EntityName" : "",
      "Id" : "session",
      "DataName" : "Session"
    }
  },
  "DesignTimePermissions" : { }
}]]></mashupContent>
			<ConfigurationChanges>
				<ConfigurationChange changeAction="CREATE"
					changeReason="header : name : updated&#10;"
					timestamp="2018-02-14T16:33:56.448+01:00" user="adm-flassakm" />
				<ConfigurationChange changeAction="MODIFY"
					changeReason="" timestamp="2018-02-14T16:38:38.404+01:00"
					user="adm-flassakm" />
				<ConfigurationChange changeAction="MODIFY"
					changeReason="" timestamp="2018-02-14T16:39:11.607+01:00"
					user="adm-flassakm" />
				<ConfigurationChange changeAction="MODIFY"
					changeReason="" timestamp="2018-02-14T16:39:47.154+01:00"
					user="adm-flassakm" />
				<ConfigurationChange changeAction="MODIFY"
					changeReason="" timestamp="2018-02-14T16:40:42.717+01:00"
					user="adm-flassakm" />
				<ConfigurationChange changeAction="MODIFY"
					changeReason="" timestamp="2018-02-14T16:40:43.717+01:00"
					user="adm-flassakm" />
				<ConfigurationChange changeAction="MODIFY"
					changeReason="" timestamp="2018-02-14T16:41:13.155+01:00"
					user="adm-flassakm" />
				<ConfigurationChange changeAction="MODIFY"
					changeReason="" timestamp="2018-02-14T16:41:14.077+01:00"
					user="adm-flassakm" />
			</ConfigurationChanges>
		</Mashup>
	</Mashups>
</Entities>