<?xml version="1.0" encoding="UTF-8"?>
<Entities
 majorVersion="9"
 minorVersion="3"
 universal="password">
    <Mashups>
        <Mashup
         aspect.isFlex="true"
         aspect.isResponsive="true"
         aspect.mashupType="mashup"
         columns="0.0"
         description=""
         documentationContent=""
         homeMashup=""
         name="KBLocalSmartKPIMachineLevelLossesFrameMashup"
         projectName="KBsmartKPI"
         rows="0.0"
         tags="KBThingWorxInstallationVocabulary:ExtensionSmartKPI">
            <avatar></avatar>
            <DesignTimePermissions>
                <Create></Create>
                <Read></Read>
                <Update></Update>
                <Delete></Delete>
                <Metadata></Metadata>
            </DesignTimePermissions>
            <RunTimePermissions>
                <Permissions
                 resourceName="*">
                    <PropertyRead>
                        <Principal
                         isPermitted="true"
                         name="KBUserGroup"
                         type="Group"></Principal>
                    </PropertyRead>
                    <PropertyWrite></PropertyWrite>
                    <ServiceInvoke>
                        <Principal
                         isPermitted="true"
                         name="KBUserGroup"
                         type="Group"></Principal>
                    </ServiceInvoke>
                    <EventInvoke></EventInvoke>
                    <EventSubscribe></EventSubscribe>
                </Permissions>
            </RunTimePermissions>
            <VisibilityPermissions>
                <Visibility>
                    <Principal
                     isPermitted="true"
                     name="KBOrganization"
                     type="Organization"></Principal>
                </Visibility>
            </VisibilityPermissions>
            <ConfigurationTableDefinitions></ConfigurationTableDefinitions>
            <ConfigurationTables>
                <ConfigurationTable
                 dataShapeName=""
                 description="Mashup Mobile Settings"
                 isHidden="true"
                 isMultiRow="false"
                 name="MobileSettings"
                 ordinal="0">
                    <DataShape>
                        <FieldDefinitions>
                            <FieldDefinition
                             aspect.defaultValue="false"
                             aspect.friendlyName="Disable Zoom"
                             baseType="BOOLEAN"
                             description="Disables zooming in and out within the mashup"
                             name="disableZoom"
                             ordinal="0"></FieldDefinition>
                            <FieldDefinition
                             aspect.defaultValue="true"
                             aspect.friendlyName="Full Screen Mode"
                             baseType="BOOLEAN"
                             description="Open the mashup in full screen mode"
                             name="fullScreenMode"
                             ordinal="0"></FieldDefinition>
                            <FieldDefinition
                             aspect.friendlyName="Height"
                             baseType="STRING"
                             description="The height of the mashup page"
                             name="height"
                             ordinal="0"></FieldDefinition>
                            <FieldDefinition
                             aspect.defaultValue="device-height"
                             aspect.friendlyName="Height Type"
                             baseType="STRING"
                             description="Use the height of the device display, or a custom height (in px)"
                             name="heightType"
                             ordinal="0"></FieldDefinition>
                            <FieldDefinition
                             aspect.defaultValue="1.0"
                             aspect.friendlyName="Initial Scale"
                             baseType="NUMBER"
                             description="The initial zoom scale when the mashup is loaded for the first time"
                             name="initialScale"
                             ordinal="0"></FieldDefinition>
                            <FieldDefinition
                             aspect.friendlyName="Shortcut Icon Title"
                             baseType="STRING"
                             description="A title for the mashup shortcut on the iOS home screen"
                             name="iosShortcutIconTitle"
                             ordinal="0"></FieldDefinition>
                            <FieldDefinition
                             aspect.defaultValue="black-translucent"
                             aspect.friendlyName="Status Bar Appearance"
                             baseType="STRING"
                             description="The style of the iOS status bar"
                             name="iosStatusBarAppearance"
                             ordinal="0"></FieldDefinition>
                            <FieldDefinition
                             aspect.defaultValue="10.0"
                             aspect.friendlyName="Maximum Scale"
                             baseType="NUMBER"
                             description="The maximum scale that users can zoom out to"
                             name="maximumScale"
                             ordinal="0"></FieldDefinition>
                            <FieldDefinition
                             aspect.defaultValue="0.1"
                             aspect.friendlyName="Minimum Scale"
                             baseType="NUMBER"
                             description="The minimum scale that users can zoom out to"
                             name="minimumScale"
                             ordinal="0"></FieldDefinition>
                            <FieldDefinition
                             aspect.friendlyName="Width"
                             baseType="STRING"
                             description="The width of the mashup page"
                             name="width"
                             ordinal="0"></FieldDefinition>
                            <FieldDefinition
                             aspect.defaultValue="device-width"
                             aspect.friendlyName="Width Type"
                             baseType="STRING"
                             description="Use the width of the device display, or a custom width (in px)"
                             name="widthType"
                             ordinal="0"></FieldDefinition>
                        </FieldDefinitions>
                    </DataShape>
                    <Rows>
                        <Row>
                            <disableZoom>false</disableZoom>
                            <fullScreenMode>true</fullScreenMode>
                            <height></height>
                            <heightType>
                            <![CDATA[
                            device-height
                            ]]>
                            </heightType>
                            <initialScale>1.0</initialScale>
                            <iosShortcutIconTitle></iosShortcutIconTitle>
                            <iosStatusBarAppearance>
                            <![CDATA[
                            black-translucent
                            ]]>
                            </iosStatusBarAppearance>
                            <maximumScale>10.0</maximumScale>
                            <minimumScale>0.1</minimumScale>
                            <width></width>
                            <widthType>
                            <![CDATA[
                            device-width
                            ]]>
                            </widthType>
                        </Row>
                    </Rows>
                </ConfigurationTable>
            </ConfigurationTables>
            <ParameterDefinitions>
                <FieldDefinition
                 aspect.bindingDirection="IN"
                 aspect.isMandatory="false"
                 baseType="STRING"
                 description=""
                 name="Language"
                 ordinal="0"></FieldDefinition>
            </ParameterDefinitions>
            <Things></Things>
            <ThingShapes></ThingShapes>
            <ThingTemplates></ThingTemplates>
            <mashupContent>
            <![CDATA[
            {
              "Data" : {
                "DynamicThingTemplates_KBKPIThingWorxDatabaseTemplate" : {
                  "DataName" : "DynamicThingTemplates_KBKPIThingWorxDatabaseTemplate",
                  "EntityName" : "KBKPIThingWorxDatabaseTemplate",
                  "EntityType" : "DynamicThingTemplates",
                  "Id" : "9be36cc1-0221-40d3-85a0-1da9a2f21513",
                  "Services" : [ {
                    "APIMethod" : "post",
                    "Characteristic" : "Services",
                    "Id" : "60b83372-54e2-4c3f-9baf-95cb2c796f8c",
                    "Name" : "GetFullShiftTime",
                    "Parameters" : { },
                    "RefreshInterval" : 0,
                    "Target" : "GetFullShiftTime"
                  } ]
                },
                "Resources_KBThingWorxServerSystem" : {
                  "DataName" : "Resources_KBThingWorxServerSystem",
                  "EntityName" : "KBThingWorxServerSystem",
                  "EntityType" : "Resources",
                  "Id" : "ff622796-a041-4107-a14c-42ed773ba4e6",
                  "Services" : [ {
                    "APIMethod" : "post",
                    "Characteristic" : "Services",
                    "Id" : "a153cb32-1e7e-407c-a840-7c463b643117",
                    "Name" : "GetKPILocalThingWorxDatabaseThing",
                    "Parameters" : { },
                    "RefreshInterval" : 0,
                    "Target" : "GetKPILocalThingWorxDatabaseThing"
                  } ]
                },
                "Session" : {
                  "DataName" : "Session",
                  "EntityName" : "",
                  "EntityType" : "Session",
                  "Id" : "session",
                  "Services" : [ {
                    "APIMethod" : "post",
                    "Characteristic" : "Services",
                    "Id" : "SessionInterface",
                    "Name" : "GetGlobalSessionValues",
                    "Parameters" : { },
                    "RefreshInterval" : 0,
                    "Target" : "GetGlobalSessionValues"
                  } ]
                },
                "Things_KBsmartKPILocalHelper" : {
                  "DataName" : "Things_KBsmartKPILocalHelper",
                  "EntityName" : "KBsmartKPILocalHelper",
                  "EntityType" : "Things",
                  "Id" : "0eea20fd-396c-48b2-b8d5-ee90c47e5e81",
                  "Services" : [ {
                    "APIMethod" : "post",
                    "Characteristic" : "Services",
                    "Id" : "98b3db67-10e3-4f67-b8f1-30db9ce188f3",
                    "Name" : "GetMachinesforSmartKPIVisualization",
                    "Parameters" : { },
                    "RefreshInterval" : 0,
                    "Target" : "GetMachinesforSmartKPIVisualization"
                  } ]
                },
                "UserExtensions" : {
                  "DataName" : "UserExtensions",
                  "EntityName" : "",
                  "EntityType" : "UserExtensions",
                  "Id" : "UserExtensions",
                  "Services" : [ {
                    "APIMethod" : "post",
                    "Characteristic" : "Services",
                    "Id" : "UserExtensionInterface",
                    "Name" : "GetCurrentUserExtensionProperties",
                    "Parameters" : { },
                    "RefreshInterval" : 0,
                    "Target" : "GetCurrentUserExtensionProperties"
                  } ]
                }
              },
              "DataBindings" : [ {
                "Id" : "f5fadbac-5160-439b-9efe-7b4fd8e053d6",
                "PropertyMaps" : [ {
                  "SourceProperty" : "Value",
                  "SourcePropertyBaseType" : "NUMBER",
                  "SourcePropertyType" : "Property",
                  "TargetProperty" : "InputValue",
                  "TargetPropertyBaseType" : "NUMBER",
                  "TargetPropertyType" : "property"
                } ],
                "SourceArea" : "UI",
                "SourceId" : "ptcsslider-11",
                "SourceSection" : "",
                "TargetArea" : "UI",
                "TargetId" : "expression2-16",
                "TargetSection" : ""
              }, {
                "Id" : "97160718-1f38-4113-9c3e-de095ad35288",
                "PropertyMaps" : [ {
                  "SourceProperty" : "Output",
                  "SourcePropertyBaseType" : "STRING",
                  "TargetProperty" : "type",
                  "TargetPropertyBaseType" : "STRING",
                  "TargetPropertyType" : "Parameter"
                } ],
                "SourceArea" : "UI",
                "SourceId" : "expression2-16",
                "SourceSection" : "",
                "TargetArea" : "Data",
                "TargetId" : "GetMachinesforSmartKPIVisualization",
                "TargetSection" : "Things_KBsmartKPILocalHelper"
              }, {
                "Id" : "b2293d52-721b-491d-8421-62306d3a325b",
                "PropertyMaps" : [ {
                  "SourceProperty" : "",
                  "SourcePropertyBaseType" : "INFOTABLE",
                  "SourcePropertyType" : "InfoTable",
                  "TargetProperty" : "Data",
                  "TargetPropertyBaseType" : "INFOTABLE",
                  "TargetPropertyType" : "property"
                } ],
                "SourceArea" : "Data",
                "SourceDetails" : "AllData",
                "SourceId" : "GetMachinesforSmartKPIVisualization",
                "SourceSection" : "Things_KBsmartKPILocalHelper",
                "TargetArea" : "UI",
                "TargetId" : "ptcslist-4",
                "TargetSection" : ""
              }, {
                "Id" : "6b01f762-d0aa-48f6-966a-8ae394e5bc4b",
                "PropertyMaps" : [ {
                  "SourceProperty" : "DisplayName",
                  "SourcePropertyBaseType" : "STRING",
                  "SourcePropertyType" : "Field",
                  "TargetProperty" : "MachineName",
                  "TargetPropertyBaseType" : "STRING",
                  "TargetPropertyType" : "property"
                } ],
                "SourceArea" : "Data",
                "SourceDetails" : "SelectedRows",
                "SourceId" : "GetMachinesforSmartKPIVisualization",
                "SourceSection" : "Things_KBsmartKPILocalHelper",
                "TargetArea" : "UI",
                "TargetId" : "mashupcontainer-5",
                "TargetSection" : ""
              }, {
                "Id" : "aa1c7d62-bb37-4d37-a96e-6414aa381c03",
                "PropertyMaps" : [ {
                  "SourceProperty" : "ThingName",
                  "SourcePropertyBaseType" : "STRING",
                  "SourcePropertyType" : "Field",
                  "TargetProperty" : "Machine",
                  "TargetPropertyBaseType" : "STRING",
                  "TargetPropertyType" : "property"
                } ],
                "SourceArea" : "Data",
                "SourceDetails" : "SelectedRows",
                "SourceId" : "GetMachinesforSmartKPIVisualization",
                "SourceSection" : "Things_KBsmartKPILocalHelper",
                "TargetArea" : "UI",
                "TargetId" : "mashupcontainer-5",
                "TargetSection" : ""
              }, {
                "Id" : "03b99048-5bb6-4a59-a704-959a1513aea0",
                "PropertyMaps" : [ {
                  "SourceProperty" : "Language",
                  "SourcePropertyBaseType" : "STRING",
                  "SourcePropertyType" : "Property",
                  "TargetProperty" : "Language",
                  "TargetPropertyBaseType" : "STRING",
                  "TargetPropertyType" : "property"
                } ],
                "SourceArea" : "Mashup",
                "SourceId" : "mashup-root",
                "SourceSection" : "",
                "TargetArea" : "UI",
                "TargetId" : "mashupcontainer-5",
                "TargetSection" : ""
              }, {
                "Id" : "3f57fb40-7f81-4003-bfd7-3104feb61f4b",
                "PropertyMaps" : [ {
                  "SourceProperty" : "Result",
                  "SourcePropertyBaseType" : "STRING",
                  "TargetProperty" : "value",
                  "TargetPropertyBaseType" : "THINGNAME",
                  "TargetPropertyType" : "Entity"
                } ],
                "SourceArea" : "Data",
                "SourceDetails" : "AllData",
                "SourceId" : "GetKPILocalThingWorxDatabaseThing",
                "SourceSection" : "Resources_KBThingWorxServerSystem",
                "TargetArea" : "Data",
                "TargetId" : "EntityName",
                "TargetSection" : "DynamicThingTemplates_KBKPIThingWorxDatabaseTemplate"
              }, {
                "Id" : "156a0e62-995e-41ec-99f8-30a8cdbeb632",
                "PropertyMaps" : [ {
                  "SourceProperty" : "Output",
                  "SourcePropertyBaseType" : "DATETIME",
                  "TargetProperty" : "date",
                  "TargetPropertyBaseType" : "DATETIME",
                  "TargetPropertyType" : "Parameter"
                } ],
                "SourceArea" : "UI",
                "SourceId" : "expression2-17",
                "SourceSection" : "",
                "TargetArea" : "Data",
                "TargetId" : "GetFullShiftTime",
                "TargetSection" : "DynamicThingTemplates_KBKPIThingWorxDatabaseTemplate"
              }, {
                "Id" : "ba758b3c-78d4-4505-8732-d6357a1e712a",
                "PropertyMaps" : [ {
                  "SourceProperty" : "ThingName",
                  "SourcePropertyBaseType" : "STRING",
                  "TargetProperty" : "Machine",
                  "TargetPropertyBaseType" : "STRING",
                  "TargetPropertyType" : "Parameter"
                } ],
                "SourceArea" : "Data",
                "SourceDetails" : "SelectedRows",
                "SourceId" : "GetMachinesforSmartKPIVisualization",
                "SourceSection" : "Things_KBsmartKPILocalHelper",
                "TargetArea" : "Data",
                "TargetId" : "GetFullShiftTime",
                "TargetSection" : "DynamicThingTemplates_KBKPIThingWorxDatabaseTemplate"
              }, {
                "Id" : "3fbbf282-fe17-4347-ad8b-65ee2e060d96",
                "PropertyMaps" : [ {
                  "SourceProperty" : "CurrentStartTime",
                  "SourcePropertyBaseType" : "DATETIME",
                  "SourcePropertyType" : "Field",
                  "TargetProperty" : "StartTime",
                  "TargetPropertyBaseType" : "DATETIME",
                  "TargetPropertyType" : "property"
                } ],
                "SourceArea" : "Data",
                "SourceDetails" : "AllData",
                "SourceId" : "GetFullShiftTime",
                "SourceSection" : "DynamicThingTemplates_KBKPIThingWorxDatabaseTemplate",
                "TargetArea" : "UI",
                "TargetId" : "mashupcontainer-5",
                "TargetSection" : ""
              }, {
                "Id" : "644064b4-fc94-4de4-bc02-505ff6fc4244",
                "PropertyMaps" : [ {
                  "SourceProperty" : "CurrentEndTime",
                  "SourcePropertyBaseType" : "DATETIME",
                  "SourcePropertyType" : "Field",
                  "TargetProperty" : "EndTime",
                  "TargetPropertyBaseType" : "DATETIME",
                  "TargetPropertyType" : "property"
                } ],
                "SourceArea" : "Data",
                "SourceDetails" : "AllData",
                "SourceId" : "GetFullShiftTime",
                "SourceSection" : "DynamicThingTemplates_KBKPIThingWorxDatabaseTemplate",
                "TargetArea" : "UI",
                "TargetId" : "mashupcontainer-5",
                "TargetSection" : ""
              } ],
              "DesignTimePermissions" : {
                "Create" : [ ],
                "Delete" : [ ],
                "Metadata" : [ ],
                "Read" : [ ],
                "Update" : [ ]
              },
              "Events" : [ {
                "EventHandlerArea" : "Data",
                "EventHandlerId" : "Things_KBsmartKPILocalHelper",
                "EventHandlerService" : "GetMachinesforSmartKPIVisualization",
                "EventTriggerArea" : "Mashup",
                "EventTriggerEvent" : "Loaded",
                "EventTriggerId" : "mashup-root",
                "EventTriggerSection" : "",
                "Id" : "36a33a8f-bc1e-450a-a0bd-fb3c4c0596c1"
              }, {
                "EventHandlerArea" : "UI",
                "EventHandlerId" : "expression2-16",
                "EventHandlerService" : "Evaluate",
                "EventTriggerArea" : "Mashup",
                "EventTriggerEvent" : "Loaded",
                "EventTriggerId" : "mashup-root",
                "EventTriggerSection" : "",
                "Id" : "f14b3336-e915-4dc7-bb00-54bfcaa324e1"
              }, {
                "EventHandlerArea" : "UI",
                "EventHandlerId" : "expression2-16",
                "EventHandlerService" : "Evaluate",
                "EventTriggerArea" : "UI",
                "EventTriggerEvent" : "ValueChanged",
                "EventTriggerId" : "ptcsslider-11",
                "EventTriggerSection" : "",
                "Id" : "1b734fdd-0b32-4006-a2e2-3c6d5c1d17d5"
              }, {
                "EventHandlerArea" : "UI",
                "EventHandlerId" : "mashupcontainer-5",
                "EventHandlerService" : "Refresh",
                "EventTriggerArea" : "Data",
                "EventTriggerEvent" : "ServiceInvokeCompleted",
                "EventTriggerId" : "GetMachinesforSmartKPIVisualization",
                "EventTriggerSection" : "Things_KBsmartKPILocalHelper",
                "Id" : "e00cd312-6086-4fda-b5e4-c4d65867d3c1"
              }, {
                "EventHandlerArea" : "Data",
                "EventHandlerId" : "Things_KBsmartKPILocalHelper",
                "EventHandlerService" : "GetMachinesforSmartKPIVisualization",
                "EventTriggerArea" : "UI",
                "EventTriggerEvent" : "Changed",
                "EventTriggerId" : "expression2-16",
                "EventTriggerSection" : "",
                "Id" : "904b279f-1340-4203-b005-330448bd48c4"
              }, {
                "EventHandlerArea" : "UI",
                "EventHandlerId" : "mashupcontainer-5",
                "EventHandlerService" : "Refresh",
                "EventTriggerArea" : "Data",
                "EventTriggerEvent" : "SelectedRowsChanged",
                "EventTriggerId" : "GetMachinesforSmartKPIVisualization",
                "EventTriggerSection" : "Things_KBsmartKPILocalHelper",
                "Id" : "edde2c9d-16b5-41ba-a0f4-4fa6b7bf4bd2"
              }, {
                "EventHandlerArea" : "Data",
                "EventHandlerId" : "Resources_KBThingWorxServerSystem",
                "EventHandlerService" : "GetKPILocalThingWorxDatabaseThing",
                "EventTriggerArea" : "Mashup",
                "EventTriggerEvent" : "Loaded",
                "EventTriggerId" : "mashup-root",
                "EventTriggerSection" : "",
                "Id" : "14e8e540-416e-4857-8066-6253b11e08fa"
              }, {
                "EventHandlerArea" : "UI",
                "EventHandlerId" : "expression2-17",
                "EventHandlerService" : "Evaluate",
                "EventTriggerArea" : "Mashup",
                "EventTriggerEvent" : "Loaded",
                "EventTriggerId" : "mashup-root",
                "EventTriggerSection" : "",
                "Id" : "d03ef21a-45f7-4536-9888-35337854749e"
              }, {
                "EventHandlerArea" : "Data",
                "EventHandlerId" : "DynamicThingTemplates_KBKPIThingWorxDatabaseTemplate",
                "EventHandlerService" : "GetFullShiftTime",
                "EventTriggerArea" : "Data",
                "EventTriggerEvent" : "ServiceInvokeCompleted",
                "EventTriggerId" : "GetKPILocalThingWorxDatabaseThing",
                "EventTriggerSection" : "Resources_KBThingWorxServerSystem",
                "Id" : "d7fccd2a-e243-4f8b-879b-1afa61fab791"
              }, {
                "EventHandlerArea" : "Data",
                "EventHandlerId" : "DynamicThingTemplates_KBKPIThingWorxDatabaseTemplate",
                "EventHandlerService" : "GetFullShiftTime",
                "EventTriggerArea" : "UI",
                "EventTriggerEvent" : "Changed",
                "EventTriggerId" : "expression2-17",
                "EventTriggerSection" : "",
                "Id" : "de4c376a-5b24-4fc5-ab59-51104460a209"
              }, {
                "EventHandlerArea" : "Data",
                "EventHandlerId" : "DynamicThingTemplates_KBKPIThingWorxDatabaseTemplate",
                "EventHandlerService" : "GetFullShiftTime",
                "EventTriggerArea" : "Data",
                "EventTriggerEvent" : "SelectedRowsChanged",
                "EventTriggerId" : "GetKPILocalThingWorxDatabaseThing",
                "EventTriggerSection" : "Resources_KBThingWorxServerSystem",
                "Id" : "ae64c300-ed45-49c5-9a21-88dd50e60c62"
              } ],
              "Reminders" : [ ],
              "RunTimePermissions" : {
                "permissions" : [ {
                  "EventInvoke" : [ ],
                  "EventSubscribe" : [ ],
                  "PropertyRead" : [ {
                    "isPermitted" : true,
                    "name" : "KBUserGroup",
                    "type" : "Group"
                  } ],
                  "PropertyWrite" : [ ],
                  "ServiceInvoke" : [ {
                    "isPermitted" : true,
                    "name" : "KBUserGroup",
                    "type" : "Group"
                  } ],
                  "resourceName" : "*"
                } ]
              },
              "UI" : {
                "Properties" : {
                  "AddToDashboardButton" : "SimplePlus",
                  "AddToDashboardButtonStyle" : "DefaultAddToDashboardButtonStyle",
                  "Area" : "Mashup",
                  "BGImage" : "",
                  "BGImageRepeat" : "no-repeat",
                  "BGImageSize" : "auto",
                  "Columns" : 0,
                  "ConfigureGadgetButton" : "SimpleGear",
                  "ConfigureGadgetButtonStyle" : "DefaultConfigureGadgetButtonStyle",
                  "DisplayName" : "Mashup",
                  "EnableParameterEditing" : false,
                  "Height" : 618,
                  "Id" : "mashup-root",
                  "IgnoreWarningsInViewMashup" : false,
                  "IsPrintLayout" : false,
                  "Left" : 0,
                  "Margin" : "5",
                  "MashupToEditGadget" : "DefaultMashupToEditGadget",
                  "Master" : "KBSmartProductionMaster1Mashup",
                  "MigratedOn" : "2023-04-12T05:09:48.000Z",
                  "MinHeight" : 0,
                  "MinWidth" : 0,
                  "ResponsiveLayout" : true,
                  "Rows" : 0,
                  "ShowDataLoading" : true,
                  "Style" : "DefaultMashupStyle",
                  "StyleProperties" : {
                    "data" : {
                      "flexcontainer-1" : {
                        "parts" : {
                          "$" : {
                            "$" : {
                              "background" : "transparent"
                            }
                          }
                        },
                        "widget" : "flex-container"
                      },
                      "flexcontainer-6" : {
                        "parts" : {
                          "$" : {
                            "$" : {
                              "background" : "transparent"
                            }
                          }
                        },
                        "widget" : "flex-container"
                      },
                      "flexcontainer-7" : {
                        "parts" : {
                          "$" : {
                            "$" : {
                              "border-color" : "rgba(192,192,192,1)",
                              "border-style" : "solid",
                              "border-width" : "1px"
                            }
                          }
                        },
                        "widget" : "flex-container"
                      },
                      "ptcsslider-11" : {
                        "parts" : {
                          "$" : {
                            "unvalidated" : {
                              "background" : "rgba(168,168,168,1)"
                            },
                            "valid" : {
                              "background" : "rgba(143,255,221,1)"
                            }
                          },
                          "thumb" : {
                            "$" : {
                              "border-radius" : "",
                              "fill" : "rgba(234,246,255,1)",
                              "stroke" : "rgba(0,69,126,1)"
                            },
                            "circle+selected" : {
                              "border-color" : "rgba(0,69,126,1)"
                            },
                            "focus" : {
                              "stroke" : "rgba(0,69,126,1)"
                            }
                          },
                          "thumb1" : {
                            "circle+pressed" : {
                              "background" : "rgba(0,69,126,0.55)"
                            }
                          },
                          "track" : {
                            "$" : {
                              "background" : "rgba(0,69,126,1)",
                              "border-color" : "rgba(0,69,126,1)"
                            }
                          },
                          "track-before" : {
                            "one-thumb" : {
                              "background" : "rgba(0,69,126,1)"
                            }
                          },
                          "track-between" : {
                            "two-thumbs" : {
                              "background" : "rgba(0,69,126,1)"
                            }
                          },
                          "value" : {
                            "$" : {
                              "margin" : "0px",
                              "text-align" : "center"
                            },
                            "editing" : {
                              "border-color" : "rgba(0,69,126,1)",
                              "min-height" : "30px",
                              "min-width" : "30px"
                            },
                            "reverse-labels" : {
                              "min-height" : "30px",
                              "min-width" : "30px"
                            },
                            "reverse-labels+vertical" : {
                              "min-height" : "30px",
                              "min-width" : "30px"
                            },
                            "vertical" : {
                              "margin" : ""
                            }
                          },
                          "value-arrow" : {
                            "editing" : {
                              "color" : "rgba(0,69,126,1)"
                            }
                          }
                        },
                        "widget" : "ptcs-slider"
                      }
                    },
                    "meta" : {
                      "type" : "WidgetStyler",
                      "version" : "1.0"
                    }
                  },
                  "StyleTheme" : "KBStandardStyleTheme",
                  "Title" : "",
                  "TitleBar" : false,
                  "TitleBarStyle" : "DefaultTitleBarStyle",
                  "TitleBarText" : "Gadget Title Here",
                  "Top" : 0,
                  "Type" : "mashup",
                  "UseMasterTheme" : false,
                  "UseTheme" : false,
                  "UseThemeForHybrids" : false,
                  "Visible" : true,
                  "Width" : 1024,
                  "Z-index" : 10,
                  "__TypeDisplayName" : "Mashup",
                  "_currentParameterDefs" : [ {
                    "Aspects" : {
                      "bindingDirection" : "IN",
                      "isMandatory" : false
                    },
                    "BaseType" : "STRING",
                    "Description" : "",
                    "ParameterName" : "Language"
                  } ],
                  "id_index" : 17,
                  "supportsAutoResize" : true
                },
                "Widgets" : [ {
                  "Properties" : {
                    "Area" : "UI",
                    "CollapseTabIcon" : "",
                    "DisplayName" : "container-1",
                    "EnableContainerUnload" : false,
                    "EnableExpandCollapse" : false,
                    "ExpandCollapseTabLocation" : "inside",
                    "ExpandTabIcon" : "",
                    "Expanded" : true,
                    "Id" : "flexcontainer-1",
                    "LastContainer" : true,
                    "LazyLoading" : false,
                    "Margin" : "",
                    "Overlay" : false,
                    "ResponsiveLayout" : true,
                    "ShowDataLoading" : true,
                    "ShowExpandCollapseTab" : false,
                    "SourceURL" : "",
                    "Style" : "DefaultContainerStyle",
                    "StyleProperties" : { },
                    "Type" : "flexcontainer",
                    "UseTheme" : true,
                    "Visible" : true,
                    "Z-index" : 10,
                    "__TypeDisplayName" : "Flex Container",
                    "align-content" : "flex-start",
                    "align-items" : "flex-start",
                    "flex-basis" : "auto",
                    "flex-direction" : "row",
                    "flex-grow" : 1,
                    "flex-max-height" : "",
                    "flex-max-width" : "",
                    "flex-min-height" : "",
                    "flex-min-width" : "",
                    "flex-shrink" : "0",
                    "flex-size" : "default",
                    "flex-wrap" : "nowrap",
                    "iconClass" : "widgets-flexcontainer",
                    "justify-content" : "flex-start",
                    "positioning" : "responsive",
                    "userCannotRemove" : true
                  },
                  "Widgets" : [ {
                    "Properties" : {
                      "Area" : "UI",
                      "CollapseTabIcon" : "",
                      "DisplayName" : "container-2",
                      "EnableContainerUnload" : false,
                      "EnableExpandCollapse" : true,
                      "ExpandCollapseTabLocation" : "outside",
                      "ExpandTabIcon" : "",
                      "Expanded" : true,
                      "Id" : "flexcontainer-2",
                      "LastContainer" : false,
                      "LazyLoading" : false,
                      "Margin" : "false 5 false false",
                      "Overlay" : false,
                      "ResponsiveLayout" : true,
                      "Scrolling" : "auto-scroll",
                      "ShowDataLoading" : true,
                      "ShowExpandCollapseTab" : false,
                      "SourceURL" : "",
                      "Style" : "DefaultContainerStyle",
                      "StyleProperties" : { },
                      "Type" : "flexcontainer",
                      "UseTheme" : true,
                      "Visible" : true,
                      "Z-index" : 10,
                      "__TypeDisplayName" : "Flex Container",
                      "align-content" : "flex-start",
                      "align-items" : "flex-start",
                      "flex-basis" : "auto",
                      "flex-direction" : "row",
                      "flex-grow" : 15,
                      "flex-max-height" : "",
                      "flex-max-width" : "",
                      "flex-min-height" : "",
                      "flex-min-width" : "",
                      "flex-shrink" : 1,
                      "flex-size" : "default",
                      "flex-wrap" : "nowrap",
                      "iconClass" : "widgets-flexcontainer",
                      "isLocked" : false,
                      "justify-content" : "flex-start",
                      "positioning" : "responsive",
                      "userCannotRemove" : false
                    },
                    "Widgets" : [ {
                      "Properties" : {
                        "Area" : "UI",
                        "CollapseTabIcon" : "",
                        "DisplayName" : "container-6",
                        "EnableContainerUnload" : false,
                        "EnableExpandCollapse" : false,
                        "ExpandCollapseTabLocation" : "inside",
                        "ExpandTabIcon" : "",
                        "Expanded" : true,
                        "Id" : "flexcontainer-6",
                        "LastContainer" : true,
                        "LazyLoading" : false,
                        "Margin" : "",
                        "Overlay" : false,
                        "ResponsiveLayout" : true,
                        "Scrolling" : "auto-scroll",
                        "ShowDataLoading" : true,
                        "ShowExpandCollapseTab" : false,
                        "SourceURL" : "",
                        "Style" : "DefaultContainerStyle",
                        "StyleProperties" : { },
                        "Type" : "flexcontainer",
                        "UseTheme" : true,
                        "Visible" : true,
                        "Z-index" : 10,
                        "__TypeDisplayName" : "Flex Container",
                        "align-content" : "flex-start",
                        "align-items" : "flex-start",
                        "flex-basis" : "auto",
                        "flex-direction" : "column",
                        "flex-grow" : 100,
                        "flex-max-height" : "",
                        "flex-max-width" : "",
                        "flex-min-height" : "",
                        "flex-min-width" : "",
                        "flex-shrink" : 1,
                        "flex-size" : "default",
                        "flex-wrap" : "nowrap",
                        "iconClass" : "widgets-flexcontainer",
                        "isLocked" : true,
                        "justify-content" : "flex-start",
                        "positioning" : "responsive",
                        "userCannotRemove" : false
                      },
                      "Widgets" : [ {
                        "Properties" : {
                          "Area" : "UI",
                          "CollapseTabIcon" : "",
                          "DisplayName" : "container-7",
                          "EnableContainerUnload" : false,
                          "EnableExpandCollapse" : false,
                          "ExpandCollapseTabLocation" : "inside",
                          "ExpandTabIcon" : "",
                          "Expanded" : true,
                          "Id" : "flexcontainer-7",
                          "LastContainer" : false,
                          "LazyLoading" : false,
                          "Margin" : "0 false 5 false",
                          "Overlay" : false,
                          "ResponsiveLayout" : true,
                          "ShowDataLoading" : true,
                          "ShowExpandCollapseTab" : false,
                          "SourceURL" : "",
                          "Style" : "DefaultContainerStyle",
                          "StyleProperties" : { },
                          "Type" : "flexcontainer",
                          "UseTheme" : true,
                          "Visible" : true,
                          "Z-index" : 10,
                          "__TypeDisplayName" : "Flex Container",
                          "align-content" : "flex-start",
                          "align-items" : "flex-start",
                          "flex-basis" : "0",
                          "flex-direction" : "column",
                          "flex-grow" : 15,
                          "flex-max-height" : "",
                          "flex-max-width" : "",
                          "flex-min-height" : "",
                          "flex-min-width" : "",
                          "flex-shrink" : "0",
                          "flex-size" : "default",
                          "flex-wrap" : "nowrap",
                          "iconClass" : "widgets-flexcontainer",
                          "isLocked" : false,
                          "justify-content" : "flex-start",
                          "positioning" : "static",
                          "userCannotRemove" : false
                        },
                        "Widgets" : [ {
                          "Properties" : {
                            "Area" : "UI",
                            "CriteriaMessage" : "",
                            "CriteriaMessageDetails" : "",
                            "Disabled" : false,
                            "DisplayMinMaxLabels" : false,
                            "DisplayName" : "verticalslider-11",
                            "DisplayValueLabel" : "no",
                            "EditableValue" : false,
                            "EndValue" : 100,
                            "FullTrack" : false,
                            "HandleIcon" : "#circle",
                            "HandleSize" : 34,
                            "Height" : 110,
                            "Id" : "ptcsslider-11",
                            "Label" : "",
                            "LabelAlignment" : "left",
                            "LabelType" : "label",
                            "LastContainer" : false,
                            "Left" : 10,
                            "Margin" : "5",
                            "MaxIconSize" : "medium",
                            "MaxSideIcon" : "",
                            "MaxValueFailureMessage" : "${value} is the maximum value",
                            "MaxValueLabel" : "1",
                            "Maximum" : 1,
                            "MinIconSize" : "medium",
                            "MinSideIcon" : "",
                            "MinValueFailureMessage" : "${value} is the minimum value",
                            "MinValueLabel" : "0",
                            "Minimum" : 0,
                            "MinimumValueWidth" : 4,
                            "NumberOfSteps" : 0,
                            "OverlapHandle" : false,
                            "RangeSelection" : false,
                            "ResponsiveLayout" : false,
                            "ReverseLabelPosition" : false,
                            "ReverseMinMaxValues" : true,
                            "SecondHandleIcon" : "#circle",
                            "ShowDataLoading" : true,
                            "ShowValidationCriteria" : false,
                            "ShowValidationFailure" : false,
                            "ShowValidationSuccess" : false,
                            "StepSize" : 1,
                            "SteppingMode" : false,
                            "SuccessMessage" : "",
                            "SuccessMessageDetails" : "",
                            "TabSequence" : 0,
                            "Top" : 0,
                            "TrackAlignment" : "center",
                            "TrackSize" : 18,
                            "TrackingMode" : false,
                            "Type" : "ptcsslider",
                            "UseTheme" : true,
                            "ValidationCriteriaIcon" : "cds:icon_info",
                            "ValidationFailureIcon" : "cds:icon_error",
                            "ValidationState" : "undefined",
                            "ValidationSuccessIcon" : "cds:icon_success",
                            "Value" : 0,
                            "ValuePrecision" : 0,
                            "VerticalSlider" : false,
                            "Visible" : true,
                            "Width" : 102,
                            "Z-index" : 10,
                            "__TypeDisplayName" : "Vertical Slider"
                          },
                          "Widgets" : [ ]
                        }, {
                          "Properties" : {
                            "Area" : "UI",
                            "DisclosureControl" : "show-more",
                            "DisplayName" : "label-12",
                            "HorizontalAlignment" : "left",
                            "Id" : "ptcslabel-12",
                            "LabelText" : "[[KBLocalSmartKPIMachinePartLossesFrameMashup.Station]]",
                            "LabelType" : "title",
                            "LastContainer" : false,
                            "Left" : 5,
                            "Margin" : "5",
                            "MultiLine" : true,
                            "PreserveWhiteSpace" : false,
                            "ResponsiveLayout" : false,
                            "ShowDataLoading" : true,
                            "TooltipField" : "",
                            "Top" : 13,
                            "Type" : "ptcslabel",
                            "UseTheme" : true,
                            "VerticalAlignment" : "flex-start",
                            "Visible" : true,
                            "Z-index" : 10,
                            "__TypeDisplayName" : "Label",
                            "overflowShowLessTxt" : "[[showLess]]",
                            "overflowShowMoreTxt" : "[[showMore]]"
                          },
                          "Widgets" : [ ]
                        }, {
                          "Properties" : {
                            "Area" : "UI",
                            "DisclosureControl" : "show-more",
                            "DisplayName" : "label-13",
                            "HorizontalAlignment" : "left",
                            "Id" : "ptcslabel-13",
                            "LabelText" : "[[KBLocalSmartKPIMachinePartLossesFrameMashup.Machine]]",
                            "LabelType" : "title",
                            "LastContainer" : false,
                            "Left" : 65,
                            "Margin" : "5",
                            "MultiLine" : true,
                            "PreserveWhiteSpace" : false,
                            "ResponsiveLayout" : false,
                            "ShowDataLoading" : true,
                            "TooltipField" : "",
                            "Top" : 75,
                            "Type" : "ptcslabel",
                            "UseTheme" : true,
                            "VerticalAlignment" : "flex-start",
                            "Visible" : true,
                            "Z-index" : 10,
                            "__TypeDisplayName" : "Label",
                            "overflowShowLessTxt" : "[[showLess]]",
                            "overflowShowMoreTxt" : "[[showMore]]"
                          },
                          "Widgets" : [ ]
                        } ]
                      }, {
                        "Properties" : {
                          "Area" : "UI",
                          "CollapseTabIcon" : "",
                          "DisplayName" : "container-8",
                          "EnableContainerUnload" : false,
                          "EnableExpandCollapse" : false,
                          "ExpandCollapseTabLocation" : "inside",
                          "ExpandTabIcon" : "",
                          "Expanded" : true,
                          "Id" : "flexcontainer-8",
                          "LastContainer" : false,
                          "LazyLoading" : false,
                          "Margin" : "5 false 0 false",
                          "Overlay" : false,
                          "ResponsiveLayout" : true,
                          "Scrolling" : "auto-scroll",
                          "ShowDataLoading" : true,
                          "ShowExpandCollapseTab" : false,
                          "SourceURL" : "",
                          "Style" : "DefaultContainerStyle",
                          "StyleProperties" : { },
                          "Type" : "flexcontainer",
                          "UseTheme" : true,
                          "Visible" : true,
                          "Z-index" : 10,
                          "__TypeDisplayName" : "Flex Container",
                          "align-content" : "flex-start",
                          "align-items" : "flex-start",
                          "flex-basis" : "0",
                          "flex-direction" : "column",
                          "flex-grow" : 85,
                          "flex-max-height" : "",
                          "flex-max-width" : "",
                          "flex-min-height" : "",
                          "flex-min-width" : "",
                          "flex-shrink" : 1,
                          "flex-size" : "default",
                          "flex-wrap" : "nowrap",
                          "iconClass" : "widgets-flexcontainer",
                          "isLocked" : false,
                          "justify-content" : "flex-start",
                          "positioning" : "responsive",
                          "userCannotRemove" : false
                        },
                        "Widgets" : [ {
                          "Properties" : {
                            "Alignment" : "left",
                            "Area" : "UI",
                            "AutoSelectFirstRow" : true,
                            "ClearSelectedItemsLabel" : "[[clearSelectedItems]]",
                            "ClearSelectionItem" : false,
                            "ClearSelectionLabel" : "[[None]]",
                            "CriteriaMessage" : "",
                            "CriteriaMessageDetails" : "",
                            "Disabled" : false,
                            "DisplayField" : "DisplayName",
                            "DisplayName" : "dhxlist-4",
                            "EnableToolTips" : true,
                            "FillContainer" : true,
                            "FilterHintText" : "[[filter]]",
                            "Height" : 170,
                            "HintText" : "",
                            "Id" : "ptcslist-4",
                            "ItemMeta" : {
                              "type" : "text"
                            },
                            "Label" : "",
                            "LabelAlignment" : "left",
                            "LastContainer" : false,
                            "Left" : 0,
                            "ListFormat_StateParameters" : [ ],
                            "Margin" : "5",
                            "MultiSelect" : false,
                            "NumberOfItemsInDropdownView" : 6,
                            "RequiredMessage" : "A selection is required",
                            "ResponsiveLayout" : true,
                            "RowHeight" : 28,
                            "SelectAllLabel" : "[[selectAll]]",
                            "ShowDataLoading" : true,
                            "ShowListFilter" : false,
                            "ShowValidationCriteria" : false,
                            "ShowValidationFailure" : false,
                            "ShowValidationSuccess" : false,
                            "SuccessMessage" : "",
                            "SuccessMessageDetails" : "",
                            "TabSequence" : 0,
                            "Top" : 0,
                            "Type" : "ptcslist",
                            "UseTheme" : true,
                            "ValidationCriteriaIcon" : "cds:icon_info",
                            "ValidationFailureIcon" : "cds:icon_error",
                            "ValidationState" : "undefined",
                            "ValidationSuccessIcon" : "cds:icon_success",
                            "ValueField" : "ThingName",
                            "ValueRequired" : false,
                            "Visible" : true,
                            "Width" : 110,
                            "Z-index" : 10,
                            "__TypeDisplayName" : "List"
                          },
                          "Widgets" : [ ]
                        } ]
                      } ]
                    } ]
                  }, {
                    "Properties" : {
                      "Area" : "UI",
                      "CollapseTabIcon" : "",
                      "DisplayName" : "container-3",
                      "EnableContainerUnload" : false,
                      "EnableExpandCollapse" : false,
                      "ExpandCollapseTabLocation" : "inside",
                      "ExpandTabIcon" : "",
                      "Expanded" : true,
                      "Id" : "flexcontainer-3",
                      "LastContainer" : true,
                      "LazyLoading" : false,
                      "Margin" : "10 0 10 5",
                      "Overlay" : false,
                      "ResponsiveLayout" : true,
                      "ShowDataLoading" : true,
                      "ShowExpandCollapseTab" : false,
                      "SourceURL" : "",
                      "Style" : "DefaultContainerStyle",
                      "StyleProperties" : { },
                      "Type" : "flexcontainer",
                      "UseTheme" : true,
                      "Visible" : true,
                      "Z-index" : 10,
                      "__TypeDisplayName" : "Flex Container",
                      "align-content" : "flex-start",
                      "align-items" : "flex-start",
                      "flex-basis" : "auto",
                      "flex-direction" : "row",
                      "flex-grow" : 85,
                      "flex-max-height" : "",
                      "flex-max-width" : "",
                      "flex-min-height" : "",
                      "flex-min-width" : "",
                      "flex-shrink" : "0",
                      "flex-size" : "default",
                      "flex-wrap" : "nowrap",
                      "iconClass" : "widgets-flexcontainer",
                      "isLocked" : false,
                      "justify-content" : "flex-start",
                      "positioning" : "responsive",
                      "userCannotRemove" : false
                    },
                    "Widgets" : [ {
                      "Properties" : {
                        "Area" : "UI",
                        "DisplayName" : "mashupcontainer-5",
                        "Height" : 300,
                        "Id" : "mashupcontainer-5",
                        "LastContainer" : false,
                        "Left" : 285,
                        "Machine" : "-nothing-",
                        "MachineName" : "",
                        "Margin" : "5",
                        "MashupParameters" : [ {
                          "BaseType" : "DATETIME",
                          "Description" : "",
                          "ParameterName" : "EndTime",
                          "ParmDef" : {
                            "aspects" : {
                              "bindingDirection" : "BOTH",
                              "isMandatory" : "false"
                            },
                            "baseType" : "DATETIME",
                            "description" : "",
                            "name" : "EndTime",
                            "ordinal" : 0
                          }
                        }, {
                          "BaseType" : "STRING",
                          "Description" : "",
                          "ParameterName" : "Language",
                          "ParmDef" : {
                            "aspects" : {
                              "bindingDirection" : "BOTH",
                              "isMandatory" : "false"
                            },
                            "baseType" : "STRING",
                            "description" : "",
                            "name" : "Language",
                            "ordinal" : 0
                          }
                        }, {
                          "BaseType" : "STRING",
                          "DefaultValue" : "",
                          "Description" : "",
                          "ParameterName" : "MachineName",
                          "ParmDef" : {
                            "aspects" : {
                              "bindingDirection" : "BOTH",
                              "isMandatory" : "false"
                            },
                            "baseType" : "STRING",
                            "description" : "",
                            "name" : "MachineName",
                            "ordinal" : 0
                          }
                        }, {
                          "BaseType" : "DATETIME",
                          "Description" : "",
                          "ParameterName" : "StartTime",
                          "ParmDef" : {
                            "aspects" : {
                              "bindingDirection" : "BOTH",
                              "isMandatory" : "false"
                            },
                            "baseType" : "DATETIME",
                            "description" : "",
                            "name" : "StartTime",
                            "ordinal" : 0
                          }
                        }, {
                          "BaseType" : "STRING",
                          "DefaultValue" : "-nothing-",
                          "Description" : "",
                          "ParameterName" : "Machine",
                          "ParmDef" : {
                            "aspects" : {
                              "bindingDirection" : "BOTH",
                              "isMandatory" : "false"
                            },
                            "baseType" : "STRING",
                            "description" : "",
                            "name" : "Machine",
                            "ordinal" : 0
                          }
                        } ],
                        "Name" : "KBLocalSmartKPIMachinePartLossesMashup",
                        "ResponsiveLayout" : true,
                        "ShowDataLoading" : true,
                        "TabSequenceGroup" : 0,
                        "Top" : 90,
                        "Type" : "mashupcontainer",
                        "Visible" : true,
                        "Width" : 400,
                        "Z-index" : 10,
                        "__TypeDisplayName" : "Contained Mashup"
                      },
                      "Widgets" : [ ]
                    } ]
                  } ]
                }, {
                  "Properties" : {
                    "Area" : "UI",
                    "AutoEvaluate" : true,
                    "DataChangeType" : "VALUE",
                    "DisplayName" : "MachineStationSelector",
                    "Expression" : "Output=(InputValue===0?'Machine':'Station');",
                    "FireOnFirstValue" : false,
                    "Height" : 28,
                    "Id" : "expression2-16",
                    "LastContainer" : false,
                    "Left" : null,
                    "Margin" : "5",
                    "OutputBaseType" : "STRING",
                    "ResponsiveLayout" : false,
                    "ShowDataLoading" : true,
                    "Top" : null,
                    "Type" : "expression2",
                    "Visible" : true,
                    "Width" : 200,
                    "Z-index" : 10,
                    "__TypeDisplayName" : "Expression",
                    "_currentParameterDefs" : [ {
                      "BaseType" : "NUMBER",
                      "Description" : "",
                      "ParameterName" : "InputValue",
                      "bindingDirection" : "Target",
                      "bindingType" : "Property",
                      "isBindingSource" : false,
                      "isBindingTarget" : true,
                      "shown" : true
                    } ]
                  },
                  "Widgets" : [ ]
                }, {
                  "Properties" : {
                    "Area" : "UI",
                    "AutoEvaluate" : false,
                    "DataChangeType" : "ALWAYS",
                    "DisplayName" : "GetNow",
                    "Expression" : "Output=new Date();",
                    "FireOnFirstValue" : false,
                    "Height" : 28,
                    "Id" : "expression2-17",
                    "LastContainer" : false,
                    "Left" : null,
                    "Margin" : "5",
                    "OutputBaseType" : "DATETIME",
                    "ResponsiveLayout" : false,
                    "ShowDataLoading" : true,
                    "Top" : null,
                    "Type" : "expression2",
                    "Visible" : true,
                    "Width" : 200,
                    "Z-index" : 10,
                    "__TypeDisplayName" : "Expression",
                    "_currentParameterDefs" : [ ]
                  },
                  "Widgets" : [ ]
                } ]
              },
              "mashupType" : "mashup"
            }
            ]]>
            </mashupContent>
            <preview></preview>
        </Mashup>
    </Mashups>
</Entities>
