<?xml version="1.0" encoding="UTF-8" standalone="no"?>
<Entities build="b52" majorVersion="8" minorVersion="0"
	modelPersistenceProviderPackage="MssqlPersistenceProviderPackage"
	revision="3" schemaVersion="1000">
	<Mashups>
		<Mashup aspect.isResponsive="true" aspect.mashupType="mashup"
			columns="0.0"
			description="***DEPRECATED*** Replaced by KBGlobalSmartKPIRailMachineLevelMashup and KBGlobalSmartKPITruckMachineLevelMashup"
			documentationContent="" homeMashup=""
			lastModifiedDate="2018-03-01T17:13:35.049+01:00"
			name="DEPRECATED-KBGlobalSmartKPIMachineLevelMashup" projectName="KBsmartKPI"
			rows="0.0" tags="KBThingWorxInstallationVocabulary:01_smartKPI_Truck">
			<Owner name="adm-flassakm" type="User" />
			<avatar />
			<DesignTimePermissions>
				<Create />
				<Read />
				<Update />
				<Delete />
				<Metadata />
			</DesignTimePermissions>
			<RunTimePermissions>
				<Permissions resourceName="*">
					<PropertyRead>
						<Principal isPermitted="true" name="KBUserGroup"
							type="Group" />
					</PropertyRead>
					<PropertyWrite />
					<ServiceInvoke>
						<Principal isPermitted="true" name="KBUserGroup"
							type="Group" />
					</ServiceInvoke>
					<EventInvoke />
					<EventSubscribe />
				</Permissions>
			</RunTimePermissions>
			<VisibilityPermissions>
				<Visibility>
					<Principal isPermitted="true" name="KBOrganization"
						type="Organization" />
				</Visibility>
			</VisibilityPermissions>
			<ConfigurationTables />
			<ParameterDefinitions />
			<Things>
				<Thing>KBSmartKPIHelperThing</Thing>
			</Things>
			<ThingShapes />
			<ThingTemplates>
				<ThingTemplate>KBLocalPlantThingTemplate</ThingTemplate>
			</ThingTemplates>
			<mashupContent><![CDATA[{
  "RunTimePermissions" : { },
  "UI" : {
    "Widgets" : [ {
      "Widgets" : [ {
        "Widgets" : [ {
          "Widgets" : [ ],
          "Properties" : {
            "ComboTextboxStyle" : "DefaultComboTextboxStyle",
            "Left" : 20,
            "Description" : "",
            "ComboDropdownButtonStyle" : "DefaultComboDropdownButtonStyle",
            "ListBackgroundStyle" : "DefaultListBackgroundStyle",
            "ShowDataLoading" : false,
            "Label" : "",
            "WidthOfDropdownView" : 500,
            "ToolTipStyle" : "DefaultTooltipStyle",
            "TabSequence" : 0,
            "__supportsTooltip" : true,
            "ComboItemHighlightedStyle" : "DefaultComboItemHighlightedStyle",
            "Alignment" : "left",
            "DropdownStyle" : "DefaultDropdownStyle",
            "DisplayField" : "DisplayName",
            "Visible" : true,
            "DisplayName" : "PlantList",
            "Height" : 170,
            "DisableSelectedStyle" : false,
            "ListItemSelectedStyle" : "DefaultListItemSelectedStyle",
            "Width" : 110,
            "DropdownButtonStyle" : "DefaultDropdownButtonStyle",
            "ValueField" : "name",
            "ClearIfNoSelection" : false,
            "ListItemHoverStyle" : "DefaultListItemHoverStyle",
            "ListLabelStyle" : "DefaultWidgetLabelStyle",
            "MultiSelect" : false,
            "__supportsLabel" : true,
            "ResponsiveLayout" : true,
            "LabelAlignment" : "left",
            "Z-index" : 10,
            "HeightOfDropdownView" : 170,
            "View" : "list",
            "__TypeDisplayName" : "List",
            "RowHeight" : 28,
            "ListItemStyle" : "DefaultListItemStyle",
            "NumberOfItemsInDropdownView" : 6,
            "Area" : "UI",
            "Type" : "dhxlist",
            "ComboEnableCheckbox" : false,
            "Top" : 75,
            "DropdownSelectedStyle" : "DefaultDropdownSelectedStyle",
            "Id" : "dhxlist-4",
            "ListItemAlternateStyle" : "DefaultListItemAlternateStyle",
            "AutoSelectFirstRow" : true
          }
        } ],
        "Properties" : {
          "MinHeight" : 0,
          "TabWidth" : 36,
          "BGImageRepeat" : "no-repeat",
          "ShowDataLoading" : true,
          "ShowExpandCollapseTab" : false,
          "ExpandCollapseTabLocation" : "outside",
          "TabExpandStyle" : "DefaultTabExpandStyle",
          "Visible" : true,
          "DisplayName" : "Left Sidebar",
          "Style" : "DefaultContainerStyle",
          "BGImageSize" : "auto",
          "Overlay" : false,
          "Expanded" : true,
          "TabCollapseStyle" : "DefaultTabCollapseStyle",
          "OverlayIsTransparent" : false,
          "ResponsiveLayout" : true,
          "Z-index" : 10,
          "TabOffset" : 0,
          "MinWidth" : 0,
          "__TypeDisplayName" : "Container",
          "TabLocation" : "center",
          "Area" : "UI",
          "Type" : "container",
          "AnimateExpandCollapse" : true,
          "TabHeight" : 36,
          "Id" : "container-2"
        }
      }, {
        "Widgets" : [ {
          "Widgets" : [ {
            "Widgets" : [ {
              "Widgets" : [ ],
              "Properties" : {
                "ComboTextboxStyle" : "DefaultComboTextboxStyle",
                "Left" : 0,
                "Description" : "",
                "ComboDropdownButtonStyle" : "DefaultComboDropdownButtonStyle",
                "ListBackgroundStyle" : "DefaultListBackgroundStyle",
                "ShowDataLoading" : false,
                "Label" : "",
                "WidthOfDropdownView" : 500,
                "ToolTipStyle" : "DefaultTooltipStyle",
                "TabSequence" : 0,
                "__supportsTooltip" : true,
                "ComboItemHighlightedStyle" : "DefaultComboItemHighlightedStyle",
                "Alignment" : "left",
                "DropdownStyle" : "DefaultDropdownStyle",
                "DisplayField" : "DisplayName",
                "Visible" : true,
                "DisplayName" : "AreaList",
                "Height" : 170,
                "DisableSelectedStyle" : false,
                "ListItemSelectedStyle" : "DefaultListItemSelectedStyle",
                "Width" : 110,
                "DropdownButtonStyle" : "DefaultDropdownButtonStyle",
                "ValueField" : "ThingName",
                "ClearIfNoSelection" : false,
                "ListItemHoverStyle" : "DefaultListItemHoverStyle",
                "ListLabelStyle" : "DefaultWidgetLabelStyle",
                "MultiSelect" : false,
                "__supportsLabel" : true,
                "ResponsiveLayout" : true,
                "LabelAlignment" : "left",
                "Z-index" : 10,
                "HeightOfDropdownView" : 170,
                "View" : "list",
                "__TypeDisplayName" : "List",
                "RowHeight" : 28,
                "ListItemStyle" : "DefaultListItemStyle",
                "NumberOfItemsInDropdownView" : 6,
                "Area" : "UI",
                "Type" : "dhxlist",
                "ComboEnableCheckbox" : false,
                "Top" : 0,
                "DropdownSelectedStyle" : "DefaultDropdownSelectedStyle",
                "Id" : "dhxlist-9",
                "ListItemAlternateStyle" : "DefaultListItemAlternateStyle",
                "AutoSelectFirstRow" : true
              }
            } ],
            "Properties" : {
              "MinHeight" : 0,
              "TabWidth" : 36,
              "BGImageRepeat" : "no-repeat",
              "ShowDataLoading" : true,
              "ShowExpandCollapseTab" : false,
              "ExpandCollapseTabLocation" : "outside",
              "TabExpandStyle" : "DefaultTabExpandStyle",
              "Visible" : true,
              "DisplayName" : "Left Sidebar",
              "Style" : "DefaultContainerStyle",
              "BGImageSize" : "auto",
              "Overlay" : false,
              "Expanded" : true,
              "TabCollapseStyle" : "DefaultTabCollapseStyle",
              "OverlayIsTransparent" : false,
              "ResponsiveLayout" : true,
              "Z-index" : 10,
              "TabOffset" : 0,
              "MinWidth" : 0,
              "__TypeDisplayName" : "Container",
              "TabLocation" : "center",
              "Area" : "UI",
              "Type" : "container",
              "AnimateExpandCollapse" : true,
              "TabHeight" : 36,
              "Id" : "container-6"
            }
          }, {
            "Widgets" : [ {
              "Widgets" : [ {
                "Widgets" : [ {
                  "Widgets" : [ ],
                  "Properties" : {
                    "ComboTextboxStyle" : "DefaultComboTextboxStyle",
                    "Left" : 20,
                    "ComboDropdownButtonStyle" : "DefaultComboDropdownButtonStyle",
                    "ListBackgroundStyle" : "DefaultListBackgroundStyle",
                    "ShowDataLoading" : false,
                    "Label" : "",
                    "WidthOfDropdownView" : 500,
                    "ToolTipStyle" : "DefaultTooltipStyle",
                    "TabSequence" : 0,
                    "__supportsTooltip" : true,
                    "ComboItemHighlightedStyle" : "DefaultComboItemHighlightedStyle",
                    "Alignment" : "left",
                    "DropdownStyle" : "DefaultDropdownStyle",
                    "DisplayField" : "DisplayName",
                    "Visible" : true,
                    "DisplayName" : "MachineList",
                    "Height" : 170,
                    "DisableSelectedStyle" : false,
                    "ListItemSelectedStyle" : "DefaultListItemSelectedStyle",
                    "Width" : 110,
                    "DropdownButtonStyle" : "DefaultDropdownButtonStyle",
                    "ValueField" : "ThingName",
                    "ClearIfNoSelection" : false,
                    "ListItemHoverStyle" : "DefaultListItemHoverStyle",
                    "ListLabelStyle" : "DefaultWidgetLabelStyle",
                    "MultiSelect" : false,
                    "__supportsLabel" : true,
                    "ResponsiveLayout" : true,
                    "LabelAlignment" : "left",
                    "Z-index" : 10,
                    "HeightOfDropdownView" : 170,
                    "View" : "list",
                    "__TypeDisplayName" : "List",
                    "RowHeight" : 28,
                    "ListItemStyle" : "DefaultListItemStyle",
                    "NumberOfItemsInDropdownView" : 6,
                    "Area" : "UI",
                    "Type" : "dhxlist",
                    "ComboEnableCheckbox" : false,
                    "Top" : 35,
                    "DropdownSelectedStyle" : "DefaultDropdownSelectedStyle",
                    "Id" : "dhxlist-13",
                    "ListItemAlternateStyle" : "DefaultListItemAlternateStyle",
                    "AutoSelectFirstRow" : true
                  }
                } ],
                "Properties" : {
                  "MinHeight" : 0,
                  "TabWidth" : 36,
                  "BGImageRepeat" : "no-repeat",
                  "ShowDataLoading" : true,
                  "ShowExpandCollapseTab" : false,
                  "ExpandCollapseTabLocation" : "outside",
                  "TabExpandStyle" : "DefaultTabExpandStyle",
                  "Visible" : true,
                  "DisplayName" : "Left Sidebar",
                  "Style" : "DefaultContainerStyle",
                  "BGImageSize" : "auto",
                  "Overlay" : false,
                  "Expanded" : true,
                  "TabCollapseStyle" : "DefaultTabCollapseStyle",
                  "OverlayIsTransparent" : false,
                  "ResponsiveLayout" : true,
                  "Z-index" : 10,
                  "TabOffset" : 0,
                  "MinWidth" : 0,
                  "__TypeDisplayName" : "Container",
                  "TabLocation" : "center",
                  "Area" : "UI",
                  "Type" : "container",
                  "AnimateExpandCollapse" : true,
                  "TabHeight" : 36,
                  "Id" : "container-11"
                }
              }, {
                "Widgets" : [ {
                  "Widgets" : [ {
                    "Widgets" : [ {
                      "Widgets" : [ {
                        "Widgets" : [ ],
                        "Properties" : {
                          "ComboTextboxStyle" : "DefaultComboTextboxStyle",
                          "Left" : 5,
                          "ComboDropdownButtonStyle" : "DefaultComboDropdownButtonStyle",
                          "ListBackgroundStyle" : "DefaultListBackgroundStyle",
                          "ShowDataLoading" : true,
                          "Label" : "",
                          "WidthOfDropdownView" : 500,
                          "ToolTipStyle" : "DefaultTooltipStyle",
                          "TabSequence" : 0,
                          "__supportsTooltip" : true,
                          "ComboItemHighlightedStyle" : "DefaultComboItemHighlightedStyle",
                          "Alignment" : "left",
                          "DropdownStyle" : "DefaultDropdownStyle",
                          "DisplayField" : "DisplayName",
                          "Visible" : true,
                          "DisplayName" : "dhxlist-168",
                          "Height" : 28,
                          "DisableSelectedStyle" : false,
                          "ListItemSelectedStyle" : "DefaultListItemSelectedStyle",
                          "Width" : 375,
                          "DropdownButtonStyle" : "DefaultDropdownButtonStyle",
                          "ValueField" : "ThingName",
                          "ClearIfNoSelection" : false,
                          "ListItemHoverStyle" : "DefaultListItemHoverStyle",
                          "ListLabelStyle" : "DefaultWidgetLabelStyle",
                          "MultiSelect" : false,
                          "__supportsLabel" : true,
                          "ResponsiveLayout" : false,
                          "LabelAlignment" : "left",
                          "Z-index" : 10,
                          "HeightOfDropdownView" : 170,
                          "View" : "dropdown",
                          "__TypeDisplayName" : "List",
                          "RowHeight" : 28,
                          "ListItemStyle" : "DefaultListItemStyle",
                          "NumberOfItemsInDropdownView" : 6,
                          "Area" : "UI",
                          "Type" : "dhxlist",
                          "ComboEnableCheckbox" : false,
                          "Top" : 5,
                          "DropdownSelectedStyle" : "DefaultDropdownSelectedStyle",
                          "Id" : "dhxlist-168",
                          "ListItemAlternateStyle" : "DefaultListItemAlternateStyle",
                          "AutoSelectFirstRow" : true
                        }
                      } ],
                      "Properties" : {
                        "Left" : 225,
                        "HideScrollbars" : false,
                        "ResponsiveLayout" : true,
                        "ShowDataLoading" : true,
                        "Z-index" : 10,
                        "VerticalAnchor" : "top",
                        "__TypeDisplayName" : "Panel",
                        "HorizontalAnchor" : "left",
                        "Area" : "UI",
                        "Type" : "panel",
                        "Top" : 5,
                        "Visible" : true,
                        "DisplayName" : "panel-169",
                        "Style" : "DefaultPanelStyle",
                        "Height" : 200,
                        "Id" : "panel-169",
                        "Width" : 300
                      }
                    } ],
                    "Properties" : {
                      "MinHeight" : 0,
                      "TabWidth" : 36,
                      "BGImageRepeat" : "no-repeat",
                      "ShowDataLoading" : true,
                      "ShowExpandCollapseTab" : false,
                      "ExpandCollapseTabLocation" : "outside",
                      "TabExpandStyle" : "DefaultTabExpandStyle",
                      "Visible" : true,
                      "DisplayName" : "Header",
                      "Style" : "DefaultContainerStyle",
                      "BGImageSize" : "auto",
                      "Overlay" : false,
                      "Expanded" : true,
                      "TabCollapseStyle" : "DefaultTabCollapseStyle",
                      "OverlayIsTransparent" : false,
                      "ResponsiveLayout" : true,
                      "Z-index" : 10,
                      "TabOffset" : 0,
                      "MinWidth" : 0,
                      "__TypeDisplayName" : "Container",
                      "TabLocation" : "center",
                      "Area" : "UI",
                      "Type" : "container",
                      "AnimateExpandCollapse" : true,
                      "TabHeight" : 36,
                      "Id" : "container-163"
                    }
                  }, {
                    "Widgets" : [ {
                      "Widgets" : [ ],
                      "Properties" : {
                        "Left" : 300,
                        "ShowDataLoading" : true,
                        "ResponsiveLayout" : true,
                        "Z-index" : 10,
                        "MashupParameters" : [ {
                          "Description" : "",
                          "BaseType" : "STRING",
                          "ParmDef" : {
                            "name" : "MachineThingName",
                            "aspects" : {
                              "ordinal" : "0"
                            },
                            "description" : "",
                            "baseType" : "STRING",
                            "ordinal" : 0
                          },
                          "ParameterName" : "MachineThingName"
                        } ],
                        "__TypeDisplayName" : "Contained Mashup",
                        "Name" : "KBRateOfQualityMashup",
                        "Area" : "UI",
                        "Type" : "mashupcontainer",
                        "TabSequenceGroup" : 0,
                        "Top" : 100,
                        "Visible" : true,
                        "DisplayName" : "mashupcontainer-165",
                        "Height" : 300,
                        "Id" : "mashupcontainer-165",
                        "Width" : 400
                      }
                    } ],
                    "Properties" : {
                      "MinHeight" : 0,
                      "TabWidth" : 36,
                      "BGImageRepeat" : "no-repeat",
                      "ShowDataLoading" : true,
                      "ShowExpandCollapseTab" : false,
                      "ExpandCollapseTabLocation" : "outside",
                      "TabExpandStyle" : "DefaultTabExpandStyle",
                      "Visible" : true,
                      "DisplayName" : "Row 1",
                      "Style" : "DefaultContainerStyle",
                      "BGImageSize" : "auto",
                      "Overlay" : false,
                      "Expanded" : true,
                      "TabCollapseStyle" : "DefaultTabCollapseStyle",
                      "OverlayIsTransparent" : false,
                      "ResponsiveLayout" : true,
                      "Z-index" : 10,
                      "TabOffset" : 0,
                      "MinWidth" : 0,
                      "__TypeDisplayName" : "Container",
                      "TabLocation" : "center",
                      "Area" : "UI",
                      "Type" : "container",
                      "AnimateExpandCollapse" : true,
                      "TabHeight" : 36,
                      "Id" : "container-164"
                    }
                  } ],
                  "Properties" : {
                    "Left" : 430,
                    "IncludeSpacingInFixedAreas" : false,
                    "ShowDataLoading" : true,
                    "HeaderHeight" : 40,
                    "PctRow4" : 0,
                    "PctRow3" : 0,
                    "PctRow2" : 0,
                    "FooterHeight" : 0,
                    "PctRow1" : 100,
                    "PctRow8" : 0,
                    "PctRow7" : 0,
                    "PctRow6" : 0,
                    "PctRow5" : 0,
                    "LeftSidebar" : false,
                    "RightSidebar" : false,
                    "PctColumn5" : 1,
                    "Visible" : true,
                    "DisplayName" : "layout-162",
                    "PctColumn6" : 1,
                    "PctColumn3" : 1,
                    "PrintWidth" : 650,
                    "PctColumn4" : 1,
                    "PctColumn1" : 50,
                    "PctColumn2" : 50,
                    "PrintMarginTopBottom" : 0.5,
                    "Rows" : 1,
                    "RightSidebarWidth" : 0,
                    "PrintMarginLeftRight" : 0.5,
                    "PctColumn7" : 1,
                    "PctColumn8" : 1,
                    "ResponsiveLayout" : true,
                    "Columns" : 0,
                    "Z-index" : 10,
                    "Spacing" : 0,
                    "Orientation" : "vertical",
                    "__TypeDisplayName" : "Layout",
                    "Area" : "UI",
                    "Type" : "layout",
                    "LeftSidebarWidth" : 0,
                    "Header" : true,
                    "Top" : 165,
                    "IsPrintLayout" : false,
                    "Footer" : false,
                    "Id" : "layout-162"
                  }
                } ],
                "Properties" : {
                  "MinHeight" : 0,
                  "TabWidth" : 36,
                  "BGImageRepeat" : "no-repeat",
                  "ShowDataLoading" : true,
                  "ShowExpandCollapseTab" : false,
                  "ExpandCollapseTabLocation" : "outside",
                  "TabExpandStyle" : "DefaultTabExpandStyle",
                  "Visible" : true,
                  "DisplayName" : "Column 1",
                  "Style" : "DefaultContainerStyle",
                  "BGImageSize" : "auto",
                  "Overlay" : false,
                  "Expanded" : true,
                  "TabCollapseStyle" : "DefaultTabCollapseStyle",
                  "OverlayIsTransparent" : false,
                  "ResponsiveLayout" : true,
                  "Z-index" : 10,
                  "TabOffset" : 0,
                  "MinWidth" : 0,
                  "__TypeDisplayName" : "Container",
                  "TabLocation" : "center",
                  "Area" : "UI",
                  "Type" : "container",
                  "AnimateExpandCollapse" : true,
                  "TabHeight" : 36,
                  "Id" : "container-12"
                }
              } ],
              "Properties" : {
                "Left" : 125,
                "IncludeSpacingInFixedAreas" : false,
                "ShowDataLoading" : true,
                "HeaderHeight" : 0,
                "PctRow4" : 0,
                "PctRow3" : 0,
                "PctRow2" : 50,
                "FooterHeight" : 0,
                "PctRow1" : 50,
                "PctRow8" : 0,
                "PctRow7" : 0,
                "PctRow6" : 0,
                "PctRow5" : 0,
                "LeftSidebar" : true,
                "RightSidebar" : false,
                "PctColumn5" : 1,
                "Visible" : true,
                "DisplayName" : "layout-10",
                "PctColumn6" : 1,
                "PctColumn3" : 1,
                "PrintWidth" : 650,
                "PctColumn4" : 1,
                "PctColumn1" : 100,
                "PctColumn2" : 0,
                "PrintMarginTopBottom" : 0.5,
                "Rows" : 0,
                "RightSidebarWidth" : 0,
                "PrintMarginLeftRight" : 0.5,
                "PctColumn7" : 1,
                "PctColumn8" : 1,
                "ResponsiveLayout" : true,
                "Columns" : 1,
                "Z-index" : 10,
                "Spacing" : 0,
                "Orientation" : "horizontal",
                "__TypeDisplayName" : "Layout",
                "Area" : "UI",
                "Type" : "layout",
                "LeftSidebarWidth" : 50,
                "Header" : false,
                "Top" : 65,
                "IsPrintLayout" : false,
                "Footer" : false,
                "Id" : "layout-10"
              }
            } ],
            "Properties" : {
              "MinHeight" : 0,
              "TabWidth" : 36,
              "BGImageRepeat" : "no-repeat",
              "ShowDataLoading" : true,
              "ShowExpandCollapseTab" : false,
              "ExpandCollapseTabLocation" : "outside",
              "TabExpandStyle" : "DefaultTabExpandStyle",
              "Visible" : true,
              "DisplayName" : "Column 1",
              "Style" : "DefaultContainerStyle",
              "BGImageSize" : "auto",
              "Overlay" : false,
              "Expanded" : true,
              "TabCollapseStyle" : "DefaultTabCollapseStyle",
              "OverlayIsTransparent" : false,
              "ResponsiveLayout" : true,
              "Z-index" : 10,
              "TabOffset" : 0,
              "MinWidth" : 0,
              "__TypeDisplayName" : "Container",
              "TabLocation" : "center",
              "Area" : "UI",
              "Type" : "container",
              "AnimateExpandCollapse" : true,
              "TabHeight" : 36,
              "Id" : "container-7"
            }
          } ],
          "Properties" : {
            "Left" : 315,
            "IncludeSpacingInFixedAreas" : false,
            "ShowDataLoading" : true,
            "HeaderHeight" : 0,
            "PctRow4" : 0,
            "PctRow3" : 0,
            "PctRow2" : 50,
            "FooterHeight" : 0,
            "PctRow1" : 50,
            "PctRow8" : 0,
            "PctRow7" : 0,
            "PctRow6" : 0,
            "PctRow5" : 0,
            "LeftSidebar" : true,
            "RightSidebar" : false,
            "PctColumn5" : 1,
            "Visible" : true,
            "DisplayName" : "layout-5",
            "PctColumn6" : 1,
            "PctColumn3" : 1,
            "PrintWidth" : 650,
            "PctColumn4" : 1,
            "PctColumn1" : 100,
            "PctColumn2" : 0,
            "PrintMarginTopBottom" : 0.5,
            "Rows" : 0,
            "RightSidebarWidth" : 0,
            "PrintMarginLeftRight" : 0.5,
            "PctColumn7" : 1,
            "PctColumn8" : 1,
            "ResponsiveLayout" : true,
            "Columns" : 1,
            "Z-index" : 10,
            "Spacing" : 0,
            "Orientation" : "horizontal",
            "__TypeDisplayName" : "Layout",
            "Area" : "UI",
            "Type" : "layout",
            "LeftSidebarWidth" : 50,
            "Header" : false,
            "Top" : 95,
            "IsPrintLayout" : false,
            "Footer" : false,
            "Id" : "layout-5"
          }
        } ],
        "Properties" : {
          "MinHeight" : 0,
          "TabWidth" : 36,
          "BGImageRepeat" : "no-repeat",
          "ShowDataLoading" : true,
          "ShowExpandCollapseTab" : false,
          "ExpandCollapseTabLocation" : "outside",
          "TabExpandStyle" : "DefaultTabExpandStyle",
          "Visible" : true,
          "DisplayName" : "Column 1",
          "Style" : "DefaultContainerStyle",
          "BGImageSize" : "auto",
          "Overlay" : false,
          "Expanded" : true,
          "TabCollapseStyle" : "DefaultTabCollapseStyle",
          "OverlayIsTransparent" : false,
          "ResponsiveLayout" : true,
          "Z-index" : 10,
          "TabOffset" : 0,
          "MinWidth" : 0,
          "__TypeDisplayName" : "Container",
          "TabLocation" : "center",
          "Area" : "UI",
          "Type" : "container",
          "AnimateExpandCollapse" : true,
          "TabHeight" : 36,
          "Id" : "container-3"
        }
      } ],
      "Properties" : {
        "Left" : 420,
        "IncludeSpacingInFixedAreas" : false,
        "ShowDataLoading" : true,
        "HeaderHeight" : 0,
        "PctRow4" : 0,
        "PctRow3" : 0,
        "PctRow2" : 50,
        "FooterHeight" : 0,
        "PctRow1" : 50,
        "PctRow8" : 0,
        "PctRow7" : 0,
        "PctRow6" : 0,
        "PctRow5" : 0,
        "LeftSidebar" : true,
        "RightSidebar" : false,
        "PctColumn5" : 1,
        "Visible" : true,
        "DisplayName" : "layout-1",
        "PctColumn6" : 1,
        "PctColumn3" : 1,
        "PrintWidth" : 650,
        "PctColumn4" : 1,
        "PctColumn1" : 100,
        "PctColumn2" : 0,
        "PrintMarginTopBottom" : 0.5,
        "Rows" : 0,
        "RightSidebarWidth" : 0,
        "PrintMarginLeftRight" : 0.5,
        "PctColumn7" : 1,
        "PctColumn8" : 1,
        "ResponsiveLayout" : true,
        "Columns" : 1,
        "Z-index" : 10,
        "Spacing" : 0,
        "Orientation" : "horizontal",
        "__TypeDisplayName" : "Layout",
        "Area" : "UI",
        "Type" : "layout",
        "LeftSidebarWidth" : 50,
        "Header" : false,
        "Top" : 165,
        "IsPrintLayout" : false,
        "Footer" : false,
        "Id" : "layout-1"
      }
    } ],
    "Properties" : {
      "MinHeight" : 0,
      "Left" : 0,
      "BGImageRepeat" : "no-repeat",
      "ShowDataLoading" : true,
      "AddToDashboardButtonStyle" : "DefaultAddToDashboardButtonStyle",
      "id_index" : 169,
      "supportsAutoResize" : true,
      "Visible" : true,
      "DisplayName" : "Mashup",
      "Style" : "DefaultMashupStyle",
      "BGImageSize" : "auto",
      "Height" : 618,
      "Width" : 1024,
      "TitleBar" : false,
      "Rows" : 0,
      "ConfigureGadgetButtonStyle" : "DefaultConfigureGadgetButtonStyle",
      "TitleBarStyle" : "DefaultTitleBarStyle",
      "ResponsiveLayout" : true,
      "Title" : "",
      "Columns" : 0,
      "Z-index" : 10,
      "TitleBarText" : "Gadget Title Here",
      "MinWidth" : 0,
      "__TypeDisplayName" : "Mashup",
      "EnableParameterEditing" : false,
      "Master" : "KBSmartProductionMaster1Mashup",
      "Area" : "Mashup",
      "Type" : "mashup",
      "Top" : 0,
      "IsPrintLayout" : false,
      "MashupToEditGadget" : "DefaultMashupToEditGadget",
      "Id" : "mashup-root",
      "IgnoreWarningsInViewMashup" : false
    }
  },
  "Events" : [ {
    "EventTriggerArea" : "Mashup",
    "EventHandlerService" : "GetImplementingThingsWithData",
    "EventTriggerSection" : "",
    "EventHandlerId" : "ThingTemplates_KBLocalPlantThingTemplate",
    "EventTriggerEvent" : "Loaded",
    "Id" : "93490a35-b724-4477-91cf-a1b05a0cce8a",
    "EventTriggerId" : "mashup-root",
    "EventHandlerArea" : "Data"
  }, {
    "EventTriggerArea" : "Data",
    "EventHandlerService" : "GetAreasforSmartKPIVisualization",
    "EventTriggerSection" : "ThingTemplates_KBLocalPlantThingTemplate",
    "EventHandlerId" : "Things_KBSmartKPIHelperThing",
    "EventTriggerEvent" : "SelectedRowsChanged",
    "Id" : "f3bd331d-22d1-46d6-8da5-2e0943c88157",
    "EventTriggerId" : "GetImplementingThingsWithData",
    "EventHandlerArea" : "Data"
  }, {
    "EventTriggerArea" : "Data",
    "EventHandlerService" : "GetMachinesforSmartKPIVisualization",
    "EventTriggerSection" : "Things_KBSmartKPIHelperThing",
    "EventHandlerId" : "Things_KBSmartKPIHelperThing",
    "EventTriggerEvent" : "SelectedRowsChanged",
    "Id" : "7cbe7979-ebe6-469e-a7ea-46816473b2cf",
    "EventTriggerId" : "GetAreasforSmartKPIVisualization",
    "EventHandlerArea" : "Data"
  }, {
    "EventTriggerArea" : "UI",
    "EventHandlerService" : "Refresh",
    "EventTriggerSection" : "",
    "EventHandlerId" : "mashupcontainer-141",
    "EventTriggerEvent" : "Refresh",
    "Id" : "0699e5f0-65e1-4a1b-9e5e-edb3fdfec7da",
    "EventTriggerId" : "autorefresh-29",
    "EventHandlerArea" : "UI"
  }, {
    "EventTriggerArea" : "UI",
    "EventHandlerService" : "Refresh",
    "EventTriggerSection" : "",
    "EventHandlerId" : "mashupcontainer-142",
    "EventTriggerEvent" : "Refresh",
    "Id" : "9e314917-ed87-4a5c-a4e3-91b9d6d13f18",
    "EventTriggerId" : "autorefresh-29",
    "EventHandlerArea" : "UI"
  }, {
    "EventTriggerArea" : "UI",
    "EventHandlerService" : "Refresh",
    "EventTriggerSection" : "",
    "EventHandlerId" : "mashupcontainer-143",
    "EventTriggerEvent" : "Refresh",
    "Id" : "dfff52c9-4d8b-42b1-9860-bb5514d60090",
    "EventTriggerId" : "autorefresh-29",
    "EventHandlerArea" : "UI"
  }, {
    "EventTriggerArea" : "UI",
    "EventHandlerService" : "Refresh",
    "EventTriggerSection" : "",
    "EventHandlerId" : "mashupcontainer-144",
    "EventTriggerEvent" : "Refresh",
    "Id" : "83f4a91a-ba24-41f8-b988-a3208abf0628",
    "EventTriggerId" : "autorefresh-29",
    "EventHandlerArea" : "UI"
  }, {
    "EventTriggerArea" : "UI",
    "EventHandlerService" : "Refresh",
    "EventTriggerSection" : "",
    "EventHandlerId" : "mashupcontainer-145",
    "EventTriggerEvent" : "Refresh",
    "Id" : "fc47e44c-f43c-473a-b859-8fb3e3285364",
    "EventTriggerId" : "autorefresh-29",
    "EventHandlerArea" : "UI"
  }, {
    "EventTriggerArea" : "UI",
    "EventHandlerService" : "Refresh",
    "EventTriggerSection" : "",
    "EventHandlerId" : "mashupcontainer-146",
    "EventTriggerEvent" : "Refresh",
    "Id" : "c539fccd-ab6d-4234-b843-9c1efaccfaba",
    "EventTriggerId" : "autorefresh-29",
    "EventHandlerArea" : "UI"
  }, {
    "EventTriggerArea" : "UI",
    "EventHandlerService" : "Refresh",
    "EventTriggerSection" : "",
    "EventHandlerId" : "mashupcontainer-155",
    "EventTriggerEvent" : "Refresh",
    "Id" : "9e21fff7-d4ed-4beb-bed7-bcdd570793fb",
    "EventTriggerId" : "autorefresh-29",
    "EventHandlerArea" : "UI"
  }, {
    "EventTriggerArea" : "UI",
    "EventHandlerService" : "Refresh",
    "EventTriggerSection" : "",
    "EventHandlerId" : "mashupcontainer-156",
    "EventTriggerEvent" : "Refresh",
    "Id" : "a18f7894-8e25-4086-9d6e-e7078f393362",
    "EventTriggerId" : "autorefresh-29",
    "EventHandlerArea" : "UI"
  }, {
    "EventTriggerArea" : "UI",
    "EventHandlerService" : "Refresh",
    "EventTriggerSection" : "",
    "EventHandlerId" : "mashupcontainer-157",
    "EventTriggerEvent" : "Refresh",
    "Id" : "26677ea1-8835-48cc-a797-02c2a1e22b3c",
    "EventTriggerId" : "autorefresh-29",
    "EventHandlerArea" : "UI"
  }, {
    "EventTriggerArea" : "UI",
    "EventHandlerService" : "Refresh",
    "EventTriggerSection" : "",
    "EventHandlerId" : "mashupcontainer-158",
    "EventTriggerEvent" : "Refresh",
    "Id" : "3ac33aff-468a-4c8d-9a14-4e8ed3d6965e",
    "EventTriggerId" : "autorefresh-29",
    "EventHandlerArea" : "UI"
  }, {
    "EventTriggerArea" : "UI",
    "EventHandlerService" : "Refresh",
    "EventTriggerSection" : "",
    "EventHandlerId" : "mashupcontainer-159",
    "EventTriggerEvent" : "Refresh",
    "Id" : "32266119-4d21-4f6a-a326-2f89a8413aa4",
    "EventTriggerId" : "autorefresh-29",
    "EventHandlerArea" : "UI"
  }, {
    "EventTriggerArea" : "UI",
    "EventHandlerService" : "Refresh",
    "EventTriggerSection" : "",
    "EventHandlerId" : "mashupcontainer-160",
    "EventTriggerEvent" : "Refresh",
    "Id" : "68e1039f-b6ea-4cf2-b06a-6b4a6f5fa881",
    "EventTriggerId" : "autorefresh-29",
    "EventHandlerArea" : "UI"
  }, {
    "EventTriggerArea" : "Mashup",
    "EventHandlerService" : "GetGlobalKpisForMenue",
    "EventTriggerSection" : "",
    "EventHandlerId" : "Things_KBSmartKPIHelperThing",
    "EventTriggerEvent" : "Loaded",
    "Id" : "901df3b0-522e-408a-b694-e4a77a3a97a2",
    "EventTriggerId" : "mashup-root",
    "EventHandlerArea" : "Data"
  }, {
    "EventTriggerArea" : "Data",
    "EventHandlerService" : "Refresh",
    "EventTriggerSection" : "Things_KBSmartKPIHelperThing",
    "EventHandlerId" : "mashupcontainer-165",
    "EventTriggerEvent" : "SelectedRowsChanged",
    "Id" : "bab82829-dff9-43e8-aed3-450c21c201a2",
    "EventTriggerId" : "GetGlobalKpisForMenue",
    "EventHandlerArea" : "UI"
  } ],
  "mashupType" : "mashup",
  "DataBindings" : [ {
    "SourceArea" : "Data",
    "TargetArea" : "UI",
    "TargetSection" : "",
    "SourceId" : "GetImplementingThingsWithData",
    "Id" : "a3df45e1-d555-49fc-825b-c05f9a7f1b28",
    "SourceSection" : "ThingTemplates_KBLocalPlantThingTemplate",
    "SourceDetails" : "AllData",
    "PropertyMaps" : [ {
      "SourcePropertyType" : "InfoTable",
      "TargetProperty" : "Data",
      "TargetPropertyType" : "property",
      "SourcePropertyBaseType" : "INFOTABLE",
      "TargetPropertyBaseType" : "INFOTABLE",
      "SourceProperty" : ""
    } ],
    "TargetId" : "dhxlist-4"
  }, {
    "SourceArea" : "Data",
    "TargetArea" : "Data",
    "TargetSection" : "Things_KBSmartKPIHelperThing",
    "SourceId" : "GetImplementingThingsWithData",
    "Id" : "14b2c377-6ab7-4ff0-bb97-4fc337593e77",
    "SourceSection" : "ThingTemplates_KBLocalPlantThingTemplate",
    "SourceDetails" : "SelectedRows",
    "PropertyMaps" : [ {
      "TargetProperty" : "KBPlantThing",
      "TargetPropertyType" : "Parameter",
      "SourcePropertyBaseType" : "STRING",
      "TargetPropertyBaseType" : "THINGNAME",
      "SourceProperty" : "name"
    } ],
    "TargetId" : "GetAreasforSmartKPIVisualization"
  }, {
    "SourceArea" : "Data",
    "TargetArea" : "UI",
    "TargetSection" : "",
    "SourceId" : "GetAreasforSmartKPIVisualization",
    "Id" : "25579de9-dade-4c98-8763-8bf697c80777",
    "SourceSection" : "Things_KBSmartKPIHelperThing",
    "SourceDetails" : "AllData",
    "PropertyMaps" : [ {
      "SourcePropertyType" : "InfoTable",
      "TargetProperty" : "Data",
      "TargetPropertyType" : "property",
      "SourcePropertyBaseType" : "INFOTABLE",
      "TargetPropertyBaseType" : "INFOTABLE",
      "SourceProperty" : ""
    } ],
    "TargetId" : "dhxlist-9"
  }, {
    "SourceArea" : "Data",
    "TargetArea" : "Data",
    "TargetSection" : "Things_KBSmartKPIHelperThing",
    "SourceId" : "GetAreasforSmartKPIVisualization",
    "Id" : "5e534942-0bed-4b67-83e4-445fdcb05a2f",
    "SourceSection" : "Things_KBSmartKPIHelperThing",
    "SourceDetails" : "SelectedRows",
    "PropertyMaps" : [ {
      "TargetProperty" : "AreaThing",
      "TargetPropertyType" : "Parameter",
      "SourcePropertyBaseType" : "STRING",
      "TargetPropertyBaseType" : "STRING",
      "SourceProperty" : "ThingName"
    } ],
    "TargetId" : "GetMachinesforSmartKPIVisualization"
  }, {
    "SourceArea" : "Data",
    "TargetArea" : "UI",
    "TargetSection" : "",
    "SourceId" : "GetMachinesforSmartKPIVisualization",
    "Id" : "3eb68438-c167-4033-b3ea-73233b4e0c78",
    "SourceSection" : "Things_KBSmartKPIHelperThing",
    "SourceDetails" : "AllData",
    "PropertyMaps" : [ {
      "SourcePropertyType" : "InfoTable",
      "TargetProperty" : "Data",
      "TargetPropertyType" : "property",
      "SourcePropertyBaseType" : "INFOTABLE",
      "TargetPropertyBaseType" : "INFOTABLE",
      "SourceProperty" : ""
    } ],
    "TargetId" : "dhxlist-13"
  }, {
    "SourceArea" : "Data",
    "TargetArea" : "UI",
    "TargetSection" : "",
    "SourceId" : "GetMachinesforSmartKPIVisualization",
    "Id" : "5a470a9e-49ca-476a-81d5-dbee9bc184b3",
    "SourceSection" : "Things_KBSmartKPIHelperThing",
    "SourceDetails" : "SelectedRows",
    "PropertyMaps" : [ {
      "SourcePropertyType" : "Field",
      "TargetProperty" : "MachineThingName",
      "TargetPropertyType" : "property",
      "SourcePropertyBaseType" : "STRING",
      "TargetPropertyBaseType" : "STRING",
      "SourceProperty" : "ThingName"
    } ],
    "TargetId" : "mashupcontainer-165"
  }, {
    "SourceArea" : "Data",
    "TargetArea" : "UI",
    "TargetSection" : "",
    "SourceId" : "GetGlobalKpisForMenue",
    "Id" : "0acfc80b-1b07-4e6b-b0d3-7d1596148259",
    "SourceSection" : "Things_KBSmartKPIHelperThing",
    "SourceDetails" : "SelectedRows",
    "PropertyMaps" : [ {
      "SourcePropertyType" : "Field",
      "TargetProperty" : "Name",
      "TargetPropertyType" : "property",
      "SourcePropertyBaseType" : "STRING",
      "TargetPropertyBaseType" : "MASHUPNAME",
      "SourceProperty" : "ThingName"
    } ],
    "TargetId" : "mashupcontainer-165"
  }, {
    "SourceArea" : "Data",
    "TargetArea" : "UI",
    "TargetSection" : "",
    "SourceId" : "GetGlobalKpisForMenue",
    "Id" : "b22fe6b1-19fb-44ab-824c-5030bd866f6f",
    "SourceSection" : "Things_KBSmartKPIHelperThing",
    "SourceDetails" : "AllData",
    "PropertyMaps" : [ {
      "SourcePropertyType" : "InfoTable",
      "TargetProperty" : "Data",
      "TargetPropertyType" : "property",
      "SourcePropertyBaseType" : "INFOTABLE",
      "TargetPropertyBaseType" : "INFOTABLE",
      "SourceProperty" : ""
    } ],
    "TargetId" : "dhxlist-168"
  } ],
  "Data" : {
    "Things_KBSmartKPIHelperThing" : {
      "EntityType" : "Things",
      "Services" : [ {
        "Target" : "GetAreasforSmartKPIVisualization",
        "Parameters" : { },
        "APIMethod" : "post",
        "Characteristic" : "Services",
        "RefreshInterval" : 0,
        "Id" : "52e8dcb5-471f-42ef-a882-f942394bf07a",
        "Name" : "GetAreasforSmartKPIVisualization"
      }, {
        "Target" : "GetMachinesforSmartKPIVisualization",
        "Parameters" : { },
        "APIMethod" : "post",
        "Characteristic" : "Services",
        "RefreshInterval" : 0,
        "Id" : "50620acf-f134-402e-b056-4059bc2562d2",
        "Name" : "GetMachinesforSmartKPIVisualization"
      }, {
        "Target" : "GetGlobalKpisForMenue",
        "Parameters" : { },
        "APIMethod" : "post",
        "Characteristic" : "Services",
        "RefreshInterval" : 0,
        "Id" : "667ae6b3-22b2-4cd4-afd5-eb76219c9e4e",
        "Name" : "GetGlobalKpisForMenue"
      } ],
      "EntityName" : "KBSmartKPIHelperThing",
      "Id" : "8bd6b11d-722e-465c-a7a1-f81cb6f049bc",
      "DataName" : "Things_KBSmartKPIHelperThing"
    },
    "ThingTemplates_KBLocalPlantThingTemplate" : {
      "EntityType" : "ThingTemplates",
      "Services" : [ {
        "Target" : "GetImplementingThingsWithData",
        "Parameters" : { },
        "APIMethod" : "post",
        "Characteristic" : "Services",
        "RefreshInterval" : 0,
        "Id" : "53c2a364-f101-49cf-8513-3745fec8f0e7",
        "Name" : "GetImplementingThingsWithData"
      } ],
      "EntityName" : "KBLocalPlantThingTemplate",
      "Id" : "c597fa5a-18fd-4559-88d2-374d0b8fcd8c",
      "DataName" : "ThingTemplates_KBLocalPlantThingTemplate"
    },
    "UserExtensions" : {
      "EntityType" : "UserExtensions",
      "Services" : [ {
        "Target" : "GetCurrentUserExtensionProperties",
        "Parameters" : { },
        "APIMethod" : "post",
        "Characteristic" : "Services",
        "RefreshInterval" : 0,
        "Id" : "UserExtensionInterface",
        "Name" : "GetCurrentUserExtensionProperties"
      } ],
      "EntityName" : "",
      "Id" : "UserExtensions",
      "DataName" : "UserExtensions"
    },
    "Session" : {
      "EntityType" : "Session",
      "Services" : [ {
        "Target" : "GetGlobalSessionValues",
        "Parameters" : { },
        "APIMethod" : "post",
        "Characteristic" : "Services",
        "RefreshInterval" : 0,
        "Id" : "SessionInterface",
        "Name" : "GetGlobalSessionValues"
      } ],
      "EntityName" : "",
      "Id" : "session",
      "DataName" : "Session"
    }
  },
  "DesignTimePermissions" : { }
}]]></mashupContent>
			<ConfigurationChanges>
				<ConfigurationChange changeAction="CREATE"
					changeReason="header : name : updated&#10;"
					timestamp="2018-03-01T16:30:21.824+01:00" user="adm-flassakm" />
				<ConfigurationChange changeAction="MODIFY"
					changeReason="" timestamp="2018-03-01T16:31:51.544+01:00"
					user="adm-flassakm" />
				<ConfigurationChange changeAction="MODIFY"
					changeReason="" timestamp="2018-03-01T16:33:22.654+01:00"
					user="adm-flassakm" />
				<ConfigurationChange changeAction="MODIFY"
					changeReason="" timestamp="2018-03-01T16:33:49.482+01:00"
					user="adm-flassakm" />
				<ConfigurationChange changeAction="MODIFY"
					changeReason="" timestamp="2018-03-01T16:41:42.096+01:00"
					user="adm-flassakm" />
				<ConfigurationChange changeAction="MODIFY"
					changeReason="" timestamp="2018-03-01T16:47:23.005+01:00"
					user="adm-flassakm" />
				<ConfigurationChange changeAction="MODIFY"
					changeReason="" timestamp="2018-03-01T16:47:24.770+01:00"
					user="adm-flassakm" />
				<ConfigurationChange changeAction="MODIFY"
					changeReason="" timestamp="2018-03-01T16:51:55.554+01:00"
					user="adm-flassakm" />
				<ConfigurationChange changeAction="MODIFY"
					changeReason="" timestamp="2018-03-01T17:07:44.343+01:00"
					user="adm-flassakm" />
				<ConfigurationChange changeAction="MODIFY"
					changeReason="" timestamp="2018-03-01T17:07:45.687+01:00"
					user="adm-flassakm" />
				<ConfigurationChange changeAction="MODIFY"
					changeReason="" timestamp="2018-03-01T17:09:21.172+01:00"
					user="adm-flassakm" />
				<ConfigurationChange changeAction="MODIFY"
					changeReason="" timestamp="2018-03-01T17:09:22.829+01:00"
					user="adm-flassakm" />
				<ConfigurationChange changeAction="MODIFY"
					changeReason="" timestamp="2018-03-01T17:10:58.845+01:00"
					user="adm-flassakm" />
				<ConfigurationChange changeAction="MODIFY"
					changeReason="" timestamp="2018-03-01T17:11:21.736+01:00"
					user="adm-flassakm" />
				<ConfigurationChange changeAction="MODIFY"
					changeReason="" timestamp="2018-03-01T17:13:35.049+01:00"
					user="adm-flassakm" />
			</ConfigurationChanges>
		</Mashup>
	</Mashups>
</Entities>