<?xml version="1.0" encoding="UTF-8"?>
<Entities
 majorVersion="9"
 minorVersion="3"
 universal="password">
    <Mashups>
        <Mashup
         aspect.isFlex="true"
         aspect.isResponsive="true"
         aspect.mashupType="mashup"
         columns="0.0"
         description=""
         documentationContent=""
         homeMashup=""
         name="KBLocalSmartKPIProductiveTimeLossesDummyMashup"
         projectName="KBsmartKPI"
         rows="0.0"
         tags="KBThingWorxInstallationVocabulary:ExtensionSmartKPI">
            <avatar></avatar>
            <DesignTimePermissions>
                <Create></Create>
                <Read>
                    <Principal
                     isPermitted="true"
                     name="KBMesKitHelperUser"
                     type="User"></Principal>
                </Read>
                <Update></Update>
                <Delete></Delete>
                <Metadata></Metadata>
            </DesignTimePermissions>
            <RunTimePermissions>
                <Permissions
                 resourceName="*">
                    <PropertyRead>
                        <Principal
                         isPermitted="true"
                         name="KBMesKitHelperUser"
                         type="User"></Principal>
                        <Principal
                         isPermitted="true"
                         name="KBUserGroup"
                         type="Group"></Principal>
                    </PropertyRead>
                    <PropertyWrite></PropertyWrite>
                    <ServiceInvoke>
                        <Principal
                         isPermitted="true"
                         name="KBMesKitHelperUser"
                         type="User"></Principal>
                        <Principal
                         isPermitted="true"
                         name="KBUserGroup"
                         type="Group"></Principal>
                    </ServiceInvoke>
                    <EventInvoke></EventInvoke>
                    <EventSubscribe></EventSubscribe>
                </Permissions>
            </RunTimePermissions>
            <VisibilityPermissions>
                <Visibility>
                    <Principal
                     isPermitted="true"
                     name="KBBackGroundWorker"
                     type="Organization"></Principal>
                    <Principal
                     isPermitted="true"
                     name="KBOrganization"
                     type="Organization"></Principal>
                </Visibility>
            </VisibilityPermissions>
            <ConfigurationTableDefinitions></ConfigurationTableDefinitions>
            <ConfigurationTables>
                <ConfigurationTable
                 dataShapeName=""
                 description="Mashup Mobile Settings"
                 isHidden="true"
                 isMultiRow="false"
                 name="MobileSettings"
                 ordinal="0">
                    <DataShape>
                        <FieldDefinitions>
                            <FieldDefinition
                             aspect.defaultValue="false"
                             aspect.friendlyName="Disable Zoom"
                             baseType="BOOLEAN"
                             description="Disables zooming in and out within the mashup"
                             name="disableZoom"
                             ordinal="0"></FieldDefinition>
                            <FieldDefinition
                             aspect.defaultValue="true"
                             aspect.friendlyName="Full Screen Mode"
                             baseType="BOOLEAN"
                             description="Open the mashup in full screen mode"
                             name="fullScreenMode"
                             ordinal="0"></FieldDefinition>
                            <FieldDefinition
                             aspect.friendlyName="Height"
                             baseType="STRING"
                             description="The height of the mashup page"
                             name="height"
                             ordinal="0"></FieldDefinition>
                            <FieldDefinition
                             aspect.defaultValue="device-height"
                             aspect.friendlyName="Height Type"
                             baseType="STRING"
                             description="Use the height of the device display, or a custom height (in px)"
                             name="heightType"
                             ordinal="0"></FieldDefinition>
                            <FieldDefinition
                             aspect.defaultValue="1.0"
                             aspect.friendlyName="Initial Scale"
                             baseType="NUMBER"
                             description="The initial zoom scale when the mashup is loaded for the first time"
                             name="initialScale"
                             ordinal="0"></FieldDefinition>
                            <FieldDefinition
                             aspect.friendlyName="Shortcut Icon Title"
                             baseType="STRING"
                             description="A title for the mashup shortcut on the iOS home screen"
                             name="iosShortcutIconTitle"
                             ordinal="0"></FieldDefinition>
                            <FieldDefinition
                             aspect.defaultValue="black-translucent"
                             aspect.friendlyName="Status Bar Appearance"
                             baseType="STRING"
                             description="The style of the iOS status bar"
                             name="iosStatusBarAppearance"
                             ordinal="0"></FieldDefinition>
                            <FieldDefinition
                             aspect.defaultValue="10.0"
                             aspect.friendlyName="Maximum Scale"
                             baseType="NUMBER"
                             description="The maximum scale that users can zoom out to"
                             name="maximumScale"
                             ordinal="0"></FieldDefinition>
                            <FieldDefinition
                             aspect.defaultValue="0.1"
                             aspect.friendlyName="Minimum Scale"
                             baseType="NUMBER"
                             description="The minimum scale that users can zoom out to"
                             name="minimumScale"
                             ordinal="0"></FieldDefinition>
                            <FieldDefinition
                             aspect.friendlyName="Width"
                             baseType="STRING"
                             description="The width of the mashup page"
                             name="width"
                             ordinal="0"></FieldDefinition>
                            <FieldDefinition
                             aspect.defaultValue="device-width"
                             aspect.friendlyName="Width Type"
                             baseType="STRING"
                             description="Use the width of the device display, or a custom width (in px)"
                             name="widthType"
                             ordinal="0"></FieldDefinition>
                        </FieldDefinitions>
                    </DataShape>
                    <Rows>
                        <Row>
                            <disableZoom>false</disableZoom>
                            <fullScreenMode>true</fullScreenMode>
                            <height></height>
                            <heightType>
                            <![CDATA[
                            device-height
                            ]]>
                            </heightType>
                            <initialScale>1.0</initialScale>
                            <iosShortcutIconTitle></iosShortcutIconTitle>
                            <iosStatusBarAppearance>
                            <![CDATA[
                            black-translucent
                            ]]>
                            </iosStatusBarAppearance>
                            <maximumScale>10.0</maximumScale>
                            <minimumScale>0.1</minimumScale>
                            <width></width>
                            <widthType>
                            <![CDATA[
                            device-width
                            ]]>
                            </widthType>
                        </Row>
                    </Rows>
                </ConfigurationTable>
            </ConfigurationTables>
            <ParameterDefinitions>
                <FieldDefinition
                 aspect.bindingDirection="BOTH"
                 aspect.isMandatory="false"
                 baseType="STRING"
                 description=""
                 name="CalculationBase"
                 ordinal="0"></FieldDefinition>
                <FieldDefinition
                 aspect.bindingDirection="IN"
                 aspect.isMandatory="false"
                 baseType="DATETIME"
                 description=""
                 name="EndDate"
                 ordinal="0"></FieldDefinition>
                <FieldDefinition
                 aspect.bindingDirection="IN"
                 aspect.isMandatory="false"
                 baseType="STRING"
                 description=""
                 name="Level"
                 ordinal="0"></FieldDefinition>
                <FieldDefinition
                 aspect.bindingDirection="BOTH"
                 aspect.isMandatory="false"
                 baseType="STRING"
                 description=""
                 name="Machine"
                 ordinal="0"></FieldDefinition>
                <FieldDefinition
                 aspect.bindingDirection="BOTH"
                 aspect.isMandatory="false"
                 baseType="STRING"
                 description=""
                 name="MachineName"
                 ordinal="0"></FieldDefinition>
                <FieldDefinition
                 aspect.bindingDirection="IN"
                 aspect.isMandatory="false"
                 baseType="DATETIME"
                 description=""
                 name="Startdate"
                 ordinal="0"></FieldDefinition>
                <FieldDefinition
                 aspect.bindingDirection="BOTH"
                 aspect.isMandatory="false"
                 baseType="STRING"
                 description=""
                 name="Station"
                 ordinal="0"></FieldDefinition>
            </ParameterDefinitions>
            <Things></Things>
            <ThingShapes></ThingShapes>
            <ThingTemplates></ThingTemplates>
            <mashupContent>
            <![CDATA[
            {
              "CustomMashupCss" : ".customCSSForInvisHeader .widget-ptcstabset::part(tabs-header){\ndisplay : none ;\n    \n}\n\n.customCSSForInvisHeaderSub .widget-ptcstabset::part(divider){\ndisplay : none ;\n    \n}\n\n\n\n.customCSSForInvisHeader1 .widget-ptcstabset::part(tabs-header){\ndisplay : flex ;\n}\n\n.customCSSForInvisHeader2 .widget-ptcstabset::part(tabs-header){\ndisplay : none ;\n}\n\n.customCSSForInvisHeader3 .widget-ptcstabset::part(tabs-header){\ndisplay : none ;\n    \n}\n\n.customCSSForInvisHeader3New .widget-ptcstabset::part(tab){\ndisplay : none ;\n    \n}\n\n.customCSSForInvisHeader3Sub .widget-ptcstabset::part(divider){\ndisplay : none ;\n    \n}\n\n",
              "Data" : {
                "Session" : {
                  "DataName" : "Session",
                  "EntityName" : "",
                  "EntityType" : "Session",
                  "Id" : "session",
                  "Services" : [ {
                    "APIMethod" : "post",
                    "Characteristic" : "Services",
                    "Id" : "SessionInterface",
                    "Name" : "GetGlobalSessionValues",
                    "Parameters" : { },
                    "RefreshInterval" : 0,
                    "Target" : "GetGlobalSessionValues"
                  } ]
                },
                "UserExtensions" : {
                  "DataName" : "UserExtensions",
                  "EntityName" : "",
                  "EntityType" : "UserExtensions",
                  "Id" : "UserExtensions",
                  "Services" : [ {
                    "APIMethod" : "post",
                    "Characteristic" : "Services",
                    "Id" : "UserExtensionInterface",
                    "Name" : "GetCurrentUserExtensionProperties",
                    "Parameters" : { },
                    "RefreshInterval" : 0,
                    "Target" : "GetCurrentUserExtensionProperties"
                  } ]
                }
              },
              "DataBindings" : [ ],
              "DesignTimePermissions" : {
                "Create" : [ ],
                "Delete" : [ ],
                "Metadata" : [ ],
                "Read" : [ {
                  "isPermitted" : true,
                  "name" : "KBMesKitHelperUser",
                  "type" : "User"
                } ],
                "Update" : [ ]
              },
              "Events" : [ ],
              "Reminders" : [ ],
              "RunTimePermissions" : {
                "permissions" : [ {
                  "EventInvoke" : [ ],
                  "EventSubscribe" : [ ],
                  "PropertyRead" : [ {
                    "isPermitted" : true,
                    "name" : "KBUserGroup",
                    "type" : "Group"
                  }, {
                    "isPermitted" : true,
                    "name" : "KBMesKitHelperUser",
                    "type" : "User"
                  } ],
                  "PropertyWrite" : [ ],
                  "ServiceInvoke" : [ {
                    "isPermitted" : true,
                    "name" : "KBUserGroup",
                    "type" : "Group"
                  }, {
                    "isPermitted" : true,
                    "name" : "KBMesKitHelperUser",
                    "type" : "User"
                  } ],
                  "resourceName" : "*"
                } ]
              },
              "UI" : {
                "Properties" : {
                  "AddToDashboardButton" : "SimplePlus",
                  "AddToDashboardButtonStyle" : "DefaultAddToDashboardButtonStyle",
                  "Area" : "Mashup",
                  "BGImage" : "",
                  "BGImageRepeat" : "no-repeat",
                  "BGImageSize" : "auto",
                  "Columns" : 0,
                  "ConfigureGadgetButton" : "SimpleGear",
                  "ConfigureGadgetButtonStyle" : "DefaultConfigureGadgetButtonStyle",
                  "DisplayName" : "Mashup",
                  "EnableParameterEditing" : false,
                  "Height" : 618,
                  "Id" : "mashup-root",
                  "IgnoreWarningsInViewMashup" : false,
                  "IsPrintLayout" : false,
                  "Left" : 0,
                  "Level" : "L1",
                  "Machine" : "-nothing-",
                  "MachineName" : "",
                  "Margin" : "5",
                  "MashupResolution" : "FHD 1920x1080",
                  "MashupToEditGadget" : "DefaultMashupToEditGadget",
                  "MigratedOn" : "2023-02-21T11:05:16.000Z",
                  "MinHeight" : 0,
                  "MinWidth" : 0,
                  "ResponsiveLayout" : true,
                  "Rows" : 0,
                  "ShowDataLoading" : true,
                  "Style" : "DefaultMashupStyle",
                  "StyleProperties" : {
                    "data" : {
                      "flexcontainer-1" : {
                        "parts" : {
                          "$" : {
                            "$" : {
                              "background" : "transparent",
                              "border-color" : "rgba(192,192,192,1)",
                              "border-style" : "solid",
                              "border-width" : "1px"
                            }
                          }
                        },
                        "widget" : "flex-container"
                      },
                      "flexcontainer-109" : {
                        "parts" : {
                          "$" : {
                            "$" : {
                              "background" : "transparent"
                            }
                          }
                        },
                        "widget" : "flex-container"
                      },
                      "flexcontainer-111" : {
                        "parts" : {
                          "$" : {
                            "$" : {
                              "border-color" : "rgba(192,192,192,1)",
                              "border-style" : "solid",
                              "border-width" : "1px"
                            }
                          }
                        },
                        "widget" : "flex-container"
                      },
                      "flexcontainer-112" : {
                        "parts" : {
                          "$" : {
                            "$" : {
                              "padding-bottom" : "15px",
                              "padding-left" : "15px",
                              "padding-top" : "15px"
                            }
                          }
                        },
                        "widget" : "flex-container"
                      },
                      "flexcontainer-113" : {
                        "parts" : {
                          "$" : {
                            "$" : {
                              "background" : "transparent"
                            }
                          }
                        },
                        "widget" : "flex-container"
                      },
                      "flexcontainer-114" : {
                        "parts" : {
                          "$" : {
                            "$" : {
                              "border-color" : "rgba(192,192,192,1)",
                              "border-style" : "solid",
                              "border-width" : "1px"
                            }
                          }
                        },
                        "widget" : "flex-container"
                      },
                      "flexcontainer-115" : {
                        "parts" : {
                          "$" : {
                            "$" : {
                              "background" : "rgba(192,192,192,1)",
                              "border-color" : "rgba(192,192,192,1)",
                              "border-radius" : "0px",
                              "border-style" : "solid",
                              "border-width" : "1px"
                            }
                          }
                        },
                        "widget" : "flex-container"
                      },
                      "flexcontainer-116" : {
                        "parts" : {
                          "$" : {
                            "$" : {
                              "background" : "#ffffff",
                              "border-color" : "inherit",
                              "border-radius" : "initial",
                              "border-style" : "none",
                              "border-width" : "0px",
                              "padding-bottom" : "",
                              "padding-left" : "",
                              "padding-right" : "",
                              "padding-top" : ""
                            }
                          }
                        },
                        "widget" : "flex-container"
                      },
                      "flexcontainer-117" : {
                        "parts" : {
                          "$" : {
                            "$" : {
                              "background" : "#ffffff",
                              "border-color" : "rgba(192,192,192,1)",
                              "border-radius" : "initial",
                              "border-style" : "solid",
                              "border-width" : "1px",
                              "padding-bottom" : "",
                              "padding-left" : "",
                              "padding-right" : "",
                              "padding-top" : ""
                            }
                          }
                        },
                        "widget" : "flex-container"
                      },
                      "flexcontainer-118" : {
                        "parts" : {
                          "$" : {
                            "$" : {
                              "border-color" : "rgba(192,192,192,1)",
                              "border-style" : "solid",
                              "border-width" : "1px"
                            }
                          }
                        },
                        "widget" : "flex-container"
                      },
                      "flexcontainer-119" : {
                        "parts" : {
                          "$" : {
                            "$" : {
                              "background" : "transparent"
                            }
                          }
                        },
                        "widget" : "flex-container"
                      },
                      "flexcontainer-12" : {
                        "parts" : {
                          "$" : {
                            "$" : {
                              "background" : "transparent"
                            }
                          }
                        },
                        "widget" : "flex-container"
                      },
                      "flexcontainer-120" : {
                        "parts" : {
                          "$" : {
                            "$" : {
                              "border-color" : "rgba(192,192,192,1)",
                              "border-radius" : "0px",
                              "border-style" : "solid",
                              "border-width" : "1px"
                            }
                          }
                        },
                        "widget" : "flex-container"
                      },
                      "flexcontainer-121" : {
                        "parts" : {
                          "$" : {
                            "$" : {
                              "border-color" : "rgba(192,192,192,1)",
                              "border-style" : "solid",
                              "border-width" : "1px"
                            }
                          }
                        },
                        "widget" : "flex-container"
                      },
                      "flexcontainer-122" : {
                        "parts" : {
                          "$" : {
                            "$" : {
                              "background" : "transparent"
                            }
                          }
                        },
                        "widget" : "flex-container"
                      },
                      "flexcontainer-123" : {
                        "parts" : {
                          "$" : {
                            "$" : {
                              "border-color" : "rgba(192,192,192,1)"
                            }
                          }
                        },
                        "widget" : "flex-container"
                      },
                      "flexcontainer-14" : {
                        "parts" : {
                          "$" : {
                            "$" : {
                              "border-color" : "rgba(192,192,192,1)",
                              "border-style" : "solid",
                              "border-width" : "1px"
                            }
                          }
                        },
                        "widget" : "flex-container"
                      },
                      "flexcontainer-185" : {
                        "parts" : {
                          "$" : {
                            "$" : {
                              "background" : "#ffffff",
                              "border-color" : "inherit",
                              "border-radius" : "initial",
                              "border-style" : "none",
                              "border-width" : "0px",
                              "padding-bottom" : "",
                              "padding-left" : "",
                              "padding-right" : "",
                              "padding-top" : ""
                            }
                          }
                        },
                        "widget" : "flex-container"
                      },
                      "flexcontainer-20" : {
                        "parts" : {
                          "$" : {
                            "$" : {
                              "border-color" : "rgba(192,192,192,1)",
                              "border-style" : "solid",
                              "border-width" : "1px"
                            }
                          }
                        },
                        "widget" : "flex-container"
                      }
                    },
                    "meta" : {
                      "type" : "WidgetStyler",
                      "version" : "1.0"
                    }
                  },
                  "StyleTheme" : "KBStandardStyleTheme",
                  "Title" : "",
                  "TitleBar" : false,
                  "TitleBarStyle" : "DefaultTitleBarStyle",
                  "TitleBarText" : "Gadget Title Here",
                  "Top" : 0,
                  "Type" : "mashup",
                  "UseMasterTheme" : false,
                  "UseTheme" : false,
                  "UseThemeForHybrids" : false,
                  "Visible" : true,
                  "Width" : 1024,
                  "Z-index" : 10,
                  "__TypeDisplayName" : "Mashup",
                  "_currentParameterDefs" : [ {
                    "Aspects" : {
                      "bindingDirection" : "BOTH",
                      "isMandatory" : false
                    },
                    "BaseType" : "STRING",
                    "DefaultValue" : "-nothing-",
                    "Description" : "",
                    "ParameterName" : "Machine"
                  }, {
                    "Aspects" : {
                      "bindingDirection" : "BOTH",
                      "isMandatory" : false
                    },
                    "BaseType" : "STRING",
                    "DefaultValue" : "",
                    "Description" : "",
                    "ParameterName" : "MachineName"
                  }, {
                    "Aspects" : {
                      "bindingDirection" : "BOTH",
                      "isMandatory" : false
                    },
                    "BaseType" : "STRING",
                    "Description" : "",
                    "ParameterName" : "Station"
                  }, {
                    "Aspects" : {
                      "bindingDirection" : "IN",
                      "isMandatory" : false
                    },
                    "BaseType" : "STRING",
                    "DefaultValue" : "L1",
                    "Description" : "",
                    "ParameterName" : "Level"
                  }, {
                    "Aspects" : {
                      "bindingDirection" : "IN",
                      "isMandatory" : false
                    },
                    "BaseType" : "DATETIME",
                    "Description" : "",
                    "ParameterName" : "Startdate"
                  }, {
                    "Aspects" : {
                      "bindingDirection" : "IN",
                      "isMandatory" : false
                    },
                    "BaseType" : "DATETIME",
                    "Description" : "",
                    "ParameterName" : "EndDate"
                  }, {
                    "Aspects" : {
                      "bindingDirection" : "BOTH",
                      "isMandatory" : false
                    },
                    "BaseType" : "STRING",
                    "Description" : "",
                    "ParameterName" : "CalculationBase"
                  } ],
                  "id_index" : 204,
                  "supportsAutoResize" : true
                },
                "Widgets" : [ {
                  "Properties" : {
                    "Area" : "UI",
                    "CollapseTabIcon" : "",
                    "DisplayName" : "container-1",
                    "EnableContainerUnload" : false,
                    "EnableExpandCollapse" : false,
                    "ExpandCollapseTabLocation" : "inside",
                    "ExpandTabIcon" : "",
                    "Expanded" : true,
                    "Id" : "flexcontainer-1",
                    "LastContainer" : true,
                    "LazyLoading" : false,
                    "Left" : 0,
                    "Margin" : "",
                    "Overlay" : false,
                    "ResponsiveLayout" : true,
                    "Scrolling" : "auto-scroll",
                    "ShowDataLoading" : true,
                    "ShowExpandCollapseTab" : false,
                    "SourceURL" : "",
                    "Style" : "DefaultContainerStyle",
                    "StyleProperties" : { },
                    "Top" : 0,
                    "Type" : "flexcontainer",
                    "UseTheme" : true,
                    "Visible" : true,
                    "Z-index" : 10,
                    "__TypeDisplayName" : "Flex Container",
                    "align-content" : "flex-start",
                    "align-items" : "flex-start",
                    "flex-basis" : "0",
                    "flex-direction" : "row",
                    "flex-grow" : 60,
                    "flex-max-height" : "",
                    "flex-max-width" : "",
                    "flex-min-height" : "",
                    "flex-min-width" : "",
                    "flex-shrink" : "0",
                    "flex-size" : "default",
                    "flex-wrap" : "nowrap",
                    "iconClass" : "widgets-flexcontainer",
                    "isLocked" : false,
                    "justify-content" : "flex-start",
                    "positioning" : "responsive",
                    "userCannotRemove" : true
                  },
                  "Widgets" : [ ]
                } ]
              },
              "mashupType" : "mashup"
            }
            ]]>
            </mashupContent>
            <preview></preview>
        </Mashup>
    </Mashups>
</Entities>
