<?xml version="1.0" encoding="UTF-8"?>
<Entities
 majorVersion="9"
 minorVersion="3"
 universal="password">
    <Mashups>
        <Mashup
         aspect.isFlex="true"
         aspect.isResponsive="true"
         aspect.mashupType="mashup"
         columns="0.0"
         description=""
         documentationContent=""
         homeMashup=""
         name="KBProductionOverviewCvsSingleMachineFooterMashup"
         projectName="KBsmartKPI"
         rows="0.0"
         tags="">
            <avatar></avatar>
            <DesignTimePermissions>
                <Create></Create>
                <Read>
                    <Principal
                     isPermitted="true"
                     name="KBMachineOperatorUserGroup"
                     type="Group"></Principal>
                    <Principal
                     isPermitted="true"
                     name="KBUserGroup"
                     type="Group"></Principal>
                </Read>   
                <Update></Update>
                <Delete></Delete>
                <Metadata></Metadata>
            </DesignTimePermissions>
            <RunTimePermissions>
                <Permissions
                 resourceName="*">
                    <PropertyRead>
                        <Principal
                         isPermitted="true"
                         name="KBMachineOperatorUserGroup"
                         type="Group"></Principal>
                        <Principal
                         isPermitted="true"
                         name="KBUserGroup"
                         type="Group"></Principal>
                    </PropertyRead>
                    <PropertyWrite></PropertyWrite>
                    <ServiceInvoke>
                        <Principal
                         isPermitted="true"
                         name="KBMachineOperatorUserGroup"
                         type="Group"></Principal>
                        <Principal
                         isPermitted="true"
                         name="KBUserGroup"
                         type="Group"></Principal>
                    </ServiceInvoke>
                    <EventInvoke>
                        <Principal
                         isPermitted="true"
                         name="KBMachineOperatorUserGroup"
                         type="Group"></Principal>
                        <Principal
                         isPermitted="true"
                         name="KBUserGroup"
                         type="Group"></Principal>
                    </EventInvoke>
                    <EventSubscribe></EventSubscribe>
                </Permissions>
            </RunTimePermissions>
            <VisibilityPermissions>
                <Visibility>
                    <Principal
                     isPermitted="true"
                     name="KBBackGroundWorker"
                     type="Organization"></Principal>
                    <Principal
                     isPermitted="true"
                     name="KBOrganization"
                     type="Organization"></Principal>
                </Visibility>
            </VisibilityPermissions>
            <ConfigurationTableDefinitions></ConfigurationTableDefinitions>
            <ConfigurationTables>
                <ConfigurationTable
                 dataShapeName=""
                 description="Mashup Mobile Settings"
                 isHidden="true"
                 isMultiRow="false"
                 name="MobileSettings"
                 ordinal="0">
                    <DataShape>
                        <FieldDefinitions>
                            <FieldDefinition
                             aspect.defaultValue="false"
                             aspect.friendlyName="Disable Zoom"
                             baseType="BOOLEAN"
                             description="Disables zooming in and out within the mashup"
                             name="disableZoom"
                             ordinal="0"></FieldDefinition>
                            <FieldDefinition
                             aspect.defaultValue="true"
                             aspect.friendlyName="Full Screen Mode"
                             baseType="BOOLEAN"
                             description="Open the mashup in full screen mode"
                             name="fullScreenMode"
                             ordinal="0"></FieldDefinition>
                            <FieldDefinition
                             aspect.friendlyName="Height"
                             baseType="STRING"
                             description="The height of the mashup page"
                             name="height"
                             ordinal="0"></FieldDefinition>
                            <FieldDefinition
                             aspect.defaultValue="device-height"
                             aspect.friendlyName="Height Type"
                             baseType="STRING"
                             description="Use the height of the device display, or a custom height (in px)"
                             name="heightType"
                             ordinal="0"></FieldDefinition>
                            <FieldDefinition
                             aspect.defaultValue="1.0"
                             aspect.friendlyName="Initial Scale"
                             baseType="NUMBER"
                             description="The initial zoom scale when the mashup is loaded for the first time"
                             name="initialScale"
                             ordinal="0"></FieldDefinition>
                            <FieldDefinition
                             aspect.friendlyName="Shortcut Icon Title"
                             baseType="STRING"
                             description="A title for the mashup shortcut on the iOS home screen"
                             name="iosShortcutIconTitle"
                             ordinal="0"></FieldDefinition>
                            <FieldDefinition
                             aspect.defaultValue="black-translucent"
                             aspect.friendlyName="Status Bar Appearance"
                             baseType="STRING"
                             description="The style of the iOS status bar"
                             name="iosStatusBarAppearance"
                             ordinal="0"></FieldDefinition>
                            <FieldDefinition
                             aspect.defaultValue="10.0"
                             aspect.friendlyName="Maximum Scale"
                             baseType="NUMBER"
                             description="The maximum scale that users can zoom out to"
                             name="maximumScale"
                             ordinal="0"></FieldDefinition>
                            <FieldDefinition
                             aspect.defaultValue="0.1"
                             aspect.friendlyName="Minimum Scale"
                             baseType="NUMBER"
                             description="The minimum scale that users can zoom out to"
                             name="minimumScale"
                             ordinal="0"></FieldDefinition>
                            <FieldDefinition
                             aspect.friendlyName="Width"
                             baseType="STRING"
                             description="The width of the mashup page"
                             name="width"
                             ordinal="0"></FieldDefinition>
                            <FieldDefinition
                             aspect.defaultValue="device-width"
                             aspect.friendlyName="Width Type"
                             baseType="STRING"
                             description="Use the width of the device display, or a custom width (in px)"
                             name="widthType"
                             ordinal="0"></FieldDefinition>
                        </FieldDefinitions>
                    </DataShape>
                    <Rows>
                        <Row>
                            <disableZoom>false</disableZoom>
                            <fullScreenMode>true</fullScreenMode>
                            <height></height>
                            <heightType>
                            <![CDATA[
                            device-height
                            ]]>
                            </heightType>
                            <initialScale>1.0</initialScale>
                            <iosShortcutIconTitle></iosShortcutIconTitle>
                            <iosStatusBarAppearance>
                            <![CDATA[
                            black-translucent
                            ]]>
                            </iosStatusBarAppearance>
                            <maximumScale>10.0</maximumScale>
                            <minimumScale>0.1</minimumScale>
                            <width></width>
                            <widthType>
                            <![CDATA[
                            device-width
                            ]]>
                            </widthType>
                        </Row>
                    </Rows>
                </ConfigurationTable>
            </ConfigurationTables>
            <ParameterDefinitions>
                <FieldDefinition
                 aspect.bindingDirection="IN"
                 aspect.dataShape="KBProductionAdvisorDataShape"
                 aspect.isMandatory="false"
                 baseType="INFOTABLE"
                 description=""
                 name="Footer"
                 ordinal="0"></FieldDefinition>
            </ParameterDefinitions>
            <Things></Things>
            <ThingShapes></ThingShapes>
            <ThingTemplates></ThingTemplates>
            <mashupContent>
            <![CDATA[
            {
              "CustomMashupCss" : "@keyframes marquee {\n0% { left: 500%; }\n100% { left: -1%; }\n}\n\n.valuedisplay-container {\n\tanimation: marquee 30s linear infinite;\n    background-color: #ffffff;\n    font-size: 20px;\n    color: blue;\n}",
              "Data" : {
                "DynamicThingTemplates_KBLocalAreaThingTemplate" : {
                  "DataName" : "DynamicThingTemplates_KBLocalAreaThingTemplate",
                  "EntityName" : "KBLocalAreaThingTemplate",
                  "EntityType" : "DynamicThingTemplates",
                  "Id" : "0f91860b-1ace-4ab4-ac9a-6b646c462130",
                  "Services" : [ {
                    "APIMethod" : "post",
                    "Characteristic" : "Services",
                    "Id" : "ea48650e-3751-4f16-a0c2-862e128d241c",
                    "Name" : "GetStringPropertyValue",
                    "Parameters" : {
                      "propertyName" : "DisplayName"
                    },
                    "RefreshInterval" : 0,
                    "Target" : "GetStringPropertyValue"
                  }, {
                    "APIMethod" : "post",
                    "Characteristic" : "Services",
                    "Id" : "8bad879d-8c11-46a8-9a7f-10ecb7f7d0a7",
                    "Name" : "GetStringPropertyValue1",
                    "Parameters" : {
                      "propertyName" : "InformationText"
                    },
                    "RefreshInterval" : 0,
                    "Target" : "GetStringPropertyValue"
                  } ]
                },
                "Session" : {
                  "DataName" : "Session",
                  "EntityName" : "",
                  "EntityType" : "Session",
                  "Id" : "session",
                  "Services" : [ {
                    "APIMethod" : "post",
                    "Characteristic" : "Services",
                    "Id" : "SessionInterface",
                    "Name" : "GetGlobalSessionValues",
                    "Parameters" : { },
                    "RefreshInterval" : 0,
                    "Target" : "GetGlobalSessionValues"
                  } ]
                },
                "Things_KBAdministratorTranslationUtilityThing" : {
                  "DataName" : "Things_KBAdministratorTranslationUtilityThing",
                  "EntityName" : "KBAdministratorTranslationUtilityThing",
                  "EntityType" : "Things",
                  "Id" : "d432ae1f-1503-4b2e-a369-6ba6756f794c",
                  "Services" : [ {
                    "APIMethod" : "post",
                    "Characteristic" : "Services",
                    "Id" : "bd8f0314-4bd3-40a5-9f45-e5aa36087cb0",
                    "Name" : "GetTokenValue",
                    "Parameters" : {
                      "Token" : "KBProductionAdvisorCvsSingleMachineFooterMashup.SummaryLabel"
                    },
                    "RefreshInterval" : 0,
                    "Target" : "GetTokenValue"
                  }, {
                    "APIMethod" : "post",
                    "Characteristic" : "Services",
                    "Id" : "673210eb-d59a-48ab-ae92-8a3b6c0933ba",
                    "Name" : "GetTokenValue1",
                    "Parameters" : {
                      "Language" : "Default",
                      "Token" : "KBProductionAdvisorCvsSingleMachineFooterMashup.SummaryLabel"
                    },
                    "RefreshInterval" : 0,
                    "Target" : "GetTokenValue"
                  } ]
                },
                "Things_KBSmartKPIHelperThing" : {
                  "DataName" : "Things_KBSmartKPIHelperThing",
                  "EntityName" : "KBSmartKPIHelperThing",
                  "EntityType" : "Things",
                  "Id" : "a7bc80d2-4581-415e-bd37-fe82b84af828",
                  "Services" : [ {
                    "APIMethod" : "post",
                    "Characteristic" : "Services",
                    "Id" : "5f7ad14e-04e4-4c45-b902-c0fb72a48c84",
                    "Name" : "SplitAreaFooterInfoTable",
                    "Parameters" : { },
                    "RefreshInterval" : 0,
                    "Target" : "SplitAreaFooterInfoTable"
                  } ]
                },
                "UserExtensions" : {
                  "DataName" : "UserExtensions",
                  "EntityName" : "",
                  "EntityType" : "UserExtensions",
                  "Id" : "UserExtensions",
                  "Services" : [ {
                    "APIMethod" : "post",
                    "Characteristic" : "Services",
                    "Id" : "UserExtensionInterface",
                    "Name" : "GetCurrentUserExtensionProperties",
                    "Parameters" : { },
                    "RefreshInterval" : 0,
                    "Target" : "GetCurrentUserExtensionProperties"
                  } ]
                }
              },
              "DataBindings" : [ {
                "Id" : "b41f6386-f62f-4dbb-8624-e0acef5a0016",
                "PropertyMaps" : [ {
                  "SourceProperty" : "Output",
                  "SourcePropertyBaseType" : "STRING",
                  "SourcePropertyType" : "Property",
                  "TargetProperty" : "LabelText",
                  "TargetPropertyBaseType" : "STRING",
                  "TargetPropertyType" : "property"
                } ],
                "SourceArea" : "UI",
                "SourceId" : "expression2-119",
                "SourceSection" : "",
                "TargetArea" : "UI",
                "TargetId" : "ptcslabel-10",
                "TargetSection" : ""
              }, {
                "Id" : "299cb6b2-156d-4313-ba35-3f3e8e82fe43",
                "PropertyMaps" : [ {
                  "SourceProperty" : "language",
                  "SourcePropertyBaseType" : "STRING",
                  "TargetProperty" : "Language",
                  "TargetPropertyBaseType" : "STRING",
                  "TargetPropertyType" : "Parameter"
                } ],
                "SourceArea" : "UserExtensions",
                "SourceDetails" : "AllData",
                "SourceId" : "UserExtensions",
                "SourceSection" : "UserExtensions",
                "TargetArea" : "Data",
                "TargetId" : "GetTokenValue",
                "TargetSection" : "Things_KBAdministratorTranslationUtilityThing"
              }, {
                "Id" : "74609618-0a7e-4c82-9cfe-fae5c0f9f848",
                "PropertyMaps" : [ {
                  "SourceProperty" : "result",
                  "SourcePropertyBaseType" : "STRING",
                  "SourcePropertyType" : "Field",
                  "TargetProperty" : "SummaryLabelDefault",
                  "TargetPropertyBaseType" : "STRING",
                  "TargetPropertyType" : "property"
                } ],
                "SourceArea" : "Data",
                "SourceDetails" : "AllData",
                "SourceId" : "GetTokenValue1",
                "SourceSection" : "Things_KBAdministratorTranslationUtilityThing",
                "TargetArea" : "UI",
                "TargetId" : "expression2-119",
                "TargetSection" : ""
              }, {
                "Id" : "21a2fbee-b369-444e-ba24-e87f832ef17f",
                "PropertyMaps" : [ {
                  "SourceProperty" : "result",
                  "SourcePropertyBaseType" : "STRING",
                  "SourcePropertyType" : "Field",
                  "TargetProperty" : "SummaryLabel",
                  "TargetPropertyBaseType" : "STRING",
                  "TargetPropertyType" : "property"
                } ],
                "SourceArea" : "Data",
                "SourceDetails" : "AllData",
                "SourceId" : "GetTokenValue1",
                "SourceSection" : "Things_KBAdministratorTranslationUtilityThing",
                "TargetArea" : "UI",
                "TargetId" : "expression2-119",
                "TargetSection" : ""
              }, {
                "Id" : "b3d7b364-7585-4055-9590-5abc4241350c",
                "PropertyMaps" : [ {
                  "SourceProperty" : "Footer",
                  "SourcePropertyBaseType" : "INFOTABLE",
                  "TargetProperty" : "Footer",
                  "TargetPropertyBaseType" : "INFOTABLE",
                  "TargetPropertyType" : "Parameter"
                } ],
                "SourceArea" : "Mashup",
                "SourceId" : "mashup-root",
                "SourceSection" : "",
                "TargetArea" : "Data",
                "TargetId" : "SplitAreaFooterInfoTable",
                "TargetSection" : "Things_KBSmartKPIHelperThing"
              }, {
                "Id" : "85dce7ec-53af-4cda-b0f7-f461433367e1",
                "PropertyMaps" : [ {
                  "SourceProperty" : "Machine",
                  "SourcePropertyBaseType" : "STRING",
                  "TargetProperty" : "value",
                  "TargetPropertyBaseType" : "THINGNAME",
                  "TargetPropertyType" : "Entity"
                } ],
                "SourceArea" : "Data",
                "SourceDetails" : "AllData",
                "SourceId" : "SplitAreaFooterInfoTable",
                "SourceSection" : "Things_KBSmartKPIHelperThing",
                "TargetArea" : "Data",
                "TargetId" : "EntityName",
                "TargetSection" : "DynamicThingTemplates_KBLocalAreaThingTemplate"
              }, {
                "Id" : "15fbe485-b817-402b-9bd5-37bf23de33b9",
                "PropertyMaps" : [ {
                  "SourceProperty" : "ActualWorkers",
                  "SourcePropertyBaseType" : "NUMBER",
                  "SourcePropertyType" : "Field",
                  "TargetProperty" : "LabelText",
                  "TargetPropertyBaseType" : "STRING",
                  "TargetPropertyType" : "property"
                } ],
                "SourceArea" : "Data",
                "SourceDetails" : "AllData",
                "SourceId" : "SplitAreaFooterInfoTable",
                "SourceSection" : "Things_KBSmartKPIHelperThing",
                "TargetArea" : "UI",
                "TargetId" : "ptcslabel-108",
                "TargetSection" : ""
              }, {
                "Id" : "a32e318d-ae0a-44ba-b294-e02e4dca14bc",
                "PropertyMaps" : [ {
                  "SourceProperty" : "OutputNIO",
                  "SourcePropertyBaseType" : "NUMBER",
                  "SourcePropertyType" : "Field",
                  "TargetProperty" : "LabelText",
                  "TargetPropertyBaseType" : "STRING",
                  "TargetPropertyType" : "property"
                } ],
                "SourceArea" : "Data",
                "SourceDetails" : "AllData",
                "SourceId" : "SplitAreaFooterInfoTable",
                "SourceSection" : "Things_KBSmartKPIHelperThing",
                "TargetArea" : "UI",
                "TargetId" : "ptcslabel-37",
                "TargetSection" : ""
              }, {
                "Id" : "fc11c067-181a-4ad8-934a-a36319de133b",
                "PropertyMaps" : [ {
                  "SourceProperty" : "Retest",
                  "SourcePropertyBaseType" : "NUMBER",
                  "SourcePropertyType" : "Field",
                  "TargetProperty" : "LabelText",
                  "TargetPropertyBaseType" : "STRING",
                  "TargetPropertyType" : "property"
                } ],
                "SourceArea" : "Data",
                "SourceDetails" : "AllData",
                "SourceId" : "SplitAreaFooterInfoTable",
                "SourceSection" : "Things_KBSmartKPIHelperThing",
                "TargetArea" : "UI",
                "TargetId" : "ptcslabel-52",
                "TargetSection" : ""
              }, {
                "Id" : "c5aa6069-b73b-4571-9fe3-c7ae24d89f81",
                "PropertyMaps" : [ {
                  "SourceProperty" : "OutputIO",
                  "SourcePropertyBaseType" : "NUMBER",
                  "SourcePropertyType" : "Field",
                  "TargetProperty" : "LabelText",
                  "TargetPropertyBaseType" : "STRING",
                  "TargetPropertyType" : "property"
                } ],
                "SourceArea" : "Data",
                "SourceDetails" : "AllData",
                "SourceId" : "SplitAreaFooterInfoTable",
                "SourceSection" : "Things_KBSmartKPIHelperThing",
                "TargetArea" : "UI",
                "TargetId" : "ptcslabel-36",
                "TargetSection" : ""
              }, {
                "Id" : "943db3ea-acd2-4c2b-8ef4-0cee03509384",
                "PropertyMaps" : [ {
                  "SourceProperty" : "PlannedWorkers",
                  "SourcePropertyBaseType" : "NUMBER",
                  "SourcePropertyType" : "Field",
                  "TargetProperty" : "LabelText",
                  "TargetPropertyBaseType" : "STRING",
                  "TargetPropertyType" : "property"
                } ],
                "SourceArea" : "Data",
                "SourceDetails" : "AllData",
                "SourceId" : "SplitAreaFooterInfoTable",
                "SourceSection" : "Things_KBSmartKPIHelperThing",
                "TargetArea" : "UI",
                "TargetId" : "ptcslabel-109",
                "TargetSection" : ""
              }, {
                "Id" : "28f6d1ad-95c3-4a78-bcf4-01eae1ab67f5",
                "PropertyMaps" : [ {
                  "SourceProperty" : "Machine",
                  "SourcePropertyBaseType" : "STRING",
                  "SourcePropertyType" : "Field",
                  "TargetProperty" : "Machine",
                  "TargetPropertyBaseType" : "STRING",
                  "TargetPropertyType" : "property"
                } ],
                "SourceArea" : "Data",
                "SourceDetails" : "AllData",
                "SourceId" : "SplitAreaFooterInfoTable",
                "SourceSection" : "Things_KBSmartKPIHelperThing",
                "TargetArea" : "UI",
                "TargetId" : "validator2-123",
                "TargetSection" : ""
              }, {
                "Id" : "1ee0f791-f4c8-4fed-a7be-720fc1c18b33",
                "PropertyMaps" : [ {
                  "SourceProperty" : "result",
                  "SourcePropertyBaseType" : "STRING",
                  "SourcePropertyType" : "Field",
                  "TargetProperty" : "Area",
                  "TargetPropertyBaseType" : "STRING",
                  "TargetPropertyType" : "property"
                } ],
                "SourceArea" : "Data",
                "SourceDetails" : "AllData",
                "SourceId" : "GetStringPropertyValue",
                "SourceSection" : "DynamicThingTemplates_KBLocalAreaThingTemplate",
                "TargetArea" : "UI",
                "TargetId" : "expression2-119",
                "TargetSection" : ""
              }, {
                "Id" : "3097f65e-f756-4c87-a4fb-f906b5f5e698",
                "PropertyMaps" : [ {
                  "SourceProperty" : "OutputIO",
                  "SourcePropertyBaseType" : "NUMBER",
                  "SourcePropertyType" : "Field",
                  "TargetProperty" : "OKParts",
                  "TargetPropertyBaseType" : "NUMBER",
                  "TargetPropertyType" : "property"
                } ],
                "SourceArea" : "Data",
                "SourceDetails" : "AllData",
                "SourceId" : "SplitAreaFooterInfoTable",
                "SourceSection" : "Things_KBSmartKPIHelperThing",
                "TargetArea" : "UI",
                "TargetId" : "expression2-119",
                "TargetSection" : ""
              }, {
                "Id" : "06eeea70-e61c-4135-ae00-f584c8c692bd",
                "PropertyMaps" : [ {
                  "SourceProperty" : "TargetDelta",
                  "SourcePropertyBaseType" : "NUMBER",
                  "SourcePropertyType" : "Field",
                  "TargetProperty" : "Differenc",
                  "TargetPropertyBaseType" : "NUMBER",
                  "TargetPropertyType" : "property"
                } ],
                "SourceArea" : "Data",
                "SourceDetails" : "AllData",
                "SourceId" : "SplitAreaFooterInfoTable",
                "SourceSection" : "Things_KBSmartKPIHelperThing",
                "TargetArea" : "UI",
                "TargetId" : "expression2-120",
                "TargetSection" : ""
              }, {
                "Id" : "76b2c09b-57e1-469f-811c-6d87d10270d4",
                "PropertyMaps" : [ {
                  "SourceProperty" : "OutputIO",
                  "SourcePropertyBaseType" : "NUMBER",
                  "SourcePropertyType" : "Field",
                  "TargetProperty" : "Actual",
                  "TargetPropertyBaseType" : "NUMBER",
                  "TargetPropertyType" : "property"
                } ],
                "SourceArea" : "Data",
                "SourceDetails" : "AllData",
                "SourceId" : "SplitAreaFooterInfoTable",
                "SourceSection" : "Things_KBSmartKPIHelperThing",
                "TargetArea" : "UI",
                "TargetId" : "expression2-120",
                "TargetSection" : ""
              }, {
                "Id" : "f2daa12c-1444-45dc-bfc7-b6f7b4063938",
                "PropertyMaps" : [ {
                  "SourceProperty" : "Output",
                  "SourcePropertyBaseType" : "NUMBER",
                  "SourcePropertyType" : "Property",
                  "TargetProperty" : "input",
                  "TargetPropertyBaseType" : "NUMBER",
                  "TargetPropertyType" : "property"
                } ],
                "SourceArea" : "UI",
                "SourceId" : "expression2-120",
                "SourceSection" : "",
                "TargetArea" : "UI",
                "TargetId" : "expression2-121",
                "TargetSection" : ""
              }, {
                "Id" : "04be20c8-8073-41fe-b6b2-55f4bae14a0f",
                "PropertyMaps" : [ {
                  "SourceProperty" : "Output",
                  "SourcePropertyBaseType" : "NUMBER",
                  "SourcePropertyType" : "Property",
                  "TargetProperty" : "LabelText",
                  "TargetPropertyBaseType" : "STRING",
                  "TargetPropertyType" : "property"
                } ],
                "SourceArea" : "UI",
                "SourceId" : "expression2-121",
                "SourceSection" : "",
                "TargetArea" : "UI",
                "TargetId" : "ptcslabel-56",
                "TargetSection" : ""
              }, {
                "Id" : "938e5bc4-d464-424c-8733-12cf6c2c2e8f",
                "PropertyMaps" : [ {
                  "SourceProperty" : "result",
                  "SourcePropertyBaseType" : "STRING",
                  "SourcePropertyType" : "Field",
                  "TargetProperty" : "Data",
                  "TargetPropertyBaseType" : "ANYSCALAR",
                  "TargetPropertyType" : "property"
                } ],
                "SourceArea" : "Data",
                "SourceDetails" : "AllData",
                "SourceId" : "GetStringPropertyValue1",
                "SourceName" : "GetStringPropertyValue",
                "SourceSection" : "DynamicThingTemplates_KBLocalAreaThingTemplate",
                "TargetArea" : "UI",
                "TargetId" : "ptcsvaluedisplay-114",
                "TargetSection" : ""
              }, {
                "Id" : "217b69db-e90c-40ef-b4d4-0f0af7994813",
                "PropertyMaps" : [ {
                  "SourceProperty" : "Output",
                  "SourcePropertyBaseType" : "NUMBER",
                  "SourcePropertyType" : "Property",
                  "TargetProperty" : "Target",
                  "TargetPropertyBaseType" : "NUMBER",
                  "TargetPropertyType" : "property"
                } ],
                "SourceArea" : "UI",
                "SourceId" : "expression2-121",
                "SourceSection" : "",
                "TargetArea" : "UI",
                "TargetId" : "validator2-124",
                "TargetSection" : ""
              }, {
                "Id" : "8871ce05-88b3-4bf2-b944-a259fae0e31f",
                "PropertyMaps" : [ {
                  "SourceProperty" : "Output",
                  "SourcePropertyBaseType" : "BOOLEAN",
                  "SourcePropertyType" : "Property",
                  "TargetProperty" : "Visible",
                  "TargetPropertyBaseType" : "BOOLEAN",
                  "TargetPropertyType" : "property"
                } ],
                "SourceArea" : "UI",
                "SourceId" : "validator2-124",
                "SourceSection" : "",
                "TargetArea" : "UI",
                "TargetId" : "ptcslabel-56",
                "TargetSection" : ""
              } ],
              "DesignTimePermissions" : {
                "Create" : [ ],
                "Delete" : [ ],
                "Metadata" : [ ],
                "Read" : [ ],
                "Update" : [ ]
              },
              "Events" : [ {
                "EventHandlerArea" : "UI",
                "EventHandlerId" : "expression2-119",
                "EventHandlerService" : "Evaluate",
                "EventTriggerArea" : "Mashup",
                "EventTriggerEvent" : "Loaded",
                "EventTriggerId" : "mashup-root",
                "EventTriggerSection" : "",
                "Id" : "458a6ec3-4a33-4efc-b208-85efa02bb13e"
              }, {
                "EventHandlerArea" : "Data",
                "EventHandlerId" : "Things_KBAdministratorTranslationUtilityThing",
                "EventHandlerService" : "GetTokenValue",
                "EventTriggerArea" : "Mashup",
                "EventTriggerEvent" : "Loaded",
                "EventTriggerId" : "mashup-root",
                "EventTriggerSection" : "",
                "Id" : "c8440152-dae9-4399-8156-3deab4f31ce9"
              }, {
                "EventHandlerArea" : "Data",
                "EventHandlerId" : "Things_KBAdministratorTranslationUtilityThing",
                "EventHandlerService" : "GetTokenValue1",
                "EventTriggerArea" : "Mashup",
                "EventTriggerEvent" : "Loaded",
                "EventTriggerId" : "mashup-root",
                "EventTriggerSection" : "",
                "Id" : "e74fd203-87e4-4227-ae78-19598964469f"
              }, {
                "EventHandlerArea" : "UI",
                "EventHandlerId" : "expression2-119",
                "EventHandlerService" : "Evaluate",
                "EventTriggerArea" : "Data",
                "EventTriggerEvent" : "ServiceInvokeCompleted",
                "EventTriggerId" : "GetTokenValue1",
                "EventTriggerSection" : "Things_KBAdministratorTranslationUtilityThing",
                "Id" : "fe3c0706-b233-42cf-8fb9-4bcc316120df"
              }, {
                "EventHandlerArea" : "UI",
                "EventHandlerId" : "expression2-119",
                "EventHandlerService" : "Evaluate",
                "EventTriggerArea" : "Data",
                "EventTriggerEvent" : "ServiceInvokeCompleted",
                "EventTriggerId" : "GetStringPropertyValue",
                "EventTriggerSection" : "DynamicThingTemplates_KBLocalAreaThingTemplate",
                "Id" : "d282ab3f-5e03-4c72-9373-4e34d8424387"
              }, {
                "EventHandlerArea" : "Data",
                "EventHandlerId" : "Things_KBSmartKPIHelperThing",
                "EventHandlerService" : "SplitAreaFooterInfoTable",
                "EventTriggerArea" : "Mashup",
                "EventTriggerEvent" : "Loaded",
                "EventTriggerId" : "mashup-root",
                "EventTriggerSection" : "",
                "Id" : "e8e73ab9-f7f1-4495-b151-20a78124a215"
              }, {
                "EventHandlerArea" : "UI",
                "EventHandlerId" : "validator2-123",
                "EventHandlerService" : "Evaluate",
                "EventTriggerArea" : "Data",
                "EventTriggerEvent" : "ServiceInvokeCompleted",
                "EventTriggerId" : "SplitAreaFooterInfoTable",
                "EventTriggerSection" : "Things_KBSmartKPIHelperThing",
                "Id" : "0cdd88d7-4412-41d5-bd76-caf26874dff3"
              }, {
                "EventHandlerArea" : "UI",
                "EventHandlerId" : "expression2-119",
                "EventHandlerService" : "Evaluate",
                "EventTriggerArea" : "UI",
                "EventTriggerEvent" : "True",
                "EventTriggerId" : "validator2-123",
                "EventTriggerSection" : "",
                "Id" : "12b63fcb-475a-4c38-a7f0-47d7db1201cc"
              }, {
                "EventHandlerArea" : "Data",
                "EventHandlerId" : "DynamicThingTemplates_KBLocalAreaThingTemplate",
                "EventHandlerService" : "GetStringPropertyValue",
                "EventTriggerArea" : "UI",
                "EventTriggerEvent" : "False",
                "EventTriggerId" : "validator2-123",
                "EventTriggerSection" : "",
                "Id" : "1d053171-c97b-4ecc-ba9a-598a378789cf"
              }, {
                "EventHandlerArea" : "UI",
                "EventHandlerId" : "expression2-120",
                "EventHandlerService" : "Evaluate",
                "EventTriggerArea" : "Data",
                "EventTriggerEvent" : "ServiceInvokeCompleted",
                "EventTriggerId" : "SplitAreaFooterInfoTable",
                "EventTriggerSection" : "Things_KBSmartKPIHelperThing",
                "Id" : "fe16f4fa-1bc9-4630-8d7c-c1c8441d2958"
              }, {
                "EventHandlerArea" : "UI",
                "EventHandlerId" : "expression2-121",
                "EventHandlerService" : "Evaluate",
                "EventTriggerArea" : "UI",
                "EventTriggerEvent" : "Changed",
                "EventTriggerId" : "expression2-120",
                "EventTriggerSection" : "",
                "Id" : "d6c48b6e-3516-4525-a973-20c1ca9fe9a3"
              }, {
                "EventHandlerArea" : "UI",
                "EventHandlerId" : "expression2-121",
                "EventHandlerService" : "Evaluate",
                "EventTriggerArea" : "Data",
                "EventTriggerEvent" : "ServiceInvokeCompleted",
                "EventTriggerId" : "SplitAreaFooterInfoTable",
                "EventTriggerSection" : "Things_KBSmartKPIHelperThing",
                "Id" : "43bf7e20-cafe-489d-8463-dc713ffb7eb8"
              }, {
                "EventHandlerArea" : "UI",
                "EventHandlerId" : "expression2-122",
                "EventHandlerService" : "Evaluate",
                "EventTriggerArea" : "Mashup",
                "EventTriggerEvent" : "Loaded",
                "EventTriggerId" : "mashup-root",
                "EventTriggerSection" : "",
                "Id" : "a5ba7392-87e2-4a4d-afab-6983e5ace302"
              }, {
                "EventHandlerArea" : "Data",
                "EventHandlerId" : "DynamicThingTemplates_KBLocalAreaThingTemplate",
                "EventHandlerService" : "GetStringPropertyValue1",
                "EventTriggerArea" : "UI",
                "EventTriggerEvent" : "False",
                "EventTriggerId" : "validator2-123",
                "EventTriggerSection" : "",
                "Id" : "38e8ca38-384d-4c00-935c-31c981500146"
              }, {
                "EventHandlerArea" : "Data",
                "EventHandlerId" : "Things_KBSmartKPIHelperThing",
                "EventHandlerService" : "SplitAreaFooterInfoTable",
                "EventTriggerArea" : "Mashup",
                "EventTriggerEvent" : "FooterChanged",
                "EventTriggerId" : "mashup-root",
                "EventTriggerSection" : "",
                "Id" : "811956bf-223f-4e02-852f-254157f6214e"
              }, {
                "EventHandlerArea" : "Data",
                "EventHandlerId" : "Things_KBAdministratorTranslationUtilityThing",
                "EventHandlerService" : "GetTokenValue1",
                "EventTriggerArea" : "Mashup",
                "EventTriggerEvent" : "FooterChanged",
                "EventTriggerId" : "mashup-root",
                "EventTriggerSection" : "",
                "Id" : "e687bbf8-bce9-4347-b5a3-9194d105d21d"
              }, {
                "EventHandlerArea" : "Data",
                "EventHandlerId" : "Things_KBAdministratorTranslationUtilityThing",
                "EventHandlerService" : "GetTokenValue",
                "EventTriggerArea" : "Mashup",
                "EventTriggerEvent" : "FooterChanged",
                "EventTriggerId" : "mashup-root",
                "EventTriggerSection" : "",
                "Id" : "6ed2b6f2-486f-41c1-b1c1-f1af0ddeeb22"
              }, {
                "EventHandlerArea" : "UI",
                "EventHandlerId" : "expression2-119",
                "EventHandlerService" : "Evaluate",
                "EventTriggerArea" : "Mashup",
                "EventTriggerEvent" : "FooterChanged",
                "EventTriggerId" : "mashup-root",
                "EventTriggerSection" : "",
                "Id" : "1967d232-05b6-4748-9059-3b2f016b2c0c"
              }, {
                "EventHandlerArea" : "UI",
                "EventHandlerId" : "validator2-124",
                "EventHandlerService" : "Evaluate",
                "EventTriggerArea" : "UI",
                "EventTriggerEvent" : "Changed",
                "EventTriggerId" : "expression2-121",
                "EventTriggerSection" : "",
                "Id" : "004e2e25-72a2-46e4-9e27-5e1d09e23fd7"
              }, {
                "EventHandlerArea" : "Data",
                "EventHandlerId" : "DynamicThingTemplates_KBLocalAreaThingTemplate",
                "EventHandlerService" : "GetStringPropertyValue1",
                "EventTriggerArea" : "UI",
                "EventTriggerEvent" : "Refresh",
                "EventTriggerId" : "autorefreshfunction-117",
                "EventTriggerSection" : "",
                "Id" : "4c4e3cb8-23b2-44b8-8304-f30eea3b0619"
              } ],
              "Reminders" : [ ],
              "RunTimePermissions" : {
                "permissions" : [ {
                  "EventInvoke" : [ ],
                  "EventSubscribe" : [ ],
                  "PropertyRead" : [ {
                    "isPermitted" : true,
                    "name" : "KBUserGroup",
                    "type" : "Group"
                  } ],
                  "PropertyWrite" : [ ],
                  "ServiceInvoke" : [ {
                    "isPermitted" : true,
                    "name" : "KBUserGroup",
                    "type" : "Group"
                  } ],
                  "resourceName" : "*"
                } ]
              },
              "UI" : {
                "Properties" : {
                  "AddToDashboardButton" : "SimplePlus",
                  "AddToDashboardButtonStyle" : "DefaultAddToDashboardButtonStyle",
                  "Area" : "Mashup",
                  "BGImage" : "",
                  "BGImageRepeat" : "no-repeat",
                  "BGImageSize" : "auto",
                  "Columns" : 0,
                  "ConfigureGadgetButton" : "SimpleGear",
                  "ConfigureGadgetButtonStyle" : "DefaultConfigureGadgetButtonStyle",
                  "DisplayName" : "Mashup",
                  "EnableParameterEditing" : false,
                  "Height" : 75,
                  "Id" : "mashup-root",
                  "IgnoreWarningsInViewMashup" : false,
                  "IsPrintLayout" : false,
                  "Left" : 0,
                  "Margin" : "5",
                  "MashupToEditGadget" : "DefaultMashupToEditGadget",
                  "MigratedOn" : "2023-04-12T10:14:48.000Z",
                  "MinHeight" : 0,
                  "MinWidth" : 0,
                  "ResponsiveLayout" : true,
                  "Rows" : 0,
                  "ShowDataLoading" : true,
                  "Style" : "DefaultMashupStyle",
                  "StyleProperties" : {
                    "data" : {
                      "flexcontainer-118" : {
                        "parts" : {
                          "$" : {
                            "$" : {
                              "background" : "#ffffff",
                              "border-color" : "inherit",
                              "border-radius" : "initial",
                              "border-style" : "none",
                              "border-width" : "0px",
                              "padding-bottom" : "",
                              "padding-left" : "",
                              "padding-right" : "",
                              "padding-top" : ""
                            }
                          }
                        },
                        "widget" : "flex-container"
                      },
                      "flexcontainer-125" : {
                        "parts" : {
                          "$" : {
                            "$" : {
                              "background" : "#ffffff",
                              "border-color" : "rgba(192,192,192,1)",
                              "border-radius" : "initial",
                              "border-style" : "solid",
                              "border-width" : "1px",
                              "padding-bottom" : "",
                              "padding-left" : "",
                              "padding-right" : "",
                              "padding-top" : ""
                            }
                          }
                        },
                        "widget" : "flex-container"
                      },
                      "flexcontainer-126" : {
                        "parts" : {
                          "$" : {
                            "$" : {
                              "background" : "#ffffff",
                              "border-color" : "inherit",
                              "border-radius" : "initial",
                              "border-style" : "none",
                              "border-width" : "0px",
                              "padding-bottom" : "",
                              "padding-left" : "",
                              "padding-right" : "",
                              "padding-top" : ""
                            }
                          }
                        },
                        "widget" : "flex-container"
                      },
                      "ptcsdivider-111" : {
                        "parts" : {
                          "line" : {
                            "$" : {
                              "background" : "rgba(157,160,164,1)",
                              "width" : "4px"
                            }
                          }
                        },
                        "widget" : "ptcs-divider"
                      },
                      "ptcsdivider-127" : {
                        "parts" : {
                          "line" : {
                            "$" : {
                              "background" : "rgba(157,160,164,1)",
                              "height" : "3px",
                              "width" : "4px"
                            }
                          }
                        },
                        "widget" : "ptcs-divider"
                      },
                      "ptcsdivider-55" : {
                        "parts" : {
                          "line" : {
                            "$" : {
                              "background" : "rgba(157,160,164,1)",
                              "width" : "4px"
                            }
                          }
                        },
                        "widget" : "ptcs-divider"
                      },
                      "ptcsdivider-57" : {
                        "parts" : {
                          "line" : {
                            "$" : {
                              "background" : "rgba(157,160,164,1)",
                              "width" : "4px"
                            }
                          }
                        },
                        "widget" : "ptcs-divider"
                      },
                      "ptcsdivider-64" : {
                        "parts" : {
                          "line" : {
                            "$" : {
                              "background" : "rgba(157,160,164,1)",
                              "width" : "4px"
                            }
                          }
                        },
                        "widget" : "ptcs-divider"
                      },
                      "ptcsdivider-71" : {
                        "parts" : {
                          "line" : {
                            "$" : {
                              "background" : "rgba(157,160,164,1)",
                              "width" : "4px"
                            }
                          }
                        },
                        "widget" : "ptcs-divider"
                      },
                      "ptcsdivider-78" : {
                        "parts" : {
                          "line" : {
                            "$" : {
                              "background" : "rgba(157,160,164,1)",
                              "width" : "4px"
                            }
                          }
                        },
                        "widget" : "ptcs-divider"
                      },
                      "ptcsdivider-79" : {
                        "parts" : {
                          "line" : {
                            "$" : {
                              "background" : "rgba(157,160,164,1)",
                              "width" : "4px"
                            }
                          }
                        },
                        "widget" : "ptcs-divider"
                      },
                      "ptcsdivider-80" : {
                        "parts" : {
                          "line" : {
                            "$" : {
                              "background" : "rgba(157,160,164,1)",
                              "width" : "4px"
                            }
                          }
                        },
                        "widget" : "ptcs-divider"
                      }
                    },
                    "meta" : {
                      "type" : "WidgetStyler",
                      "version" : "1.0"
                    }
                  },
                  "StyleTheme" : "KBStandardStyleTheme",
                  "Title" : "",
                  "TitleBar" : false,
                  "TitleBarStyle" : "DefaultTitleBarStyle",
                  "TitleBarText" : "Gadget Title Here",
                  "Top" : 0,
                  "Type" : "mashup",
                  "UseMasterTheme" : false,
                  "UseTheme" : false,
                  "UseThemeForHybrids" : false,
                  "Visible" : true,
                  "Width" : 1720,
                  "Z-index" : 10,
                  "__TypeDisplayName" : "Mashup",
                  "_currentParameterDefs" : [ {
                    "Aspects" : {
                      "bindingDirection" : "IN",
                      "dataShape" : "KBProductionAdvisorDataShape",
                      "isMandatory" : false
                    },
                    "BaseType" : "INFOTABLE",
                    "Description" : "",
                    "ParameterName" : "Footer"
                  } ],
                  "id_index" : 127,
                  "supportsAutoResize" : true
                },
                "Widgets" : [ {
                  "Properties" : {
                    "Area" : "UI",
                    "CollapseTabIcon" : "",
                    "DisplayName" : "container-118",
                    "EnableContainerUnload" : false,
                    "EnableExpandCollapse" : false,
                    "ExpandCollapseTabLocation" : "inside",
                    "ExpandTabIcon" : "",
                    "Expanded" : true,
                    "Id" : "flexcontainer-118",
                    "LastContainer" : true,
                    "LazyLoading" : false,
                    "Left" : 0,
                    "Margin" : "",
                    "Overlay" : false,
                    "ResponsiveLayout" : true,
                    "ShowDataLoading" : true,
                    "ShowExpandCollapseTab" : false,
                    "SourceURL" : "",
                    "Style" : "DefaultContainerStyle",
                    "StyleProperties" : { },
                    "Top" : 0,
                    "Type" : "flexcontainer",
                    "UseTheme" : true,
                    "Visible" : true,
                    "Z-index" : 10,
                    "align-content" : "flex-start",
                    "align-items" : "flex-start",
                    "flex-basis" : "auto",
                    "flex-direction" : "row",
                    "flex-grow" : 1,
                    "flex-max-height" : "",
                    "flex-max-width" : "",
                    "flex-min-height" : "",
                    "flex-min-width" : "",
                    "flex-shrink" : 1,
                    "flex-size" : "default",
                    "flex-wrap" : "nowrap",
                    "flexSize" : "fixed",
                    "iconClass" : "widgets-flexcontainer",
                    "justify-content" : "flex-start",
                    "positioning" : "responsive",
                    "userCannotRemove" : true
                  },
                  "Widgets" : [ {
                    "Properties" : {
                      "Area" : "UI",
                      "CollapseTabIcon" : "",
                      "DisplayName" : "container-125",
                      "EnableContainerUnload" : false,
                      "EnableExpandCollapse" : false,
                      "ExpandCollapseTabLocation" : "inside",
                      "ExpandTabIcon" : "",
                      "Expanded" : true,
                      "Id" : "flexcontainer-125",
                      "LastContainer" : false,
                      "LazyLoading" : false,
                      "Margin" : "",
                      "Overlay" : false,
                      "ResponsiveLayout" : false,
                      "ShowDataLoading" : true,
                      "ShowExpandCollapseTab" : false,
                      "SourceURL" : "",
                      "Style" : "DefaultContainerStyle",
                      "StyleProperties" : { },
                      "Type" : "flexcontainer",
                      "UseTheme" : true,
                      "Visible" : true,
                      "Z-index" : 10,
                      "align-content" : "flex-start",
                      "align-items" : "flex-start",
                      "flex-basis" : "auto",
                      "flex-direction" : "row",
                      "flex-grow" : 1,
                      "flex-max-height" : "",
                      "flex-max-width" : "1720px",
                      "flex-min-height" : "",
                      "flex-min-width" : "1720px",
                      "flex-shrink" : 1,
                      "flex-size" : "fixed",
                      "flex-wrap" : "nowrap",
                      "flexSize" : "fixed",
                      "iconClass" : "widgets-flexcontainer-fixed",
                      "isLocked" : false,
                      "justify-content" : "flex-start",
                      "positioning" : "static",
                      "userCannotRemove" : false
                    },
                    "Widgets" : [ {
                      "Properties" : {
                        "Area" : "UI",
                        "DisclosureControl" : "show-more",
                        "DisplayName" : "Summa",
                        "Height" : 30,
                        "HorizontalAlignment" : "left",
                        "Id" : "ptcslabel-10",
                        "LabelText" : "",
                        "LabelType" : "label",
                        "LastContainer" : false,
                        "Left" : 5,
                        "Margin" : "5",
                        "MultiLine" : true,
                        "PreserveWhiteSpace" : false,
                        "ResponsiveLayout" : false,
                        "ShowDataLoading" : true,
                        "TooltipField" : "",
                        "Top" : 5,
                        "Type" : "ptcslabel",
                        "UseTheme" : true,
                        "VerticalAlignment" : "flex-start",
                        "Visible" : true,
                        "Width" : 295,
                        "Z-index" : 10,
                        "__TypeDisplayName" : "Label",
                        "overflowShowLessTxt" : "[[showLess]]",
                        "overflowShowMoreTxt" : "[[showMore]]"
                      },
                      "Widgets" : [ ]
                    }, {
                      "Properties" : {
                        "Area" : "UI",
                        "DisclosureControl" : "show-more",
                        "DisplayName" : "label-36",
                        "Height" : 22,
                        "HorizontalAlignment" : "right",
                        "Id" : "ptcslabel-36",
                        "LabelText" : "",
                        "LabelType" : "label",
                        "LastContainer" : false,
                        "Left" : 305,
                        "Margin" : "5",
                        "MultiLine" : true,
                        "PreserveWhiteSpace" : false,
                        "ResponsiveLayout" : false,
                        "ShowDataLoading" : true,
                        "TooltipField" : "",
                        "Top" : 10,
                        "Type" : "ptcslabel",
                        "UseTheme" : true,
                        "VerticalAlignment" : "flex-start",
                        "Visible" : true,
                        "Width" : 75,
                        "Z-index" : 100,
                        "__TypeDisplayName" : "Label",
                        "overflowShowLessTxt" : "[[showLess]]",
                        "overflowShowMoreTxt" : "[[showMore]]"
                      },
                      "Widgets" : [ ]
                    }, {
                      "Properties" : {
                        "Area" : "UI",
                        "DisclosureControl" : "show-more",
                        "DisplayName" : "label-37",
                        "Height" : 22,
                        "HorizontalAlignment" : "right",
                        "Id" : "ptcslabel-37",
                        "LabelText" : "",
                        "LabelType" : "body",
                        "LastContainer" : false,
                        "Left" : 560,
                        "Margin" : "5",
                        "MultiLine" : true,
                        "PreserveWhiteSpace" : false,
                        "ResponsiveLayout" : false,
                        "ShowDataLoading" : true,
                        "TooltipField" : "",
                        "Top" : 0,
                        "Type" : "ptcslabel",
                        "UseTheme" : true,
                        "VerticalAlignment" : "flex-start",
                        "Visible" : true,
                        "Width" : 50,
                        "Z-index" : 10,
                        "__TypeDisplayName" : "Label",
                        "overflowShowLessTxt" : "[[showLess]]",
                        "overflowShowMoreTxt" : "[[showMore]]"
                      },
                      "Widgets" : [ ]
                    }, {
                      "Properties" : {
                        "Area" : "UI",
                        "DisclosureControl" : "show-more",
                        "DisplayName" : "label-52",
                        "Height" : 22,
                        "HorizontalAlignment" : "right",
                        "Id" : "ptcslabel-52",
                        "LabelText" : "",
                        "LabelType" : "body",
                        "LastContainer" : false,
                        "Left" : 560,
                        "Margin" : "5",
                        "MultiLine" : true,
                        "PreserveWhiteSpace" : false,
                        "ResponsiveLayout" : false,
                        "ShowDataLoading" : true,
                        "TooltipField" : "",
                        "Top" : 15,
                        "Type" : "ptcslabel",
                        "UseTheme" : true,
                        "VerticalAlignment" : "flex-start",
                        "Visible" : true,
                        "Width" : 50,
                        "Z-index" : 10,
                        "__TypeDisplayName" : "Beschriftung",
                        "overflowShowLessTxt" : "[[showLess]]",
                        "overflowShowMoreTxt" : "[[showMore]]"
                      },
                      "Widgets" : [ ]
                    }, {
                      "Properties" : {
                        "Area" : "UI",
                        "DisplayName" : "divider-55",
                        "FillContainer" : true,
                        "Height" : 42,
                        "Id" : "ptcsdivider-55",
                        "LastContainer" : false,
                        "Left" : 280,
                        "Margin" : "5",
                        "ResponsiveLayout" : false,
                        "ShowDataLoading" : true,
                        "Top" : 0,
                        "Type" : "ptcsdivider",
                        "UseTheme" : true,
                        "VerticalDivider" : true,
                        "Visible" : true,
                        "Width" : 4,
                        "Z-index" : 300,
                        "__TypeDisplayName" : "Trennlinie"
                      },
                      "Widgets" : [ ]
                    }, {
                      "Properties" : {
                        "Area" : "UI",
                        "DisclosureControl" : "show-more",
                        "DisplayName" : "label-56",
                        "Height" : 22,
                        "HorizontalAlignment" : "right",
                        "Id" : "ptcslabel-56",
                        "LabelText" : "",
                        "LabelType" : "label",
                        "LastContainer" : false,
                        "Left" : 380,
                        "Margin" : "5",
                        "MultiLine" : true,
                        "PreserveWhiteSpace" : false,
                        "ResponsiveLayout" : false,
                        "ShowDataLoading" : true,
                        "TooltipField" : "",
                        "Top" : 10,
                        "Type" : "ptcslabel",
                        "UseTheme" : true,
                        "VerticalAlignment" : "flex-start",
                        "Visible" : true,
                        "Width" : 75,
                        "Z-index" : 100,
                        "__TypeDisplayName" : "Beschriftung",
                        "overflowShowLessTxt" : "[[showLess]]",
                        "overflowShowMoreTxt" : "[[showMore]]"
                      },
                      "Widgets" : [ ]
                    }, {
                      "Properties" : {
                        "Area" : "UI",
                        "DisplayName" : "divider-57",
                        "FillContainer" : true,
                        "Height" : 42,
                        "Id" : "ptcsdivider-57",
                        "LastContainer" : false,
                        "Left" : 440,
                        "Margin" : "5",
                        "ResponsiveLayout" : false,
                        "ShowDataLoading" : true,
                        "Top" : 0,
                        "Type" : "ptcsdivider",
                        "UseTheme" : true,
                        "VerticalDivider" : true,
                        "Visible" : true,
                        "Width" : 4,
                        "Z-index" : 300,
                        "__TypeDisplayName" : "Trennlinie"
                      },
                      "Widgets" : [ ]
                    }, {
                      "Properties" : {
                        "Area" : "UI",
                        "DisplayName" : "divider-64",
                        "FillContainer" : true,
                        "Height" : 42,
                        "Id" : "ptcsdivider-64",
                        "LastContainer" : false,
                        "Left" : 755,
                        "Margin" : "5",
                        "ResponsiveLayout" : false,
                        "ShowDataLoading" : true,
                        "Top" : 0,
                        "Type" : "ptcsdivider",
                        "UseTheme" : true,
                        "VerticalDivider" : true,
                        "Visible" : true,
                        "Width" : 4,
                        "Z-index" : 300,
                        "__TypeDisplayName" : "Trennlinie"
                      },
                      "Widgets" : [ ]
                    }, {
                      "Properties" : {
                        "Area" : "UI",
                        "DisplayName" : "divider-71",
                        "FillContainer" : true,
                        "Height" : 42,
                        "Id" : "ptcsdivider-71",
                        "LastContainer" : false,
                        "Left" : 995,
                        "Margin" : "5",
                        "ResponsiveLayout" : false,
                        "ShowDataLoading" : true,
                        "Top" : 0,
                        "Type" : "ptcsdivider",
                        "UseTheme" : true,
                        "VerticalDivider" : true,
                        "Visible" : true,
                        "Width" : 4,
                        "Z-index" : 300,
                        "__TypeDisplayName" : "Trennlinie"
                      },
                      "Widgets" : [ ]
                    }, {
                      "Properties" : {
                        "Area" : "UI",
                        "DisplayName" : "divider-78",
                        "FillContainer" : true,
                        "Height" : 42,
                        "Id" : "ptcsdivider-78",
                        "LastContainer" : false,
                        "Left" : 875,
                        "Margin" : "5",
                        "ResponsiveLayout" : false,
                        "ShowDataLoading" : true,
                        "Top" : 0,
                        "Type" : "ptcsdivider",
                        "UseTheme" : true,
                        "VerticalDivider" : true,
                        "Visible" : false,
                        "Width" : 4,
                        "Z-index" : 300,
                        "__TypeDisplayName" : "Trennlinie"
                      },
                      "Widgets" : [ ]
                    }, {
                      "Properties" : {
                        "Area" : "UI",
                        "DisplayName" : "divider-79",
                        "FillContainer" : true,
                        "Height" : 42,
                        "Id" : "ptcsdivider-79",
                        "LastContainer" : false,
                        "Left" : 1105,
                        "Margin" : "5",
                        "ResponsiveLayout" : false,
                        "ShowDataLoading" : true,
                        "Top" : 0,
                        "Type" : "ptcsdivider",
                        "UseTheme" : true,
                        "VerticalDivider" : true,
                        "Visible" : true,
                        "Width" : 4,
                        "Z-index" : 300,
                        "__TypeDisplayName" : "Trennlinie"
                      },
                      "Widgets" : [ ]
                    }, {
                      "Properties" : {
                        "Area" : "UI",
                        "DisplayName" : "divider-80",
                        "FillContainer" : true,
                        "Height" : 42,
                        "Id" : "ptcsdivider-80",
                        "LastContainer" : false,
                        "Left" : 635,
                        "Margin" : "5",
                        "ResponsiveLayout" : false,
                        "ShowDataLoading" : true,
                        "Top" : 0,
                        "Type" : "ptcsdivider",
                        "UseTheme" : true,
                        "VerticalDivider" : true,
                        "Visible" : true,
                        "Width" : 4,
                        "Z-index" : 300,
                        "__TypeDisplayName" : "Trennlinie"
                      },
                      "Widgets" : [ ]
                    }, {
                      "Properties" : {
                        "Area" : "UI",
                        "DisclosureControl" : "show-more",
                        "DisplayName" : "label-108",
                        "Height" : 22,
                        "HorizontalAlignment" : "right",
                        "Id" : "ptcslabel-108",
                        "LabelText" : "",
                        "LabelType" : "label",
                        "LastContainer" : false,
                        "Left" : 615,
                        "Margin" : "5",
                        "MultiLine" : true,
                        "PreserveWhiteSpace" : false,
                        "ResponsiveLayout" : false,
                        "ShowDataLoading" : true,
                        "TooltipField" : "",
                        "Top" : 10,
                        "Type" : "ptcslabel",
                        "UseTheme" : true,
                        "VerticalAlignment" : "flex-start",
                        "Visible" : false,
                        "Width" : 90,
                        "Z-index" : 100,
                        "__TypeDisplayName" : "Label",
                        "overflowShowLessTxt" : "[[showLess]]",
                        "overflowShowMoreTxt" : "[[showMore]]"
                      },
                      "Widgets" : [ ]
                    }, {
                      "Properties" : {
                        "Area" : "UI",
                        "DisclosureControl" : "show-more",
                        "DisplayName" : "label-109",
                        "Height" : 22,
                        "HorizontalAlignment" : "right",
                        "Id" : "ptcslabel-109",
                        "LabelText" : "",
                        "LabelType" : "label",
                        "LastContainer" : false,
                        "Left" : 683,
                        "Margin" : "5",
                        "MultiLine" : true,
                        "PreserveWhiteSpace" : false,
                        "ResponsiveLayout" : false,
                        "ShowDataLoading" : true,
                        "TooltipField" : "",
                        "Top" : 10,
                        "Type" : "ptcslabel",
                        "UseTheme" : true,
                        "VerticalAlignment" : "flex-start",
                        "Visible" : false,
                        "Width" : 85,
                        "Z-index" : 100,
                        "__TypeDisplayName" : "Beschriftung",
                        "overflowShowLessTxt" : "[[showLess]]",
                        "overflowShowMoreTxt" : "[[showMore]]"
                      },
                      "Widgets" : [ ]
                    }, {
                      "Properties" : {
                        "Area" : "UI",
                        "DisplayName" : "divider-111",
                        "FillContainer" : true,
                        "Height" : 42,
                        "Id" : "ptcsdivider-111",
                        "LastContainer" : false,
                        "Left" : 1215,
                        "Margin" : "5",
                        "ResponsiveLayout" : false,
                        "ShowDataLoading" : true,
                        "Top" : 0,
                        "Type" : "ptcsdivider",
                        "UseTheme" : true,
                        "VerticalDivider" : true,
                        "Visible" : true,
                        "Width" : 4,
                        "Z-index" : 300,
                        "__TypeDisplayName" : "Trennlinie"
                      },
                      "Widgets" : [ ]
                    }, {
                      "Properties" : {
                        "Area" : "UI",
                        "Disabled" : false,
                        "DisclosureControl" : "ellipsis",
                        "DisplayName" : "valuedisplay-114",
                        "FillContainer" : true,
                        "Height" : 32,
                        "HorizontalAlignment" : "left",
                        "Id" : "ptcsvaluedisplay-114",
                        "ImageDisclosureControl" : "none",
                        "ItemMeta" : {
                          "type" : "text"
                        },
                        "Label" : "",
                        "LabelAlignment" : "left",
                        "LabelType" : "label",
                        "LastContainer" : false,
                        "Left" : 0.25003181640624916,
                        "Margin" : "5",
                        "ModalHeight" : 380,
                        "ModalWidth" : 600,
                        "MultiLine" : true,
                        "ResponsiveLayout" : false,
                        "ShowDataLoading" : true,
                        "TabSequence" : 0,
                        "TextIfNoValue" : "",
                        "TooltipField" : "",
                        "Top" : 42.250001298828124,
                        "Type" : "ptcsvaluedisplay",
                        "UseTheme" : true,
                        "ValueFormat" : {
                          "FormatString" : "full",
                          "renderer" : "STRING"
                        },
                        "ValueFormat_StateParameters" : [ ],
                        "VerticalAlignment" : "flex-start",
                        "Visible" : true,
                        "Width" : 1230,
                        "Z-index" : 10,
                        "__TypeDisplayName" : "Value Display",
                        "overflowShowLessTxt" : "[[showLess]]",
                        "overflowShowMoreTxt" : "[[showMore]]"
                      },
                      "Widgets" : [ ]
                    }, {
                      "Properties" : {
                        "Area" : "UI",
                        "DisplayName" : "ptcs-divider-127",
                        "FillContainer" : true,
                        "Height" : 34,
                        "Id" : "ptcsdivider-127",
                        "LastContainer" : false,
                        "Left" : 0,
                        "Margin" : "5",
                        "ResponsiveLayout" : false,
                        "ShowDataLoading" : true,
                        "Top" : 25,
                        "Type" : "ptcsdivider",
                        "UseTheme" : true,
                        "VerticalDivider" : false,
                        "Visible" : true,
                        "Width" : 1230,
                        "Z-index" : 10,
                        "__TypeDisplayName" : "Divider"
                      },
                      "Widgets" : [ ]
                    } ]
                  }, {
                    "Properties" : {
                      "Area" : "UI",
                      "CollapseTabIcon" : "",
                      "DisplayName" : "container-126",
                      "EnableContainerUnload" : false,
                      "EnableExpandCollapse" : false,
                      "ExpandCollapseTabLocation" : "inside",
                      "ExpandTabIcon" : "",
                      "Expanded" : true,
                      "Id" : "flexcontainer-126",
                      "LastContainer" : true,
                      "LazyLoading" : false,
                      "Margin" : "",
                      "Overlay" : false,
                      "ResponsiveLayout" : true,
                      "ShowDataLoading" : true,
                      "ShowExpandCollapseTab" : false,
                      "SourceURL" : "",
                      "Style" : "DefaultContainerStyle",
                      "StyleProperties" : { },
                      "Type" : "flexcontainer",
                      "UseTheme" : true,
                      "Visible" : true,
                      "Z-index" : 10,
                      "__TypeDisplayName" : "Responsive Container",
                      "align-content" : "flex-start",
                      "align-items" : "flex-start",
                      "flex-basis" : "auto",
                      "flex-direction" : "row",
                      "flex-grow" : 1,
                      "flex-max-height" : "",
                      "flex-max-width" : "",
                      "flex-min-height" : "",
                      "flex-min-width" : "",
                      "flex-shrink" : 1,
                      "flex-size" : "default",
                      "flex-wrap" : "nowrap",
                      "iconClass" : "widgets-flexcontainer",
                      "isLocked" : true,
                      "justify-content" : "flex-start",
                      "positioning" : "responsive",
                      "userCannotRemove" : false
                    },
                    "Widgets" : [ ]
                  } ]
                }, {
                  "Properties" : {
                    "Area" : "UI",
                    "AutoRefresh" : true,
                    "DisplayName" : "autorefresh-117",
                    "Id" : "autorefreshfunction-117",
                    "LastContainer" : false,
                    "Left" : 0,
                    "Margin" : "5",
                    "RefreshInterval" : 30,
                    "ResponsiveLayout" : false,
                    "ShowDataLoading" : true,
                    "Top" : 0,
                    "Type" : "autorefreshfunction",
                    "Visible" : true,
                    "Z-index" : 10,
                    "__TypeDisplayName" : "Auto Refresh"
                  },
                  "Widgets" : [ ]
                }, {
                  "Properties" : {
                    "Area" : "UI",
                    "AutoEvaluate" : false,
                    "DataChangeType" : "ALWAYS",
                    "DisplayName" : "ShowLabel",
                    "Expression" : "Area===undefined||Area===''?Area='All':Area=Area;\nOutput=(OKParts>0?(SummaryLabel===undefined?SummaryLabelDefault+' '+Area:SummaryLabel+' '+Area):'');",
                    "FireOnFirstValue" : false,
                    "Height" : 28,
                    "Id" : "expression2-119",
                    "LastContainer" : false,
                    "Left" : null,
                    "Margin" : "5",
                    "OutputBaseType" : "STRING",
                    "ResponsiveLayout" : false,
                    "ShowDataLoading" : true,
                    "Top" : null,
                    "Type" : "expression2",
                    "Visible" : true,
                    "Width" : 200,
                    "Z-index" : 10,
                    "__TypeDisplayName" : "Expression",
                    "_currentParameterDefs" : [ {
                      "BaseType" : "STRING",
                      "Description" : "",
                      "ParameterName" : "SummaryLabel",
                      "bindingDirection" : "Target",
                      "bindingType" : "Property",
                      "isBindingSource" : false,
                      "isBindingTarget" : true,
                      "shown" : true
                    }, {
                      "BaseType" : "STRING",
                      "Description" : "",
                      "ParameterName" : "SummaryLabelDefault",
                      "bindingDirection" : "Target",
                      "bindingType" : "Property",
                      "isBindingSource" : false,
                      "isBindingTarget" : true,
                      "shown" : true
                    }, {
                      "BaseType" : "STRING",
                      "DefaultValue" : "All",
                      "Description" : "",
                      "ParameterName" : "Area",
                      "bindingDirection" : "Target",
                      "bindingType" : "Property",
                      "isBindingSource" : false,
                      "isBindingTarget" : true,
                      "shown" : true,
                      "value" : "UI"
                    }, {
                      "BaseType" : "NUMBER",
                      "Description" : "",
                      "ParameterName" : "OKParts",
                      "bindingDirection" : "Target",
                      "bindingType" : "Property",
                      "isBindingSource" : false,
                      "isBindingTarget" : true,
                      "shown" : true
                    } ]
                  },
                  "Widgets" : [ ]
                }, {
                  "Properties" : {
                    "Area" : "UI",
                    "AutoEvaluate" : false,
                    "DataChangeType" : "ALWAYS",
                    "DisplayName" : "GetAreaTargetPcs",
                    "Expression" : "Output=Actual+Differenc;",
                    "FireOnFirstValue" : false,
                    "Height" : 28,
                    "Id" : "expression2-120",
                    "LastContainer" : false,
                    "Left" : null,
                    "Margin" : "5",
                    "OutputBaseType" : "NUMBER",
                    "ResponsiveLayout" : false,
                    "ShowDataLoading" : true,
                    "Top" : null,
                    "Type" : "expression2",
                    "Visible" : true,
                    "Width" : 200,
                    "Z-index" : 10,
                    "__TypeDisplayName" : "Expression",
                    "_currentParameterDefs" : [ {
                      "BaseType" : "NUMBER",
                      "Description" : "",
                      "ParameterName" : "Actual",
                      "bindingDirection" : "Target",
                      "bindingType" : "Property",
                      "isBindingSource" : false,
                      "isBindingTarget" : true,
                      "shown" : true
                    }, {
                      "BaseType" : "NUMBER",
                      "Description" : "",
                      "ParameterName" : "Differenc",
                      "bindingDirection" : "Target",
                      "bindingType" : "Property",
                      "isBindingSource" : false,
                      "isBindingTarget" : true,
                      "shown" : true
                    } ]
                  },
                  "Widgets" : [ ]
                }, {
                  "Properties" : {
                    "Area" : "UI",
                    "AutoEvaluate" : false,
                    "DataChangeType" : "ALWAYS",
                    "DisplayName" : "PcsTargetNumber",
                    "Expression" : "Output=(isNaN(input)===true)?0:input;",
                    "FireOnFirstValue" : false,
                    "Height" : 28,
                    "Id" : "expression2-121",
                    "LastContainer" : false,
                    "Left" : null,
                    "Margin" : "5",
                    "OutputBaseType" : "NUMBER",
                    "ResponsiveLayout" : false,
                    "ShowDataLoading" : true,
                    "Top" : null,
                    "Type" : "expression2",
                    "Visible" : true,
                    "Width" : 200,
                    "Z-index" : 10,
                    "__TypeDisplayName" : "Expression",
                    "_currentParameterDefs" : [ {
                      "BaseType" : "NUMBER",
                      "Description" : "",
                      "ParameterName" : "input",
                      "bindingDirection" : "Target",
                      "bindingType" : "Property",
                      "isBindingSource" : false,
                      "isBindingTarget" : true,
                      "shown" : true
                    } ]
                  },
                  "Widgets" : [ ]
                }, {
                  "Properties" : {
                    "Area" : "UI",
                    "AutoEvaluate" : false,
                    "DataChangeType" : "ALWAYS",
                    "DisplayName" : "text",
                    "Expression" : "Output='test text a;dshas;csa;ldc;sac';",
                    "FireOnFirstValue" : false,
                    "Height" : 28,
                    "Id" : "expression2-122",
                    "LastContainer" : false,
                    "Left" : null,
                    "Margin" : "5",
                    "OutputBaseType" : "STRING",
                    "ResponsiveLayout" : false,
                    "ShowDataLoading" : true,
                    "Top" : null,
                    "Type" : "expression2",
                    "Visible" : true,
                    "Width" : 200,
                    "Z-index" : 10,
                    "__TypeDisplayName" : "Expression",
                    "_currentParameterDefs" : [ ]
                  },
                  "Widgets" : [ ]
                }, {
                  "Properties" : {
                    "Area" : "UI",
                    "AutoEvaluate" : false,
                    "DisplayName" : "CheckArea",
                    "Expression" : "(Machine=='All')?true:false",
                    "Height" : 28,
                    "Id" : "validator2-123",
                    "LastContainer" : false,
                    "Left" : null,
                    "Margin" : "5",
                    "Output" : true,
                    "ResponsiveLayout" : false,
                    "ShowDataLoading" : true,
                    "Top" : null,
                    "Type" : "validator2",
                    "Visible" : true,
                    "Width" : 200,
                    "Z-index" : 10,
                    "__TypeDisplayName" : "Validator",
                    "_currentParameterDefs" : [ {
                      "BaseType" : "STRING",
                      "Description" : "",
                      "ParameterName" : "Machine",
                      "bindingDirection" : "Target",
                      "bindingType" : "Property",
                      "isBindingSource" : false,
                      "isBindingTarget" : true,
                      "shown" : true
                    } ]
                  },
                  "Widgets" : [ ]
                }, {
                  "Properties" : {
                    "Area" : "UI",
                    "AutoEvaluate" : false,
                    "DisplayName" : "TargetValue",
                    "Expression" : "Output=(Target===0 || Target===undefined || isNaN(Target))?false:true;",
                    "Height" : 28,
                    "Id" : "validator2-124",
                    "LastContainer" : false,
                    "Left" : null,
                    "Margin" : "5",
                    "Output" : true,
                    "ResponsiveLayout" : false,
                    "ShowDataLoading" : true,
                    "Top" : null,
                    "Type" : "validator2",
                    "Visible" : true,
                    "Width" : 200,
                    "Z-index" : 10,
                    "__TypeDisplayName" : "Validator",
                    "_currentParameterDefs" : [ {
                      "BaseType" : "NUMBER",
                      "Description" : "",
                      "ParameterName" : "Target",
                      "bindingDirection" : "Target",
                      "bindingType" : "Property",
                      "isBindingSource" : false,
                      "isBindingTarget" : true,
                      "shown" : true
                    } ]
                  },
                  "Widgets" : [ ]
                } ]
              },
              "mashupType" : "mashup"
            }
            ]]>
            </mashupContent>
            <preview></preview>
        </Mashup>
    </Mashups>
</Entities>
