<?xml version="1.0" encoding="UTF-8"?>
<Entities
 majorVersion="9"
 minorVersion="3"
 universal="password">
    <Mashups>
        <Mashup
         aspect.isFlex="true"
         aspect.isResponsive="true"
         aspect.mashupType="mashup"
         columns="0.0"
         description=""
         documentationContent=""
         homeMashup=""
         name="KBMachineParetoTimeLossesFrameMashup"
         projectName="KBsmartKPI"
         rows="0.0"
         tags="KBThingWorxInstallationVocabulary:ExtensionSmartKPI">
            <avatar></avatar>
            <DesignTimePermissions>
                <Create></Create>
                <Read></Read>
                <Update></Update>
                <Delete></Delete>
                <Metadata></Metadata>
            </DesignTimePermissions>
            <RunTimePermissions>
                <Permissions
                 resourceName="*">
                    <PropertyRead>
                        <Principal
                         isPermitted="true"
                         name="KBUserGroup"
                         type="Group"></Principal>
                    </PropertyRead>
                    <PropertyWrite></PropertyWrite>
                    <ServiceInvoke>
                        <Principal
                         isPermitted="true"
                         name="KBUserGroup"
                         type="Group"></Principal>
                    </ServiceInvoke>
                    <EventInvoke></EventInvoke>
                    <EventSubscribe></EventSubscribe>
                </Permissions>
            </RunTimePermissions>
            <VisibilityPermissions>
                <Visibility>
                    <Principal
                     isPermitted="true"
                     name="KBOrganization"
                     type="Organization"></Principal>
                </Visibility>
            </VisibilityPermissions>
            <ConfigurationTableDefinitions></ConfigurationTableDefinitions>
            <ConfigurationTables>
                <ConfigurationTable
                 dataShapeName=""
                 description="Mashup Mobile Settings"
                 isHidden="true"
                 isMultiRow="false"
                 name="MobileSettings"
                 ordinal="0">
                    <DataShape>
                        <FieldDefinitions>
                            <FieldDefinition
                             aspect.defaultValue="false"
                             aspect.friendlyName="Disable Zoom"
                             baseType="BOOLEAN"
                             description="Disables zooming in and out within the mashup"
                             name="disableZoom"
                             ordinal="0"></FieldDefinition>
                            <FieldDefinition
                             aspect.defaultValue="true"
                             aspect.friendlyName="Full Screen Mode"
                             baseType="BOOLEAN"
                             description="Open the mashup in full screen mode"
                             name="fullScreenMode"
                             ordinal="0"></FieldDefinition>
                            <FieldDefinition
                             aspect.friendlyName="Height"
                             baseType="STRING"
                             description="The height of the mashup page"
                             name="height"
                             ordinal="0"></FieldDefinition>
                            <FieldDefinition
                             aspect.defaultValue="device-height"
                             aspect.friendlyName="Height Type"
                             baseType="STRING"
                             description="Use the height of the device display, or a custom height (in px)"
                             name="heightType"
                             ordinal="0"></FieldDefinition>
                            <FieldDefinition
                             aspect.defaultValue="1.0"
                             aspect.friendlyName="Initial Scale"
                             baseType="NUMBER"
                             description="The initial zoom scale when the mashup is loaded for the first time"
                             name="initialScale"
                             ordinal="0"></FieldDefinition>
                            <FieldDefinition
                             aspect.friendlyName="Shortcut Icon Title"
                             baseType="STRING"
                             description="A title for the mashup shortcut on the iOS home screen"
                             name="iosShortcutIconTitle"
                             ordinal="0"></FieldDefinition>
                            <FieldDefinition
                             aspect.defaultValue="black-translucent"
                             aspect.friendlyName="Status Bar Appearance"
                             baseType="STRING"
                             description="The style of the iOS status bar"
                             name="iosStatusBarAppearance"
                             ordinal="0"></FieldDefinition>
                            <FieldDefinition
                             aspect.defaultValue="10.0"
                             aspect.friendlyName="Maximum Scale"
                             baseType="NUMBER"
                             description="The maximum scale that users can zoom out to"
                             name="maximumScale"
                             ordinal="0"></FieldDefinition>
                            <FieldDefinition
                             aspect.defaultValue="0.1"
                             aspect.friendlyName="Minimum Scale"
                             baseType="NUMBER"
                             description="The minimum scale that users can zoom out to"
                             name="minimumScale"
                             ordinal="0"></FieldDefinition>
                            <FieldDefinition
                             aspect.friendlyName="Width"
                             baseType="STRING"
                             description="The width of the mashup page"
                             name="width"
                             ordinal="0"></FieldDefinition>
                            <FieldDefinition
                             aspect.defaultValue="device-width"
                             aspect.friendlyName="Width Type"
                             baseType="STRING"
                             description="Use the width of the device display, or a custom width (in px)"
                             name="widthType"
                             ordinal="0"></FieldDefinition>
                        </FieldDefinitions>
                    </DataShape>
                    <Rows>
                        <Row>
                            <disableZoom>false</disableZoom>
                            <fullScreenMode>true</fullScreenMode>
                            <height></height>
                            <heightType>
                            <![CDATA[
                            device-height
                            ]]>
                            </heightType>
                            <initialScale>1.0</initialScale>
                            <iosShortcutIconTitle></iosShortcutIconTitle>
                            <iosStatusBarAppearance>
                            <![CDATA[
                            black-translucent
                            ]]>
                            </iosStatusBarAppearance>
                            <maximumScale>10.0</maximumScale>
                            <minimumScale>0.1</minimumScale>
                            <width></width>
                            <widthType>
                            <![CDATA[
                            device-width
                            ]]>
                            </widthType>
                        </Row>
                    </Rows>
                </ConfigurationTable>
            </ConfigurationTables>
            <ParameterDefinitions></ParameterDefinitions>
            <Things></Things>
            <ThingShapes></ThingShapes>
            <ThingTemplates></ThingTemplates>
            <mashupContent>
            <![CDATA[
            {
              "CustomMashupCss" : "",
              "Data" : {
                "Session" : {
                  "DataName" : "Session",
                  "EntityName" : "",
                  "EntityType" : "Session",
                  "Id" : "session",
                  "Services" : [ {
                    "APIMethod" : "post",
                    "Characteristic" : "Services",
                    "Id" : "SessionInterface",
                    "Name" : "GetGlobalSessionValues",
                    "Parameters" : { },
                    "RefreshInterval" : 0,
                    "Target" : "GetGlobalSessionValues"
                  } ]
                },
                "Things_KBSmartKPIHelperThing" : {
                  "DataName" : "Things_KBSmartKPIHelperThing",
                  "EntityName" : "KBSmartKPIHelperThing",
                  "EntityType" : "Things",
                  "Id" : "9aaf682c-5484-4126-9811-f3b93b1bd8d2",
                  "Services" : [ {
                    "APIMethod" : "post",
                    "Characteristic" : "Services",
                    "Id" : "67775365-ff9c-4a61-9ae7-78a8b4994ba9",
                    "Name" : "GetDefaultStationForTimeBase",
                    "Parameters" : { },
                    "RefreshInterval" : 0,
                    "Target" : "GetDefaultStationForTimeBase"
                  } ]
                },
                "Things_KBsmartKPILocalHelper" : {
                  "DataName" : "Things_KBsmartKPILocalHelper",
                  "EntityName" : "KBsmartKPILocalHelper",
                  "EntityType" : "Things",
                  "Id" : "2e9d69ac-fc30-4d43-9fd7-9aadbf12a744",
                  "RefreshInterval" : 0,
                  "Services" : [ {
                    "APIMethod" : "post",
                    "Characteristic" : "Services",
                    "Id" : "d4bd23dd-be49-4098-b6d4-a2687c37bfaf",
                    "Name" : "GetMachinesforSmartKPIVisualization",
                    "Parameters" : { },
                    "RefreshInterval" : 0,
                    "Target" : "GetMachinesforSmartKPIVisualization"
                  } ]
                },
                "UserExtensions" : {
                  "DataName" : "UserExtensions",
                  "EntityName" : "",
                  "EntityType" : "UserExtensions",
                  "Id" : "UserExtensions",
                  "Services" : [ {
                    "APIMethod" : "post",
                    "Characteristic" : "Services",
                    "Id" : "UserExtensionInterface",
                    "Name" : "GetCurrentUserExtensionProperties",
                    "Parameters" : { },
                    "RefreshInterval" : 0,
                    "Target" : "GetCurrentUserExtensionProperties"
                  } ]
                }
              },
              "DataBindings" : [ {
                "Id" : "315fd4c2-e9b7-4358-8d01-660528ce72f3",
                "PropertyMaps" : [ {
                  "SourceProperty" : "Output",
                  "SourcePropertyBaseType" : "STRING",
                  "SourcePropertyType" : "Property",
                  "TargetProperty" : "CalculationBase",
                  "TargetPropertyBaseType" : "STRING",
                  "TargetPropertyType" : "property"
                } ],
                "SourceArea" : "UI",
                "SourceId" : "expression2-8",
                "SourceSection" : "",
                "TargetArea" : "UI",
                "TargetId" : "mashupcontainer-5",
                "TargetSection" : ""
              }, {
                "Id" : "8831330b-562d-4fd6-9db1-a79700a4b6e4",
                "PropertyMaps" : [ {
                  "SourceProperty" : "",
                  "SourcePropertyBaseType" : "INFOTABLE",
                  "SourcePropertyType" : "InfoTable",
                  "TargetProperty" : "Data",
                  "TargetPropertyBaseType" : "INFOTABLE",
                  "TargetPropertyType" : "property"
                } ],
                "SourceArea" : "Data",
                "SourceDetails" : "AllData",
                "SourceId" : "GetMachinesforSmartKPIVisualization",
                "SourceSection" : "Things_KBsmartKPILocalHelper",
                "TargetArea" : "UI",
                "TargetId" : "ptcsdropdown-4",
                "TargetSection" : ""
              }, {
                "Id" : "f741ca30-955d-4755-8168-befc4494df73",
                "PropertyMaps" : [ {
                  "SourceProperty" : "ThingName",
                  "SourcePropertyBaseType" : "STRING",
                  "SourcePropertyType" : "Field",
                  "TargetProperty" : "Machine",
                  "TargetPropertyBaseType" : "STRING",
                  "TargetPropertyType" : "property"
                } ],
                "SourceArea" : "Data",
                "SourceDetails" : "SelectedRows",
                "SourceId" : "GetMachinesforSmartKPIVisualization",
                "SourceSection" : "Things_KBsmartKPILocalHelper",
                "TargetArea" : "UI",
                "TargetId" : "mashupcontainer-5",
                "TargetSection" : ""
              }, {
                "Id" : "e6a1a5d9-f4cd-4cc0-9e6a-75f5ae217699",
                "PropertyMaps" : [ {
                  "SourceProperty" : "DisplayName",
                  "SourcePropertyBaseType" : "STRING",
                  "SourcePropertyType" : "Field",
                  "TargetProperty" : "MachineName",
                  "TargetPropertyBaseType" : "STRING",
                  "TargetPropertyType" : "property"
                } ],
                "SourceArea" : "Data",
                "SourceDetails" : "SelectedRows",
                "SourceId" : "GetMachinesforSmartKPIVisualization",
                "SourceSection" : "Things_KBsmartKPILocalHelper",
                "TargetArea" : "UI",
                "TargetId" : "mashupcontainer-5",
                "TargetSection" : ""
              }, {
                "Id" : "db04eb87-43da-4a19-8a56-93b75bff444f",
                "PropertyMaps" : [ {
                  "SourceProperty" : "ThingName",
                  "SourcePropertyBaseType" : "STRING",
                  "SourcePropertyType" : "Field",
                  "TargetProperty" : "KBLocalLineThing",
                  "TargetPropertyBaseType" : "STRING",
                  "TargetPropertyType" : "Parameter"
                } ],
                "SourceArea" : "Data",
                "SourceDetails" : "SelectedRows",
                "SourceId" : "GetMachinesforSmartKPIVisualization",
                "SourceSection" : "Things_KBsmartKPILocalHelper",
                "TargetArea" : "Data",
                "TargetId" : "GetDefaultStationForTimeBase",
                "TargetSection" : "Things_KBSmartKPIHelperThing"
              }, {
                "Id" : "1d980eb3-862a-49c6-a4f8-617adef5266e",
                "PropertyMaps" : [ {
                  "SourceProperty" : "ThingName",
                  "SourcePropertyBaseType" : "STRING",
                  "SourcePropertyType" : "Field",
                  "TargetProperty" : "Station",
                  "TargetPropertyBaseType" : "STRING",
                  "TargetPropertyType" : "property"
                } ],
                "SourceArea" : "Data",
                "SourceDetails" : "AllData",
                "SourceId" : "GetDefaultStationForTimeBase",
                "SourceSection" : "Things_KBSmartKPIHelperThing",
                "TargetArea" : "UI",
                "TargetId" : "mashupcontainer-5",
                "TargetSection" : ""
              } ],
              "DesignTimePermissions" : {
                "Create" : [ ],
                "Delete" : [ ],
                "Metadata" : [ ],
                "Read" : [ ],
                "Update" : [ ]
              },
              "Events" : [ {
                "EventHandlerArea" : "UI",
                "EventHandlerId" : "expression2-8",
                "EventHandlerService" : "Evaluate",
                "EventTriggerArea" : "Mashup",
                "EventTriggerEvent" : "Loaded",
                "EventTriggerId" : "mashup-root",
                "EventTriggerSection" : "",
                "Id" : "77314e66-fdb7-44eb-8c54-c4ce14446245"
              }, {
                "EventHandlerArea" : "Data",
                "EventHandlerId" : "Things_KBsmartKPILocalHelper",
                "EventHandlerService" : "GetMachinesforSmartKPIVisualization",
                "EventTriggerArea" : "Mashup",
                "EventTriggerEvent" : "Loaded",
                "EventTriggerId" : "mashup-root",
                "EventTriggerSection" : "",
                "Id" : "f56bb1ea-821c-4235-9d47-b47c99a344cd"
              }, {
                "EventHandlerArea" : "UI",
                "EventHandlerId" : "mashupcontainer-5",
                "EventHandlerService" : "Refresh",
                "EventTriggerArea" : "Data",
                "EventTriggerEvent" : "SelectedRowsChanged",
                "EventTriggerId" : "GetMachinesforSmartKPIVisualization",
                "EventTriggerSection" : "Things_KBsmartKPILocalHelper",
                "Id" : "e7fde071-66e7-42a3-af27-edcddc769466"
              }, {
                "EventHandlerArea" : "Data",
                "EventHandlerId" : "Things_KBSmartKPIHelperThing",
                "EventHandlerService" : "GetDefaultStationForTimeBase",
                "EventTriggerArea" : "Data",
                "EventTriggerEvent" : "SelectedRowsChanged",
                "EventTriggerId" : "GetMachinesforSmartKPIVisualization",
                "EventTriggerSection" : "Things_KBsmartKPILocalHelper",
                "Id" : "663e605e-822c-4b22-a7e6-22289193fe17"
              } ],
              "Reminders" : [ ],
              "RunTimePermissions" : {
                "permissions" : [ {
                  "EventInvoke" : [ ],
                  "EventSubscribe" : [ ],
                  "PropertyRead" : [ {
                    "isPermitted" : true,
                    "name" : "KBUserGroup",
                    "type" : "Group"
                  } ],
                  "PropertyWrite" : [ ],
                  "ServiceInvoke" : [ {
                    "isPermitted" : true,
                    "name" : "KBUserGroup",
                    "type" : "Group"
                  } ],
                  "resourceName" : "*"
                } ]
              },
              "UI" : {
                "Properties" : {
                  "AddToDashboardButton" : "SimplePlus",
                  "AddToDashboardButtonStyle" : "DefaultAddToDashboardButtonStyle",
                  "Area" : "Mashup",
                  "BGImage" : "",
                  "BGImageRepeat" : "no-repeat",
                  "BGImageSize" : "auto",
                  "Columns" : 0,
                  "ConfigureGadgetButton" : "SimpleGear",
                  "ConfigureGadgetButtonStyle" : "DefaultConfigureGadgetButtonStyle",
                  "DisplayName" : "Mashup",
                  "EnableParameterEditing" : false,
                  "Height" : 618,
                  "Id" : "mashup-root",
                  "IgnoreWarningsInViewMashup" : false,
                  "IsPrintLayout" : false,
                  "Left" : 0,
                  "Margin" : "5",
                  "MashupToEditGadget" : "DefaultMashupToEditGadget",
                  "Master" : "KBSmartProductionMaster1Mashup",
                  "MigratedOn" : "2023-02-20T13:51:41.000Z",
                  "MinHeight" : 0,
                  "MinWidth" : 0,
                  "ResponsiveLayout" : true,
                  "Rows" : 0,
                  "ShowDataLoading" : true,
                  "Style" : "DefaultMashupStyle",
                  "StyleProperties" : {
                    "data" : {
                      "flexcontainer-1" : {
                        "parts" : {
                          "$" : {
                            "$" : {
                              "background" : "transparent"
                            }
                          }
                        },
                        "widget" : "flexcontainer"
                      }
                    },
                    "meta" : {
                      "type" : "WidgetStyler",
                      "version" : "1.0"
                    }
                  },
                  "StyleTheme" : "KBStandardStyleTheme",
                  "Title" : "",
                  "TitleBar" : false,
                  "TitleBarStyle" : "DefaultTitleBarStyle",
                  "TitleBarText" : "Gadget Title Here",
                  "Top" : 0,
                  "Type" : "mashup",
                  "UseMasterTheme" : false,
                  "UseTheme" : false,
                  "UseThemeForHybrids" : false,
                  "Visible" : true,
                  "Width" : 1024,
                  "Z-index" : 10,
                  "__TypeDisplayName" : "Mashup",
                  "_currentParameterDefs" : [ ],
                  "id_index" : 8,
                  "supportsAutoResize" : true
                },
                "Widgets" : [ {
                  "Properties" : {
                    "Area" : "UI",
                    "CollapseTabIcon" : "",
                    "DisplayName" : "container-1",
                    "EnableContainerUnload" : false,
                    "EnableExpandCollapse" : false,
                    "ExpandCollapseTabLocation" : "inside",
                    "ExpandTabIcon" : "",
                    "Expanded" : true,
                    "Id" : "flexcontainer-1",
                    "LastContainer" : true,
                    "LazyLoading" : false,
                    "Margin" : "",
                    "Overlay" : false,
                    "ResponsiveLayout" : true,
                    "ShowDataLoading" : true,
                    "ShowExpandCollapseTab" : false,
                    "SourceURL" : "",
                    "Style" : "DefaultContainerStyle",
                    "StyleProperties" : { },
                    "Type" : "flexcontainer",
                    "UseTheme" : true,
                    "Visible" : true,
                    "Z-index" : 10,
                    "__TypeDisplayName" : "Flex Container",
                    "align-content" : "flex-start",
                    "align-items" : "flex-start",
                    "flex-basis" : "auto",
                    "flex-direction" : "column",
                    "flex-grow" : 1,
                    "flex-max-height" : "",
                    "flex-max-width" : "",
                    "flex-min-height" : "",
                    "flex-min-width" : "",
                    "flex-shrink" : "0",
                    "flex-size" : "default",
                    "flex-wrap" : "nowrap",
                    "iconClass" : "widgets-flexcontainer",
                    "justify-content" : "flex-start",
                    "positioning" : "responsive",
                    "userCannotRemove" : true
                  },
                  "Widgets" : [ {
                    "Properties" : {
                      "Area" : "UI",
                      "CollapseTabIcon" : "",
                      "DisplayName" : "container-2",
                      "EnableContainerUnload" : false,
                      "EnableExpandCollapse" : true,
                      "ExpandCollapseTabLocation" : "outside",
                      "ExpandTabIcon" : "",
                      "Expanded" : true,
                      "Id" : "flexcontainer-2",
                      "LastContainer" : false,
                      "LazyLoading" : false,
                      "Margin" : "false false 5 false",
                      "Overlay" : false,
                      "ResponsiveLayout" : true,
                      "ShowDataLoading" : true,
                      "ShowExpandCollapseTab" : false,
                      "SourceURL" : "",
                      "Style" : "DefaultContainerStyle",
                      "StyleProperties" : { },
                      "Type" : "flexcontainer",
                      "UseTheme" : true,
                      "Visible" : true,
                      "Z-index" : 10,
                      "__TypeDisplayName" : "Flex Container",
                      "align-content" : "flex-start",
                      "align-items" : "flex-start",
                      "flex-basis" : "auto",
                      "flex-direction" : "column",
                      "flex-grow" : 1,
                      "flex-max-height" : "50px",
                      "flex-max-width" : "",
                      "flex-min-height" : "50px",
                      "flex-min-width" : "",
                      "flex-shrink" : "0",
                      "flex-size" : "fixed",
                      "flex-wrap" : "nowrap",
                      "iconClass" : "widgets-flexcontainer-fixed",
                      "isLocked" : false,
                      "justify-content" : "flex-start",
                      "positioning" : "static",
                      "userCannotRemove" : false
                    },
                    "Widgets" : [ {
                      "Properties" : {
                        "Alignment" : "left",
                        "AllLabel" : "[[all]]",
                        "Area" : "UI",
                        "AutoSelectFirstRow" : true,
                        "ClearSelectedItemsLabel" : "[[clearSelectedItems]]",
                        "ClearSelectionItem" : false,
                        "ClearSelectionLabel" : "[[None]]",
                        "CriteriaMessage" : "",
                        "CriteriaMessageDetails" : "",
                        "Disabled" : false,
                        "DisplayField" : "DisplayName",
                        "DisplayName" : "dhxlist-4",
                        "EnableToolTips" : true,
                        "FilterHintText" : "Filter",
                        "Height" : 28,
                        "HintText" : "",
                        "Id" : "ptcsdropdown-4",
                        "ItemMeta" : {
                          "type" : "text"
                        },
                        "Label" : "",
                        "LabelAlignment" : "left",
                        "LastContainer" : false,
                        "Left" : 10,
                        "ListFormat_StateParameters" : [ ],
                        "ListMarginTop" : 8,
                        "Margin" : "5",
                        "MultiSelect" : false,
                        "NumberOfItemsInDropdownView" : 6,
                        "RequiredMessage" : "A selection is required",
                        "ResponsiveLayout" : false,
                        "RowHeight" : 28,
                        "SelectAllLabel" : "[[selectAll]]",
                        "SelectedLabel" : "[[selected]]",
                        "ShowDataLoading" : true,
                        "ShowListFilter" : false,
                        "ShowValidationCriteria" : false,
                        "ShowValidationFailure" : false,
                        "ShowValidationSuccess" : false,
                        "StateField" : "DisplayName",
                        "SuccessMessage" : "",
                        "SuccessMessageDetails" : "",
                        "TabSequence" : 0,
                        "Top" : 5,
                        "Type" : "ptcsdropdown",
                        "UseTheme" : true,
                        "ValidationCriteriaIcon" : "cds:icon_info",
                        "ValidationFailureIcon" : "cds:icon_error",
                        "ValidationState" : "undefined",
                        "ValidationSuccessIcon" : "cds:icon_success",
                        "ValueField" : "ThingName",
                        "ValueRequired" : false,
                        "Visible" : true,
                        "Width" : 500,
                        "Z-index" : 10,
                        "__TypeDisplayName" : "List"
                      },
                      "Widgets" : [ ]
                    } ]
                  }, {
                    "Properties" : {
                      "Area" : "UI",
                      "CollapseTabIcon" : "",
                      "DisplayName" : "container-3",
                      "EnableContainerUnload" : false,
                      "EnableExpandCollapse" : false,
                      "ExpandCollapseTabLocation" : "inside",
                      "ExpandTabIcon" : "",
                      "Expanded" : true,
                      "Id" : "flexcontainer-3",
                      "LastContainer" : false,
                      "LazyLoading" : false,
                      "Margin" : "5 10 0 10",
                      "Overlay" : false,
                      "ResponsiveLayout" : true,
                      "ShowDataLoading" : true,
                      "ShowExpandCollapseTab" : false,
                      "SourceURL" : "",
                      "Style" : "DefaultContainerStyle",
                      "StyleProperties" : { },
                      "Type" : "flexcontainer",
                      "UseTheme" : true,
                      "Visible" : true,
                      "Z-index" : 10,
                      "__TypeDisplayName" : "Flex Container",
                      "align-content" : "flex-start",
                      "align-items" : "flex-start",
                      "flex-basis" : "auto",
                      "flex-direction" : "column",
                      "flex-grow" : 1,
                      "flex-max-height" : "",
                      "flex-max-width" : "",
                      "flex-min-height" : "",
                      "flex-min-width" : "",
                      "flex-shrink" : "0",
                      "flex-size" : "fixed",
                      "flex-wrap" : "nowrap",
                      "iconClass" : "widgets-flexcontainer",
                      "isLocked" : true,
                      "justify-content" : "flex-start",
                      "positioning" : "responsive",
                      "userCannotRemove" : false
                    },
                    "Widgets" : [ {
                      "Properties" : {
                        "Area" : "UI",
                        "DisplayName" : "mashupcontainer-5",
                        "Height" : 300,
                        "Id" : "mashupcontainer-5",
                        "LastContainer" : false,
                        "Left" : 285,
                        "Level" : "L1",
                        "Machine" : "-nothing-",
                        "MachineName" : "",
                        "Margin" : "5",
                        "MashupParameters" : [ {
                          "BaseType" : "STRING",
                          "Description" : "",
                          "ParameterName" : "Station",
                          "ParmDef" : {
                            "aspects" : {
                              "bindingDirection" : "BOTH",
                              "isMandatory" : "false"
                            },
                            "baseType" : "STRING",
                            "description" : "",
                            "name" : "Station",
                            "ordinal" : 0
                          }
                        }, {
                          "BaseType" : "STRING",
                          "DefaultValue" : "",
                          "Description" : "",
                          "ParameterName" : "MachineName",
                          "ParmDef" : {
                            "aspects" : {
                              "bindingDirection" : "BOTH",
                              "isMandatory" : "false"
                            },
                            "baseType" : "STRING",
                            "description" : "",
                            "name" : "MachineName",
                            "ordinal" : 0
                          }
                        }, {
                          "BaseType" : "STRING",
                          "Description" : "",
                          "ParameterName" : "CalculationBase",
                          "ParmDef" : {
                            "aspects" : {
                              "bindingDirection" : "BOTH",
                              "isMandatory" : "false"
                            },
                            "baseType" : "STRING",
                            "description" : "",
                            "name" : "CalculationBase",
                            "ordinal" : 0
                          }
                        }, {
                          "BaseType" : "STRING",
                          "DefaultValue" : "L1",
                          "Description" : "",
                          "ParameterName" : "Level",
                          "ParmDef" : {
                            "aspects" : {
                              "bindingDirection" : "IN",
                              "isMandatory" : "false"
                            },
                            "baseType" : "STRING",
                            "description" : "",
                            "name" : "Level",
                            "ordinal" : 0
                          }
                        }, {
                          "BaseType" : "DATETIME",
                          "Description" : "",
                          "ParameterName" : "EndDate",
                          "ParmDef" : {
                            "aspects" : {
                              "bindingDirection" : "IN",
                              "isMandatory" : "false"
                            },
                            "baseType" : "DATETIME",
                            "description" : "",
                            "name" : "EndDate",
                            "ordinal" : 0
                          }
                        }, {
                          "BaseType" : "STRING",
                          "DefaultValue" : "-nothing-",
                          "Description" : "",
                          "ParameterName" : "Machine",
                          "ParmDef" : {
                            "aspects" : {
                              "bindingDirection" : "BOTH",
                              "isMandatory" : "false"
                            },
                            "baseType" : "STRING",
                            "description" : "",
                            "name" : "Machine",
                            "ordinal" : 0
                          }
                        }, {
                          "BaseType" : "DATETIME",
                          "Description" : "",
                          "ParameterName" : "Startdate",
                          "ParmDef" : {
                            "aspects" : {
                              "bindingDirection" : "IN",
                              "isMandatory" : "false"
                            },
                            "baseType" : "DATETIME",
                            "description" : "",
                            "name" : "Startdate",
                            "ordinal" : 0
                          }
                        } ],
                        "Name" : "KBMachineParetoTimeLossesMashup",
                        "ResizeToContent" : false,
                        "ResponsiveLayout" : true,
                        "ShowDataLoading" : true,
                        "TabSequenceGroup" : 0,
                        "Top" : 90,
                        "Type" : "mashupcontainer",
                        "Visible" : true,
                        "Width" : 400,
                        "Z-index" : 10,
                        "__TypeDisplayName" : "Contained Mashup"
                      },
                      "Widgets" : [ ]
                    } ]
                  } ]
                }, {
                  "Properties" : {
                    "Area" : "UI",
                    "AutoEvaluate" : false,
                    "DataChangeType" : "ALWAYS",
                    "DisplayName" : "DefaultCalculationBase",
                    "Expression" : "Output='Day';",
                    "FireOnFirstValue" : false,
                    "Height" : 28,
                    "Id" : "expression2-8",
                    "LastContainer" : false,
                    "Left" : null,
                    "Margin" : "5",
                    "OutputBaseType" : "STRING",
                    "ResponsiveLayout" : false,
                    "ShowDataLoading" : true,
                    "Top" : null,
                    "Type" : "expression2",
                    "Visible" : true,
                    "Width" : 200,
                    "Z-index" : 10,
                    "__TypeDisplayName" : "Expression",
                    "_currentParameterDefs" : [ ]
                  },
                  "Widgets" : [ ]
                } ]
              },
              "mashupType" : "mashup"
            }
            ]]>
            </mashupContent>
            <preview></preview>
        </Mashup>
    </Mashups>
</Entities>
