<?xml version="1.0" encoding="UTF-8"?>
<Entities
 majorVersion="9"
 minorVersion="3"
 universal="password">
    <Mashups>
        <Mashup
         aspect.isFlex="true"
         aspect.isResponsive="true"
         aspect.mashupType="mashup"
         columns="0.0"
         description=""
         documentationContent=""
         homeMashup=""
         name="KBLocalSmartKPITruckMachineLevelMashup"
         projectName="KBsmartKPI"
         rows="0.0"
         tags="KBThingWorxInstallationVocabulary:01_smartKPI_Truck">
            <avatar></avatar>
            <DesignTimePermissions>
                <Create></Create>
                <Read></Read>
                <Update></Update>
                <Delete></Delete>
                <Metadata></Metadata>
            </DesignTimePermissions>
            <RunTimePermissions>
                <Permissions
                 resourceName="*">
                    <PropertyRead>
                        <Principal
                         isPermitted="true"
                         name="KBUserGroup"
                         type="Group"></Principal>
                    </PropertyRead>
                    <PropertyWrite></PropertyWrite>
                    <ServiceInvoke>
                        <Principal
                         isPermitted="true"
                         name="KBUserGroup"
                         type="Group"></Principal>
                    </ServiceInvoke>
                    <EventInvoke></EventInvoke>
                    <EventSubscribe></EventSubscribe>
                </Permissions>
            </RunTimePermissions>
            <VisibilityPermissions>
                <Visibility>
                    <Principal
                     isPermitted="true"
                     name="KBOrganization"
                     type="Organization"></Principal>
                </Visibility>
            </VisibilityPermissions>
            <ConfigurationTableDefinitions></ConfigurationTableDefinitions>
            <ConfigurationTables>
                <ConfigurationTable
                 dataShapeName=""
                 description="Mashup Mobile Settings"
                 isHidden="true"
                 isMultiRow="false"
                 name="MobileSettings"
                 ordinal="0">
                    <DataShape>
                        <FieldDefinitions>
                            <FieldDefinition
                             aspect.defaultValue="false"
                             aspect.friendlyName="Disable Zoom"
                             baseType="BOOLEAN"
                             description="Disables zooming in and out within the mashup"
                             name="disableZoom"
                             ordinal="0"></FieldDefinition>
                            <FieldDefinition
                             aspect.defaultValue="true"
                             aspect.friendlyName="Full Screen Mode"
                             baseType="BOOLEAN"
                             description="Open the mashup in full screen mode"
                             name="fullScreenMode"
                             ordinal="0"></FieldDefinition>
                            <FieldDefinition
                             aspect.friendlyName="Height"
                             baseType="STRING"
                             description="The height of the mashup page"
                             name="height"
                             ordinal="0"></FieldDefinition>
                            <FieldDefinition
                             aspect.defaultValue="device-height"
                             aspect.friendlyName="Height Type"
                             baseType="STRING"
                             description="Use the height of the device display, or a custom height (in px)"
                             name="heightType"
                             ordinal="0"></FieldDefinition>
                            <FieldDefinition
                             aspect.defaultValue="1.0"
                             aspect.friendlyName="Initial Scale"
                             baseType="NUMBER"
                             description="The initial zoom scale when the mashup is loaded for the first time"
                             name="initialScale"
                             ordinal="0"></FieldDefinition>
                            <FieldDefinition
                             aspect.friendlyName="Shortcut Icon Title"
                             baseType="STRING"
                             description="A title for the mashup shortcut on the iOS home screen"
                             name="iosShortcutIconTitle"
                             ordinal="0"></FieldDefinition>
                            <FieldDefinition
                             aspect.defaultValue="black-translucent"
                             aspect.friendlyName="Status Bar Appearance"
                             baseType="STRING"
                             description="The style of the iOS status bar"
                             name="iosStatusBarAppearance"
                             ordinal="0"></FieldDefinition>
                            <FieldDefinition
                             aspect.defaultValue="10.0"
                             aspect.friendlyName="Maximum Scale"
                             baseType="NUMBER"
                             description="The maximum scale that users can zoom out to"
                             name="maximumScale"
                             ordinal="0"></FieldDefinition>
                            <FieldDefinition
                             aspect.defaultValue="0.1"
                             aspect.friendlyName="Minimum Scale"
                             baseType="NUMBER"
                             description="The minimum scale that users can zoom out to"
                             name="minimumScale"
                             ordinal="0"></FieldDefinition>
                            <FieldDefinition
                             aspect.friendlyName="Width"
                             baseType="STRING"
                             description="The width of the mashup page"
                             name="width"
                             ordinal="0"></FieldDefinition>
                            <FieldDefinition
                             aspect.defaultValue="device-width"
                             aspect.friendlyName="Width Type"
                             baseType="STRING"
                             description="Use the width of the device display, or a custom width (in px)"
                             name="widthType"
                             ordinal="0"></FieldDefinition>
                        </FieldDefinitions>
                    </DataShape>
                    <Rows>
                        <Row>
                            <disableZoom>false</disableZoom>
                            <fullScreenMode>true</fullScreenMode>
                            <height></height>
                            <heightType>
                            <![CDATA[
                            device-height
                            ]]>
                            </heightType>
                            <initialScale>1.0</initialScale>
                            <iosShortcutIconTitle></iosShortcutIconTitle>
                            <iosStatusBarAppearance>
                            <![CDATA[
                            black-translucent
                            ]]>
                            </iosStatusBarAppearance>
                            <maximumScale>10.0</maximumScale>
                            <minimumScale>0.1</minimumScale>
                            <width></width>
                            <widthType>
                            <![CDATA[
                            device-width
                            ]]>
                            </widthType>
                        </Row>
                    </Rows>
                </ConfigurationTable>
            </ConfigurationTables>
            <ParameterDefinitions></ParameterDefinitions>
            <Things></Things>
            <ThingShapes></ThingShapes>
            <ThingTemplates></ThingTemplates>
            <mashupContent>
            <![CDATA[
            {
              "CustomMashupCss" : "",
              "Data" : {
                "Session" : {
                  "DataName" : "Session",
                  "EntityName" : "",
                  "EntityType" : "Session",
                  "Id" : "session",
                  "Services" : [ {
                    "APIMethod" : "post",
                    "Characteristic" : "Services",
                    "Id" : "SessionInterface",
                    "Name" : "GetGlobalSessionValues",
                    "Parameters" : { },
                    "RefreshInterval" : 0,
                    "Target" : "GetGlobalSessionValues"
                  } ]
                },
                "Things_KBKPILocalThingWorxDatabaseThing" : {
                  "DataName" : "Things_KBKPILocalThingWorxDatabaseThing",
                  "EntityName" : "KBKPILocalThingWorxDatabaseThing",
                  "EntityType" : "Things",
                  "Id" : "8b419787-5ba1-4f91-b189-e97704697640",
                  "RefreshInterval" : 0,
                  "Services" : [ {
                    "APIMethod" : "post",
                    "Characteristic" : "Services",
                    "Id" : "b3b529da-063a-466c-85df-74b97ae1d66d",
                    "Name" : "GetShiftDataForEventChart",
                    "Parameters" : { },
                    "RefreshInterval" : 0,
                    "Target" : "GetShiftDataForEventChart"
                  }, {
                    "APIMethod" : "post",
                    "Characteristic" : "Services",
                    "Id" : "e7092e45-bb3f-47e5-99d2-e21a19b2d19c",
                    "Name" : "GetTruckLocalKpisForMenue",
                    "Parameters" : { },
                    "RefreshInterval" : 0,
                    "Target" : "GetTruckLocalKpisForMenue"
                  } ]
                },
                "Things_KBSmartKPIHelperThing" : {
                  "DataName" : "Things_KBSmartKPIHelperThing",
                  "EntityName" : "KBSmartKPIHelperThing",
                  "EntityType" : "Things",
                  "Id" : "f707259f-5753-4847-90af-9f41ab46c34d",
                  "RefreshInterval" : 0,
                  "Services" : [ {
                    "APIMethod" : "post",
                    "Characteristic" : "Services",
                    "Id" : "19462175-7bad-43d7-9e86-06cd3656129d",
                    "Name" : "GetLocalMachinesforSmartKPIVisualization",
                    "Parameters" : { },
                    "RefreshInterval" : 0,
                    "Target" : "GetLocalMachinesforSmartKPIVisualization"
                  }, {
                    "APIMethod" : "post",
                    "Characteristic" : "Services",
                    "Id" : "515f7fb6-7389-4004-8c2a-808c03505077",
                    "Name" : "GetLocalPlantsforSmartKPIVisualization",
                    "Parameters" : {
                      "KBDivisionThingName" : "KBTruckDivisionThing"
                    },
                    "RefreshInterval" : 0,
                    "Target" : "GetLocalPlantsforSmartKPIVisualization"
                  }, {
                    "APIMethod" : "post",
                    "Characteristic" : "Services",
                    "Id" : "983ffa63-f3ad-4b66-995b-814a64aeacd3",
                    "Name" : "GetLocalAreasforSmartKPIVisualization",
                    "Parameters" : { },
                    "RefreshInterval" : 0,
                    "Target" : "GetLocalAreasforSmartKPIVisualization"
                  } ]
                },
                "UserExtensions" : {
                  "DataName" : "UserExtensions",
                  "EntityName" : "",
                  "EntityType" : "UserExtensions",
                  "Id" : "UserExtensions",
                  "Services" : [ {
                    "APIMethod" : "post",
                    "Characteristic" : "Services",
                    "Id" : "UserExtensionInterface",
                    "Name" : "GetCurrentUserExtensionProperties",
                    "Parameters" : { },
                    "RefreshInterval" : 0,
                    "Target" : "GetCurrentUserExtensionProperties"
                  } ]
                }
              },
              "DataBindings" : [ {
                "Id" : "75aadc41-939b-45bf-9fee-09399458116c",
                "PropertyMaps" : [ {
                  "SourceProperty" : "",
                  "SourcePropertyBaseType" : "INFOTABLE",
                  "SourcePropertyType" : "InfoTable",
                  "TargetProperty" : "Data",
                  "TargetPropertyBaseType" : "INFOTABLE",
                  "TargetPropertyType" : "property"
                } ],
                "SourceArea" : "Data",
                "SourceDetails" : "AllData",
                "SourceId" : "GetLocalMachinesforSmartKPIVisualization",
                "SourceSection" : "Things_KBSmartKPIHelperThing",
                "TargetArea" : "UI",
                "TargetId" : "ptcslist-13",
                "TargetSection" : ""
              }, {
                "Id" : "1373fc1b-2b9b-4ac4-9f4f-516701599821",
                "PropertyMaps" : [ {
                  "SourceProperty" : "",
                  "SourcePropertyBaseType" : "INFOTABLE",
                  "SourcePropertyType" : "InfoTable",
                  "TargetProperty" : "Data",
                  "TargetPropertyBaseType" : "INFOTABLE",
                  "TargetPropertyType" : "property"
                } ],
                "SourceArea" : "Data",
                "SourceDetails" : "AllData",
                "SourceId" : "GetLocalAreasforSmartKPIVisualization",
                "SourceSection" : "Things_KBSmartKPIHelperThing",
                "TargetArea" : "UI",
                "TargetId" : "ptcslist-9",
                "TargetSection" : ""
              }, {
                "Id" : "0ea42af0-0271-467e-bbf4-ce15e0f4aa6f",
                "PropertyMaps" : [ {
                  "SourceProperty" : "",
                  "SourcePropertyBaseType" : "INFOTABLE",
                  "SourcePropertyType" : "InfoTable",
                  "TargetProperty" : "Data",
                  "TargetPropertyBaseType" : "INFOTABLE",
                  "TargetPropertyType" : "property"
                } ],
                "SourceArea" : "Data",
                "SourceDetails" : "AllData",
                "SourceId" : "GetLocalPlantsforSmartKPIVisualization",
                "SourceSection" : "Things_KBSmartKPIHelperThing",
                "TargetArea" : "UI",
                "TargetId" : "ptcslist-4",
                "TargetSection" : ""
              }, {
                "Id" : "34a2df99-1897-4bb5-852c-d34dc4da477c",
                "PropertyMaps" : [ {
                  "SourceProperty" : "ThingName",
                  "SourcePropertyBaseType" : "STRING",
                  "SourcePropertyType" : "Field",
                  "TargetProperty" : "AreaThing",
                  "TargetPropertyBaseType" : "STRING",
                  "TargetPropertyType" : "Parameter"
                } ],
                "SourceArea" : "Data",
                "SourceDetails" : "SelectedRows",
                "SourceId" : "GetLocalAreasforSmartKPIVisualization",
                "SourceSection" : "Things_KBSmartKPIHelperThing",
                "TargetArea" : "Data",
                "TargetId" : "GetLocalMachinesforSmartKPIVisualization",
                "TargetSection" : "Things_KBSmartKPIHelperThing"
              }, {
                "Id" : "76d15300-0423-4647-9b68-1c7492749ed8",
                "PropertyMaps" : [ {
                  "SourceProperty" : "ThingName",
                  "SourcePropertyBaseType" : "STRING",
                  "SourcePropertyType" : "Field",
                  "TargetProperty" : "KBPlantThing",
                  "TargetPropertyBaseType" : "THINGNAME",
                  "TargetPropertyType" : "Parameter"
                } ],
                "SourceArea" : "Data",
                "SourceDetails" : "SelectedRows",
                "SourceId" : "GetLocalPlantsforSmartKPIVisualization",
                "SourceSection" : "Things_KBSmartKPIHelperThing",
                "TargetArea" : "Data",
                "TargetId" : "GetLocalAreasforSmartKPIVisualization",
                "TargetSection" : "Things_KBSmartKPIHelperThing"
              }, {
                "Id" : "0e8ee97b-fc81-4759-b895-d57deade45cf",
                "PropertyMaps" : [ {
                  "SourceProperty" : "ThingName",
                  "SourcePropertyBaseType" : "STRING",
                  "SourcePropertyType" : "Field",
                  "TargetProperty" : "Name",
                  "TargetPropertyBaseType" : "MASHUPNAME",
                  "TargetPropertyType" : "property"
                } ],
                "SourceArea" : "Data",
                "SourceDetails" : "SelectedRows",
                "SourceId" : "GetTruckLocalKpisForMenue",
                "SourceSection" : "Things_KBKPILocalThingWorxDatabaseThing",
                "TargetArea" : "UI",
                "TargetId" : "mashupcontainer-165",
                "TargetSection" : ""
              }, {
                "Id" : "de8f7f8c-94e2-4e96-a710-7274d2755532",
                "PropertyMaps" : [ {
                  "SourceProperty" : "",
                  "SourcePropertyBaseType" : "INFOTABLE",
                  "SourcePropertyType" : "InfoTable",
                  "TargetProperty" : "Data",
                  "TargetPropertyBaseType" : "INFOTABLE",
                  "TargetPropertyType" : "property"
                } ],
                "SourceArea" : "Data",
                "SourceDetails" : "AllData",
                "SourceId" : "GetTruckLocalKpisForMenue",
                "SourceSection" : "Things_KBKPILocalThingWorxDatabaseThing",
                "TargetArea" : "UI",
                "TargetId" : "ptcsdropdown-168",
                "TargetSection" : ""
              }, {
                "Id" : "fbfa3234-641d-4cc9-969a-5ff128b5d5ae",
                "PropertyMaps" : [ {
                  "SourceProperty" : "ThingName",
                  "SourcePropertyBaseType" : "STRING",
                  "SourcePropertyType" : "Field",
                  "TargetProperty" : "MachineThingName",
                  "TargetPropertyBaseType" : "STRING",
                  "TargetPropertyType" : "property"
                } ],
                "SourceArea" : "Data",
                "SourceDetails" : "SelectedRows",
                "SourceId" : "GetLocalMachinesforSmartKPIVisualization",
                "SourceSection" : "Things_KBSmartKPIHelperThing",
                "TargetArea" : "UI",
                "TargetId" : "mashupcontainer-165",
                "TargetSection" : ""
              }, {
                "Id" : "0767faf4-ce28-4851-b025-aa735bc861f5",
                "PropertyMaps" : [ {
                  "SourceProperty" : "",
                  "SourcePropertyBaseType" : "INFOTABLE",
                  "SourcePropertyType" : "InfoTable",
                  "TargetProperty" : "SelectedKPI",
                  "TargetPropertyBaseType" : "INFOTABLE",
                  "TargetPropertyType" : "property"
                } ],
                "SourceArea" : "Data",
                "SourceDetails" : "SelectedRows",
                "SourceId" : "GetTruckLocalKpisForMenue",
                "SourceSection" : "Things_KBKPILocalThingWorxDatabaseThing",
                "TargetArea" : "UI",
                "TargetId" : "mashupcontainer-165",
                "TargetSection" : ""
              } ],
              "DesignTimePermissions" : { },
              "Events" : [ {
                "EventHandlerArea" : "Data",
                "EventHandlerId" : "Things_KBSmartKPIHelperThing",
                "EventHandlerService" : "GetLocalAreasforSmartKPIVisualization",
                "EventTriggerArea" : "Data",
                "EventTriggerEvent" : "SelectedRowsChanged",
                "EventTriggerId" : "GetLocalPlantsforSmartKPIVisualization",
                "EventTriggerSection" : "Things_KBSmartKPIHelperThing",
                "Id" : "d94300d9-93e1-4bb8-8f02-86c085927634"
              }, {
                "EventHandlerArea" : "Data",
                "EventHandlerId" : "Things_KBSmartKPIHelperThing",
                "EventHandlerService" : "GetLocalMachinesforSmartKPIVisualization",
                "EventTriggerArea" : "Data",
                "EventTriggerEvent" : "SelectedRowsChanged",
                "EventTriggerId" : "GetLocalAreasforSmartKPIVisualization",
                "EventTriggerSection" : "Things_KBSmartKPIHelperThing",
                "Id" : "d6c5bf36-1a5c-43e2-81c1-3f205f4609dc"
              }, {
                "EventHandlerArea" : "Data",
                "EventHandlerId" : "Things_KBSmartKPIHelperThing",
                "EventHandlerService" : "GetLocalPlantsforSmartKPIVisualization",
                "EventTriggerArea" : "Mashup",
                "EventTriggerEvent" : "Loaded",
                "EventTriggerId" : "mashup-root",
                "EventTriggerSection" : "",
                "Id" : "5958699e-904c-4eec-8bcd-583dca874e84"
              }, {
                "EventHandlerArea" : "Data",
                "EventHandlerId" : "Things_KBKPILocalThingWorxDatabaseThing",
                "EventHandlerService" : "GetShiftDataForEventChart",
                "EventTriggerArea" : "Mashup",
                "EventTriggerEvent" : "Loaded",
                "EventTriggerId" : "mashup-root",
                "EventTriggerSection" : "",
                "Id" : "0f9b2365-e4b5-432f-9ec1-66196449c7b3"
              }, {
                "EventHandlerArea" : "Data",
                "EventHandlerId" : "Things_KBKPILocalThingWorxDatabaseThing",
                "EventHandlerService" : "GetShiftDataForEventChart",
                "EventTriggerArea" : "Data",
                "EventTriggerEvent" : "ServiceInvokeCompleted",
                "EventTriggerId" : "GetLocalMachinesforSmartKPIVisualization",
                "EventTriggerSection" : "Things_KBSmartKPIHelperThing",
                "Id" : "feb97aa3-8ca8-4be3-a84e-7f5326d5c9f7"
              }, {
                "EventHandlerArea" : "Data",
                "EventHandlerId" : "Things_KBKPILocalThingWorxDatabaseThing",
                "EventHandlerService" : "GetTruckLocalKpisForMenue",
                "EventTriggerArea" : "Mashup",
                "EventTriggerEvent" : "Loaded",
                "EventTriggerId" : "mashup-root",
                "EventTriggerSection" : "",
                "Id" : "c59287e0-5103-4a0b-b8b5-6fcc7f7e6e1a"
              }, {
                "EventHandlerArea" : "UI",
                "EventHandlerId" : "mashupcontainer-165",
                "EventHandlerService" : "Refresh",
                "EventTriggerArea" : "Data",
                "EventTriggerEvent" : "SelectedRowsChanged",
                "EventTriggerId" : "GetTruckLocalKpisForMenue",
                "EventTriggerSection" : "Things_KBKPILocalThingWorxDatabaseThing",
                "Id" : "d96cd7fa-ca7e-41e6-b5df-bad5c2bde94d"
              } ],
              "Reminders" : [ ],
              "RunTimePermissions" : { },
              "UI" : {
                "Properties" : {
                  "AddToDashboardButton" : "SimplePlus",
                  "AddToDashboardButtonStyle" : "DefaultAddToDashboardButtonStyle",
                  "Area" : "Mashup",
                  "BGImage" : "",
                  "BGImageRepeat" : "no-repeat",
                  "BGImageSize" : "auto",
                  "Columns" : 0,
                  "ConfigureGadgetButton" : "SimpleGear",
                  "ConfigureGadgetButtonStyle" : "DefaultConfigureGadgetButtonStyle",
                  "DisplayName" : "Mashup",
                  "EnableParameterEditing" : false,
                  "Height" : 618,
                  "Id" : "mashup-root",
                  "IgnoreWarningsInViewMashup" : false,
                  "IsPrintLayout" : false,
                  "Left" : 0,
                  "Margin" : "5",
                  "MashupResolution" : "HD 1280x720",
                  "MashupToEditGadget" : "DefaultMashupToEditGadget",
                  "Master" : "KBSmartProductionMaster1Mashup",
                  "MigratedOn" : "2023-04-11T12:28:34.000Z",
                  "MinHeight" : 0,
                  "MinWidth" : 0,
                  "ResponsiveLayout" : true,
                  "Rows" : 0,
                  "ShowDataLoading" : true,
                  "Style" : "DefaultMashupStyle",
                  "StyleProperties" : {
                    "data" : {
                      "flexcontainer-1" : {
                        "parts" : {
                          "$" : {
                            "$" : {
                              "background" : "transparent"
                            }
                          }
                        },
                        "widget" : "flex-container"
                      },
                      "flexcontainer-10" : {
                        "parts" : {
                          "$" : {
                            "$" : {
                              "background" : "transparent"
                            }
                          }
                        },
                        "widget" : "flex-container"
                      },
                      "flexcontainer-162" : {
                        "parts" : {
                          "$" : {
                            "$" : {
                              "background" : "transparent"
                            }
                          }
                        },
                        "widget" : "flex-container"
                      },
                      "flexcontainer-163" : {
                        "parts" : {
                          "$" : {
                            "$" : {
                              "border-color" : "rgba(192,192,192,1)",
                              "border-style" : "solid",
                              "border-width" : "1px"
                            }
                          }
                        },
                        "widget" : "flex-container"
                      },
                      "flexcontainer-5" : {
                        "parts" : {
                          "$" : {
                            "$" : {
                              "background" : "transparent"
                            }
                          }
                        },
                        "widget" : "flex-container"
                      }
                    },
                    "meta" : {
                      "type" : "WidgetStyler",
                      "version" : "1.0"
                    }
                  },
                  "StyleTheme" : "KBStandardStyleTheme",
                  "Title" : "",
                  "TitleBar" : false,
                  "TitleBarStyle" : "DefaultTitleBarStyle",
                  "TitleBarText" : "Gadget Title Here",
                  "Top" : 0,
                  "Type" : "mashup",
                  "UseMasterTheme" : false,
                  "UseTheme" : false,
                  "Visible" : true,
                  "Width" : 1024,
                  "Z-index" : 10,
                  "__TypeDisplayName" : "Mashup",
                  "id_index" : 181,
                  "supportsAutoResize" : true
                },
                "Widgets" : [ {
                  "Properties" : {
                    "Area" : "UI",
                    "CollapseTabIcon" : "",
                    "DisplayName" : "container-1",
                    "EnableContainerUnload" : false,
                    "EnableExpandCollapse" : false,
                    "ExpandCollapseTabLocation" : "inside",
                    "ExpandTabIcon" : "",
                    "Expanded" : true,
                    "Id" : "flexcontainer-1",
                    "LastContainer" : true,
                    "LazyLoading" : false,
                    "Margin" : "",
                    "Overlay" : false,
                    "ResponsiveLayout" : true,
                    "Scrolling" : "auto-scroll",
                    "ShowDataLoading" : true,
                    "ShowExpandCollapseTab" : false,
                    "SourceURL" : "",
                    "Style" : "DefaultContainerStyle",
                    "StyleProperties" : { },
                    "Type" : "flexcontainer",
                    "UseTheme" : true,
                    "Visible" : true,
                    "Z-index" : 10,
                    "__TypeDisplayName" : "Flex Container",
                    "align-content" : "flex-start",
                    "align-items" : "flex-start",
                    "flex-basis" : "auto",
                    "flex-direction" : "row",
                    "flex-grow" : 1,
                    "flex-max-height" : "",
                    "flex-max-width" : "",
                    "flex-min-height" : "",
                    "flex-min-width" : "",
                    "flex-shrink" : 1,
                    "flex-size" : "default",
                    "flex-wrap" : "nowrap",
                    "iconClass" : "widgets-flexcontainer",
                    "justify-content" : "flex-start",
                    "positioning" : "responsive",
                    "userCannotRemove" : true
                  },
                  "Widgets" : [ {
                    "Properties" : {
                      "Area" : "UI",
                      "CollapseTabIcon" : "",
                      "DisplayName" : "container-2",
                      "EnableContainerUnload" : false,
                      "EnableExpandCollapse" : true,
                      "ExpandCollapseTabLocation" : "outside",
                      "ExpandTabIcon" : "",
                      "Expanded" : true,
                      "Id" : "flexcontainer-2",
                      "LastContainer" : false,
                      "LazyLoading" : false,
                      "Margin" : "false 0 false false",
                      "Overlay" : false,
                      "ResponsiveLayout" : true,
                      "ShowDataLoading" : true,
                      "ShowExpandCollapseTab" : false,
                      "SourceURL" : "",
                      "Style" : "DefaultContainerStyle",
                      "StyleProperties" : { },
                      "Type" : "flexcontainer",
                      "UseTheme" : true,
                      "Visible" : true,
                      "Z-index" : 10,
                      "__TypeDisplayName" : "Flex Container",
                      "align-content" : "flex-start",
                      "align-items" : "flex-start",
                      "flex-basis" : "auto",
                      "flex-direction" : "row",
                      "flex-grow" : 1,
                      "flex-max-height" : "",
                      "flex-max-width" : "1px",
                      "flex-min-height" : "",
                      "flex-min-width" : "1px",
                      "flex-shrink" : "0",
                      "flex-size" : "fixed",
                      "flex-wrap" : "nowrap",
                      "iconClass" : "widgets-flexcontainer-fixed",
                      "isLocked" : false,
                      "justify-content" : "flex-start",
                      "positioning" : "responsive",
                      "userCannotRemove" : false
                    },
                    "Widgets" : [ {
                      "Properties" : {
                        "Alignment" : "left",
                        "Area" : "UI",
                        "AutoSelectFirstRow" : true,
                        "ClearSelectedItemsLabel" : "[[clearSelectedItems]]",
                        "ClearSelectionItem" : false,
                        "ClearSelectionLabel" : "[[None]]",
                        "CriteriaMessage" : "",
                        "CriteriaMessageDetails" : "",
                        "Description" : "",
                        "Disabled" : false,
                        "DisplayField" : "DisplayName",
                        "DisplayName" : "PlantList",
                        "EnableToolTips" : true,
                        "FillContainer" : true,
                        "FilterHintText" : "[[filter]]",
                        "Height" : 170,
                        "HintText" : "",
                        "Id" : "ptcslist-4",
                        "ItemMeta" : {
                          "type" : "text"
                        },
                        "Label" : "",
                        "LabelAlignment" : "left",
                        "LastContainer" : false,
                        "Left" : 20,
                        "Margin" : "5",
                        "MultiSelect" : false,
                        "NumberOfItemsInDropdownView" : 6,
                        "RequiredMessage" : "A selection is required",
                        "ResponsiveLayout" : true,
                        "RowHeight" : 28,
                        "SelectAllLabel" : "[[selectAll]]",
                        "ShowDataLoading" : false,
                        "ShowListFilter" : false,
                        "ShowValidationCriteria" : false,
                        "ShowValidationFailure" : false,
                        "ShowValidationSuccess" : false,
                        "SuccessMessage" : "",
                        "SuccessMessageDetails" : "",
                        "TabSequence" : 0,
                        "Top" : 75,
                        "Type" : "ptcslist",
                        "UseTheme" : true,
                        "ValidationCriteriaIcon" : "cds:icon_info",
                        "ValidationFailureIcon" : "cds:icon_error",
                        "ValidationState" : "undefined",
                        "ValidationSuccessIcon" : "cds:icon_success",
                        "ValueField" : "ThingName",
                        "ValueRequired" : false,
                        "Visible" : true,
                        "Width" : 110,
                        "Z-index" : 10,
                        "__TypeDisplayName" : "List"
                      },
                      "Widgets" : [ ]
                    } ]
                  }, {
                    "Properties" : {
                      "Area" : "UI",
                      "CollapseTabIcon" : "",
                      "DisplayName" : "container-3",
                      "EnableContainerUnload" : false,
                      "EnableExpandCollapse" : false,
                      "ExpandCollapseTabLocation" : "inside",
                      "ExpandTabIcon" : "",
                      "Expanded" : true,
                      "Id" : "flexcontainer-3",
                      "LastContainer" : false,
                      "LazyLoading" : false,
                      "Margin" : "0 0 0 0",
                      "Overlay" : false,
                      "ResponsiveLayout" : true,
                      "ShowDataLoading" : true,
                      "ShowExpandCollapseTab" : false,
                      "SourceURL" : "",
                      "Style" : "DefaultContainerStyle",
                      "StyleProperties" : { },
                      "Type" : "flexcontainer",
                      "UseTheme" : true,
                      "Visible" : true,
                      "Z-index" : 10,
                      "__TypeDisplayName" : "Flex Container",
                      "align-content" : "flex-start",
                      "align-items" : "flex-start",
                      "flex-basis" : "auto",
                      "flex-direction" : "row",
                      "flex-grow" : 1,
                      "flex-max-height" : "",
                      "flex-max-width" : "",
                      "flex-min-height" : "",
                      "flex-min-width" : "",
                      "flex-shrink" : "0",
                      "flex-size" : "fixed",
                      "flex-wrap" : "nowrap",
                      "iconClass" : "widgets-flexcontainer",
                      "isLocked" : true,
                      "justify-content" : "flex-start",
                      "positioning" : "responsive",
                      "userCannotRemove" : false
                    },
                    "Widgets" : [ {
                      "Properties" : {
                        "Area" : "UI",
                        "CollapseTabIcon" : "",
                        "DisplayName" : "container-5",
                        "EnableContainerUnload" : false,
                        "EnableExpandCollapse" : false,
                        "ExpandCollapseTabLocation" : "inside",
                        "ExpandTabIcon" : "",
                        "Expanded" : true,
                        "Id" : "flexcontainer-5",
                        "LastContainer" : true,
                        "LazyLoading" : false,
                        "Margin" : "",
                        "Overlay" : false,
                        "ResponsiveLayout" : true,
                        "ShowDataLoading" : true,
                        "ShowExpandCollapseTab" : false,
                        "SourceURL" : "",
                        "Style" : "DefaultContainerStyle",
                        "StyleProperties" : { },
                        "Type" : "flexcontainer",
                        "UseTheme" : true,
                        "Visible" : true,
                        "Z-index" : 10,
                        "__TypeDisplayName" : "Flex Container",
                        "align-content" : "flex-start",
                        "align-items" : "flex-start",
                        "flex-basis" : "auto",
                        "flex-direction" : "row",
                        "flex-grow" : 1,
                        "flex-max-height" : "",
                        "flex-max-width" : "",
                        "flex-min-height" : "",
                        "flex-min-width" : "",
                        "flex-shrink" : "0",
                        "flex-size" : "default",
                        "flex-wrap" : "nowrap",
                        "iconClass" : "widgets-flexcontainer",
                        "isLocked" : true,
                        "justify-content" : "flex-start",
                        "positioning" : "responsive",
                        "userCannotRemove" : false
                      },
                      "Widgets" : [ {
                        "Properties" : {
                          "Area" : "UI",
                          "CollapseTabIcon" : "",
                          "DisplayName" : "container-6",
                          "EnableContainerUnload" : false,
                          "EnableExpandCollapse" : true,
                          "ExpandCollapseTabLocation" : "outside",
                          "ExpandTabIcon" : "",
                          "Expanded" : true,
                          "Id" : "flexcontainer-6",
                          "LastContainer" : false,
                          "LazyLoading" : false,
                          "Margin" : "false 0 false false",
                          "Overlay" : false,
                          "ResponsiveLayout" : true,
                          "Scrolling" : "auto-scroll",
                          "ShowDataLoading" : true,
                          "ShowExpandCollapseTab" : false,
                          "SourceURL" : "",
                          "Style" : "DefaultContainerStyle",
                          "StyleProperties" : { },
                          "Type" : "flexcontainer",
                          "UseTheme" : true,
                          "Visible" : true,
                          "Z-index" : 10,
                          "__TypeDisplayName" : "Flex Container",
                          "align-content" : "flex-start",
                          "align-items" : "flex-start",
                          "flex-basis" : "auto",
                          "flex-direction" : "row",
                          "flex-grow" : 1,
                          "flex-max-height" : "",
                          "flex-max-width" : "100px",
                          "flex-min-height" : "",
                          "flex-min-width" : "100px",
                          "flex-shrink" : 1,
                          "flex-size" : "fixed",
                          "flex-wrap" : "nowrap",
                          "iconClass" : "widgets-flexcontainer-fixed",
                          "isLocked" : false,
                          "justify-content" : "flex-start",
                          "positioning" : "responsive",
                          "userCannotRemove" : false
                        },
                        "Widgets" : [ {
                          "Properties" : {
                            "Alignment" : "left",
                            "Area" : "UI",
                            "AutoSelectFirstRow" : true,
                            "ClearSelectedItemsLabel" : "[[clearSelectedItems]]",
                            "ClearSelectionItem" : false,
                            "ClearSelectionLabel" : "[[None]]",
                            "CriteriaMessage" : "",
                            "CriteriaMessageDetails" : "",
                            "Description" : "",
                            "Disabled" : false,
                            "DisplayField" : "DisplayName",
                            "DisplayName" : "AreaList",
                            "EnableToolTips" : true,
                            "FillContainer" : true,
                            "FilterHintText" : "[[filter]]",
                            "Height" : 170,
                            "HintText" : "",
                            "Id" : "ptcslist-9",
                            "ItemMeta" : {
                              "type" : "text"
                            },
                            "Label" : "",
                            "LabelAlignment" : "left",
                            "LastContainer" : false,
                            "Left" : 0,
                            "ListFormat_StateParameters" : [ ],
                            "Margin" : "5",
                            "MultiSelect" : false,
                            "NumberOfItemsInDropdownView" : 6,
                            "RequiredMessage" : "A selection is required",
                            "ResponsiveLayout" : true,
                            "RowHeight" : 28,
                            "SelectAllLabel" : "[[selectAll]]",
                            "ShowDataLoading" : false,
                            "ShowListFilter" : false,
                            "ShowValidationCriteria" : false,
                            "ShowValidationFailure" : false,
                            "ShowValidationSuccess" : false,
                            "SuccessMessage" : "",
                            "SuccessMessageDetails" : "",
                            "TabSequence" : 0,
                            "Top" : 0,
                            "Type" : "ptcslist",
                            "UseTheme" : true,
                            "ValidationCriteriaIcon" : "cds:icon_info",
                            "ValidationFailureIcon" : "cds:icon_error",
                            "ValidationState" : "undefined",
                            "ValidationSuccessIcon" : "cds:icon_success",
                            "ValueField" : "ThingName",
                            "ValueRequired" : false,
                            "Visible" : true,
                            "Width" : 110,
                            "Z-index" : 10,
                            "__TypeDisplayName" : "List"
                          },
                          "Widgets" : [ ]
                        } ]
                      }, {
                        "Properties" : {
                          "Area" : "UI",
                          "CollapseTabIcon" : "",
                          "DisplayName" : "container-7",
                          "EnableContainerUnload" : false,
                          "EnableExpandCollapse" : false,
                          "ExpandCollapseTabLocation" : "inside",
                          "ExpandTabIcon" : "",
                          "Expanded" : true,
                          "Id" : "flexcontainer-7",
                          "LastContainer" : false,
                          "LazyLoading" : false,
                          "Margin" : "false 0 false 0",
                          "Overlay" : false,
                          "ResponsiveLayout" : true,
                          "ShowDataLoading" : true,
                          "ShowExpandCollapseTab" : false,
                          "SourceURL" : "",
                          "Style" : "DefaultContainerStyle",
                          "StyleProperties" : { },
                          "Type" : "flexcontainer",
                          "UseTheme" : true,
                          "Visible" : true,
                          "Z-index" : 10,
                          "__TypeDisplayName" : "Flex Container",
                          "align-content" : "flex-start",
                          "align-items" : "flex-start",
                          "flex-basis" : "auto",
                          "flex-direction" : "row",
                          "flex-grow" : 1,
                          "flex-max-height" : "",
                          "flex-max-width" : "",
                          "flex-min-height" : "",
                          "flex-min-width" : "",
                          "flex-shrink" : "0",
                          "flex-size" : "fixed",
                          "flex-wrap" : "nowrap",
                          "iconClass" : "widgets-flexcontainer",
                          "isLocked" : true,
                          "justify-content" : "flex-start",
                          "positioning" : "responsive",
                          "userCannotRemove" : false
                        },
                        "Widgets" : [ {
                          "Properties" : {
                            "Area" : "UI",
                            "CollapseTabIcon" : "",
                            "DisplayName" : "container-10",
                            "EnableContainerUnload" : false,
                            "EnableExpandCollapse" : false,
                            "ExpandCollapseTabLocation" : "inside",
                            "ExpandTabIcon" : "",
                            "Expanded" : true,
                            "Id" : "flexcontainer-10",
                            "LastContainer" : true,
                            "LazyLoading" : false,
                            "Margin" : "",
                            "Overlay" : false,
                            "ResponsiveLayout" : true,
                            "ShowDataLoading" : true,
                            "ShowExpandCollapseTab" : false,
                            "SourceURL" : "",
                            "Style" : "DefaultContainerStyle",
                            "StyleProperties" : { },
                            "Type" : "flexcontainer",
                            "UseTheme" : true,
                            "Visible" : true,
                            "Z-index" : 10,
                            "__TypeDisplayName" : "Flex Container",
                            "align-content" : "flex-start",
                            "align-items" : "flex-start",
                            "flex-basis" : "auto",
                            "flex-direction" : "row",
                            "flex-grow" : 1,
                            "flex-max-height" : "",
                            "flex-max-width" : "",
                            "flex-min-height" : "",
                            "flex-min-width" : "",
                            "flex-shrink" : "0",
                            "flex-size" : "default",
                            "flex-wrap" : "nowrap",
                            "iconClass" : "widgets-flexcontainer",
                            "isLocked" : true,
                            "justify-content" : "flex-start",
                            "positioning" : "responsive",
                            "userCannotRemove" : false
                          },
                          "Widgets" : [ {
                            "Properties" : {
                              "Area" : "UI",
                              "CollapseTabIcon" : "",
                              "DisplayName" : "container-11",
                              "EnableContainerUnload" : false,
                              "EnableExpandCollapse" : true,
                              "ExpandCollapseTabLocation" : "outside",
                              "ExpandTabIcon" : "",
                              "Expanded" : true,
                              "Id" : "flexcontainer-11",
                              "LastContainer" : false,
                              "LazyLoading" : false,
                              "Margin" : "false 0 false false",
                              "Overlay" : false,
                              "ResponsiveLayout" : true,
                              "Scrolling" : "auto-scroll",
                              "ShowDataLoading" : true,
                              "ShowExpandCollapseTab" : false,
                              "SourceURL" : "",
                              "Style" : "DefaultContainerStyle",
                              "StyleProperties" : { },
                              "Type" : "flexcontainer",
                              "UseTheme" : true,
                              "Visible" : true,
                              "Z-index" : 10,
                              "__TypeDisplayName" : "Flex Container",
                              "align-content" : "flex-start",
                              "align-items" : "flex-start",
                              "flex-basis" : "auto",
                              "flex-direction" : "row",
                              "flex-grow" : 1,
                              "flex-max-height" : "",
                              "flex-max-width" : "100px",
                              "flex-min-height" : "",
                              "flex-min-width" : "100px",
                              "flex-shrink" : 1,
                              "flex-size" : "fixed",
                              "flex-wrap" : "nowrap",
                              "iconClass" : "widgets-flexcontainer-fixed",
                              "isLocked" : false,
                              "justify-content" : "flex-start",
                              "positioning" : "responsive",
                              "userCannotRemove" : false
                            },
                            "Widgets" : [ {
                              "Properties" : {
                                "Alignment" : "left",
                                "Area" : "UI",
                                "AutoSelectFirstRow" : true,
                                "ClearSelectedItemsLabel" : "[[clearSelectedItems]]",
                                "ClearSelectionItem" : false,
                                "ClearSelectionLabel" : "[[None]]",
                                "CriteriaMessage" : "",
                                "CriteriaMessageDetails" : "",
                                "Disabled" : false,
                                "DisplayField" : "DisplayName",
                                "DisplayName" : "MachineList",
                                "EnableToolTips" : true,
                                "FillContainer" : true,
                                "FilterHintText" : "[[filter]]",
                                "Height" : 170,
                                "HintText" : "",
                                "Id" : "ptcslist-13",
                                "ItemMeta" : {
                                  "type" : "text"
                                },
                                "Label" : "",
                                "LabelAlignment" : "left",
                                "LastContainer" : false,
                                "Left" : 20,
                                "ListFormat_StateParameters" : [ ],
                                "Margin" : "5",
                                "MultiSelect" : false,
                                "NumberOfItemsInDropdownView" : 6,
                                "RequiredMessage" : "A selection is required",
                                "ResponsiveLayout" : true,
                                "RowHeight" : 28,
                                "SelectAllLabel" : "[[selectAll]]",
                                "ShowDataLoading" : false,
                                "ShowListFilter" : false,
                                "ShowValidationCriteria" : false,
                                "ShowValidationFailure" : false,
                                "ShowValidationSuccess" : false,
                                "SuccessMessage" : "",
                                "SuccessMessageDetails" : "",
                                "TabSequence" : 0,
                                "Top" : 35,
                                "Type" : "ptcslist",
                                "UseTheme" : true,
                                "ValidationCriteriaIcon" : "cds:icon_info",
                                "ValidationFailureIcon" : "cds:icon_error",
                                "ValidationState" : "undefined",
                                "ValidationSuccessIcon" : "cds:icon_success",
                                "ValueField" : "ThingName",
                                "ValueRequired" : false,
                                "Visible" : true,
                                "Width" : 110,
                                "Z-index" : 10,
                                "__TypeDisplayName" : "List"
                              },
                              "Widgets" : [ ]
                            } ]
                          }, {
                            "Properties" : {
                              "Area" : "UI",
                              "CollapseTabIcon" : "",
                              "DisplayName" : "container-12",
                              "EnableContainerUnload" : false,
                              "EnableExpandCollapse" : false,
                              "ExpandCollapseTabLocation" : "inside",
                              "ExpandTabIcon" : "",
                              "Expanded" : true,
                              "Id" : "flexcontainer-12",
                              "LastContainer" : false,
                              "LazyLoading" : false,
                              "Margin" : "",
                              "Overlay" : false,
                              "ResponsiveLayout" : true,
                              "ShowDataLoading" : true,
                              "ShowExpandCollapseTab" : false,
                              "SourceURL" : "",
                              "Style" : "DefaultContainerStyle",
                              "StyleProperties" : { },
                              "Type" : "flexcontainer",
                              "UseTheme" : true,
                              "Visible" : true,
                              "Z-index" : 10,
                              "__TypeDisplayName" : "Flex Container",
                              "align-content" : "flex-start",
                              "align-items" : "flex-start",
                              "flex-basis" : "auto",
                              "flex-direction" : "row",
                              "flex-grow" : 1,
                              "flex-max-height" : "",
                              "flex-max-width" : "",
                              "flex-min-height" : "",
                              "flex-min-width" : "",
                              "flex-shrink" : "0",
                              "flex-size" : "fixed",
                              "flex-wrap" : "nowrap",
                              "iconClass" : "widgets-flexcontainer",
                              "isLocked" : true,
                              "justify-content" : "flex-start",
                              "positioning" : "responsive",
                              "userCannotRemove" : false
                            },
                            "Widgets" : [ {
                              "Properties" : {
                                "Area" : "UI",
                                "CollapseTabIcon" : "",
                                "DisplayName" : "container-162",
                                "EnableContainerUnload" : false,
                                "EnableExpandCollapse" : false,
                                "ExpandCollapseTabLocation" : "inside",
                                "ExpandTabIcon" : "",
                                "Expanded" : true,
                                "Id" : "flexcontainer-162",
                                "LastContainer" : true,
                                "LazyLoading" : false,
                                "Margin" : "",
                                "Overlay" : false,
                                "ResponsiveLayout" : true,
                                "ShowDataLoading" : true,
                                "ShowExpandCollapseTab" : false,
                                "SourceURL" : "",
                                "Style" : "DefaultContainerStyle",
                                "StyleProperties" : { },
                                "Type" : "flexcontainer",
                                "UseTheme" : true,
                                "Visible" : true,
                                "Z-index" : 10,
                                "__TypeDisplayName" : "Flex Container",
                                "align-content" : "flex-start",
                                "align-items" : "flex-start",
                                "flex-basis" : "auto",
                                "flex-direction" : "column",
                                "flex-grow" : 1,
                                "flex-max-height" : "",
                                "flex-max-width" : "",
                                "flex-min-height" : "",
                                "flex-min-width" : "",
                                "flex-shrink" : "0",
                                "flex-size" : "default",
                                "flex-wrap" : "nowrap",
                                "iconClass" : "widgets-flexcontainer",
                                "isLocked" : true,
                                "justify-content" : "flex-start",
                                "positioning" : "responsive",
                                "userCannotRemove" : false
                              },
                              "Widgets" : [ {
                                "Properties" : {
                                  "Area" : "UI",
                                  "CollapseTabIcon" : "",
                                  "DisplayName" : "container-163",
                                  "EnableContainerUnload" : false,
                                  "EnableExpandCollapse" : true,
                                  "ExpandCollapseTabLocation" : "outside",
                                  "ExpandTabIcon" : "",
                                  "Expanded" : true,
                                  "Id" : "flexcontainer-163",
                                  "LastContainer" : false,
                                  "LazyLoading" : false,
                                  "Margin" : "",
                                  "Overlay" : false,
                                  "ResponsiveLayout" : true,
                                  "ShowDataLoading" : true,
                                  "ShowExpandCollapseTab" : false,
                                  "SourceURL" : "",
                                  "Style" : "DefaultContainerStyle",
                                  "StyleProperties" : { },
                                  "Type" : "flexcontainer",
                                  "UseTheme" : true,
                                  "Visible" : true,
                                  "Z-index" : 10,
                                  "__TypeDisplayName" : "Flex Container",
                                  "align-content" : "flex-start",
                                  "align-items" : "flex-start",
                                  "flex-basis" : "auto",
                                  "flex-direction" : "column",
                                  "flex-grow" : 1,
                                  "flex-max-height" : "45px",
                                  "flex-max-width" : "",
                                  "flex-min-height" : "45px",
                                  "flex-min-width" : "",
                                  "flex-shrink" : "0",
                                  "flex-size" : "fixed",
                                  "flex-wrap" : "nowrap",
                                  "iconClass" : "widgets-flexcontainer-fixed",
                                  "isLocked" : false,
                                  "justify-content" : "flex-start",
                                  "positioning" : "responsive",
                                  "userCannotRemove" : false
                                },
                                "Widgets" : [ {
                                  "Properties" : {
                                    "Alignment" : "left",
                                    "AllLabel" : "[[all]]",
                                    "Area" : "UI",
                                    "AutoSelectFirstRow" : true,
                                    "ClearSelectedItemsLabel" : "[[clearSelectedItems]]",
                                    "ClearSelectionItem" : false,
                                    "ClearSelectionLabel" : "[[None]]",
                                    "CriteriaMessage" : "",
                                    "CriteriaMessageDetails" : "",
                                    "Disabled" : false,
                                    "DisplayField" : "DisplayName",
                                    "DisplayName" : "dhxlist-168",
                                    "EnableToolTips" : true,
                                    "FilterHintText" : "Filter",
                                    "Height" : 28,
                                    "HintText" : "Select any KPI",
                                    "Id" : "ptcsdropdown-168",
                                    "ItemMeta" : {
                                      "type" : "text"
                                    },
                                    "Label" : "",
                                    "LabelAlignment" : "left",
                                    "LastContainer" : false,
                                    "Left" : 0,
                                    "ListFormat_StateParameters" : [ ],
                                    "ListMarginTop" : 8,
                                    "Margin" : "1 1 1 5",
                                    "MultiSelect" : true,
                                    "NumberOfItemsInDropdownView" : 6,
                                    "RequiredMessage" : "A selection is required",
                                    "ResponsiveLayout" : false,
                                    "RowHeight" : 28,
                                    "SelectAllLabel" : "[[selectAll]]",
                                    "SelectedLabel" : "[[selected]]",
                                    "ShowDataLoading" : true,
                                    "ShowListFilter" : false,
                                    "ShowValidationCriteria" : false,
                                    "ShowValidationFailure" : false,
                                    "ShowValidationSuccess" : false,
                                    "SuccessMessage" : "",
                                    "SuccessMessageDetails" : "",
                                    "TabSequence" : 0,
                                    "Top" : 0,
                                    "Type" : "ptcsdropdown",
                                    "UseTheme" : true,
                                    "ValidationCriteriaIcon" : "cds:icon_info",
                                    "ValidationFailureIcon" : "cds:icon_error",
                                    "ValidationState" : "undefined",
                                    "ValidationSuccessIcon" : "cds:icon_success",
                                    "ValueRequired" : false,
                                    "Visible" : true,
                                    "Width" : 273,
                                    "Z-index" : 10,
                                    "__TypeDisplayName" : "List"
                                  },
                                  "Widgets" : [ ]
                                } ]
                              }, {
                                "Properties" : {
                                  "Area" : "UI",
                                  "CollapseTabIcon" : "",
                                  "DisplayName" : "container-164",
                                  "EnableContainerUnload" : false,
                                  "EnableExpandCollapse" : false,
                                  "ExpandCollapseTabLocation" : "inside",
                                  "ExpandTabIcon" : "",
                                  "Expanded" : true,
                                  "Id" : "flexcontainer-164",
                                  "LastContainer" : true,
                                  "LazyLoading" : false,
                                  "Margin" : "",
                                  "Overlay" : false,
                                  "ResponsiveLayout" : true,
                                  "ShowDataLoading" : true,
                                  "ShowExpandCollapseTab" : false,
                                  "SourceURL" : "",
                                  "Style" : "DefaultContainerStyle",
                                  "StyleProperties" : { },
                                  "Type" : "flexcontainer",
                                  "UseTheme" : true,
                                  "Visible" : true,
                                  "Z-index" : 10,
                                  "__TypeDisplayName" : "Flex Container",
                                  "align-content" : "flex-start",
                                  "align-items" : "flex-start",
                                  "flex-basis" : "auto",
                                  "flex-direction" : "column",
                                  "flex-grow" : 1,
                                  "flex-max-height" : "",
                                  "flex-max-width" : "",
                                  "flex-min-height" : "",
                                  "flex-min-width" : "",
                                  "flex-shrink" : "0",
                                  "flex-size" : "default",
                                  "flex-wrap" : "nowrap",
                                  "iconClass" : "widgets-flexcontainer",
                                  "isLocked" : true,
                                  "justify-content" : "flex-start",
                                  "positioning" : "responsive",
                                  "userCannotRemove" : false
                                },
                                "Widgets" : [ {
                                  "Properties" : {
                                    "Area" : "UI",
                                    "DisplayName" : "mashupcontainer-165",
                                    "Height" : 300,
                                    "Id" : "mashupcontainer-165",
                                    "LastContainer" : false,
                                    "Left" : 300,
                                    "MachineThingName" : "-nothing-",
                                    "Margin" : "5",
                                    "MashupParameters" : [ {
                                      "BaseType" : "STRING",
                                      "DefaultValue" : "-nothing-",
                                      "Description" : "",
                                      "ParameterName" : "MachineThingName",
                                      "ParmDef" : {
                                        "aspects" : {
                                          "bindingDirection" : "BOTH",
                                          "isMandatory" : "false"
                                        },
                                        "baseType" : "STRING",
                                        "description" : "",
                                        "name" : "MachineThingName",
                                        "ordinal" : 0
                                      }
                                    }, {
                                      "BaseType" : "INFOTABLE",
                                      "Description" : "",
                                      "ParameterName" : "SelectedKPI",
                                      "ParmDef" : {
                                        "aspects" : {
                                          "bindingDirection" : "IN",
                                          "dataShape" : "KBNameForMenuDataShape",
                                          "isDataTableEntry" : true,
                                          "isMandatory" : "false"
                                        },
                                        "baseType" : "INFOTABLE",
                                        "description" : "",
                                        "name" : "SelectedKPI",
                                        "ordinal" : 0
                                      }
                                    } ],
                                    "Name" : "KBKpiDbLocalMashup",
                                    "ResizeToContent" : false,
                                    "ResponsiveLayout" : true,
                                    "ShowDataLoading" : true,
                                    "TabSequenceGroup" : 0,
                                    "Top" : 100,
                                    "Type" : "mashupcontainer",
                                    "Visible" : true,
                                    "Width" : 400,
                                    "Z-index" : 10,
                                    "__TypeDisplayName" : "Contained Mashup"
                                  },
                                  "Widgets" : [ ]
                                } ]
                              } ]
                            } ]
                          } ]
                        } ]
                      } ]
                    } ]
                  } ]
                } ]
              },
              "mashupType" : "mashup"
            }
            ]]>
            </mashupContent>
            <preview></preview>
        </Mashup>
    </Mashups>
</Entities>
