<?xml version="1.0" encoding="UTF-8"?>
<Entities
 majorVersion="9"
 minorVersion="3"
 universal="password">
    <Mashups>
        <Mashup
         aspect.isFlex="true"
         aspect.isResponsive="true"
         aspect.mashupType="mashup"
         columns="0.0"
         description=""
         documentationContent=""
         homeMashup=""
         name="KBProductionAdvisorCvsAllKpiMashup"
         projectName="KBsmartKPI"
         rows="0.0"
         tags="">
            <avatar></avatar>
            <DesignTimePermissions>
                <Create></Create>
                <Read></Read>
                <Update></Update>
                <Delete></Delete>
                <Metadata></Metadata>
            </DesignTimePermissions>
            <RunTimePermissions>
                <Permissions
                 resourceName="*">
                    <PropertyRead>
                        <Principal
                         isPermitted="true"
                         name="KBUserGroup"
                         type="Group"></Principal>
                    </PropertyRead>
                    <PropertyWrite></PropertyWrite>
                    <ServiceInvoke>
                        <Principal
                         isPermitted="true"
                         name="KBUserGroup"
                         type="Group"></Principal>
                    </ServiceInvoke>
                    <EventInvoke></EventInvoke>
                    <EventSubscribe></EventSubscribe>
                </Permissions>
            </RunTimePermissions>
            <VisibilityPermissions>
                <Visibility>
                    <Principal
                     isPermitted="true"
                     name="KBOrganization"
                     type="Organization"></Principal>
                </Visibility>
            </VisibilityPermissions>
            <ConfigurationTableDefinitions></ConfigurationTableDefinitions>
            <ConfigurationTables>
                <ConfigurationTable
                 dataShapeName=""
                 description="Mashup Mobile Settings"
                 isHidden="true"
                 isMultiRow="false"
                 name="MobileSettings"
                 ordinal="0">
                    <DataShape>
                        <FieldDefinitions>
                            <FieldDefinition
                             aspect.defaultValue="false"
                             aspect.friendlyName="Disable Zoom"
                             baseType="BOOLEAN"
                             description="Disables zooming in and out within the mashup"
                             name="disableZoom"
                             ordinal="0"></FieldDefinition>
                            <FieldDefinition
                             aspect.defaultValue="true"
                             aspect.friendlyName="Full Screen Mode"
                             baseType="BOOLEAN"
                             description="Open the mashup in full screen mode"
                             name="fullScreenMode"
                             ordinal="0"></FieldDefinition>
                            <FieldDefinition
                             aspect.friendlyName="Height"
                             baseType="STRING"
                             description="The height of the mashup page"
                             name="height"
                             ordinal="0"></FieldDefinition>
                            <FieldDefinition
                             aspect.defaultValue="device-height"
                             aspect.friendlyName="Height Type"
                             baseType="STRING"
                             description="Use the height of the device display, or a custom height (in px)"
                             name="heightType"
                             ordinal="0"></FieldDefinition>
                            <FieldDefinition
                             aspect.defaultValue="1.0"
                             aspect.friendlyName="Initial Scale"
                             baseType="NUMBER"
                             description="The initial zoom scale when the mashup is loaded for the first time"
                             name="initialScale"
                             ordinal="0"></FieldDefinition>
                            <FieldDefinition
                             aspect.friendlyName="Shortcut Icon Title"
                             baseType="STRING"
                             description="A title for the mashup shortcut on the iOS home screen"
                             name="iosShortcutIconTitle"
                             ordinal="0"></FieldDefinition>
                            <FieldDefinition
                             aspect.defaultValue="black-translucent"
                             aspect.friendlyName="Status Bar Appearance"
                             baseType="STRING"
                             description="The style of the iOS status bar"
                             name="iosStatusBarAppearance"
                             ordinal="0"></FieldDefinition>
                            <FieldDefinition
                             aspect.defaultValue="10.0"
                             aspect.friendlyName="Maximum Scale"
                             baseType="NUMBER"
                             description="The maximum scale that users can zoom out to"
                             name="maximumScale"
                             ordinal="0"></FieldDefinition>
                            <FieldDefinition
                             aspect.defaultValue="0.1"
                             aspect.friendlyName="Minimum Scale"
                             baseType="NUMBER"
                             description="The minimum scale that users can zoom out to"
                             name="minimumScale"
                             ordinal="0"></FieldDefinition>
                            <FieldDefinition
                             aspect.friendlyName="Width"
                             baseType="STRING"
                             description="The width of the mashup page"
                             name="width"
                             ordinal="0"></FieldDefinition>
                            <FieldDefinition
                             aspect.defaultValue="device-width"
                             aspect.friendlyName="Width Type"
                             baseType="STRING"
                             description="Use the width of the device display, or a custom width (in px)"
                             name="widthType"
                             ordinal="0"></FieldDefinition>
                        </FieldDefinitions>
                    </DataShape>
                    <Rows>
                        <Row>
                            <disableZoom>false</disableZoom>
                            <fullScreenMode>true</fullScreenMode>
                            <height></height>
                            <heightType>
                            <![CDATA[
                            device-height
                            ]]>
                            </heightType>
                            <initialScale>1.0</initialScale>
                            <iosShortcutIconTitle></iosShortcutIconTitle>
                            <iosStatusBarAppearance>
                            <![CDATA[
                            black-translucent
                            ]]>
                            </iosStatusBarAppearance>
                            <maximumScale>10.0</maximumScale>
                            <minimumScale>0.1</minimumScale>
                            <width></width>
                            <widthType>
                            <![CDATA[
                            device-width
                            ]]>
                            </widthType>
                        </Row>
                    </Rows>
                </ConfigurationTable>
            </ConfigurationTables>
            <ParameterDefinitions>
                <FieldDefinition
                 aspect.bindingDirection="IN"
                 aspect.dataShape="KBALLKPITruckShape"
                 aspect.isDataTableEntry="true"
                 aspect.isMandatory="false"
                 baseType="INFOTABLE"
                 description=""
                 name="AllKPIs"
                 ordinal="0"></FieldDefinition>
                <FieldDefinition
                 aspect.bindingDirection="IN"
                 aspect.isMandatory="false"
                 baseType="DATETIME"
                 description=""
                 name="EndDate"
                 ordinal="0"></FieldDefinition>
                <FieldDefinition
                 aspect.bindingDirection="IN"
                 aspect.isMandatory="false"
                 baseType="STRING"
                 description=""
                 name="Machine"
                 ordinal="0"></FieldDefinition>
                <FieldDefinition
                 aspect.bindingDirection="IN"
                 aspect.isMandatory="false"
                 baseType="STRING"
                 description=""
                 name="MachineName"
                 ordinal="0"></FieldDefinition>
                <FieldDefinition
                 aspect.bindingDirection="IN"
                 aspect.isMandatory="false"
                 baseType="DATETIME"
                 description=""
                 name="StartDate"
                 ordinal="0"></FieldDefinition>
            </ParameterDefinitions>
            <Things></Things>
            <ThingShapes></ThingShapes>
            <ThingTemplates></ThingTemplates>
            <mashupContent>
            <![CDATA[
            {
              "CustomMashupCss" : "",
              "Data" : {
                "Session" : {
                  "DataName" : "Session",
                  "EntityName" : "",
                  "EntityType" : "Session",
                  "Id" : "session",
                  "Services" : [ {
                    "APIMethod" : "post",
                    "Characteristic" : "Services",
                    "Id" : "SessionInterface",
                    "Name" : "GetGlobalSessionValues",
                    "Parameters" : { },
                    "RefreshInterval" : 0,
                    "Target" : "GetGlobalSessionValues"
                  } ]
                },
                "Things_KBSmartKPIHelperThing" : {
                  "DataName" : "Things_KBSmartKPIHelperThing",
                  "EntityName" : "KBSmartKPIHelperThing",
                  "EntityType" : "Things",
                  "Id" : "cbf661a0-feb9-4736-9605-89d8b70025fe",
                  "RefreshInterval" : 0,
                  "Services" : [ {
                    "APIMethod" : "post",
                    "Characteristic" : "Services",
                    "Id" : "51c87d0c-73c5-4212-803e-1d6cbc0c9751",
                    "Name" : "GetAllKPIData",
                    "Parameters" : { },
                    "RefreshInterval" : 0,
                    "Target" : "GetAllKPIData"
                  } ]
                },
                "UserExtensions" : {
                  "DataName" : "UserExtensions",
                  "EntityName" : "",
                  "EntityType" : "UserExtensions",
                  "Id" : "UserExtensions",
                  "Services" : [ {
                    "APIMethod" : "post",
                    "Characteristic" : "Services",
                    "Id" : "UserExtensionInterface",
                    "Name" : "GetCurrentUserExtensionProperties",
                    "Parameters" : { },
                    "RefreshInterval" : 0,
                    "Target" : "GetCurrentUserExtensionProperties"
                  } ]
                }
              },
              "DataBindings" : [ {
                "Id" : "da3d7467-a445-4b67-a9a6-160e0f0a5a69",
                "PropertyMaps" : [ {
                  "SourceProperty" : "MachineName",
                  "SourcePropertyBaseType" : "STRING",
                  "SourcePropertyType" : "Property",
                  "TargetProperty" : "LabelText",
                  "TargetPropertyBaseType" : "STRING",
                  "TargetPropertyType" : "property"
                } ],
                "SourceArea" : "Mashup",
                "SourceId" : "mashup-root",
                "SourceSection" : "",
                "TargetArea" : "UI",
                "TargetId" : "ptcslabel-63",
                "TargetSection" : ""
              }, {
                "Id" : "df8c419b-5e90-4ffe-8458-9d420b8317c8",
                "PropertyMaps" : [ {
                  "SourceProperty" : "Machine",
                  "SourcePropertyBaseType" : "STRING",
                  "SourcePropertyType" : "Property",
                  "TargetProperty" : "Machine",
                  "TargetPropertyBaseType" : "STRING",
                  "TargetPropertyType" : "property"
                } ],
                "SourceArea" : "Mashup",
                "SourceId" : "mashup-root",
                "SourceSection" : "",
                "TargetArea" : "UI",
                "TargetId" : "navigationfunction-67",
                "TargetSection" : ""
              }, {
                "Id" : "690ff1e7-98c6-44bb-a302-68350213a63b",
                "PropertyMaps" : [ {
                  "SourceProperty" : "StartDate",
                  "SourcePropertyBaseType" : "DATETIME",
                  "SourcePropertyType" : "Property",
                  "TargetProperty" : "StartDate",
                  "TargetPropertyBaseType" : "DATETIME",
                  "TargetPropertyType" : "property"
                } ],
                "SourceArea" : "Mashup",
                "SourceId" : "mashup-root",
                "SourceSection" : "",
                "TargetArea" : "UI",
                "TargetId" : "navigationfunction-67",
                "TargetSection" : ""
              }, {
                "Id" : "0feb8e97-7d77-4249-973a-bbe55065d64d",
                "PropertyMaps" : [ {
                  "SourceProperty" : "EndDate",
                  "SourcePropertyBaseType" : "DATETIME",
                  "SourcePropertyType" : "Property",
                  "TargetProperty" : "EndDate",
                  "TargetPropertyBaseType" : "DATETIME",
                  "TargetPropertyType" : "property"
                } ],
                "SourceArea" : "Mashup",
                "SourceId" : "mashup-root",
                "SourceSection" : "",
                "TargetArea" : "UI",
                "TargetId" : "navigationfunction-67",
                "TargetSection" : ""
              }, {
                "Id" : "2959e9ac-0a75-4c24-a7c4-d224264f47fb",
                "PropertyMaps" : [ {
                  "SourceProperty" : "StartDate",
                  "SourcePropertyBaseType" : "DATETIME",
                  "SourcePropertyType" : "property",
                  "TargetProperty" : "LabelText",
                  "TargetPropertyBaseType" : "STRING",
                  "TargetPropertyType" : "property"
                } ],
                "SourceArea" : "Mashup",
                "SourceId" : "mashup-root",
                "SourceSection" : "",
                "TargetArea" : "UI",
                "TargetId" : "ptcslabel-61",
                "TargetSection" : ""
              }, {
                "Id" : "5670e338-b586-4ee7-940c-6b7f003755a0",
                "PropertyMaps" : [ {
                  "SourceProperty" : "EndDate",
                  "SourcePropertyBaseType" : "DATETIME",
                  "SourcePropertyType" : "property",
                  "TargetProperty" : "LabelText",
                  "TargetPropertyBaseType" : "STRING",
                  "TargetPropertyType" : "property"
                } ],
                "SourceArea" : "Mashup",
                "SourceId" : "mashup-root",
                "SourceSection" : "",
                "TargetArea" : "UI",
                "TargetId" : "ptcslabel-62",
                "TargetSection" : ""
              }, {
                "Id" : "18496068-101b-4bee-a185-f3a444de4b85",
                "PropertyMaps" : [ {
                  "SourceProperty" : "AllKPIs",
                  "SourcePropertyBaseType" : "INFOTABLE",
                  "SourcePropertyType" : "InfoTable",
                  "TargetProperty" : "kpiname",
                  "TargetPropertyBaseType" : "INFOTABLE",
                  "TargetPropertyType" : "Parameter"
                } ],
                "SourceArea" : "Mashup",
                "SourceDetails" : "AllData",
                "SourceId" : "mashup-root",
                "SourceSection" : "",
                "TargetArea" : "Data",
                "TargetId" : "GetAllKPIData",
                "TargetSection" : "Things_KBSmartKPIHelperThing"
              }, {
                "Id" : "3b858caa-e0a3-443d-a810-9bf22de28d97",
                "PropertyMaps" : [ {
                  "SourceProperty" : "",
                  "SourcePropertyBaseType" : "INFOTABLE",
                  "SourcePropertyType" : "InfoTable",
                  "TargetProperty" : "Data",
                  "TargetPropertyBaseType" : "INFOTABLE",
                  "TargetPropertyType" : "property"
                } ],
                "SourceArea" : "Data",
                "SourceDetails" : "AllData",
                "SourceId" : "GetAllKPIData",
                "SourceName" : "GetAllKPIData",
                "SourceSection" : "Things_KBSmartKPIHelperThing",
                "TargetArea" : "UI",
                "TargetId" : "ptcsgrid-60",
                "TargetSection" : ""
              } ],
              "DesignTimePermissions" : {
                "Create" : [ ],
                "Delete" : [ ],
                "Metadata" : [ ],
                "Read" : [ ],
                "Update" : [ ]
              },
              "Events" : [ {
                "EventHandlerArea" : "UI",
                "EventHandlerId" : "expression2-68",
                "EventHandlerService" : "Evaluate",
                "EventTriggerArea" : "Mashup",
                "EventTriggerEvent" : "Loaded",
                "EventTriggerId" : "mashup-root",
                "EventTriggerSection" : "",
                "Id" : "fa4d95b9-f5c9-499d-b7fc-794b4936587c"
              }, {
                "EventHandlerArea" : "UI",
                "EventHandlerId" : "expression2-71",
                "EventHandlerService" : "Evaluate",
                "EventTriggerArea" : "Mashup",
                "EventTriggerEvent" : "Loaded",
                "EventTriggerId" : "mashup-root",
                "EventTriggerSection" : "",
                "Id" : "2c5d4d96-e407-4634-8315-7bf2e9350c7f"
              }, {
                "EventHandlerArea" : "UI",
                "EventHandlerId" : "expression2-70",
                "EventHandlerService" : "Evaluate",
                "EventTriggerArea" : "Mashup",
                "EventTriggerEvent" : "Loaded",
                "EventTriggerId" : "mashup-root",
                "EventTriggerSection" : "",
                "Id" : "e1b51756-dc27-4430-9e08-a11ad293e190"
              }, {
                "EventHandlerArea" : "UI",
                "EventHandlerId" : "navigationfunction-67",
                "EventHandlerService" : "Navigate",
                "EventTriggerArea" : "UI",
                "EventTriggerEvent" : "Clicked",
                "EventTriggerId" : "ptcsbutton-64",
                "EventTriggerSection" : "",
                "Id" : "1d5bae5d-b418-4e2d-8ff6-ac25a14fd154"
              }, {
                "EventHandlerArea" : "Data",
                "EventHandlerId" : "Things_KBSmartKPIHelperThing",
                "EventHandlerService" : "GetAllKPIData",
                "EventTriggerArea" : "Mashup",
                "EventTriggerEvent" : "Loaded",
                "EventTriggerId" : "mashup-root",
                "EventTriggerSection" : "",
                "Id" : "0226b4a2-7c87-492a-b297-9bc191f7a017"
              } ],
              "Reminders" : [ ],
              "RunTimePermissions" : {
                "permissions" : [ {
                  "EventInvoke" : [ ],
                  "EventSubscribe" : [ ],
                  "PropertyRead" : [ {
                    "isPermitted" : true,
                    "name" : "KBUserGroup",
                    "type" : "Group"
                  } ],
                  "PropertyWrite" : [ ],
                  "ServiceInvoke" : [ {
                    "isPermitted" : true,
                    "name" : "KBUserGroup",
                    "type" : "Group"
                  } ],
                  "resourceName" : "*"
                } ]
              },
              "UI" : {
                "Properties" : {
                  "AddToDashboardButton" : "SimplePlus",
                  "AddToDashboardButtonStyle" : "DefaultAddToDashboardButtonStyle",
                  "Area" : "Mashup",
                  "BGImage" : "",
                  "BGImageRepeat" : "no-repeat",
                  "BGImageSize" : "auto",
                  "Columns" : 0,
                  "ConfigureGadgetButton" : "SimpleGear",
                  "ConfigureGadgetButtonStyle" : "DefaultConfigureGadgetButtonStyle",
                  "DisplayName" : "Mashup",
                  "EnableParameterEditing" : false,
                  "Height" : 618,
                  "Id" : "mashup-root",
                  "IgnoreWarningsInViewMashup" : false,
                  "IsPrintLayout" : false,
                  "Left" : 0,
                  "Margin" : "5",
                  "MashupToEditGadget" : "DefaultMashupToEditGadget",
                  "Master" : "KBSmartProductionMaster1Mashup",
                  "MigratedOn" : "2023-04-10T13:00:02.000Z",
                  "MinHeight" : 0,
                  "MinWidth" : 0,
                  "ResponsiveLayout" : true,
                  "Rows" : 0,
                  "ShowDataLoading" : true,
                  "Style" : "DefaultMashupStyle",
                  "StyleProperties" : {
                    "data" : {
                      "flexcontainer-1" : {
                        "parts" : {
                          "$" : {
                            "$" : {
                              "background" : "transparent"
                            }
                          }
                        },
                        "widget" : "flex-container"
                      },
                      "ptcslabel-19" : {
                        "parts" : {
                          "$" : {
                            "$" : {
                              "color" : "rgba(0,69,126,1)",
                              "font-size" : "20px",
                              "font-weight" : "700"
                            }
                          }
                        },
                        "widget" : "ptcs-label"
                      }
                    },
                    "meta" : {
                      "type" : "WidgetStyler",
                      "version" : "1.0"
                    }
                  },
                  "StyleTheme" : "KBStandardStyleTheme",
                  "Title" : "",
                  "TitleBar" : false,
                  "TitleBarStyle" : "DefaultTitleBarStyle",
                  "TitleBarText" : "Gadget Title Here",
                  "Top" : 0,
                  "Type" : "mashup",
                  "UseMasterTheme" : false,
                  "UseTheme" : false,
                  "UseThemeForHybrids" : false,
                  "Visible" : true,
                  "Width" : 1024,
                  "Z-index" : 10,
                  "__TypeDisplayName" : "Mashup",
                  "_currentParameterDefs" : [ {
                    "Aspects" : {
                      "bindingDirection" : "IN",
                      "isMandatory" : false
                    },
                    "BaseType" : "STRING",
                    "Description" : "",
                    "ParameterName" : "MachineName"
                  }, {
                    "Aspects" : {
                      "bindingDirection" : "IN",
                      "dataShape" : "KBALLKPITruckShape",
                      "isDataTableEntry" : true,
                      "isMandatory" : false
                    },
                    "BaseType" : "INFOTABLE",
                    "Description" : "",
                    "ParameterName" : "AllKPIs"
                  }, {
                    "Aspects" : {
                      "bindingDirection" : "IN",
                      "isMandatory" : false
                    },
                    "BaseType" : "DATETIME",
                    "Description" : "",
                    "ParameterName" : "StartDate"
                  }, {
                    "Aspects" : {
                      "bindingDirection" : "IN",
                      "isMandatory" : false
                    },
                    "BaseType" : "DATETIME",
                    "Description" : "",
                    "ParameterName" : "EndDate"
                  }, {
                    "Aspects" : {
                      "bindingDirection" : "IN",
                      "isMandatory" : false
                    },
                    "BaseType" : "STRING",
                    "Description" : "",
                    "ParameterName" : "Machine"
                  } ],
                  "id_index" : 71,
                  "supportsAutoResize" : true
                },
                "Widgets" : [ {
                  "Properties" : {
                    "Area" : "UI",
                    "CollapseTabIcon" : "",
                    "DisplayName" : "container-1",
                    "EnableContainerUnload" : false,
                    "EnableExpandCollapse" : false,
                    "ExpandCollapseTabLocation" : "inside",
                    "ExpandTabIcon" : "",
                    "Expanded" : true,
                    "Id" : "flexcontainer-1",
                    "LastContainer" : true,
                    "LazyLoading" : false,
                    "Margin" : "",
                    "Overlay" : false,
                    "ResponsiveLayout" : true,
                    "ShowDataLoading" : true,
                    "ShowExpandCollapseTab" : false,
                    "SourceURL" : "",
                    "Style" : "DefaultContainerStyle",
                    "StyleProperties" : { },
                    "Type" : "flexcontainer",
                    "UseTheme" : true,
                    "Visible" : true,
                    "Z-index" : 10,
                    "__TypeDisplayName" : "Flex Container",
                    "align-content" : "flex-start",
                    "align-items" : "flex-start",
                    "flex-basis" : "auto",
                    "flex-direction" : "column",
                    "flex-grow" : 1,
                    "flex-max-height" : "",
                    "flex-max-width" : "",
                    "flex-min-height" : "",
                    "flex-min-width" : "",
                    "flex-shrink" : "0",
                    "flex-size" : "default",
                    "flex-wrap" : "nowrap",
                    "iconClass" : "widgets-flexcontainer",
                    "justify-content" : "flex-start",
                    "positioning" : "responsive",
                    "userCannotRemove" : true
                  },
                  "Widgets" : [ {
                    "Properties" : {
                      "Area" : "UI",
                      "CollapseTabIcon" : "",
                      "DisplayName" : "container-2",
                      "EnableContainerUnload" : false,
                      "EnableExpandCollapse" : true,
                      "ExpandCollapseTabLocation" : "outside",
                      "ExpandTabIcon" : "",
                      "Expanded" : true,
                      "Id" : "flexcontainer-2",
                      "LastContainer" : false,
                      "LazyLoading" : false,
                      "Margin" : "false false 5 false",
                      "Overlay" : false,
                      "ResponsiveLayout" : true,
                      "ShowDataLoading" : true,
                      "ShowExpandCollapseTab" : false,
                      "SourceURL" : "",
                      "Style" : "DefaultContainerStyle",
                      "StyleProperties" : { },
                      "Type" : "flexcontainer",
                      "UseTheme" : true,
                      "Visible" : true,
                      "Z-index" : 10,
                      "__TypeDisplayName" : "Flex Container",
                      "align-content" : "flex-start",
                      "align-items" : "flex-start",
                      "flex-basis" : "auto",
                      "flex-direction" : "column",
                      "flex-grow" : 1,
                      "flex-max-height" : "50px",
                      "flex-max-width" : "",
                      "flex-min-height" : "50px",
                      "flex-min-width" : "",
                      "flex-shrink" : "0",
                      "flex-size" : "fixed",
                      "flex-wrap" : "nowrap",
                      "iconClass" : "widgets-flexcontainer-fixed",
                      "isLocked" : false,
                      "justify-content" : "flex-start",
                      "positioning" : "static",
                      "userCannotRemove" : false
                    },
                    "Widgets" : [ {
                      "Properties" : {
                        "Area" : "UI",
                        "DisclosureControl" : "show-more",
                        "DisplayName" : "label-19",
                        "HorizontalAlignment" : "left",
                        "Id" : "ptcslabel-19",
                        "LabelText" : "[[KBProductionAdvisorCvsMashup.CVSProductionAdvisor]]",
                        "LabelType" : "label",
                        "LastContainer" : false,
                        "Left" : 10,
                        "Margin" : "5",
                        "MultiLine" : true,
                        "PreserveWhiteSpace" : false,
                        "ResponsiveLayout" : false,
                        "ShowDataLoading" : true,
                        "TooltipField" : "",
                        "Top" : 0,
                        "Type" : "ptcslabel",
                        "UseTheme" : true,
                        "VerticalAlignment" : "flex-start",
                        "Visible" : true,
                        "Width" : 355,
                        "Z-index" : 10,
                        "__TypeDisplayName" : "Label",
                        "overflowShowLessTxt" : "[[showLess]]",
                        "overflowShowMoreTxt" : "[[showMore]]"
                      },
                      "Widgets" : [ ]
                    }, {
                      "Properties" : {
                        "Area" : "UI",
                        "DisclosureControl" : "show-more",
                        "DisplayName" : "label-61",
                        "Height" : 22,
                        "HorizontalAlignment" : "left",
                        "Id" : "ptcslabel-61",
                        "LabelText" : "",
                        "LabelType" : "label",
                        "LastContainer" : false,
                        "Left" : 805,
                        "Margin" : "5",
                        "MultiLine" : true,
                        "PreserveWhiteSpace" : false,
                        "ResponsiveLayout" : false,
                        "ShowDataLoading" : true,
                        "TooltipField" : "",
                        "Top" : 2,
                        "Type" : "ptcslabel",
                        "UseTheme" : true,
                        "VerticalAlignment" : "flex-start",
                        "Visible" : true,
                        "Width" : 350,
                        "Z-index" : 10,
                        "__TypeDisplayName" : "Beschriftung",
                        "overflowShowLessTxt" : "[[showLess]]",
                        "overflowShowMoreTxt" : "[[showMore]]"
                      },
                      "Widgets" : [ ]
                    }, {
                      "Properties" : {
                        "Area" : "UI",
                        "DisclosureControl" : "show-more",
                        "DisplayName" : "label-62",
                        "Height" : 22,
                        "HorizontalAlignment" : "left",
                        "Id" : "ptcslabel-62",
                        "LabelText" : "",
                        "LabelType" : "label",
                        "LastContainer" : false,
                        "Left" : 805,
                        "Margin" : "5",
                        "MultiLine" : true,
                        "PreserveWhiteSpace" : false,
                        "ResponsiveLayout" : false,
                        "ShowDataLoading" : true,
                        "TooltipField" : "",
                        "Top" : 20,
                        "Type" : "ptcslabel",
                        "UseTheme" : true,
                        "VerticalAlignment" : "flex-start",
                        "Visible" : true,
                        "Width" : 350,
                        "Z-index" : 10,
                        "__TypeDisplayName" : "Beschriftung",
                        "overflowShowLessTxt" : "[[showLess]]",
                        "overflowShowMoreTxt" : "[[showMore]]"
                      },
                      "Widgets" : [ ]
                    }, {
                      "Properties" : {
                        "Area" : "UI",
                        "DisclosureControl" : "show-more",
                        "DisplayName" : "label-63",
                        "Height" : 27,
                        "HorizontalAlignment" : "left",
                        "Id" : "ptcslabel-63",
                        "LabelText" : "",
                        "LabelType" : "label",
                        "LastContainer" : false,
                        "Left" : 305,
                        "Margin" : "5",
                        "MultiLine" : true,
                        "PreserveWhiteSpace" : false,
                        "ResponsiveLayout" : false,
                        "ShowDataLoading" : true,
                        "TooltipField" : "",
                        "Top" : 5,
                        "Type" : "ptcslabel",
                        "UseTheme" : true,
                        "VerticalAlignment" : "flex-start",
                        "Visible" : true,
                        "Width" : 145,
                        "Z-index" : 10,
                        "__TypeDisplayName" : "Beschriftung",
                        "overflowShowLessTxt" : "[[showLess]]",
                        "overflowShowMoreTxt" : "[[showMore]]"
                      },
                      "Widgets" : [ ]
                    }, {
                      "Properties" : {
                        "Area" : "UI",
                        "ButtonType" : "primary",
                        "ContextID" : "",
                        "Disabled" : false,
                        "DisplayName" : "navigation-64",
                        "Height" : 15,
                        "Icon" : "",
                        "Id" : "ptcsbutton-64",
                        "Label" : "Mashup Link",
                        "LabelAlignment" : "left",
                        "LastContainer" : false,
                        "Left" : 314,
                        "Margin" : "5",
                        "MashupParameters" : [ {
                          "BaseType" : "DATETIME",
                          "Description" : "",
                          "ParameterName" : "StartDate",
                          "ParmDef" : {
                            "aspects" : {
                              "bindingDirection" : "IN",
                              "isMandatory" : "false",
                              "ordinal" : "1"
                            },
                            "baseType" : "DATETIME",
                            "description" : "",
                            "name" : "StartDate",
                            "ordinal" : 0
                          }
                        }, {
                          "BaseType" : "DATETIME",
                          "Description" : "",
                          "ParameterName" : "EndDate",
                          "ParmDef" : {
                            "aspects" : {
                              "bindingDirection" : "IN",
                              "isMandatory" : "false",
                              "ordinal" : "2"
                            },
                            "baseType" : "DATETIME",
                            "description" : "",
                            "name" : "EndDate",
                            "ordinal" : 0
                          }
                        }, {
                          "BaseType" : "STRING",
                          "Description" : "",
                          "ParameterName" : "Machine",
                          "ParmDef" : {
                            "aspects" : {
                              "bindingDirection" : "IN",
                              "isMandatory" : "false",
                              "ordinal" : "0"
                            },
                            "baseType" : "STRING",
                            "description" : "",
                            "name" : "Machine",
                            "ordinal" : 0
                          }
                        } ],
                        "MultiLine" : false,
                        "ResponsiveLayout" : false,
                        "ShowDataLoading" : true,
                        "TabSequence" : 0,
                        "TooltipField" : "",
                        "Top" : 2,
                        "Type" : "ptcsbutton",
                        "UseTheme" : true,
                        "Visible" : false,
                        "Width" : 250,
                        "Z-index" : 10,
                        "__TypeDisplayName" : "Navigation"
                      },
                      "Widgets" : [ ]
                    } ]
                  }, {
                    "Properties" : {
                      "Area" : "UI",
                      "CollapseTabIcon" : "",
                      "DisplayName" : "container-3",
                      "EnableContainerUnload" : false,
                      "EnableExpandCollapse" : false,
                      "ExpandCollapseTabLocation" : "inside",
                      "ExpandTabIcon" : "",
                      "Expanded" : true,
                      "Id" : "flexcontainer-3",
                      "LastContainer" : false,
                      "LazyLoading" : false,
                      "Margin" : "5 10 0 10",
                      "Overlay" : false,
                      "ResponsiveLayout" : true,
                      "ShowDataLoading" : true,
                      "ShowExpandCollapseTab" : false,
                      "SourceURL" : "",
                      "Style" : "DefaultContainerStyle",
                      "StyleProperties" : { },
                      "Type" : "flexcontainer",
                      "UseTheme" : true,
                      "Visible" : true,
                      "Z-index" : 10,
                      "__TypeDisplayName" : "Flex Container",
                      "align-content" : "flex-start",
                      "align-items" : "flex-start",
                      "flex-basis" : "auto",
                      "flex-direction" : "column",
                      "flex-grow" : 1,
                      "flex-max-height" : "",
                      "flex-max-width" : "",
                      "flex-min-height" : "",
                      "flex-min-width" : "",
                      "flex-shrink" : "0",
                      "flex-size" : "fixed",
                      "flex-wrap" : "nowrap",
                      "iconClass" : "widgets-flexcontainer",
                      "isLocked" : true,
                      "justify-content" : "flex-start",
                      "positioning" : "responsive",
                      "userCannotRemove" : false
                    },
                    "Widgets" : [ {
                      "Properties" : {
                        "AddButtonText" : "[[add]]",
                        "AddRowButtonText" : "[[add]]",
                        "AddRowFormTitle" : "[[AddRecord]]",
                        "AllowDisabledNodes" : false,
                        "AlwaysExpanded" : false,
                        "ApplyButtonText" : "[[apply]]",
                        "Area" : "UI",
                        "AutoScroll" : false,
                        "BindDataText" : "[[bindData]]",
                        "CacheRuntimeChanges" : true,
                        "CancelButtonText" : "[[cancel]]",
                        "CancelEditButtonText" : "[[cancel]]",
                        "CancelLabel" : "[[cancel]]",
                        "ClearFilteredSelection" : false,
                        "ColumnFormat" : {
                          "formatInfo" : [ {
                            "AllowEdit" : false,
                            "Description" : "",
                            "FieldName" : "Label",
                            "FormatOptions" : {
                              "FormatString" : "full",
                              "formatInfo" : {
                                "FieldName" : "",
                                "StateDefinition" : "",
                                "StateDefinitionType" : "fixed",
                                "StateFormats" : [ {
                                  "state" : "",
                                  "stateName" : "fixed"
                                } ]
                              },
                              "formatText" : "[[HyperlinkName]]",
                              "renderer" : "STRING",
                              "roundingEnabled" : true,
                              "showDependentField" : false
                            },
                            "Title" : "Label",
                            "Width" : "auto",
                            "cellEditor" : "textfield",
                            "cellHorizontalAlignment" : "right",
                            "editable" : false,
                            "excludeFromRowEdit" : false,
                            "expressionValidator" : "validator2",
                            "headerHorizontalAlignment" : "left",
                            "hidden" : false,
                            "inLayout" : true,
                            "initialSort" : "none",
                            "required" : false,
                            "routeLinks" : false,
                            "sortable" : true,
                            "validationExpression" : "",
                            "validationMessage" : ""
                          }, {
                            "AllowEdit" : false,
                            "Description" : "",
                            "FieldName" : "KPI",
                            "FormatOptions" : {
                              "FormatString" : "0.00",
                              "formatInfo" : {
                                "FieldName" : "",
                                "StateDefinition" : "",
                                "StateDefinitionType" : "fixed",
                                "StateFormats" : [ {
                                  "state" : "",
                                  "stateName" : "fixed"
                                } ]
                              },
                              "formatText" : "[[HyperlinkName]]",
                              "renderer" : "NUMBER",
                              "roundingEnabled" : true,
                              "showDependentField" : false
                            },
                            "Title" : "KPI",
                            "Width" : "auto",
                            "cellEditor" : "textfield",
                            "cellHorizontalAlignment" : "left",
                            "editable" : false,
                            "excludeFromRowEdit" : false,
                            "expressionValidator" : "validator2",
                            "headerHorizontalAlignment" : "left",
                            "hidden" : false,
                            "inLayout" : true,
                            "initialSort" : "none",
                            "required" : false,
                            "routeLinks" : false,
                            "sortable" : true,
                            "validationExpression" : "",
                            "validationMessage" : ""
                          }, {
                            "AllowEdit" : false,
                            "Description" : "KPIDateTime",
                            "FieldName" : "KPIDateTime",
                            "FormatOptions" : {
                              "FormatString" : "",
                              "formatInfo" : {
                                "StateFormats" : [ ]
                              },
                              "formatText" : "[[HyperlinkName]]",
                              "renderer" : "DATETIME",
                              "roundingEnabled" : true,
                              "showDependentField" : false
                            },
                            "Title" : "KPIDateTime",
                            "Width" : "auto",
                            "cellEditor" : "datepicker",
                            "cellHorizontalAlignment" : "left",
                            "columnMinimumWidth" : 75,
                            "editable" : false,
                            "excludeFromRowEdit" : false,
                            "expressionValidator" : "validator2",
                            "headerHorizontalAlignment" : "left",
                            "hidden" : true,
                            "inLayout" : false,
                            "initialSort" : "none",
                            "required" : false,
                            "routeLinks" : false,
                            "sortable" : false,
                            "validationCriteria" : "",
                            "validationExpression" : "",
                            "validationMessage" : "",
                            "validationSuccessDetails" : "",
                            "validationSuccessMessage" : ""
                          }, {
                            "AllowEdit" : false,
                            "Description" : "KPIFloatValue",
                            "FieldName" : "KPIFloatValue",
                            "FormatOptions" : {
                              "FormatString" : "",
                              "formatInfo" : {
                                "StateFormats" : [ ]
                              },
                              "formatText" : "[[HyperlinkName]]",
                              "renderer" : "NUMBER",
                              "roundingEnabled" : true,
                              "showDependentField" : false
                            },
                            "Title" : "KPIFloatValue",
                            "Width" : "auto",
                            "cellEditor" : "textfield",
                            "cellHorizontalAlignment" : "left",
                            "columnMinimumWidth" : 75,
                            "editable" : false,
                            "excludeFromRowEdit" : false,
                            "expressionValidator" : "validator2",
                            "headerHorizontalAlignment" : "left",
                            "hidden" : true,
                            "inLayout" : false,
                            "initialSort" : "none",
                            "required" : false,
                            "routeLinks" : false,
                            "sortable" : false,
                            "validationCriteria" : "",
                            "validationExpression" : "",
                            "validationMessage" : "",
                            "validationSuccessDetails" : "",
                            "validationSuccessMessage" : ""
                          }, {
                            "AllowEdit" : false,
                            "Description" : "KPIDateTimeEndOfCalculation",
                            "FieldName" : "KPIDateTimeEndOfCalculation",
                            "FormatOptions" : {
                              "FormatString" : "",
                              "formatInfo" : {
                                "StateFormats" : [ ]
                              },
                              "formatText" : "[[HyperlinkName]]",
                              "renderer" : "DATETIME",
                              "roundingEnabled" : true,
                              "showDependentField" : false
                            },
                            "Title" : "KPIDateTimeEndOfCalculation",
                            "Width" : "auto",
                            "cellEditor" : "datepicker",
                            "cellHorizontalAlignment" : "left",
                            "columnMinimumWidth" : 75,
                            "editable" : false,
                            "excludeFromRowEdit" : false,
                            "expressionValidator" : "validator2",
                            "headerHorizontalAlignment" : "left",
                            "hidden" : true,
                            "inLayout" : false,
                            "initialSort" : "none",
                            "required" : false,
                            "routeLinks" : false,
                            "sortable" : false,
                            "validationCriteria" : "",
                            "validationExpression" : "",
                            "validationMessage" : "",
                            "validationSuccessDetails" : "",
                            "validationSuccessMessage" : ""
                          }, {
                            "AllowEdit" : false,
                            "Description" : "Machine",
                            "FieldName" : "Machine",
                            "FormatOptions" : {
                              "FormatString" : "",
                              "formatInfo" : {
                                "StateFormats" : [ ]
                              },
                              "formatText" : "[[HyperlinkName]]",
                              "renderer" : "STRING",
                              "roundingEnabled" : true,
                              "showDependentField" : false
                            },
                            "Title" : "Machine",
                            "Width" : "auto",
                            "cellEditor" : "textfield",
                            "cellHorizontalAlignment" : "left",
                            "columnMinimumWidth" : 75,
                            "editable" : false,
                            "excludeFromRowEdit" : false,
                            "expressionValidator" : "validator2",
                            "headerHorizontalAlignment" : "left",
                            "hidden" : true,
                            "inLayout" : false,
                            "initialSort" : "none",
                            "required" : false,
                            "routeLinks" : false,
                            "sortable" : false,
                            "validationCriteria" : "",
                            "validationExpression" : "",
                            "validationMessage" : "",
                            "validationSuccessDetails" : "",
                            "validationSuccessMessage" : ""
                          }, {
                            "AllowEdit" : false,
                            "Description" : "KPICalculationBase",
                            "FieldName" : "KPICalculationBase",
                            "FormatOptions" : {
                              "FormatString" : "",
                              "formatInfo" : {
                                "StateFormats" : [ ]
                              },
                              "formatText" : "[[HyperlinkName]]",
                              "renderer" : "STRING",
                              "roundingEnabled" : true,
                              "showDependentField" : false
                            },
                            "Title" : "KPICalculationBase",
                            "Width" : "auto",
                            "cellEditor" : "textfield",
                            "cellHorizontalAlignment" : "left",
                            "columnMinimumWidth" : 75,
                            "editable" : false,
                            "excludeFromRowEdit" : false,
                            "expressionValidator" : "validator2",
                            "headerHorizontalAlignment" : "left",
                            "hidden" : true,
                            "inLayout" : false,
                            "initialSort" : "none",
                            "required" : false,
                            "routeLinks" : false,
                            "sortable" : false,
                            "validationCriteria" : "",
                            "validationExpression" : "",
                            "validationMessage" : "",
                            "validationSuccessDetails" : "",
                            "validationSuccessMessage" : ""
                          }, {
                            "AllowEdit" : false,
                            "Description" : "KPIName",
                            "FieldName" : "KPIName",
                            "FormatOptions" : {
                              "FormatString" : "",
                              "formatInfo" : {
                                "StateFormats" : [ ]
                              },
                              "formatText" : "[[HyperlinkName]]",
                              "renderer" : "STRING",
                              "roundingEnabled" : true,
                              "showDependentField" : false
                            },
                            "Title" : "KPIName",
                            "Width" : "auto",
                            "cellEditor" : "textfield",
                            "cellHorizontalAlignment" : "left",
                            "columnMinimumWidth" : 75,
                            "editable" : false,
                            "excludeFromRowEdit" : false,
                            "expressionValidator" : "validator2",
                            "headerHorizontalAlignment" : "left",
                            "hidden" : true,
                            "inLayout" : false,
                            "initialSort" : "none",
                            "required" : false,
                            "routeLinks" : false,
                            "sortable" : false,
                            "validationCriteria" : "",
                            "validationExpression" : "",
                            "validationMessage" : "",
                            "validationSuccessDetails" : "",
                            "validationSuccessMessage" : ""
                          }, {
                            "AllowEdit" : false,
                            "Description" : "",
                            "FieldName" : "StartDateTime",
                            "FormatOptions" : {
                              "FormatString" : "",
                              "renderer" : "DATETIME",
                              "roundingEnabled" : true,
                              "showDependentField" : false
                            },
                            "Title" : "StartDateTime",
                            "Width" : "auto",
                            "cellEditor" : "",
                            "cellHorizontalAlignment" : "left",
                            "columnMinimumWidth" : 75,
                            "editable" : false,
                            "excludeFromRowEdit" : false,
                            "expressionValidator" : "validator2",
                            "headerHorizontalAlignment" : "left",
                            "hidden" : true,
                            "inLayout" : false,
                            "initialSort" : "none",
                            "required" : false,
                            "routeLinks" : false,
                            "sortable" : false,
                            "validationCriteria" : "",
                            "validationExpression" : "",
                            "validationMessage" : "",
                            "validationSuccessDetails" : "",
                            "validationSuccessMessage" : ""
                          }, {
                            "AllowEdit" : false,
                            "Description" : "",
                            "FieldName" : "EndDateTime",
                            "FormatOptions" : {
                              "FormatString" : "",
                              "renderer" : "DATETIME",
                              "roundingEnabled" : true,
                              "showDependentField" : false
                            },
                            "Title" : "EndDateTime",
                            "Width" : "auto",
                            "cellEditor" : "",
                            "cellHorizontalAlignment" : "left",
                            "columnMinimumWidth" : 75,
                            "editable" : false,
                            "excludeFromRowEdit" : false,
                            "expressionValidator" : "validator2",
                            "headerHorizontalAlignment" : "left",
                            "hidden" : true,
                            "inLayout" : false,
                            "initialSort" : "none",
                            "required" : false,
                            "routeLinks" : false,
                            "sortable" : false,
                            "validationCriteria" : "",
                            "validationExpression" : "",
                            "validationMessage" : "",
                            "validationSuccessDetails" : "",
                            "validationSuccessMessage" : ""
                          } ]
                        },
                        "ColumnsMenuOptions" : "none",
                        "ColumnsMenuVisibleItems" : 6,
                        "DateLabel" : "[[date]]",
                        "DefaultSelectedRows" : "",
                        "DeleteRowButtonText" : "[[delete]]",
                        "DisableChildNodes" : false,
                        "DisplayButtonText" : "[[display]]",
                        "DisplayName" : "dhxgrid-60",
                        "EditButton" : false,
                        "EditButtonText" : "[[edit]]",
                        "EditControlLabel" : "[[edit]]",
                        "EditControlType" : "link",
                        "EditControlVisibility" : "hover",
                        "EditLevel" : "cell",
                        "ExpandCollapseAll" : false,
                        "ExpandCollapseIcon" : "singlecaret",
                        "ExpandLoadedRows" : false,
                        "FillContainer" : true,
                        "FilterHintText" : "[[filter]]",
                        "FilterWidth" : 273,
                        "FocusNavigationMode" : "row-first",
                        "HasChildrenFieldName" : "hasChildren",
                        "HeaderVerticalAlignment" : "top",
                        "Height" : 200,
                        "HideHeaderRow" : false,
                        "HighlightDraftState" : false,
                        "HoursLabel" : "[[hours]]",
                        "IDFieldName" : "id",
                        "IDPathSeparator" : ":;",
                        "Id" : "ptcsgrid-60",
                        "IncludeRowExpansionParents" : false,
                        "IsEditable" : false,
                        "IsPrintLayout" : false,
                        "Label" : "",
                        "LabelAlignment" : "left",
                        "LabelType" : "sub-header",
                        "LastContainer" : false,
                        "Left" : 275,
                        "Margin" : "5",
                        "MaxRowsMessage" : "[[Widgets.TreeGrid.MaxRowsMessage]]",
                        "MaxRowsMessageTitle" : "[[Widgets.TreeGrid.MaxRowsMessageTitle]]",
                        "MeridiemLabel" : "AM/PM",
                        "MinRowHeight" : 30,
                        "MinutesLabel" : "[[minutes]]",
                        "MonthLabel" : "[[months]]",
                        "NoDataToDisplayText" : "[[noDataToDisplay]]",
                        "NoMatchesText" : "[[noMatches]]",
                        "NoResultsText" : "[[noResults]]",
                        "ParentIDFieldName" : "parentId",
                        "PreserveRowExpansion" : false,
                        "PreventRowWrapInNav" : false,
                        "PrimaryColumnFixedSize" : false,
                        "ReorderColumns" : false,
                        "ResetButtonText" : "[[reset]]",
                        "ResizeColumns" : true,
                        "ResponsiveLayout" : true,
                        "RowAddButton" : false,
                        "RowDeleteButton" : false,
                        "RowEditFormTitle" : "[[EditRecord]]",
                        "RowFormat_StateParameters" : [ ],
                        "RowSelection" : "single",
                        "RowsVerticalAlignment" : "top",
                        "SaveEditButtonText" : "[[save]]",
                        "SecondsLabel" : "[[seconds]]",
                        "SelectFocusedItem" : false,
                        "SelectLabel" : "[[select]]",
                        "SelectParentOnly" : false,
                        "SelectedItemText" : "[[rowSelected]]",
                        "SelectedItemsText" : "[[rowsSelected]]",
                        "SelectedRowsChangedCallback" : true,
                        "ShowColumnFeature" : true,
                        "ShowDataLoading" : true,
                        "ShowFilter" : false,
                        "ShowFooter" : false,
                        "ShowHeaderRowInFooter" : false,
                        "ShowResetButton" : false,
                        "ShowRowNumbers" : false,
                        "ShowValidationCriteria" : false,
                        "ShowValidationFailure" : false,
                        "ShowValidationSuccess" : false,
                        "SingleLineHeader" : false,
                        "SingleLineRows" : true,
                        "SortSelectionColumn" : false,
                        "TabSequence" : 0,
                        "Top" : 75,
                        "TriggerEventOnConfigChange" : true,
                        "Type" : "ptcsgrid",
                        "UpdateButtonText" : "[[update]]",
                        "UseTheme" : true,
                        "Visible" : true,
                        "Width" : 400,
                        "YearLabel" : "[[years]]",
                        "Z-index" : 10,
                        "__TypeDisplayName" : "Raster"
                      },
                      "Widgets" : [ ]
                    } ]
                  } ]
                }, {
                  "Properties" : {
                    "Area" : "UI",
                    "ClickOutsideToClose" : false,
                    "CloseButton" : true,
                    "DisplayName" : "ptcsbutton-64-Navigation",
                    "Id" : "navigationfunction-67",
                    "IncludeLegacyHeightAdjustment" : true,
                    "LastContainer" : false,
                    "Left" : 0,
                    "LegacyHeightAdjustmentEnabled" : true,
                    "Margin" : "5",
                    "MashupParameters" : [ {
                      "BaseType" : "DATETIME",
                      "Description" : "",
                      "ParameterName" : "StartDate",
                      "ParmDef" : {
                        "aspects" : {
                          "bindingDirection" : "IN",
                          "isMandatory" : "false"
                        },
                        "baseType" : "DATETIME",
                        "description" : "",
                        "name" : "StartDate",
                        "ordinal" : 0
                      }
                    }, {
                      "BaseType" : "DATETIME",
                      "Description" : "",
                      "ParameterName" : "EndDate",
                      "ParmDef" : {
                        "aspects" : {
                          "bindingDirection" : "IN",
                          "isMandatory" : "false"
                        },
                        "baseType" : "DATETIME",
                        "description" : "",
                        "name" : "EndDate",
                        "ordinal" : 0
                      }
                    }, {
                      "BaseType" : "STRING",
                      "Description" : "",
                      "ParameterName" : "Machine",
                      "ParmDef" : {
                        "aspects" : {
                          "bindingDirection" : "IN",
                          "isMandatory" : "false"
                        },
                        "baseType" : "STRING",
                        "description" : "",
                        "name" : "Machine",
                        "ordinal" : 0
                      }
                    } ],
                    "MissingMashupMessage" : "Mashup must be selected",
                    "PopupHeight" : 0,
                    "PopupScrollbar" : "auto",
                    "PopupTitle" : "",
                    "PopupWidth" : 0,
                    "RedirectTo" : "mashup",
                    "ReloadOnReplace" : false,
                    "ResponsiveLayout" : false,
                    "RoundedCorners" : true,
                    "ShowDataLoading" : true,
                    "TabSequence" : 0,
                    "TargetMashup" : "KBMachineShiftsMashup",
                    "TargetWindowType" : "modal-popup",
                    "Text" : "tw.navigationfunction-ide.properties.text.default-value",
                    "Top" : 0,
                    "Type" : "navigationfunction",
                    "UseTheme" : true,
                    "Visible" : false,
                    "Z-index" : 10,
                    "__TypeDisplayName" : "Navigation",
                    "_currentParameterDefs" : [ {
                      "BaseType" : "DATETIME",
                      "Description" : "",
                      "ParameterName" : "EndDate",
                      "bindingDirection" : "Target",
                      "bindingType" : "Property",
                      "isBindingSource" : false,
                      "isBindingTarget" : true,
                      "shown" : true
                    }, {
                      "BaseType" : "STRING",
                      "Description" : "",
                      "ParameterName" : "Machine",
                      "bindingDirection" : "Target",
                      "bindingType" : "Property",
                      "isBindingSource" : false,
                      "isBindingTarget" : true,
                      "shown" : true
                    }, {
                      "BaseType" : "DATETIME",
                      "Description" : "",
                      "ParameterName" : "StartDate",
                      "bindingDirection" : "Target",
                      "bindingType" : "Property",
                      "isBindingSource" : false,
                      "isBindingTarget" : true,
                      "shown" : true
                    } ]
                  },
                  "Widgets" : [ ]
                }, {
                  "Properties" : {
                    "Area" : "UI",
                    "AutoEvaluate" : false,
                    "DataChangeType" : "VALUE",
                    "DisplayName" : "expression-14",
                    "Expression" : "",
                    "FireOnFirstValue" : false,
                    "Height" : 28,
                    "Id" : "expression2-68",
                    "LastContainer" : false,
                    "Left" : null,
                    "Margin" : "5",
                    "Output" : "Shift",
                    "OutputBaseType" : "STRING",
                    "ResponsiveLayout" : false,
                    "ShowDataLoading" : true,
                    "Top" : null,
                    "Type" : "expression2",
                    "Visible" : true,
                    "Width" : 200,
                    "Z-index" : 10,
                    "__TypeDisplayName" : "Expression",
                    "_currentParameterDefs" : [ ]
                  },
                  "Widgets" : [ ]
                }, {
                  "Properties" : {
                    "Area" : "UI",
                    "AutoEvaluate" : false,
                    "DataChangeType" : "ALWAYS",
                    "DisplayName" : "isTimeframeUserSet",
                    "Expression" : "if (calculationBase==\"User set\") {Output=true;} else {Output=false;}",
                    "FireOnFirstValue" : false,
                    "Height" : 28,
                    "Id" : "expression2-69",
                    "LastContainer" : false,
                    "Left" : null,
                    "Margin" : "5",
                    "OutputBaseType" : "BOOLEAN",
                    "ResponsiveLayout" : false,
                    "ShowDataLoading" : true,
                    "Top" : null,
                    "Type" : "expression2",
                    "Visible" : true,
                    "Width" : 200,
                    "Z-index" : 10,
                    "__TypeDisplayName" : "Expression",
                    "_currentParameterDefs" : [ {
                      "BaseType" : "STRING",
                      "Description" : "",
                      "ParameterName" : "calculationBase",
                      "bindingDirection" : "Target",
                      "bindingType" : "Property",
                      "isBindingSource" : false,
                      "isBindingTarget" : true,
                      "shown" : true
                    } ]
                  },
                  "Widgets" : [ ]
                }, {
                  "Properties" : {
                    "Area" : "UI",
                    "AutoEvaluate" : false,
                    "DataChangeType" : "ALWAYS",
                    "DisplayName" : "GetStartDate",
                    "Expression" : "Output=new Date(StartDate);",
                    "FireOnFirstValue" : false,
                    "Height" : 28,
                    "Id" : "expression2-70",
                    "LastContainer" : false,
                    "Left" : null,
                    "Margin" : "5",
                    "OutputBaseType" : "DATETIME",
                    "ResponsiveLayout" : false,
                    "ShowDataLoading" : true,
                    "Top" : null,
                    "Type" : "expression2",
                    "Visible" : true,
                    "Width" : 200,
                    "Z-index" : 10,
                    "__TypeDisplayName" : "Expression",
                    "_currentParameterDefs" : [ {
                      "BaseType" : "STRING",
                      "Description" : "",
                      "ParameterName" : "StartDate",
                      "bindingDirection" : "Target",
                      "bindingType" : "Property",
                      "isBindingSource" : false,
                      "isBindingTarget" : true,
                      "shown" : true
                    } ]
                  },
                  "Widgets" : [ ]
                }, {
                  "Properties" : {
                    "Area" : "UI",
                    "AutoEvaluate" : false,
                    "DataChangeType" : "ALWAYS",
                    "DisplayName" : "GetEndDate",
                    "Expression" : "Output= new Date(EndDate);",
                    "FireOnFirstValue" : false,
                    "Height" : 28,
                    "Id" : "expression2-71",
                    "LastContainer" : false,
                    "Left" : null,
                    "Margin" : "5",
                    "OutputBaseType" : "DATETIME",
                    "ResponsiveLayout" : false,
                    "ShowDataLoading" : true,
                    "Top" : null,
                    "Type" : "expression2",
                    "Visible" : true,
                    "Width" : 200,
                    "Z-index" : 10,
                    "__TypeDisplayName" : "Expression",
                    "_currentParameterDefs" : [ {
                      "BaseType" : "STRING",
                      "Description" : "",
                      "ParameterName" : "EndDate",
                      "bindingDirection" : "Target",
                      "bindingType" : "Property",
                      "isBindingSource" : false,
                      "isBindingTarget" : true,
                      "shown" : true
                    } ]
                  },
                  "Widgets" : [ ]
                } ]
              },
              "mashupType" : "mashup"
            }
            ]]>
            </mashupContent>
            <preview></preview>
        </Mashup>
    </Mashups>
</Entities>
