<?xml version="1.0" encoding="UTF-8"?>
<Entities
 majorVersion="9"
 minorVersion="3"
 universal="password">
    <Mashups>
        <Mashup
         aspect.isFlex="true"
         aspect.isResponsive="true"
         aspect.mashupType="mashup"
         columns="0.0"
         description=""
         documentationContent=""
         homeMashup=""
         name="KBLocalSmartKPIProductiveTimeLossesFrameMashup"
         projectName="KBsmartKPI"
         rows="0.0"
         tags="KBThingWorxInstallationVocabulary:ExtensionSmartKPI">
            <avatar></avatar>
            <DesignTimePermissions>
                <Create></Create>
                <Read></Read>
                <Update></Update>
                <Delete></Delete>
                <Metadata></Metadata>
            </DesignTimePermissions>
            <RunTimePermissions>
                <Permissions
                 resourceName="*">
                    <PropertyRead>
                        <Principal
                         isPermitted="true"
                         name="KBUserGroup"
                         type="Group"></Principal>
                    </PropertyRead>
                    <PropertyWrite></PropertyWrite>
                    <ServiceInvoke>
                        <Principal
                         isPermitted="true"
                         name="KBUserGroup"
                         type="Group"></Principal>
                    </ServiceInvoke>
                    <EventInvoke></EventInvoke>
                    <EventSubscribe></EventSubscribe>
                </Permissions>
            </RunTimePermissions>
            <VisibilityPermissions>
                <Visibility>
                    <Principal
                     isPermitted="true"
                     name="KBOrganization"
                     type="Organization"></Principal>
                </Visibility>
            </VisibilityPermissions>
            <ConfigurationTableDefinitions></ConfigurationTableDefinitions>
            <ConfigurationTables>
                <ConfigurationTable
                 dataShapeName=""
                 description="Mashup Mobile Settings"
                 isHidden="true"
                 isMultiRow="false"
                 name="MobileSettings"
                 ordinal="0">
                    <DataShape>
                        <FieldDefinitions>
                            <FieldDefinition
                             aspect.defaultValue="false"
                             aspect.friendlyName="Disable Zoom"
                             baseType="BOOLEAN"
                             description="Disables zooming in and out within the mashup"
                             name="disableZoom"
                             ordinal="0"></FieldDefinition>
                            <FieldDefinition
                             aspect.defaultValue="true"
                             aspect.friendlyName="Full Screen Mode"
                             baseType="BOOLEAN"
                             description="Open the mashup in full screen mode"
                             name="fullScreenMode"
                             ordinal="0"></FieldDefinition>
                            <FieldDefinition
                             aspect.friendlyName="Height"
                             baseType="STRING"
                             description="The height of the mashup page"
                             name="height"
                             ordinal="0"></FieldDefinition>
                            <FieldDefinition
                             aspect.defaultValue="device-height"
                             aspect.friendlyName="Height Type"
                             baseType="STRING"
                             description="Use the height of the device display, or a custom height (in px)"
                             name="heightType"
                             ordinal="0"></FieldDefinition>
                            <FieldDefinition
                             aspect.defaultValue="1.0"
                             aspect.friendlyName="Initial Scale"
                             baseType="NUMBER"
                             description="The initial zoom scale when the mashup is loaded for the first time"
                             name="initialScale"
                             ordinal="0"></FieldDefinition>
                            <FieldDefinition
                             aspect.friendlyName="Shortcut Icon Title"
                             baseType="STRING"
                             description="A title for the mashup shortcut on the iOS home screen"
                             name="iosShortcutIconTitle"
                             ordinal="0"></FieldDefinition>
                            <FieldDefinition
                             aspect.defaultValue="black-translucent"
                             aspect.friendlyName="Status Bar Appearance"
                             baseType="STRING"
                             description="The style of the iOS status bar"
                             name="iosStatusBarAppearance"
                             ordinal="0"></FieldDefinition>
                            <FieldDefinition
                             aspect.defaultValue="10.0"
                             aspect.friendlyName="Maximum Scale"
                             baseType="NUMBER"
                             description="The maximum scale that users can zoom out to"
                             name="maximumScale"
                             ordinal="0"></FieldDefinition>
                            <FieldDefinition
                             aspect.defaultValue="0.1"
                             aspect.friendlyName="Minimum Scale"
                             baseType="NUMBER"
                             description="The minimum scale that users can zoom out to"
                             name="minimumScale"
                             ordinal="0"></FieldDefinition>
                            <FieldDefinition
                             aspect.friendlyName="Width"
                             baseType="STRING"
                             description="The width of the mashup page"
                             name="width"
                             ordinal="0"></FieldDefinition>
                            <FieldDefinition
                             aspect.defaultValue="device-width"
                             aspect.friendlyName="Width Type"
                             baseType="STRING"
                             description="Use the width of the device display, or a custom width (in px)"
                             name="widthType"
                             ordinal="0"></FieldDefinition>
                        </FieldDefinitions>
                    </DataShape>
                    <Rows>
                        <Row>
                            <disableZoom>false</disableZoom>
                            <fullScreenMode>true</fullScreenMode>
                            <height></height>
                            <heightType>
                            <![CDATA[
                            device-height
                            ]]>
                            </heightType>
                            <initialScale>1.0</initialScale>
                            <iosShortcutIconTitle></iosShortcutIconTitle>
                            <iosStatusBarAppearance>
                            <![CDATA[
                            black-translucent
                            ]]>
                            </iosStatusBarAppearance>
                            <maximumScale>10.0</maximumScale>
                            <minimumScale>0.1</minimumScale>
                            <width></width>
                            <widthType>
                            <![CDATA[
                            device-width
                            ]]>
                            </widthType>
                        </Row>
                    </Rows>
                </ConfigurationTable>
            </ConfigurationTables>
            <ParameterDefinitions></ParameterDefinitions>
            <Things></Things>
            <ThingShapes></ThingShapes>
            <ThingTemplates></ThingTemplates>
            <mashupContent>
            <![CDATA[
            {
              "CustomMashupCss" : "",
              "Data" : {
                "Session" : {
                  "DataName" : "Session",
                  "EntityName" : "",
                  "EntityType" : "Session",
                  "Id" : "session",
                  "Services" : [ {
                    "APIMethod" : "post",
                    "Characteristic" : "Services",
                    "Id" : "SessionInterface",
                    "Name" : "GetGlobalSessionValues",
                    "Parameters" : { },
                    "RefreshInterval" : 0,
                    "Target" : "GetGlobalSessionValues"
                  } ]
                },
                "Things_KBCalculateKPIsSchedulerThing_V1" : {
                  "DataName" : "Things_KBCalculateKPIsSchedulerThing_V1",
                  "EntityName" : "KBCalculateKPIsSchedulerThing_V1",
                  "EntityType" : "Things",
                  "Id" : "daf6523d-1cfd-4600-aca0-6105cfaa1cbb",
                  "RefreshInterval" : 0,
                  "Services" : [ {
                    "APIMethod" : "post",
                    "Characteristic" : "Services",
                    "Id" : "04f206a3-4940-43e8-8556-65ae3d952874",
                    "Name" : "GetProperties",
                    "Parameters" : {
                      "useWebsockets" : true
                    },
                    "RefreshInterval" : 0,
                    "Target" : "GetProperties"
                  } ]
                },
                "Things_KBSmartKPIHelperThing" : {
                  "DataName" : "Things_KBSmartKPIHelperThing",
                  "EntityName" : "KBSmartKPIHelperThing",
                  "EntityType" : "Things",
                  "Id" : "9aaf682c-5484-4126-9811-f3b93b1bd8d2",
                  "Services" : [ {
                    "APIMethod" : "post",
                    "Characteristic" : "Services",
                    "Id" : "fcc85311-ff2e-4531-bbac-b2973d96096a",
                    "Name" : "GetStationsForTimeLossVisualization",
                    "Parameters" : { },
                    "RefreshInterval" : 0,
                    "Target" : "GetStationsForTimeLossVisualization"
                  }, {
                    "APIMethod" : "post",
                    "Characteristic" : "Services",
                    "Id" : "5550e01e-8b97-432f-b2a4-140ea5a936c0",
                    "Name" : "GetLocalAreasforSmartKPIVisualization",
                    "Parameters" : { },
                    "RefreshInterval" : 0,
                    "Target" : "GetLocalAreasforSmartKPIVisualization"
                  } ]
                },
                "UserExtensions" : {
                  "DataName" : "UserExtensions",
                  "EntityName" : "",
                  "EntityType" : "UserExtensions",
                  "Id" : "UserExtensions",
                  "Services" : [ {
                    "APIMethod" : "post",
                    "Characteristic" : "Services",
                    "Id" : "UserExtensionInterface",
                    "Name" : "GetCurrentUserExtensionProperties",
                    "Parameters" : { },
                    "RefreshInterval" : 0,
                    "Target" : "GetCurrentUserExtensionProperties"
                  } ]
                }
              },
              "DataBindings" : [ {
                "Id" : "a62898ad-bbf3-495d-988f-4cd38553039f",
                "PropertyMaps" : [ {
                  "SourceProperty" : "",
                  "SourcePropertyBaseType" : "INFOTABLE",
                  "SourcePropertyType" : "InfoTable",
                  "TargetProperty" : "Data",
                  "TargetPropertyBaseType" : "INFOTABLE",
                  "TargetPropertyType" : "property"
                } ],
                "SourceArea" : "Data",
                "SourceDetails" : "AllData",
                "SourceId" : "GetStationsForTimeLossVisualization",
                "SourceSection" : "Things_KBSmartKPIHelperThing",
                "TargetArea" : "UI",
                "TargetId" : "ptcsdropdown-4",
                "TargetSection" : ""
              }, {
                "Id" : "be8aaa1e-439c-4df8-bece-db9987a53d36",
                "PropertyMaps" : [ {
                  "SourceProperty" : "DBKpiName",
                  "SourcePropertyBaseType" : "STRING",
                  "SourcePropertyType" : "Field",
                  "TargetProperty" : "Machine",
                  "TargetPropertyBaseType" : "STRING",
                  "TargetPropertyType" : "property"
                } ],
                "SourceArea" : "Data",
                "SourceDetails" : "SelectedRows",
                "SourceId" : "GetStationsForTimeLossVisualization",
                "SourceSection" : "Things_KBSmartKPIHelperThing",
                "TargetArea" : "UI",
                "TargetId" : "mashupcontainer-5",
                "TargetSection" : ""
              }, {
                "Id" : "0d18a914-2775-46b1-b9c9-5e1a76b188b4",
                "PropertyMaps" : [ {
                  "SourceProperty" : "DisplayName",
                  "SourcePropertyBaseType" : "STRING",
                  "SourcePropertyType" : "Field",
                  "TargetProperty" : "MachineName",
                  "TargetPropertyBaseType" : "STRING",
                  "TargetPropertyType" : "property"
                } ],
                "SourceArea" : "Data",
                "SourceDetails" : "SelectedRows",
                "SourceId" : "GetStationsForTimeLossVisualization",
                "SourceSection" : "Things_KBSmartKPIHelperThing",
                "TargetArea" : "UI",
                "TargetId" : "mashupcontainer-5",
                "TargetSection" : ""
              }, {
                "Id" : "46ab9416-89c1-4f1f-aa81-13f762dda459",
                "PropertyMaps" : [ {
                  "SourceProperty" : "ThingName",
                  "SourcePropertyBaseType" : "STRING",
                  "SourcePropertyType" : "Field",
                  "TargetProperty" : "Station",
                  "TargetPropertyBaseType" : "STRING",
                  "TargetPropertyType" : "property"
                } ],
                "SourceArea" : "Data",
                "SourceDetails" : "SelectedRows",
                "SourceId" : "GetStationsForTimeLossVisualization",
                "SourceSection" : "Things_KBSmartKPIHelperThing",
                "TargetArea" : "UI",
                "TargetId" : "mashupcontainer-5",
                "TargetSection" : ""
              }, {
                "Id" : "315fd4c2-e9b7-4358-8d01-660528ce72f3",
                "PropertyMaps" : [ {
                  "SourceProperty" : "Output",
                  "SourcePropertyBaseType" : "STRING",
                  "SourcePropertyType" : "Property",
                  "TargetProperty" : "CalculationBase",
                  "TargetPropertyBaseType" : "STRING",
                  "TargetPropertyType" : "property"
                } ],
                "SourceArea" : "UI",
                "SourceId" : "expression2-8",
                "SourceSection" : "",
                "TargetArea" : "UI",
                "TargetId" : "mashupcontainer-5",
                "TargetSection" : ""
              }, {
                "Id" : "2f3d4fa9-ae1a-4b05-8a57-28ae4748967b",
                "PropertyMaps" : [ {
                  "SourceProperty" : "Output",
                  "SourcePropertyBaseType" : "STRING",
                  "SourcePropertyType" : "Property",
                  "TargetProperty" : "Name",
                  "TargetPropertyBaseType" : "MASHUPNAME",
                  "TargetPropertyType" : "property"
                } ],
                "SourceArea" : "UI",
                "SourceId" : "expression2-9",
                "SourceSection" : "",
                "TargetArea" : "UI",
                "TargetId" : "mashupcontainer-5",
                "TargetSection" : ""
              }, {
                "Id" : "89b96748-57c5-417d-a96a-aadfb01d7b22",
                "PropertyMaps" : [ {
                  "SourceProperty" : "doStationCalculation",
                  "SourcePropertyBaseType" : "BOOLEAN",
                  "SourcePropertyType" : "Field",
                  "TargetProperty" : "isActive",
                  "TargetPropertyBaseType" : "BOOLEAN",
                  "TargetPropertyType" : "property"
                } ],
                "SourceArea" : "Data",
                "SourceDetails" : "AllData",
                "SourceId" : "GetProperties",
                "SourceSection" : "Things_KBCalculateKPIsSchedulerThing_V1",
                "TargetArea" : "UI",
                "TargetId" : "expression2-9",
                "TargetSection" : ""
              }, {
                "Id" : "98df2356-c1f3-46d7-b0c3-5c607d48b5ce",
                "PropertyMaps" : [ {
                  "SourceProperty" : "PlantThing",
                  "SourcePropertyBaseType" : "STRING",
                  "SourcePropertyType" : "Field",
                  "TargetProperty" : "PlantThing",
                  "TargetPropertyBaseType" : "STRING",
                  "TargetPropertyType" : "Parameter"
                } ],
                "SourceArea" : "Session",
                "SourceDetails" : "AllData",
                "SourceId" : "Session",
                "SourceSection" : "Session",
                "TargetArea" : "Data",
                "TargetId" : "GetStationsForTimeLossVisualization",
                "TargetSection" : "Things_KBSmartKPIHelperThing"
              }, {
                "Id" : "4778ecb4-b82d-48dc-845a-8460d626b959",
                "PropertyMaps" : [ {
                  "SourceProperty" : "",
                  "SourcePropertyBaseType" : "INFOTABLE",
                  "SourcePropertyType" : "InfoTable",
                  "TargetProperty" : "Data",
                  "TargetPropertyBaseType" : "INFOTABLE",
                  "TargetPropertyType" : "property"
                } ],
                "SourceArea" : "Data",
                "SourceDetails" : "AllData",
                "SourceId" : "GetLocalAreasforSmartKPIVisualization",
                "SourceSection" : "Things_KBSmartKPIHelperThing",
                "TargetArea" : "UI",
                "TargetId" : "ptcsdropdown-12",
                "TargetSection" : ""
              }, {
                "Id" : "f6ad724f-c4c4-4ef1-812d-7c5cb7f2ae34",
                "PropertyMaps" : [ {
                  "SourceProperty" : "PlantThing",
                  "SourcePropertyBaseType" : "STRING",
                  "SourcePropertyType" : "Field",
                  "TargetProperty" : "KBPlantThing",
                  "TargetPropertyBaseType" : "THINGNAME",
                  "TargetPropertyType" : "Parameter"
                } ],
                "SourceArea" : "Session",
                "SourceDetails" : "AllData",
                "SourceId" : "Session",
                "SourceSection" : "Session",
                "TargetArea" : "Data",
                "TargetId" : "GetLocalAreasforSmartKPIVisualization",
                "TargetSection" : "Things_KBSmartKPIHelperThing"
              }, {
                "Id" : "b4313698-dfbd-4562-a1ff-92b640b39983",
                "PropertyMaps" : [ {
                  "SourceProperty" : "ThingName",
                  "SourcePropertyBaseType" : "STRING",
                  "SourcePropertyType" : "Field",
                  "TargetProperty" : "AreaThing",
                  "TargetPropertyBaseType" : "STRING",
                  "TargetPropertyType" : "Parameter"
                } ],
                "SourceArea" : "Data",
                "SourceDetails" : "SelectedRows",
                "SourceId" : "GetLocalAreasforSmartKPIVisualization",
                "SourceSection" : "Things_KBSmartKPIHelperThing",
                "TargetArea" : "Data",
                "TargetId" : "GetStationsForTimeLossVisualization",
                "TargetSection" : "Things_KBSmartKPIHelperThing"
              }, {
                "Id" : "0b2a9487-55b4-4ad2-baac-156575b0e39b",
                "PropertyMaps" : [ {
                  "SourceProperty" : "SelectedText",
                  "SourcePropertyBaseType" : "STRING",
                  "SourcePropertyType" : "Property",
                  "TargetProperty" : "AreaThing",
                  "TargetPropertyBaseType" : "STRING",
                  "TargetPropertyType" : "Field"
                } ],
                "SourceArea" : "UI",
                "SourceDetails" : "",
                "SourceId" : "ptcsdropdown-12",
                "SourceSection" : "",
                "TargetArea" : "Session",
                "TargetId" : "Session",
                "TargetSection" : "Session"
              } ],
              "DesignTimePermissions" : {
                "Create" : [ ],
                "Delete" : [ ],
                "Metadata" : [ ],
                "Read" : [ ],
                "Update" : [ ]
              },
              "Events" : [ {
                "EventHandlerArea" : "Data",
                "EventHandlerId" : "Things_KBSmartKPIHelperThing",
                "EventHandlerService" : "GetStationsForTimeLossVisualization",
                "EventTriggerArea" : "Mashup",
                "EventTriggerEvent" : "Loaded",
                "EventTriggerId" : "mashup-root",
                "EventTriggerSection" : "",
                "Id" : "1f23a792-0ae9-4d86-8e51-5f118cff1514"
              }, {
                "EventHandlerArea" : "UI",
                "EventHandlerId" : "mashupcontainer-5",
                "EventHandlerService" : "Refresh",
                "EventTriggerArea" : "Data",
                "EventTriggerEvent" : "SelectedRowsChanged",
                "EventTriggerId" : "GetStationsForTimeLossVisualization",
                "EventTriggerSection" : "Things_KBSmartKPIHelperThing",
                "Id" : "89d2ce24-21ba-4f11-97c7-9e5f59e10351"
              }, {
                "EventHandlerArea" : "UI",
                "EventHandlerId" : "expression2-8",
                "EventHandlerService" : "Evaluate",
                "EventTriggerArea" : "Mashup",
                "EventTriggerEvent" : "Loaded",
                "EventTriggerId" : "mashup-root",
                "EventTriggerSection" : "",
                "Id" : "77314e66-fdb7-44eb-8c54-c4ce14446245"
              }, {
                "EventHandlerArea" : "Data",
                "EventHandlerId" : "Things_KBCalculateKPIsSchedulerThing_V1",
                "EventHandlerService" : "GetProperties",
                "EventTriggerArea" : "Mashup",
                "EventTriggerEvent" : "Loaded",
                "EventTriggerId" : "mashup-root",
                "EventTriggerSection" : "",
                "Id" : "2b025cb1-5792-4d1f-94ab-119a1f26838e"
              }, {
                "EventHandlerArea" : "UI",
                "EventHandlerId" : "expression2-9",
                "EventHandlerService" : "Evaluate",
                "EventTriggerArea" : "Data",
                "EventTriggerEvent" : "ServiceInvokeCompleted",
                "EventTriggerId" : "GetProperties",
                "EventTriggerSection" : "Things_KBCalculateKPIsSchedulerThing_V1",
                "Id" : "c5af91ff-c52e-4642-ae6a-9e0dea98026e"
              }, {
                "EventHandlerArea" : "Data",
                "EventHandlerId" : "Things_KBSmartKPIHelperThing",
                "EventHandlerService" : "GetStationsForTimeLossVisualization",
                "EventTriggerArea" : "Session",
                "EventTriggerEvent" : "PlantThingChanged",
                "EventTriggerId" : "Session",
                "EventTriggerSection" : "Session",
                "Id" : "0c05801c-889c-4e08-b817-ac3294f344c3"
              }, {
                "EventHandlerArea" : "Data",
                "EventHandlerId" : "Things_KBSmartKPIHelperThing",
                "EventHandlerService" : "GetStationsForTimeLossVisualization",
                "EventTriggerArea" : "Session",
                "EventTriggerEvent" : "AreaThingChanged",
                "EventTriggerId" : "Session",
                "EventTriggerSection" : "Session",
                "Id" : "9f83c8e4-79d7-4f57-ad6d-785efe67823d"
              }, {
                "EventHandlerArea" : "Data",
                "EventHandlerId" : "Things_KBSmartKPIHelperThing",
                "EventHandlerService" : "GetLocalAreasforSmartKPIVisualization",
                "EventTriggerArea" : "Mashup",
                "EventTriggerEvent" : "Loaded",
                "EventTriggerId" : "mashup-root",
                "EventTriggerSection" : "",
                "Id" : "c7dd9a4a-4f2b-416f-8cb1-f4bfa7a76d00"
              }, {
                "EventHandlerArea" : "Data",
                "EventHandlerId" : "Things_KBSmartKPIHelperThing",
                "EventHandlerService" : "GetStationsForTimeLossVisualization",
                "EventTriggerArea" : "UI",
                "EventTriggerEvent" : "SelectedItemsChanged",
                "EventTriggerId" : "ptcsdropdown-12",
                "EventTriggerSection" : "",
                "Id" : "4ff7a95e-cce2-4ed4-b1d7-130fc07da628"
              }, {
                "EventHandlerArea" : "Data",
                "EventHandlerId" : "Things_KBSmartKPIHelperThing",
                "EventHandlerService" : "GetLocalAreasforSmartKPIVisualization",
                "EventTriggerArea" : "Session",
                "EventTriggerEvent" : "PlantThingChanged",
                "EventTriggerId" : "Session",
                "EventTriggerSection" : "Session",
                "Id" : "9ccf34cb-1141-4e97-b20f-4e16dd818cef"
              } ],
              "Reminders" : [ ],
              "RunTimePermissions" : {
                "permissions" : [ {
                  "EventInvoke" : [ ],
                  "EventSubscribe" : [ ],
                  "PropertyRead" : [ {
                    "isPermitted" : true,
                    "name" : "KBUserGroup",
                    "type" : "Group"
                  } ],
                  "PropertyWrite" : [ ],
                  "ServiceInvoke" : [ {
                    "isPermitted" : true,
                    "name" : "KBUserGroup",
                    "type" : "Group"
                  } ],
                  "resourceName" : "*"
                } ]
              },
              "UI" : {
                "Properties" : {
                  "AddToDashboardButton" : "SimplePlus",
                  "AddToDashboardButtonStyle" : "DefaultAddToDashboardButtonStyle",
                  "Area" : "Mashup",
                  "BGImage" : "",
                  "BGImageRepeat" : "no-repeat",
                  "BGImageSize" : "auto",
                  "Columns" : 0,
                  "ConfigureGadgetButton" : "SimpleGear",
                  "ConfigureGadgetButtonStyle" : "DefaultConfigureGadgetButtonStyle",
                  "DisplayName" : "Mashup",
                  "EnableParameterEditing" : false,
                  "Height" : 618,
                  "Id" : "mashup-root",
                  "IgnoreWarningsInViewMashup" : false,
                  "IsPrintLayout" : false,
                  "Left" : 0,
                  "Margin" : "5",
                  "MashupToEditGadget" : "DefaultMashupToEditGadget",
                  "Master" : "KBSmartProductionMaster1Mashup",
                  "MigratedOn" : "2023-02-20T13:51:41.000Z",
                  "MinHeight" : 0,
                  "MinWidth" : 0,
                  "ResponsiveLayout" : true,
                  "Rows" : 0,
                  "ShowDataLoading" : true,
                  "Style" : "DefaultMashupStyle",
                  "StyleProperties" : {
                    "data" : {
                      "flexcontainer-1" : {
                        "parts" : {
                          "$" : {
                            "$" : {
                              "background" : "transparent"
                            }
                          }
                        },
                        "widget" : "flex-container"
                      }
                    },
                    "meta" : {
                      "type" : "WidgetStyler",
                      "version" : "1.0"
                    }
                  },
                  "StyleTheme" : "KBStandardStyleTheme",
                  "Title" : "",
                  "TitleBar" : false,
                  "TitleBarStyle" : "DefaultTitleBarStyle",
                  "TitleBarText" : "Gadget Title Here",
                  "Top" : 0,
                  "Type" : "mashup",
                  "UseMasterTheme" : false,
                  "UseTheme" : false,
                  "UseThemeForHybrids" : false,
                  "Visible" : true,
                  "Width" : 1024,
                  "Z-index" : 10,
                  "__TypeDisplayName" : "Mashup",
                  "_currentParameterDefs" : [ ],
                  "id_index" : 12,
                  "supportsAutoResize" : true
                },
                "Widgets" : [ {
                  "Properties" : {
                    "Area" : "UI",
                    "CollapseTabIcon" : "",
                    "DisplayName" : "container-1",
                    "EnableContainerUnload" : false,
                    "EnableExpandCollapse" : false,
                    "ExpandCollapseTabLocation" : "inside",
                    "ExpandTabIcon" : "",
                    "Expanded" : true,
                    "Id" : "flexcontainer-1",
                    "LastContainer" : true,
                    "LazyLoading" : false,
                    "Margin" : "",
                    "Overlay" : false,
                    "ResponsiveLayout" : true,
                    "ShowDataLoading" : true,
                    "ShowExpandCollapseTab" : false,
                    "SourceURL" : "",
                    "Style" : "DefaultContainerStyle",
                    "StyleProperties" : { },
                    "Type" : "flexcontainer",
                    "UseTheme" : true,
                    "Visible" : true,
                    "Z-index" : 10,
                    "__TypeDisplayName" : "Flex Container",
                    "align-content" : "flex-start",
                    "align-items" : "flex-start",
                    "flex-basis" : "auto",
                    "flex-direction" : "column",
                    "flex-grow" : 1,
                    "flex-max-height" : "",
                    "flex-max-width" : "",
                    "flex-min-height" : "",
                    "flex-min-width" : "",
                    "flex-shrink" : "0",
                    "flex-size" : "default",
                    "flex-wrap" : "nowrap",
                    "iconClass" : "widgets-flexcontainer",
                    "justify-content" : "flex-start",
                    "positioning" : "responsive",
                    "userCannotRemove" : true
                  },
                  "Widgets" : [ {
                    "Properties" : {
                      "Area" : "UI",
                      "CollapseTabIcon" : "",
                      "DisplayName" : "container-2",
                      "EnableContainerUnload" : false,
                      "EnableExpandCollapse" : true,
                      "ExpandCollapseTabLocation" : "outside",
                      "ExpandTabIcon" : "",
                      "Expanded" : true,
                      "Id" : "flexcontainer-2",
                      "LastContainer" : false,
                      "LazyLoading" : false,
                      "Margin" : "false false 5 false",
                      "Overlay" : false,
                      "ResponsiveLayout" : true,
                      "ShowDataLoading" : true,
                      "ShowExpandCollapseTab" : false,
                      "SourceURL" : "",
                      "Style" : "DefaultContainerStyle",
                      "StyleProperties" : { },
                      "Type" : "flexcontainer",
                      "UseTheme" : true,
                      "Visible" : true,
                      "Z-index" : 10,
                      "__TypeDisplayName" : "Flex Container",
                      "align-content" : "flex-start",
                      "align-items" : "flex-start",
                      "flex-basis" : "auto",
                      "flex-direction" : "column",
                      "flex-grow" : 1,
                      "flex-max-height" : "50px",
                      "flex-max-width" : "",
                      "flex-min-height" : "50px",
                      "flex-min-width" : "",
                      "flex-shrink" : "0",
                      "flex-size" : "fixed",
                      "flex-wrap" : "nowrap",
                      "iconClass" : "widgets-flexcontainer-fixed",
                      "isLocked" : false,
                      "justify-content" : "flex-start",
                      "positioning" : "static",
                      "userCannotRemove" : false
                    },
                    "Widgets" : [ {
                      "Properties" : {
                        "Alignment" : "left",
                        "AllLabel" : "[[all]]",
                        "Area" : "UI",
                        "AutoSelectFirstRow" : true,
                        "ClearSelectedItemsLabel" : "[[clearSelectedItems]]",
                        "ClearSelectionItem" : false,
                        "ClearSelectionLabel" : "[[None]]",
                        "CriteriaMessage" : "",
                        "CriteriaMessageDetails" : "",
                        "Disabled" : false,
                        "DisplayField" : "DisplayName",
                        "DisplayName" : "dhxlist-4",
                        "EnableToolTips" : true,
                        "FilterHintText" : "Filter",
                        "Height" : 28,
                        "HintText" : "",
                        "Id" : "ptcsdropdown-4",
                        "ItemMeta" : {
                          "type" : "text"
                        },
                        "Label" : "",
                        "LabelAlignment" : "left",
                        "LastContainer" : false,
                        "Left" : 540,
                        "ListFormat_StateParameters" : [ ],
                        "ListMarginTop" : 8,
                        "Margin" : "5",
                        "MultiSelect" : false,
                        "NumberOfItemsInDropdownView" : 6,
                        "RequiredMessage" : "A selection is required",
                        "ResponsiveLayout" : false,
                        "RowHeight" : 28,
                        "SelectAllLabel" : "[[selectAll]]",
                        "SelectedLabel" : "[[selected]]",
                        "ShowDataLoading" : true,
                        "ShowListFilter" : false,
                        "ShowValidationCriteria" : false,
                        "ShowValidationFailure" : false,
                        "ShowValidationSuccess" : false,
                        "SuccessMessage" : "",
                        "SuccessMessageDetails" : "",
                        "TabSequence" : 0,
                        "Top" : 5,
                        "Type" : "ptcsdropdown",
                        "UseTheme" : true,
                        "ValidationCriteriaIcon" : "cds:icon_info",
                        "ValidationFailureIcon" : "cds:icon_error",
                        "ValidationState" : "undefined",
                        "ValidationSuccessIcon" : "cds:icon_success",
                        "ValueField" : "ThingName",
                        "ValueRequired" : false,
                        "Visible" : true,
                        "Width" : 500,
                        "Z-index" : 10,
                        "__TypeDisplayName" : "List"
                      },
                      "Widgets" : [ ]
                    }, {
                      "Properties" : {
                        "Alignment" : "left",
                        "AllLabel" : "[[all]]",
                        "Area" : "UI",
                        "AutoSelectFirstRow" : true,
                        "ClearSelectedItemsLabel" : "[[clearSelectedItems]]",
                        "ClearSelectionItem" : false,
                        "ClearSelectionLabel" : "[[None]]",
                        "CriteriaMessage" : "",
                        "CriteriaMessageDetails" : "",
                        "Disabled" : false,
                        "DisplayField" : "DisplayName",
                        "DisplayFieldBaseType" : "STRING",
                        "DisplayName" : "ptcs-dropdown-12",
                        "EnableToolTips" : true,
                        "FilterHintText" : "Filter",
                        "Height" : 28,
                        "HintText" : "",
                        "Id" : "ptcsdropdown-12",
                        "ItemMeta" : {
                          "type" : "text"
                        },
                        "Label" : "",
                        "LabelAlignment" : "left",
                        "LastContainer" : false,
                        "Left" : 10,
                        "ListFormat_StateParameters" : [ ],
                        "ListMarginTop" : 8,
                        "Margin" : "5",
                        "MultiSelect" : false,
                        "NumberOfItemsInDropdownView" : 6,
                        "RequiredMessage" : "A selection is required",
                        "ResponsiveLayout" : false,
                        "RowHeight" : 28,
                        "SelectAllLabel" : "[[selectAll]]",
                        "SelectedLabel" : "[[selected]]",
                        "ShowDataLoading" : true,
                        "ShowListFilter" : false,
                        "ShowValidationCriteria" : false,
                        "ShowValidationFailure" : false,
                        "ShowValidationSuccess" : false,
                        "SuccessMessage" : "",
                        "SuccessMessageDetails" : "",
                        "TabSequence" : 0,
                        "Top" : 5,
                        "Type" : "ptcsdropdown",
                        "UseTheme" : true,
                        "ValidationCriteriaIcon" : "cds:icon_info",
                        "ValidationFailureIcon" : "cds:icon_error",
                        "ValidationState" : "undefined",
                        "ValidationSuccessIcon" : "cds:icon_success",
                        "ValueField" : "ThingName",
                        "ValueRequired" : false,
                        "Visible" : true,
                        "Width" : 500,
                        "Z-index" : 10,
                        "__TypeDisplayName" : "List"
                      },
                      "Widgets" : [ ]
                    } ]
                  }, {
                    "Properties" : {
                      "Area" : "UI",
                      "CollapseTabIcon" : "",
                      "DisplayName" : "container-3",
                      "EnableContainerUnload" : false,
                      "EnableExpandCollapse" : false,
                      "ExpandCollapseTabLocation" : "inside",
                      "ExpandTabIcon" : "",
                      "Expanded" : true,
                      "Id" : "flexcontainer-3",
                      "LastContainer" : false,
                      "LazyLoading" : false,
                      "Margin" : "5 10 0 10",
                      "Overlay" : false,
                      "ResponsiveLayout" : true,
                      "ShowDataLoading" : true,
                      "ShowExpandCollapseTab" : false,
                      "SourceURL" : "",
                      "Style" : "DefaultContainerStyle",
                      "StyleProperties" : { },
                      "Type" : "flexcontainer",
                      "UseTheme" : true,
                      "Visible" : true,
                      "Z-index" : 10,
                      "__TypeDisplayName" : "Flex Container",
                      "align-content" : "flex-start",
                      "align-items" : "flex-start",
                      "flex-basis" : "auto",
                      "flex-direction" : "column",
                      "flex-grow" : 1,
                      "flex-max-height" : "",
                      "flex-max-width" : "",
                      "flex-min-height" : "",
                      "flex-min-width" : "",
                      "flex-shrink" : "0",
                      "flex-size" : "fixed",
                      "flex-wrap" : "nowrap",
                      "iconClass" : "widgets-flexcontainer",
                      "isLocked" : true,
                      "justify-content" : "flex-start",
                      "positioning" : "responsive",
                      "userCannotRemove" : false
                    },
                    "Widgets" : [ {
                      "Properties" : {
                        "Area" : "UI",
                        "DisplayName" : "mashupcontainer-5",
                        "Height" : 300,
                        "Id" : "mashupcontainer-5",
                        "LastContainer" : false,
                        "Left" : 285,
                        "Level" : "L1",
                        "Machine" : "-nothing-",
                        "MachineName" : "",
                        "Margin" : "5",
                        "MashupParameters" : [ ],
                        "Name" : "",
                        "ResizeToContent" : false,
                        "ResponsiveLayout" : true,
                        "ShowDataLoading" : true,
                        "TabSequenceGroup" : 0,
                        "Top" : 90,
                        "Type" : "mashupcontainer",
                        "Visible" : true,
                        "Width" : 400,
                        "Z-index" : 10,
                        "__TypeDisplayName" : "Contained Mashup"
                      },
                      "Widgets" : [ ]
                    } ]
                  } ]
                }, {
                  "Properties" : {
                    "Area" : "UI",
                    "AutoEvaluate" : false,
                    "DataChangeType" : "ALWAYS",
                    "DisplayName" : "DefaultCalculationBase",
                    "Expression" : "Output='Day';",
                    "FireOnFirstValue" : false,
                    "Height" : 28,
                    "Id" : "expression2-8",
                    "LastContainer" : false,
                    "Left" : null,
                    "Margin" : "5",
                    "OutputBaseType" : "STRING",
                    "ResponsiveLayout" : false,
                    "ShowDataLoading" : true,
                    "Top" : null,
                    "Type" : "expression2",
                    "Visible" : true,
                    "Width" : 200,
                    "Z-index" : 10,
                    "__TypeDisplayName" : "Expression",
                    "_currentParameterDefs" : [ ]
                  },
                  "Widgets" : [ ]
                }, {
                  "Properties" : {
                    "Area" : "UI",
                    "AutoEvaluate" : true,
                    "DataChangeType" : "VALUE",
                    "DisableInitialOutput" : false,
                    "DisplayName" : "GetChildMashupName",
                    "Expression" : "if(isActive){\n    output='KBLocalSmartKPIProductiveTimeLossesMashup_V1';\n}else{\noutput='KBLocalSmartKPIProductiveTimeLossesMashup';\n}",
                    "FireOnFirstValue" : false,
                    "Height" : 28,
                    "Id" : "expression2-9",
                    "LastContainer" : false,
                    "Left" : null,
                    "Margin" : "5",
                    "OutputBaseType" : "STRING",
                    "ResponsiveLayout" : false,
                    "ShowDataLoading" : true,
                    "Top" : null,
                    "Type" : "expression2",
                    "Visible" : true,
                    "Width" : 200,
                    "Z-index" : 10,
                    "__TypeDisplayName" : "Expression",
                    "_currentParameterDefs" : [ {
                      "BaseType" : "BOOLEAN",
                      "DefaultValue" : false,
                      "Description" : "",
                      "ParameterName" : "isActive",
                      "bindingDirection" : "Target",
                      "bindingType" : "Property",
                      "isBindingSource" : false,
                      "isBindingTarget" : true,
                      "shown" : true
                    } ]
                  },
                  "Widgets" : [ ]
                } ]
              },
              "mashupType" : "mashup"
            }
            ]]>
            </mashupContent>
            <preview></preview>
        </Mashup>
    </Mashups>
</Entities>
