<?xml version="1.0" encoding="UTF-8"?>
<Entities
 majorVersion="9"
 minorVersion="3"
 universal="password">
    <Mashups>
        <Mashup
         aspect.isFlex="true"
         aspect.isResponsive="true"
         aspect.mashupType="mashup"
         columns="0.0"
         description=""
         documentationContent=""
         homeMashup=""
         name="KBLocalSmartKPIMachineLevelProcessDataTimeChartMashup"
         projectName="KBsmartKPI"
         rows="0.0"
         tags="KBThingWorxInstallationVocabulary:ExtensionSmartKPI">
            <avatar></avatar>
            <DesignTimePermissions>
                <Create></Create>
                <Read></Read>
                <Update></Update>
                <Delete></Delete>
                <Metadata></Metadata>
            </DesignTimePermissions>
            <RunTimePermissions>
                <Permissions
                 resourceName="*">
                    <PropertyRead>
                        <Principal
                         isPermitted="true"
                         name="KBUserGroup"
                         type="Group"></Principal>
                    </PropertyRead>
                    <PropertyWrite></PropertyWrite>
                    <ServiceInvoke>
                        <Principal
                         isPermitted="true"
                         name="KBUserGroup"
                         type="Group"></Principal>
                    </ServiceInvoke>
                    <EventInvoke></EventInvoke>
                    <EventSubscribe></EventSubscribe>
                </Permissions>
            </RunTimePermissions>
            <VisibilityPermissions>
                <Visibility>
                    <Principal
                     isPermitted="true"
                     name="KBOrganization"
                     type="Organization"></Principal>
                </Visibility>
            </VisibilityPermissions>
            <ConfigurationTableDefinitions></ConfigurationTableDefinitions>
            <ConfigurationTables>
                <ConfigurationTable
                 dataShapeName=""
                 description="Mashup Mobile Settings"
                 isHidden="true"
                 isMultiRow="false"
                 name="MobileSettings"
                 ordinal="0">
                    <DataShape>
                        <FieldDefinitions>
                            <FieldDefinition
                             aspect.defaultValue="false"
                             aspect.friendlyName="Disable Zoom"
                             baseType="BOOLEAN"
                             description="Disables zooming in and out within the mashup"
                             name="disableZoom"
                             ordinal="0"></FieldDefinition>
                            <FieldDefinition
                             aspect.defaultValue="true"
                             aspect.friendlyName="Full Screen Mode"
                             baseType="BOOLEAN"
                             description="Open the mashup in full screen mode"
                             name="fullScreenMode"
                             ordinal="0"></FieldDefinition>
                            <FieldDefinition
                             aspect.friendlyName="Height"
                             baseType="STRING"
                             description="The height of the mashup page"
                             name="height"
                             ordinal="0"></FieldDefinition>
                            <FieldDefinition
                             aspect.defaultValue="device-height"
                             aspect.friendlyName="Height Type"
                             baseType="STRING"
                             description="Use the height of the device display, or a custom height (in px)"
                             name="heightType"
                             ordinal="0"></FieldDefinition>
                            <FieldDefinition
                             aspect.defaultValue="1.0"
                             aspect.friendlyName="Initial Scale"
                             baseType="NUMBER"
                             description="The initial zoom scale when the mashup is loaded for the first time"
                             name="initialScale"
                             ordinal="0"></FieldDefinition>
                            <FieldDefinition
                             aspect.friendlyName="Shortcut Icon Title"
                             baseType="STRING"
                             description="A title for the mashup shortcut on the iOS home screen"
                             name="iosShortcutIconTitle"
                             ordinal="0"></FieldDefinition>
                            <FieldDefinition
                             aspect.defaultValue="black-translucent"
                             aspect.friendlyName="Status Bar Appearance"
                             baseType="STRING"
                             description="The style of the iOS status bar"
                             name="iosStatusBarAppearance"
                             ordinal="0"></FieldDefinition>
                            <FieldDefinition
                             aspect.defaultValue="10.0"
                             aspect.friendlyName="Maximum Scale"
                             baseType="NUMBER"
                             description="The maximum scale that users can zoom out to"
                             name="maximumScale"
                             ordinal="0"></FieldDefinition>
                            <FieldDefinition
                             aspect.defaultValue="0.1"
                             aspect.friendlyName="Minimum Scale"
                             baseType="NUMBER"
                             description="The minimum scale that users can zoom out to"
                             name="minimumScale"
                             ordinal="0"></FieldDefinition>
                            <FieldDefinition
                             aspect.friendlyName="Width"
                             baseType="STRING"
                             description="The width of the mashup page"
                             name="width"
                             ordinal="0"></FieldDefinition>
                            <FieldDefinition
                             aspect.defaultValue="device-width"
                             aspect.friendlyName="Width Type"
                             baseType="STRING"
                             description="Use the width of the device display, or a custom width (in px)"
                             name="widthType"
                             ordinal="0"></FieldDefinition>
                        </FieldDefinitions>
                    </DataShape>
                    <Rows>
                        <Row>
                            <disableZoom>false</disableZoom>
                            <fullScreenMode>true</fullScreenMode>
                            <height></height>
                            <heightType>
                            <![CDATA[
                            device-height
                            ]]>
                            </heightType>
                            <initialScale>1.0</initialScale>
                            <iosShortcutIconTitle></iosShortcutIconTitle>
                            <iosStatusBarAppearance>
                            <![CDATA[
                            black-translucent
                            ]]>
                            </iosStatusBarAppearance>
                            <maximumScale>10.0</maximumScale>
                            <minimumScale>0.1</minimumScale>
                            <width></width>
                            <widthType>
                            <![CDATA[
                            device-width
                            ]]>
                            </widthType>
                        </Row>
                    </Rows>
                </ConfigurationTable>
            </ConfigurationTables>
            <ParameterDefinitions>
                <FieldDefinition
                 baseType="DATETIME"
                 description=""
                 name="EndDate"
                 ordinal="0"></FieldDefinition>
                <FieldDefinition
                 baseType="STRING"
                 description=""
                 name="Machine"
                 ordinal="0"></FieldDefinition>
                <FieldDefinition
                 baseType="STRING"
                 description=""
                 name="ProcessParameterType"
                 ordinal="0"></FieldDefinition>
                <FieldDefinition
                 baseType="DATETIME"
                 description=""
                 name="StartDate"
                 ordinal="0"></FieldDefinition>
            </ParameterDefinitions>
            <Things></Things>
            <ThingShapes></ThingShapes>
            <ThingTemplates></ThingTemplates>
            <mashupContent>
            <![CDATA[
            {
              "Data" : {
                "DynamicThingTemplates_KBKPILocalThingWorxDatabaseTemplate" : {
                  "DataName" : "DynamicThingTemplates_KBKPILocalThingWorxDatabaseTemplate",
                  "EntityName" : "KBKPILocalThingWorxDatabaseTemplate",
                  "EntityType" : "DynamicThingTemplates",
                  "Id" : "3256132a-eacd-4d86-ae1a-2d9e89bbf991",
                  "Services" : [ {
                    "APIMethod" : "post",
                    "Characteristic" : "Services",
                    "Id" : "16fa1810-4fc8-4b4b-8c13-b6a9a2502f03",
                    "Name" : "GetProcessDataFloatPerTypeFromDB",
                    "Parameters" : { },
                    "RefreshInterval" : 0,
                    "Target" : "GetProcessDataFloatPerTypeFromDB"
                  } ]
                },
                "Resources_KBThingWorxServerSystem" : {
                  "DataName" : "Resources_KBThingWorxServerSystem",
                  "EntityName" : "KBThingWorxServerSystem",
                  "EntityType" : "Resources",
                  "Id" : "3832247b-69a6-4717-9607-a632375229d6",
                  "Services" : [ {
                    "APIMethod" : "post",
                    "Characteristic" : "Services",
                    "Id" : "72ac8f66-8fd0-4f07-8416-c26d3a85bb57",
                    "Name" : "GetKPILocalThingWorxDatabaseThing",
                    "Parameters" : { },
                    "RefreshInterval" : 0,
                    "Target" : "GetKPILocalThingWorxDatabaseThing"
                  } ]
                },
                "Session" : {
                  "DataName" : "Session",
                  "EntityName" : "",
                  "EntityType" : "Session",
                  "Id" : "session",
                  "Services" : [ {
                    "APIMethod" : "post",
                    "Characteristic" : "Services",
                    "Id" : "SessionInterface",
                    "Name" : "GetGlobalSessionValues",
                    "Parameters" : { },
                    "RefreshInterval" : 0,
                    "Target" : "GetGlobalSessionValues"
                  } ]
                },
                "UserExtensions" : {
                  "DataName" : "UserExtensions",
                  "EntityName" : "",
                  "EntityType" : "UserExtensions",
                  "Id" : "UserExtensions",
                  "Services" : [ {
                    "APIMethod" : "post",
                    "Characteristic" : "Services",
                    "Id" : "UserExtensionInterface",
                    "Name" : "GetCurrentUserExtensionProperties",
                    "Parameters" : { },
                    "RefreshInterval" : 0,
                    "Target" : "GetCurrentUserExtensionProperties"
                  } ]
                }
              },
              "DataBindings" : [ {
                "Id" : "2fe8f7de-5c6c-4e10-ba16-7744ff3cab1a",
                "PropertyMaps" : [ {
                  "SourceProperty" : "Result",
                  "SourcePropertyBaseType" : "STRING",
                  "TargetProperty" : "value",
                  "TargetPropertyBaseType" : "THINGNAME",
                  "TargetPropertyType" : "Entity"
                } ],
                "SourceArea" : "Data",
                "SourceDetails" : "AllData",
                "SourceId" : "GetKPILocalThingWorxDatabaseThing",
                "SourceSection" : "Resources_KBThingWorxServerSystem",
                "TargetArea" : "Data",
                "TargetId" : "EntityName",
                "TargetSection" : "DynamicThingTemplates_KBKPILocalThingWorxDatabaseTemplate"
              }, {
                "Id" : "1bda8117-b994-41d0-87c0-b1a35e36620c",
                "PropertyMaps" : [ {
                  "SourceProperty" : "StartDate",
                  "SourcePropertyBaseType" : "DATETIME",
                  "TargetProperty" : "StartDate",
                  "TargetPropertyBaseType" : "DATETIME",
                  "TargetPropertyType" : "Parameter"
                } ],
                "SourceArea" : "Mashup",
                "SourceId" : "mashup-root",
                "SourceSection" : "",
                "TargetArea" : "Data",
                "TargetId" : "GetProcessDataFloatPerTypeFromDB",
                "TargetSection" : "DynamicThingTemplates_KBKPILocalThingWorxDatabaseTemplate"
              }, {
                "Id" : "0a42bd99-5447-40c5-8f26-446c5bd6678a",
                "PropertyMaps" : [ {
                  "SourceProperty" : "EndDate",
                  "SourcePropertyBaseType" : "DATETIME",
                  "TargetProperty" : "EndDate",
                  "TargetPropertyBaseType" : "DATETIME",
                  "TargetPropertyType" : "Parameter"
                } ],
                "SourceArea" : "Mashup",
                "SourceId" : "mashup-root",
                "SourceSection" : "",
                "TargetArea" : "Data",
                "TargetId" : "GetProcessDataFloatPerTypeFromDB",
                "TargetSection" : "DynamicThingTemplates_KBKPILocalThingWorxDatabaseTemplate"
              }, {
                "Id" : "708a69a8-fcd2-40f4-a7e8-b4e65e0896f6",
                "PropertyMaps" : [ {
                  "SourceProperty" : "Machine",
                  "SourcePropertyBaseType" : "STRING",
                  "TargetProperty" : "Machine",
                  "TargetPropertyBaseType" : "STRING",
                  "TargetPropertyType" : "Parameter"
                } ],
                "SourceArea" : "Mashup",
                "SourceId" : "mashup-root",
                "SourceSection" : "",
                "TargetArea" : "Data",
                "TargetId" : "GetProcessDataFloatPerTypeFromDB",
                "TargetSection" : "DynamicThingTemplates_KBKPILocalThingWorxDatabaseTemplate"
              }, {
                "Id" : "69c3e3fb-87f2-4a72-a326-d646a2dd17e0",
                "PropertyMaps" : [ {
                  "SourceProperty" : "ProcessParameterType",
                  "SourcePropertyBaseType" : "STRING",
                  "TargetProperty" : "ProcessDataType",
                  "TargetPropertyBaseType" : "STRING",
                  "TargetPropertyType" : "Parameter"
                } ],
                "SourceArea" : "Mashup",
                "SourceId" : "mashup-root",
                "SourceSection" : "",
                "TargetArea" : "Data",
                "TargetId" : "GetProcessDataFloatPerTypeFromDB",
                "TargetSection" : "DynamicThingTemplates_KBKPILocalThingWorxDatabaseTemplate"
              }, {
                "Id" : "63aa1afa-4b74-4e19-9b44-d8b5071835d5",
                "PropertyMaps" : [ {
                  "SourceProperty" : "",
                  "SourcePropertyBaseType" : "INFOTABLE",
                  "SourcePropertyType" : "InfoTable",
                  "TargetProperty" : "Data",
                  "TargetPropertyBaseType" : "INFOTABLE",
                  "TargetPropertyType" : "property"
                } ],
                "SourceArea" : "Data",
                "SourceDetails" : "AllData",
                "SourceId" : "GetProcessDataFloatPerTypeFromDB",
                "SourceName" : "GetProcessDataFloatPerTypeFromDB",
                "SourceSection" : "DynamicThingTemplates_KBKPILocalThingWorxDatabaseTemplate",
                "TargetArea" : "UI",
                "TargetId" : "ptcschartline-7",
                "TargetSection" : ""
              }, {
                "Id" : "d45e2ad3-673f-4e20-bcaa-6981b07f043a",
                "PropertyMaps" : [ {
                  "SourceProperty" : "ProcessParameterType",
                  "SourcePropertyBaseType" : "STRING",
                  "TargetProperty" : "Label",
                  "TargetPropertyBaseType" : "STRING"
                } ],
                "SourceArea" : "Mashup",
                "SourceId" : "mashup-root",
                "SourceSection" : "",
                "TargetArea" : "UI",
                "TargetId" : "ptcschartline-7",
                "TargetSection" : ""
              }, {
                "Id" : "593b7a90-1799-4b41-bc08-d5dd87544f92",
                "PropertyMaps" : [ {
                  "SourceProperty" : "StartDate",
                  "SourcePropertyBaseType" : "DATETIME",
                  "TargetProperty" : "XAxisMinimumValues",
                  "TargetPropertyBaseType" : "NUMBER"
                } ],
                "SourceArea" : "Mashup",
                "SourceId" : "mashup-root",
                "SourceSection" : "",
                "TargetArea" : "UI",
                "TargetId" : "ptcschartline-7",
                "TargetSection" : ""
              }, {
                "Id" : "7e512a4f-f51d-4263-9f8c-1445855d27e2",
                "PropertyMaps" : [ {
                  "SourceProperty" : "EndDate",
                  "SourcePropertyBaseType" : "DATETIME",
                  "TargetProperty" : "XAxisMaximumValues",
                  "TargetPropertyBaseType" : "NUMBER"
                } ],
                "SourceArea" : "Mashup",
                "SourceId" : "mashup-root",
                "SourceSection" : "",
                "TargetArea" : "UI",
                "TargetId" : "ptcschartline-7",
                "TargetSection" : ""
              } ],
              "DesignTimePermissions" : { },
              "Events" : [ {
                "EventHandlerArea" : "Data",
                "EventHandlerId" : "Resources_KBThingWorxServerSystem",
                "EventHandlerService" : "GetKPILocalThingWorxDatabaseThing",
                "EventTriggerArea" : "Mashup",
                "EventTriggerEvent" : "Loaded",
                "EventTriggerId" : "mashup-root",
                "EventTriggerSection" : "",
                "Id" : "f9a1a409-7f88-4937-8628-99a8c8d4c33d"
              }, {
                "EventHandlerArea" : "Data",
                "EventHandlerId" : "Resources_KBThingWorxServerSystem",
                "EventHandlerService" : "GetKPILocalThingWorxDatabaseThing",
                "EventTriggerArea" : "Mashup",
                "EventTriggerEvent" : "RefreshRequested",
                "EventTriggerId" : "mashup-root",
                "EventTriggerSection" : "",
                "Id" : "46a1dffe-8f82-49e3-be79-de9be68941f0"
              }, {
                "EventHandlerArea" : "Data",
                "EventHandlerId" : "Resources_KBThingWorxServerSystem",
                "EventHandlerService" : "GetKPILocalThingWorxDatabaseThing",
                "EventTriggerArea" : "Mashup",
                "EventTriggerEvent" : "StartDateChanged",
                "EventTriggerId" : "mashup-root",
                "EventTriggerSection" : "",
                "Id" : "217b12c8-a133-4b42-81ae-157f6f95da93"
              }, {
                "EventHandlerArea" : "Data",
                "EventHandlerId" : "Resources_KBThingWorxServerSystem",
                "EventHandlerService" : "GetKPILocalThingWorxDatabaseThing",
                "EventTriggerArea" : "Mashup",
                "EventTriggerEvent" : "EndDateChanged",
                "EventTriggerId" : "mashup-root",
                "EventTriggerSection" : "",
                "Id" : "ba415d3d-5109-499b-91a3-d794de80ee90"
              }, {
                "EventHandlerArea" : "Data",
                "EventHandlerId" : "Resources_KBThingWorxServerSystem",
                "EventHandlerService" : "GetKPILocalThingWorxDatabaseThing",
                "EventTriggerArea" : "Mashup",
                "EventTriggerEvent" : "MachineChanged",
                "EventTriggerId" : "mashup-root",
                "EventTriggerSection" : "",
                "Id" : "ccef7dfc-f36b-4e6c-8019-7de291b88a25"
              }, {
                "EventHandlerArea" : "Data",
                "EventHandlerId" : "Resources_KBThingWorxServerSystem",
                "EventHandlerService" : "GetKPILocalThingWorxDatabaseThing",
                "EventTriggerArea" : "Mashup",
                "EventTriggerEvent" : "ProcessParameterTypeChanged",
                "EventTriggerId" : "mashup-root",
                "EventTriggerSection" : "",
                "Id" : "651785f2-3b36-4766-a9c1-e1e96d95a305"
              }, {
                "EventHandlerArea" : "Data",
                "EventHandlerId" : "DynamicThingTemplates_KBKPILocalThingWorxDatabaseTemplate",
                "EventHandlerService" : "GetProcessDataFloatPerTypeFromDB",
                "EventTriggerArea" : "Data",
                "EventTriggerEvent" : "ServiceInvokeCompleted",
                "EventTriggerId" : "GetKPILocalThingWorxDatabaseThing",
                "EventTriggerSection" : "Resources_KBThingWorxServerSystem",
                "Id" : "31e33a4c-bb98-4bf6-b3a9-c972ef0d24de"
              } ],
              "Reminders" : [ ],
              "RunTimePermissions" : { },
              "UI" : {
                "Properties" : {
                  "AddToDashboardButton" : "SimplePlus",
                  "AddToDashboardButtonStyle" : "DefaultAddToDashboardButtonStyle",
                  "Area" : "Mashup",
                  "BGImage" : "",
                  "BGImageRepeat" : "no-repeat",
                  "BGImageSize" : "auto",
                  "Columns" : 0,
                  "ConfigureGadgetButton" : "SimpleGear",
                  "ConfigureGadgetButtonStyle" : "DefaultConfigureGadgetButtonStyle",
                  "DisplayName" : "Mashup",
                  "EnableParameterEditing" : false,
                  "EndDate" : "2017-12-11T23:00:00.000Z",
                  "Height" : 618,
                  "Id" : "mashup-root",
                  "IgnoreWarningsInViewMashup" : false,
                  "IsPrintLayout" : false,
                  "Left" : 0,
                  "Machine" : "",
                  "Margin" : "5",
                  "MashupToEditGadget" : "DefaultMashupToEditGadget",
                  "MigratedOn" : "2023-04-06T05:00:30.000Z",
                  "MinHeight" : 0,
                  "MinWidth" : 0,
                  "ProcessParameterType" : "Emmanchement Poussoir",
                  "ResponsiveLayout" : true,
                  "Rows" : 0,
                  "ShowDataLoading" : true,
                  "StartDate" : "2017-12-10T23:00:00.000Z",
                  "Style" : "DefaultMashupStyle",
                  "StyleProperties" : {
                    "data" : {
                      "flexcontainer-8" : {
                        "parts" : {
                          "$" : {
                            "$" : {
                              "border-color" : "rgba(0,0,0,1)",
                              "border-style" : "solid",
                              "border-width" : "2px"
                            }
                          }
                        },
                        "widget" : "flex-container"
                      }
                    },
                    "meta" : {
                      "type" : "WidgetStyler",
                      "version" : "1.0"
                    }
                  },
                  "StyleTheme" : "KBStandardStyleTheme",
                  "Title" : "",
                  "TitleBar" : false,
                  "TitleBarStyle" : "DefaultTitleBarStyle",
                  "TitleBarText" : "Gadget Title Here",
                  "Top" : 0,
                  "Type" : "mashup",
                  "UseMasterTheme" : false,
                  "UseTheme" : false,
                  "Visible" : true,
                  "Width" : 1024,
                  "Z-index" : 10,
                  "__TypeDisplayName" : "Mashup",
                  "_currentParameterDefs" : [ {
                    "BaseType" : "DATETIME",
                    "DefaultValue" : "2017-11-30T23:00:00.000Z",
                    "Description" : "",
                    "ParameterName" : "StartDate"
                  }, {
                    "BaseType" : "DATETIME",
                    "DefaultValue" : "2017-12-10T23:00:00.000Z",
                    "Description" : "",
                    "ParameterName" : "EndDate"
                  }, {
                    "BaseType" : "STRING",
                    "DefaultValue" : "-nothing-",
                    "Description" : "",
                    "ParameterName" : "Machine"
                  }, {
                    "BaseType" : "STRING",
                    "DefaultValue" : "M1",
                    "Description" : "",
                    "ParameterName" : "ProcessParameterType"
                  } ],
                  "id_index" : 8,
                  "supportsAutoResize" : true
                },
                "Widgets" : [ {
                  "Properties" : {
                    "Area" : "UI",
                    "CollapseTabIcon" : "",
                    "DisplayName" : "container-8",
                    "EnableContainerUnload" : false,
                    "EnableExpandCollapse" : false,
                    "ExpandCollapseTabLocation" : "inside",
                    "ExpandTabIcon" : "",
                    "Expanded" : true,
                    "Id" : "flexcontainer-8",
                    "LastContainer" : true,
                    "LazyLoading" : false,
                    "Margin" : "",
                    "Overlay" : false,
                    "ResponsiveLayout" : true,
                    "Scrolling" : "auto-scroll",
                    "ShowDataLoading" : true,
                    "ShowExpandCollapseTab" : false,
                    "SourceURL" : "",
                    "Style" : "DefaultContainerStyle",
                    "StyleProperties" : { },
                    "Type" : "flexcontainer",
                    "UseTheme" : true,
                    "Visible" : true,
                    "Z-index" : 10,
                    "align-content" : "flex-start",
                    "align-items" : "flex-start",
                    "flex-basis" : "auto",
                    "flex-direction" : "row",
                    "flex-grow" : 1,
                    "flex-max-height" : "",
                    "flex-max-width" : "",
                    "flex-min-height" : "",
                    "flex-min-width" : "",
                    "flex-shrink" : 1,
                    "flex-size" : "default",
                    "flex-wrap" : "nowrap",
                    "iconClass" : "widgets-flexcontainer",
                    "justify-content" : "flex-start",
                    "positioning" : "responsive",
                    "userCannotRemove" : true
                  },
                  "Widgets" : [ {
                    "Properties" : {
                      "Area" : "UI",
                      "ChartType" : "linechart",
                      "CurveFitting" : "linear",
                      "DataField1" : "ProcesData",
                      "DataLabel1" : "",
                      "DataLabel10" : "",
                      "DataLabel11" : "",
                      "DataLabel12" : "",
                      "DataLabel13" : "",
                      "DataLabel14" : "",
                      "DataLabel15" : "",
                      "DataLabel16" : "",
                      "DataLabel17" : "",
                      "DataLabel18" : "",
                      "DataLabel19" : "",
                      "DataLabel2" : "",
                      "DataLabel20" : "",
                      "DataLabel21" : "",
                      "DataLabel22" : "",
                      "DataLabel23" : "",
                      "DataLabel24" : "",
                      "DataLabel3" : "",
                      "DataLabel4" : "",
                      "DataLabel5" : "",
                      "DataLabel6" : "",
                      "DataLabel7" : "",
                      "DataLabel8" : "",
                      "DataLabel9" : "",
                      "DataPointSelection" : "auto",
                      "DataSeriesStyle10_StateParameters" : [ ],
                      "DataSeriesStyle11_StateParameters" : [ ],
                      "DataSeriesStyle12_StateParameters" : [ ],
                      "DataSeriesStyle13_StateParameters" : [ ],
                      "DataSeriesStyle14_StateParameters" : [ ],
                      "DataSeriesStyle15_StateParameters" : [ ],
                      "DataSeriesStyle16_StateParameters" : [ ],
                      "DataSeriesStyle17_StateParameters" : [ ],
                      "DataSeriesStyle18_StateParameters" : [ ],
                      "DataSeriesStyle19_StateParameters" : [ ],
                      "DataSeriesStyle1_StateParameters" : [ ],
                      "DataSeriesStyle20_StateParameters" : [ ],
                      "DataSeriesStyle21_StateParameters" : [ ],
                      "DataSeriesStyle22_StateParameters" : [ ],
                      "DataSeriesStyle23_StateParameters" : [ ],
                      "DataSeriesStyle24_StateParameters" : [ ],
                      "DataSeriesStyle2_StateParameters" : [ ],
                      "DataSeriesStyle3_StateParameters" : [ ],
                      "DataSeriesStyle4_StateParameters" : [ ],
                      "DataSeriesStyle5_StateParameters" : [ ],
                      "DataSeriesStyle6_StateParameters" : [ ],
                      "DataSeriesStyle7_StateParameters" : [ ],
                      "DataSeriesStyle8_StateParameters" : [ ],
                      "DataSeriesStyle9_StateParameters" : [ ],
                      "DataSeriesStyle_StateParameters" : [ ],
                      "DateRangeHintText" : "[[selectDateAndTime]]",
                      "DirectSelectionZoom" : "none",
                      "Disabled" : false,
                      "DisplayName" : "timeserieschart-7",
                      "DragSelectionZoom" : "none",
                      "FillContainer" : true,
                      "Height" : 280,
                      "HideLegend" : true,
                      "HideLegendLabel" : "[[hideLegend]]",
                      "HideLines" : false,
                      "HideMarkers" : false,
                      "HideNotes" : false,
                      "HideValues" : true,
                      "HideXAxis" : false,
                      "HideYAxis" : false,
                      "HorizontalAxisMaxHeight" : 85,
                      "HorizontalEndZoomLabel" : "",
                      "HorizontalIntervalAnchorPoint" : "start",
                      "HorizontalIntervalAnchorPointLabel" : "",
                      "HorizontalIntervalControl" : "none",
                      "HorizontalIntervalControlLabel" : "",
                      "HorizontalRangeZoom" : false,
                      "HorizontalSliderZoom" : false,
                      "HorizontalSliderZoomMaxLabel" : "",
                      "HorizontalSliderZoomMinLabel" : "",
                      "HorizontalStartZoomLabel" : "",
                      "HorizontalZoom" : true,
                      "Id" : "ptcschartline-7",
                      "Label" : "",
                      "LabelAlignment" : "center",
                      "LabelPosition" : "top",
                      "LabelReset" : "[[reset]]",
                      "LabelType" : "sub-header",
                      "LastContainer" : false,
                      "Left" : 0,
                      "LegendAlignment" : "start",
                      "LegendFilter" : false,
                      "LegendMarkerShapes" : "square",
                      "LegendMaxWidth" : 736,
                      "LegendPosition" : "right",
                      "Margin" : "5",
                      "MarkerShape" : "circle",
                      "MarkerSize" : 6,
                      "MultipleDataSources" : false,
                      "Notes" : "",
                      "NotesAlignment" : "left",
                      "NotesPosition" : "bottom",
                      "NumberOfReferenceLines" : 0,
                      "NumberOfSeries" : 1,
                      "NumberOfXLabels" : 3,
                      "NumberOfYLabels" : 3,
                      "PointerType" : "auto",
                      "ReferenceLine10Axis" : "xaxis",
                      "ReferenceLine10Value" : "",
                      "ReferenceLine11Axis" : "xaxis",
                      "ReferenceLine11Value" : "",
                      "ReferenceLine12Axis" : "xaxis",
                      "ReferenceLine12Value" : "",
                      "ReferenceLine13Axis" : "xaxis",
                      "ReferenceLine13Value" : "",
                      "ReferenceLine14Axis" : "xaxis",
                      "ReferenceLine14Value" : "",
                      "ReferenceLine15Axis" : "xaxis",
                      "ReferenceLine15Value" : "",
                      "ReferenceLine16Axis" : "xaxis",
                      "ReferenceLine16Value" : "",
                      "ReferenceLine17Axis" : "xaxis",
                      "ReferenceLine17Value" : "",
                      "ReferenceLine18Axis" : "xaxis",
                      "ReferenceLine18Value" : "",
                      "ReferenceLine19Axis" : "xaxis",
                      "ReferenceLine19Value" : "",
                      "ReferenceLine1Axis" : "xaxis",
                      "ReferenceLine1Value" : "",
                      "ReferenceLine20Axis" : "xaxis",
                      "ReferenceLine20Value" : "",
                      "ReferenceLine21Axis" : "xaxis",
                      "ReferenceLine21Value" : "",
                      "ReferenceLine22Axis" : "xaxis",
                      "ReferenceLine22Value" : "",
                      "ReferenceLine23Axis" : "xaxis",
                      "ReferenceLine23Value" : "",
                      "ReferenceLine24Axis" : "xaxis",
                      "ReferenceLine24Value" : "",
                      "ReferenceLine2Axis" : "xaxis",
                      "ReferenceLine2Value" : "",
                      "ReferenceLine3Axis" : "xaxis",
                      "ReferenceLine3Value" : "",
                      "ReferenceLine4Axis" : "xaxis",
                      "ReferenceLine4Value" : "",
                      "ReferenceLine5Axis" : "xaxis",
                      "ReferenceLine5Value" : "",
                      "ReferenceLine6Axis" : "xaxis",
                      "ReferenceLine6Value" : "",
                      "ReferenceLine7Axis" : "xaxis",
                      "ReferenceLine7Value" : "",
                      "ReferenceLine8Axis" : "xaxis",
                      "ReferenceLine8Value" : "",
                      "ReferenceLine9Axis" : "xaxis",
                      "ReferenceLine9Value" : "",
                      "ResetButtonType" : "transparent",
                      "ResponsiveLayout" : true,
                      "ReverseSecondYAxis" : false,
                      "ReverseXAxis" : false,
                      "ReverseYAxis" : false,
                      "RulersInFront" : false,
                      "SecondYAxis" : false,
                      "SecondYAxisFormat" : "0000.0",
                      "SecondYAxisLabel" : "",
                      "SecondYAxisLabelAlignment" : "center",
                      "SecondYAxisType" : "number",
                      "SelectionMode" : "single",
                      "Series10MarkerType" : "default",
                      "Series11MarkerType" : "default",
                      "Series12MarkerType" : "default",
                      "Series13MarkerType" : "default",
                      "Series14MarkerType" : "default",
                      "Series15MarkerType" : "default",
                      "Series16MarkerType" : "default",
                      "Series17MarkerType" : "default",
                      "Series18MarkerType" : "default",
                      "Series19MarkerType" : "default",
                      "Series1MarkerType" : "default",
                      "Series20MarkerType" : "default",
                      "Series21MarkerType" : "default",
                      "Series22MarkerType" : "default",
                      "Series23MarkerType" : "default",
                      "Series24MarkerType" : "default",
                      "Series2MarkerType" : "default",
                      "Series3MarkerType" : "default",
                      "Series4MarkerType" : "default",
                      "Series5MarkerType" : "default",
                      "Series6MarkerType" : "default",
                      "Series7MarkerType" : "default",
                      "Series8MarkerType" : "default",
                      "Series9MarkerType" : "default",
                      "SeriesStacking" : "none",
                      "SeriesStyle1" : "DefaultChartStyle1",
                      "SeriesStyle10" : "DefaultChartStyle10",
                      "SeriesStyle11" : "DefaultChartStyle11",
                      "SeriesStyle12" : "DefaultChartStyle12",
                      "SeriesStyle13" : "DefaultChartStyle13",
                      "SeriesStyle14" : "DefaultChartStyle14",
                      "SeriesStyle15" : "DefaultChartStyle15",
                      "SeriesStyle16" : "DefaultChartStyle16",
                      "SeriesStyle2" : "DefaultChartStyle2",
                      "SeriesStyle3" : "DefaultChartStyle3",
                      "SeriesStyle4" : "DefaultChartStyle4",
                      "SeriesStyle5" : "DefaultChartStyle5",
                      "SeriesStyle6" : "DefaultChartStyle6",
                      "SeriesStyle7" : "DefaultChartStyle7",
                      "SeriesStyle8" : "DefaultChartStyle8",
                      "SeriesStyle9" : "DefaultChartStyle9",
                      "ShowArea" : false,
                      "ShowDataLoading" : true,
                      "ShowHideLegend" : false,
                      "ShowHideLegendButtonType" : "transparent",
                      "ShowHorizontalAnchorPointControl" : false,
                      "ShowLegendLabel" : "[[showLegend]]",
                      "ShowXAxisRuler" : true,
                      "ShowYAxisRuler" : true,
                      "ShowZeroValueRuler" : false,
                      "ShowZoomButtons" : false,
                      "SparkView" : false,
                      "StackOrder" : "auto",
                      "StepPosition" : "center",
                      "StringClearAll" : "[[clearAll]]",
                      "StringEnd" : "[[endRange]]",
                      "StringSelectAll" : "[[selectAll]]",
                      "StringStart" : "[[startRange]]",
                      "TabSequence" : 0,
                      "Top" : 0,
                      "Type" : "ptcschartline",
                      "UseSampleDataInRuntime" : false,
                      "UseSecondYAxis1" : false,
                      "UseSecondYAxis10" : false,
                      "UseSecondYAxis11" : false,
                      "UseSecondYAxis12" : false,
                      "UseSecondYAxis13" : false,
                      "UseSecondYAxis14" : false,
                      "UseSecondYAxis15" : false,
                      "UseSecondYAxis16" : false,
                      "UseSecondYAxis17" : false,
                      "UseSecondYAxis18" : false,
                      "UseSecondYAxis19" : false,
                      "UseSecondYAxis2" : false,
                      "UseSecondYAxis20" : false,
                      "UseSecondYAxis21" : false,
                      "UseSecondYAxis22" : false,
                      "UseSecondYAxis23" : false,
                      "UseSecondYAxis24" : false,
                      "UseSecondYAxis3" : false,
                      "UseSecondYAxis4" : false,
                      "UseSecondYAxis5" : false,
                      "UseSecondYAxis6" : false,
                      "UseSecondYAxis7" : false,
                      "UseSecondYAxis8" : false,
                      "UseSecondYAxis9" : false,
                      "UseTheme" : true,
                      "ValuesPosition" : "above",
                      "ValuesTooltip" : "[[LineChartDefaultTooltip]]",
                      "VerticalAxisMaxWidth" : 85,
                      "VerticalSliderZoom" : false,
                      "VerticalSliderZoomMaxLabel" : "",
                      "VerticalSliderZoomMinLabel" : "",
                      "VerticalZoom" : true,
                      "Visible" : true,
                      "Width" : 800,
                      "XAxisDateFormatToken" : "YYYY-MM-DD HH:mm:ss.SSS",
                      "XAxisField" : "ProductionTime",
                      "XAxisFormat" : "0000.0",
                      "XAxisLabel" : "",
                      "XAxisLabelAlignment" : "start",
                      "XAxisLabelFormat" : "datetime",
                      "XAxisMaximumValues" : false,
                      "XAxisMinimumValues" : false,
                      "XAxisType" : "date",
                      "YAxisAutoscale" : true,
                      "YAxisDateFormatToken" : "",
                      "YAxisFormat" : "0000.0",
                      "YAxisLabel" : "",
                      "YAxisLabelAlignment" : "center",
                      "YAxisMinimumValues" : 0,
                      "YAxisRulerAlignment" : "primary",
                      "YAxisType" : "number",
                      "YAxisZeroscale" : false,
                      "Z-index" : 10,
                      "__TypeDisplayName" : "Time Series Chart"
                    },
                    "Widgets" : [ ]
                  } ]
                } ]
              },
              "mashupType" : "mashup"
            }
            ]]>
            </mashupContent>
            <preview></preview>
        </Mashup>
    </Mashups>
</Entities>
