<?xml version="1.0" encoding="UTF-8"?>
<Entities
 majorVersion="9"
 minorVersion="3"
 universal="password">
    <Mashups>
        <Mashup
         aspect.isFlex="true"
         aspect.isResponsive="true"
         aspect.mashupType="mashup"
         columns="0.0"
         description=""
         documentationContent=""
         homeMashup=""
         name="KBLocalSmartKPIMachineLevelProcessDataDDFrameMashup"
         projectName="KBsmartKPI"
         rows="0.0"
         tags="KBThingWorxInstallationVocabulary:ExtensionSmartKPI">
            <avatar></avatar>
            <DesignTimePermissions>
                <Create></Create>
                <Read></Read>
                <Update></Update>
                <Delete></Delete>
                <Metadata></Metadata>
            </DesignTimePermissions>
            <RunTimePermissions>
                <Permissions
                 resourceName="*">
                    <PropertyRead>
                        <Principal
                         isPermitted="true"
                         name="KBUserGroup"
                         type="Group"></Principal>
                    </PropertyRead>
                    <PropertyWrite></PropertyWrite>
                    <ServiceInvoke>
                        <Principal
                         isPermitted="true"
                         name="KBUserGroup"
                         type="Group"></Principal>
                    </ServiceInvoke>
                    <EventInvoke></EventInvoke>
                    <EventSubscribe></EventSubscribe>
                </Permissions>
            </RunTimePermissions>
            <VisibilityPermissions>
                <Visibility>
                    <Principal
                     isPermitted="true"
                     name="KBOrganization"
                     type="Organization"></Principal>
                </Visibility>
            </VisibilityPermissions>
            <ConfigurationTableDefinitions></ConfigurationTableDefinitions>
            <ConfigurationTables>
                <ConfigurationTable
                 dataShapeName=""
                 description="Mashup Mobile Settings"
                 isHidden="true"
                 isMultiRow="false"
                 name="MobileSettings"
                 ordinal="0">
                    <DataShape>
                        <FieldDefinitions>
                            <FieldDefinition
                             aspect.defaultValue="false"
                             aspect.friendlyName="Disable Zoom"
                             baseType="BOOLEAN"
                             description="Disables zooming in and out within the mashup"
                             name="disableZoom"
                             ordinal="0"></FieldDefinition>
                            <FieldDefinition
                             aspect.defaultValue="true"
                             aspect.friendlyName="Full Screen Mode"
                             baseType="BOOLEAN"
                             description="Open the mashup in full screen mode"
                             name="fullScreenMode"
                             ordinal="0"></FieldDefinition>
                            <FieldDefinition
                             aspect.friendlyName="Height"
                             baseType="STRING"
                             description="The height of the mashup page"
                             name="height"
                             ordinal="0"></FieldDefinition>
                            <FieldDefinition
                             aspect.defaultValue="device-height"
                             aspect.friendlyName="Height Type"
                             baseType="STRING"
                             description="Use the height of the device display, or a custom height (in px)"
                             name="heightType"
                             ordinal="0"></FieldDefinition>
                            <FieldDefinition
                             aspect.defaultValue="1.0"
                             aspect.friendlyName="Initial Scale"
                             baseType="NUMBER"
                             description="The initial zoom scale when the mashup is loaded for the first time"
                             name="initialScale"
                             ordinal="0"></FieldDefinition>
                            <FieldDefinition
                             aspect.friendlyName="Shortcut Icon Title"
                             baseType="STRING"
                             description="A title for the mashup shortcut on the iOS home screen"
                             name="iosShortcutIconTitle"
                             ordinal="0"></FieldDefinition>
                            <FieldDefinition
                             aspect.defaultValue="black-translucent"
                             aspect.friendlyName="Status Bar Appearance"
                             baseType="STRING"
                             description="The style of the iOS status bar"
                             name="iosStatusBarAppearance"
                             ordinal="0"></FieldDefinition>
                            <FieldDefinition
                             aspect.defaultValue="10.0"
                             aspect.friendlyName="Maximum Scale"
                             baseType="NUMBER"
                             description="The maximum scale that users can zoom out to"
                             name="maximumScale"
                             ordinal="0"></FieldDefinition>
                            <FieldDefinition
                             aspect.defaultValue="0.1"
                             aspect.friendlyName="Minimum Scale"
                             baseType="NUMBER"
                             description="The minimum scale that users can zoom out to"
                             name="minimumScale"
                             ordinal="0"></FieldDefinition>
                            <FieldDefinition
                             aspect.friendlyName="Width"
                             baseType="STRING"
                             description="The width of the mashup page"
                             name="width"
                             ordinal="0"></FieldDefinition>
                            <FieldDefinition
                             aspect.defaultValue="device-width"
                             aspect.friendlyName="Width Type"
                             baseType="STRING"
                             description="Use the width of the device display, or a custom width (in px)"
                             name="widthType"
                             ordinal="0"></FieldDefinition>
                        </FieldDefinitions>
                    </DataShape>
                    <Rows>
                        <Row>
                            <disableZoom>false</disableZoom>
                            <fullScreenMode>true</fullScreenMode>
                            <height></height>
                            <heightType>
                            <![CDATA[
                            device-height
                            ]]>
                            </heightType>
                            <initialScale>1.0</initialScale>
                            <iosShortcutIconTitle></iosShortcutIconTitle>
                            <iosStatusBarAppearance>
                            <![CDATA[
                            black-translucent
                            ]]>
                            </iosStatusBarAppearance>
                            <maximumScale>10.0</maximumScale>
                            <minimumScale>0.1</minimumScale>
                            <width></width>
                            <widthType>
                            <![CDATA[
                            device-width
                            ]]>
                            </widthType>
                        </Row>
                    </Rows>
                </ConfigurationTable>
            </ConfigurationTables>
            <ParameterDefinitions>
                <FieldDefinition
                 aspect.bindingDirection="BOTH"
                 aspect.isMandatory="false"
                 baseType="STRING"
                 description=""
                 name="Machine"
                 ordinal="0"></FieldDefinition>
                <FieldDefinition
                 aspect.bindingDirection="BOTH"
                 aspect.dataShape="KBMachineResultDataShape"
                 aspect.isMandatory="false"
                 baseType="INFOTABLE"
                 description=""
                 name="TestType"
                 ordinal="0"></FieldDefinition>
            </ParameterDefinitions>
            <Things></Things>
            <ThingShapes></ThingShapes>
            <ThingTemplates></ThingTemplates>
            <mashupContent>
            <![CDATA[
            {
              "CustomMashupCss" : ".widget-content .widget-flexcontainer .widget-container .tw-flex-row\n{\n    overflow : hidden !important;\n}\n\n.js-plotly-plot .plotly, .js-plotly-plot .plotly\n{\n        font-family: \"Open Sans\", verdana, arial, sans-serif;\n    margin: 0px;\n    padding: 0px;\n}\n\n.js-plotly-plot .plotly .modebar-group\n{\n        float: left;\n    display: inline-block;\n    box-sizing: border-box;\n    margin-left: 8px;\n    position: relative;\n    vertical-align: middle;\n    white-space: nowrap;\n}\n\n.js-plotly-plot .plotly .main-svg {\n    position: absolute;\n    top: 0px;\n    left: 0px;\n    pointer-events: none;\n}\n\n\n.js-plotly-plot .plotly .modebar {\n    position: absolute;\n    top: 2px;\n    right: 2px;\n    z-index: 1001;\n    background: rgba(255, 255, 255, 0.7);\n}\n\n\n\n.js-plotly-plot .plotly, .js-plotly-plot .plotly {\n    font-family: \"Open Sans\", verdana, arial, sans-serif;\n    margin: 0px;\n    padding: 0px;\n    padding: 1px;\n}\n\n.js-plotly-plot .plotly .modebar-group:first-child {\n    margin-left: 0px;\n}\n\n.js-plotly-plot .plotly .modebar-group {\n    float: left;\n    display: inline-block;\n    box-sizing: border-box;\n    margin-left: 8px;\n    position: relative;\n    vertical-align: middle;\n    white-space: nowrap;\n}\n\n.js-plotly-plot .plotly .modebar-btn {\n    position: relative;\n    font-size: 16px;\n    padding: 3px 4px;\n    cursor: pointer;\n    line-height: normal;\n    box-sizing: border-box;\n}\n\n.js-plotly-plot .plotly a {\n    text-decoration: none;\n}",
              "Data" : {
                "DynamicThingTemplates_KBKPILocalThingWorxDatabaseTemplate" : {
                  "DataName" : "DynamicThingTemplates_KBKPILocalThingWorxDatabaseTemplate",
                  "EntityName" : "KBKPILocalThingWorxDatabaseTemplate",
                  "EntityType" : "DynamicThingTemplates",
                  "Id" : "8805df63-5713-49f2-9e37-d4b6b3bf7ac3",
                  "Services" : [ {
                    "APIMethod" : "post",
                    "Characteristic" : "Services",
                    "Id" : "50218a17-e11c-4705-a993-564985fa9320",
                    "Name" : "GetMachinesWithProcessDataFloatForVisualization",
                    "Parameters" : { },
                    "RefreshInterval" : 0,
                    "Target" : "GetMachinesWithProcessDataFloatForVisualization"
                  }, {
                    "APIMethod" : "post",
                    "Characteristic" : "Services",
                    "Id" : "a2bae2c4-dfca-490c-a6b0-02517259ace3",
                    "Name" : "GetProcessDataInputParameterForVisualizationRepeater",
                    "Parameters" : { },
                    "RefreshInterval" : 0,
                    "Target" : "GetProcessDataInputParameterForVisualizationRepeater"
                  }, {
                    "APIMethod" : "post",
                    "Characteristic" : "Services",
                    "Id" : "7af1721f-8e31-48d7-92fe-7621554883e5",
                    "Name" : "GetMachineData",
                    "Parameters" : {
                      "PropertyKey" : "%",
                      "PropertySubKey1" : "undefined",
                      "PropertySubKey2" : "undefined"
                    },
                    "RefreshInterval" : 0,
                    "Target" : "GetMachineData"
                  } ]
                },
                "Resources_KBThingWorxServerSystem" : {
                  "DataName" : "Resources_KBThingWorxServerSystem",
                  "EntityName" : "KBThingWorxServerSystem",
                  "EntityType" : "Resources",
                  "Id" : "d14ee7fd-8557-4f36-8f11-1eeea75a3050",
                  "Services" : [ {
                    "APIMethod" : "post",
                    "Characteristic" : "Services",
                    "Id" : "01785451-aedc-4361-bbc9-982ff02af232",
                    "Name" : "GetKPILocalThingWorxDatabaseThing",
                    "Parameters" : { },
                    "RefreshInterval" : 0,
                    "Target" : "GetKPILocalThingWorxDatabaseThing"
                  } ]
                },
                "Session" : {
                  "DataName" : "Session",
                  "EntityName" : "",
                  "EntityType" : "Session",
                  "Id" : "session",
                  "Services" : [ {
                    "APIMethod" : "post",
                    "Characteristic" : "Services",
                    "Id" : "SessionInterface",
                    "Name" : "GetGlobalSessionValues",
                    "Parameters" : { },
                    "RefreshInterval" : 0,
                    "Target" : "GetGlobalSessionValues"
                  } ]
                },
                "Things_KBTimeHelperThing" : {
                  "DataName" : "Things_KBTimeHelperThing",
                  "EntityName" : "KBTimeHelperThing",
                  "EntityType" : "Things",
                  "Id" : "336bf32b-59ed-46a0-b931-ce476048b1d3",
                  "Services" : [ {
                    "APIMethod" : "post",
                    "Characteristic" : "Services",
                    "Id" : "3417cbfb-7152-472b-9280-dff09420f009",
                    "Name" : "ConcatStrings",
                    "Parameters" : {
                      "String1" : "ProcessDataFloatPerMachine-"
                    },
                    "RefreshInterval" : 0,
                    "Target" : "ConcatStrings"
                  } ]
                },
                "UserExtensions" : {
                  "DataName" : "UserExtensions",
                  "EntityName" : "",
                  "EntityType" : "UserExtensions",
                  "Id" : "UserExtensions",
                  "Services" : [ {
                    "APIMethod" : "post",
                    "Characteristic" : "Services",
                    "Id" : "UserExtensionInterface",
                    "Name" : "GetCurrentUserExtensionProperties",
                    "Parameters" : { },
                    "RefreshInterval" : 0,
                    "Target" : "GetCurrentUserExtensionProperties"
                  } ]
                }
              },
              "DataBindings" : [ {
                "Id" : "4afb2c80-092c-46f1-82f8-3d42776dea86",
                "PropertyMaps" : [ {
                  "SourceProperty" : "Result",
                  "SourcePropertyBaseType" : "STRING",
                  "TargetProperty" : "value",
                  "TargetPropertyBaseType" : "THINGNAME",
                  "TargetPropertyType" : "Entity"
                } ],
                "SourceArea" : "Data",
                "SourceDetails" : "AllData",
                "SourceId" : "GetKPILocalThingWorxDatabaseThing",
                "SourceSection" : "Resources_KBThingWorxServerSystem",
                "TargetArea" : "Data",
                "TargetId" : "EntityName",
                "TargetSection" : "DynamicThingTemplates_KBKPILocalThingWorxDatabaseTemplate"
              }, {
                "Id" : "b9eb8a24-fe32-4e11-909d-bc193d5083ea",
                "PropertyMaps" : [ {
                  "SourceProperty" : "",
                  "SourcePropertyBaseType" : "INFOTABLE",
                  "SourcePropertyType" : "InfoTable",
                  "TargetProperty" : "Data",
                  "TargetPropertyBaseType" : "INFOTABLE",
                  "TargetPropertyType" : "property"
                } ],
                "SourceArea" : "Data",
                "SourceDetails" : "AllData",
                "SourceId" : "GetMachinesWithProcessDataFloatForVisualization",
                "SourceSection" : "DynamicThingTemplates_KBKPILocalThingWorxDatabaseTemplate",
                "TargetArea" : "UI",
                "TargetId" : "ptcsdropdown-4",
                "TargetSection" : ""
              }, {
                "Id" : "813ccdbe-751c-4177-8ea1-62504f091169",
                "PropertyMaps" : [ {
                  "SourceProperty" : "ThingName",
                  "SourcePropertyBaseType" : "STRING",
                  "TargetProperty" : "Machine",
                  "TargetPropertyBaseType" : "STRING",
                  "TargetPropertyType" : "Parameter"
                } ],
                "SourceArea" : "Data",
                "SourceDetails" : "SelectedRows",
                "SourceId" : "GetMachinesWithProcessDataFloatForVisualization",
                "SourceSection" : "DynamicThingTemplates_KBKPILocalThingWorxDatabaseTemplate",
                "TargetArea" : "Data",
                "TargetId" : "GetProcessDataInputParameterForVisualizationRepeater",
                "TargetSection" : "DynamicThingTemplates_KBKPILocalThingWorxDatabaseTemplate"
              }, {
                "Id" : "a3491670-2959-4253-b682-afd9df715d2c",
                "PropertyMaps" : [ {
                  "SourceProperty" : "StartDateTime",
                  "SourcePropertyBaseType" : "DATETIME",
                  "TargetProperty" : "StartDate",
                  "TargetPropertyBaseType" : "DATETIME",
                  "TargetPropertyType" : "Parameter"
                } ],
                "SourceArea" : "UI",
                "SourceId" : "timeselector-21",
                "SourceSection" : "",
                "TargetArea" : "Data",
                "TargetId" : "GetProcessDataInputParameterForVisualizationRepeater",
                "TargetSection" : "DynamicThingTemplates_KBKPILocalThingWorxDatabaseTemplate"
              }, {
                "Id" : "17b4c5d4-b186-4ce9-901a-579c84ff8076",
                "PropertyMaps" : [ {
                  "SourceProperty" : "EndDateTime",
                  "SourcePropertyBaseType" : "DATETIME",
                  "TargetProperty" : "EndDate",
                  "TargetPropertyBaseType" : "DATETIME",
                  "TargetPropertyType" : "Parameter"
                } ],
                "SourceArea" : "UI",
                "SourceId" : "timeselector-21",
                "SourceSection" : "",
                "TargetArea" : "Data",
                "TargetId" : "GetProcessDataInputParameterForVisualizationRepeater",
                "TargetSection" : "DynamicThingTemplates_KBKPILocalThingWorxDatabaseTemplate"
              }, {
                "Id" : "2d3c38f2-ff9d-4b6e-82b5-dab865c1a2f0",
                "PropertyMaps" : [ {
                  "SourceProperty" : "DisplayName",
                  "SourcePropertyBaseType" : "STRING",
                  "SourcePropertyType" : "Field",
                  "TargetProperty" : "LabelText",
                  "TargetPropertyBaseType" : "STRING",
                  "TargetPropertyType" : "property"
                } ],
                "SourceArea" : "Data",
                "SourceDetails" : "SelectedRows",
                "SourceId" : "GetMachinesWithProcessDataFloatForVisualization",
                "SourceSection" : "DynamicThingTemplates_KBKPILocalThingWorxDatabaseTemplate",
                "TargetArea" : "UI",
                "TargetId" : "ptcslabel-24",
                "TargetSection" : ""
              }, {
                "Id" : "85cc7037-9d20-4f6a-8967-fe7ce2aa4d6f",
                "PropertyMaps" : [ {
                  "SourceProperty" : "ThingName",
                  "SourcePropertyBaseType" : "STRING",
                  "TargetProperty" : "String2",
                  "TargetPropertyBaseType" : "STRING",
                  "TargetPropertyType" : "Parameter"
                } ],
                "SourceArea" : "Data",
                "SourceDetails" : "SelectedRows",
                "SourceId" : "GetMachinesWithProcessDataFloatForVisualization",
                "SourceSection" : "DynamicThingTemplates_KBKPILocalThingWorxDatabaseTemplate",
                "TargetArea" : "Data",
                "TargetId" : "ConcatStrings",
                "TargetSection" : "Things_KBTimeHelperThing"
              }, {
                "Id" : "e768d2d9-6ff0-4848-a962-8c8f45d1b999",
                "PropertyMaps" : [ {
                  "SourceProperty" : "result",
                  "SourcePropertyBaseType" : "STRING",
                  "TargetProperty" : "Machine",
                  "TargetPropertyBaseType" : "STRING",
                  "TargetPropertyType" : "Parameter"
                } ],
                "SourceArea" : "Data",
                "SourceDetails" : "AllData",
                "SourceId" : "ConcatStrings",
                "SourceSection" : "Things_KBTimeHelperThing",
                "TargetArea" : "Data",
                "TargetId" : "GetMachineData",
                "TargetSection" : "DynamicThingTemplates_KBKPILocalThingWorxDatabaseTemplate"
              }, {
                "Id" : "34ea2e64-db31-470c-8610-f5fb6c1f6d81",
                "PropertyMaps" : [ {
                  "SourceProperty" : "",
                  "SourcePropertyBaseType" : "INFOTABLE",
                  "SourcePropertyType" : "InfoTable",
                  "TargetProperty" : "Data",
                  "TargetPropertyBaseType" : "INFOTABLE",
                  "TargetPropertyType" : "property"
                } ],
                "SourceArea" : "Data",
                "SourceDetails" : "AllData",
                "SourceId" : "GetMachineData",
                "SourceSection" : "DynamicThingTemplates_KBKPILocalThingWorxDatabaseTemplate",
                "TargetArea" : "UI",
                "TargetId" : "ptcslist-8",
                "TargetSection" : ""
              }, {
                "Id" : "aa98afd7-f25d-43eb-999e-fafbfa4eca1f",
                "PropertyMaps" : [ {
                  "SourceProperty" : "Machine",
                  "SourcePropertyBaseType" : "STRING",
                  "SourcePropertyType" : "Property",
                  "TargetProperty" : "SelectedText",
                  "TargetPropertyBaseType" : "STRING",
                  "TargetPropertyType" : "property"
                } ],
                "SourceArea" : "Mashup",
                "SourceId" : "mashup-root",
                "SourceSection" : "",
                "TargetArea" : "UI",
                "TargetId" : "ptcsdropdown-4",
                "TargetSection" : ""
              }, {
                "Id" : "49126b08-4519-48b3-a414-83ce96e6e334",
                "PropertyMaps" : [ {
                  "SourceProperty" : "",
                  "SourcePropertyBaseType" : "INFOTABLE",
                  "SourcePropertyType" : "InfoTable",
                  "TargetProperty" : "Data",
                  "TargetPropertyBaseType" : "INFOTABLE",
                  "TargetPropertyType" : "property"
                } ],
                "SourceArea" : "Data",
                "SourceDetails" : "AllData",
                "SourceId" : "GetProcessDataInputParameterForVisualizationRepeater",
                "SourceName" : "GetProcessDataInputParameterForVisualizationRepeater",
                "SourceSection" : "DynamicThingTemplates_KBKPILocalThingWorxDatabaseTemplate",
                "TargetArea" : "UI",
                "TargetId" : "collection-50",
                "TargetSection" : ""
              }, {
                "Id" : "f8cec5f0-5a7b-4d49-8a07-5befb1284125",
                "PropertyMaps" : [ {
                  "SourceProperty" : "SelectedText",
                  "SourcePropertyBaseType" : "STRING",
                  "SourcePropertyType" : "Property",
                  "TargetProperty" : "Machine",
                  "TargetPropertyBaseType" : "STRING",
                  "TargetPropertyType" : "property"
                } ],
                "SourceArea" : "UI",
                "SourceDetails" : "",
                "SourceId" : "ptcsdropdown-4",
                "SourceSection" : "",
                "TargetArea" : "UI",
                "TargetId" : "navigationfunction-40",
                "TargetSection" : ""
              }, {
                "Id" : "88ee6bf4-0456-4e1d-badb-7d2592b1e73f",
                "PropertyMaps" : [ {
                  "SourceProperty" : "StartDateTime",
                  "SourcePropertyBaseType" : "DATETIME",
                  "SourcePropertyType" : "Property",
                  "TargetProperty" : "StartTime",
                  "TargetPropertyBaseType" : "DATETIME",
                  "TargetPropertyType" : "property"
                } ],
                "SourceArea" : "UI",
                "SourceDetails" : "",
                "SourceId" : "timeselector-21",
                "SourceSection" : "",
                "TargetArea" : "UI",
                "TargetId" : "navigationfunction-40",
                "TargetSection" : ""
              }, {
                "Id" : "046a88e6-5f16-4f42-af05-6459eb04aef2",
                "PropertyMaps" : [ {
                  "SourceProperty" : "EndDateTime",
                  "SourcePropertyBaseType" : "DATETIME",
                  "SourcePropertyType" : "Property",
                  "TargetProperty" : "EndTime",
                  "TargetPropertyBaseType" : "DATETIME",
                  "TargetPropertyType" : "property"
                } ],
                "SourceArea" : "UI",
                "SourceDetails" : "",
                "SourceId" : "timeselector-21",
                "SourceSection" : "",
                "TargetArea" : "UI",
                "TargetId" : "navigationfunction-40",
                "TargetSection" : ""
              }, {
                "Id" : "83b7e06d-b7c6-40f8-bcad-9ab084e8c4ff",
                "PropertyMaps" : [ {
                  "SourceProperty" : "SelectedText",
                  "SourcePropertyBaseType" : "STRING",
                  "SourcePropertyType" : "Property",
                  "TargetProperty" : "Machine",
                  "TargetPropertyBaseType" : "STRING",
                  "TargetPropertyType" : "property"
                } ],
                "SourceArea" : "UI",
                "SourceDetails" : "",
                "SourceId" : "ptcsdropdown-4",
                "SourceSection" : "",
                "TargetArea" : "UI",
                "TargetId" : "navigationfunction-39",
                "TargetSection" : ""
              }, {
                "Id" : "e34f3992-4226-4d1e-bf5b-bb80f1faff14",
                "PropertyMaps" : [ {
                  "SourceProperty" : "SelectedItems",
                  "SourcePropertyBaseType" : "INFOTABLE",
                  "SourcePropertyType" : "Property",
                  "TargetProperty" : "TestType",
                  "TargetPropertyBaseType" : "INFOTABLE",
                  "TargetPropertyType" : "property"
                } ],
                "SourceArea" : "UI",
                "SourceDetails" : "",
                "SourceId" : "ptcslist-8",
                "SourceSection" : "",
                "TargetArea" : "UI",
                "TargetId" : "navigationfunction-39",
                "TargetSection" : ""
              }, {
                "Id" : "ad984abd-c87c-44b0-bd9d-2212ff4a9686",
                "PropertyMaps" : [ {
                  "SourceProperty" : "TestType",
                  "SourcePropertyBaseType" : "INFOTABLE",
                  "SourcePropertyType" : "property",
                  "TargetProperty" : "SelectedItems",
                  "TargetPropertyBaseType" : "INFOTABLE",
                  "TargetPropertyType" : "property"
                } ],
                "SourceArea" : "Mashup",
                "SourceId" : "mashup-root",
                "SourceSection" : "",
                "TargetArea" : "UI",
                "TargetId" : "ptcslist-8",
                "TargetSection" : ""
              }, {
                "Id" : "f06268a9-ce15-4d16-be25-f3fbed416cda",
                "PropertyMaps" : [ {
                  "SourceProperty" : "SelectedItems",
                  "SourcePropertyBaseType" : "INFOTABLE",
                  "SourcePropertyType" : "Property",
                  "TargetProperty" : "ProcessDataTypes",
                  "TargetPropertyBaseType" : "INFOTABLE",
                  "TargetPropertyType" : "Parameter"
                } ],
                "SourceArea" : "UI",
                "SourceDetails" : "",
                "SourceId" : "ptcslist-8",
                "SourceSection" : "",
                "TargetArea" : "Data",
                "TargetId" : "GetProcessDataInputParameterForVisualizationRepeater",
                "TargetSection" : "DynamicThingTemplates_KBKPILocalThingWorxDatabaseTemplate"
              } ],
              "DesignTimePermissions" : {
                "Create" : [ ],
                "Delete" : [ ],
                "Metadata" : [ ],
                "Read" : [ ],
                "Update" : [ ]
              },
              "Events" : [ {
                "EventHandlerArea" : "Data",
                "EventHandlerId" : "Resources_KBThingWorxServerSystem",
                "EventHandlerService" : "GetKPILocalThingWorxDatabaseThing",
                "EventTriggerArea" : "Mashup",
                "EventTriggerEvent" : "Loaded",
                "EventTriggerId" : "mashup-root",
                "EventTriggerSection" : "",
                "Id" : "8bc57299-3b34-4f70-8051-26407cc65647"
              }, {
                "EventHandlerArea" : "Data",
                "EventHandlerId" : "DynamicThingTemplates_KBKPILocalThingWorxDatabaseTemplate",
                "EventHandlerService" : "GetMachinesWithProcessDataFloatForVisualization",
                "EventTriggerArea" : "Data",
                "EventTriggerEvent" : "ServiceInvokeCompleted",
                "EventTriggerId" : "GetKPILocalThingWorxDatabaseThing",
                "EventTriggerSection" : "Resources_KBThingWorxServerSystem",
                "Id" : "65644fbe-a647-4b9d-8452-dbaed4ddb79b"
              }, {
                "EventHandlerArea" : "Data",
                "EventHandlerId" : "DynamicThingTemplates_KBKPILocalThingWorxDatabaseTemplate",
                "EventHandlerService" : "GetProcessDataInputParameterForVisualizationRepeater",
                "EventTriggerArea" : "UI",
                "EventTriggerEvent" : "Updated",
                "EventTriggerId" : "timeselector-21",
                "EventTriggerSection" : "",
                "Id" : "bcc3f0fd-9e5f-4be1-9a97-92e7b8724758"
              }, {
                "EventHandlerArea" : "Data",
                "EventHandlerId" : "Things_KBTimeHelperThing",
                "EventHandlerService" : "ConcatStrings",
                "EventTriggerArea" : "Data",
                "EventTriggerEvent" : "SelectedRowsChanged",
                "EventTriggerId" : "GetMachinesWithProcessDataFloatForVisualization",
                "EventTriggerSection" : "DynamicThingTemplates_KBKPILocalThingWorxDatabaseTemplate",
                "Id" : "0e5232f3-cfd8-4401-a9b3-a21519c98fc0"
              }, {
                "EventHandlerArea" : "Data",
                "EventHandlerId" : "DynamicThingTemplates_KBKPILocalThingWorxDatabaseTemplate",
                "EventHandlerService" : "GetMachineData",
                "EventTriggerArea" : "Data",
                "EventTriggerEvent" : "ServiceInvokeCompleted",
                "EventTriggerId" : "ConcatStrings",
                "EventTriggerSection" : "Things_KBTimeHelperThing",
                "Id" : "c724a3dd-00b8-436d-85cb-3d4ce65e74e7"
              }, {
                "EventHandlerArea" : "Data",
                "EventHandlerId" : "DynamicThingTemplates_KBKPILocalThingWorxDatabaseTemplate",
                "EventHandlerService" : "GetProcessDataInputParameterForVisualizationRepeater",
                "EventTriggerArea" : "Data",
                "EventTriggerEvent" : "SelectedRowsChanged",
                "EventTriggerId" : "GetMachineData",
                "EventTriggerSection" : "DynamicThingTemplates_KBKPILocalThingWorxDatabaseTemplate",
                "Id" : "d8d3f461-d164-4a4b-abad-93146f961c8c"
              }, {
                "EventHandlerArea" : "UI",
                "EventHandlerId" : "navigationfunction-39",
                "EventHandlerService" : "Navigate",
                "EventTriggerArea" : "UI",
                "EventTriggerEvent" : "Clicked",
                "EventTriggerId" : "ptcsbutton-45",
                "EventTriggerSection" : "",
                "Id" : "b48f32ea-778c-43aa-84b9-888fc93ae2f1"
              }, {
                "EventHandlerArea" : "UI",
                "EventHandlerId" : "navigationfunction-40",
                "EventHandlerService" : "Navigate",
                "EventTriggerArea" : "UI",
                "EventTriggerEvent" : "Clicked",
                "EventTriggerId" : "ptcsbutton-46",
                "EventTriggerSection" : "",
                "Id" : "907a9c3a-5393-4b6e-afda-0abc7c067762"
              }, {
                "EventHandlerArea" : "Data",
                "EventHandlerId" : "DynamicThingTemplates_KBKPILocalThingWorxDatabaseTemplate",
                "EventHandlerService" : "GetProcessDataInputParameterForVisualizationRepeater",
                "EventTriggerArea" : "Data",
                "EventTriggerEvent" : "ServiceInvokeCompleted",
                "EventTriggerId" : "GetMachineData",
                "EventTriggerSection" : "DynamicThingTemplates_KBKPILocalThingWorxDatabaseTemplate",
                "Id" : "b4ed6534-3282-4994-8fcf-bd2054a1494b"
              } ],
              "Reminders" : [ ],
              "RunTimePermissions" : {
                "permissions" : [ {
                  "EventInvoke" : [ ],
                  "EventSubscribe" : [ ],
                  "PropertyRead" : [ {
                    "isPermitted" : true,
                    "name" : "KBUserGroup",
                    "type" : "Group"
                  } ],
                  "PropertyWrite" : [ ],
                  "ServiceInvoke" : [ {
                    "isPermitted" : true,
                    "name" : "KBUserGroup",
                    "type" : "Group"
                  } ],
                  "resourceName" : "*"
                } ]
              },
              "UI" : {
                "Properties" : {
                  "AddToDashboardButton" : "SimplePlus",
                  "AddToDashboardButtonStyle" : "DefaultAddToDashboardButtonStyle",
                  "Area" : "Mashup",
                  "BGImage" : "",
                  "BGImageRepeat" : "no-repeat",
                  "BGImageSize" : "auto",
                  "Columns" : 0,
                  "ConfigureGadgetButton" : "SimpleGear",
                  "ConfigureGadgetButtonStyle" : "DefaultConfigureGadgetButtonStyle",
                  "DisplayName" : "Mashup",
                  "EnableParameterEditing" : false,
                  "Height" : 618,
                  "Id" : "mashup-root",
                  "IgnoreWarningsInViewMashup" : false,
                  "IsPrintLayout" : false,
                  "Left" : 0,
                  "Margin" : "5",
                  "MashupResolution" : "1280x1024",
                  "MashupToEditGadget" : "DefaultMashupToEditGadget",
                  "Master" : "KBSmartProductionMaster1Mashup",
                  "MigratedOn" : "2021-04-15T08:27:36.000Z",
                  "MinHeight" : 0,
                  "MinWidth" : 0,
                  "ResponsiveLayout" : true,
                  "Rows" : 0,
                  "ShowDataLoading" : true,
                  "Style" : "DefaultMashupStyle",
                  "StyleProperties" : {
                    "data" : {
                      "flexcontainer-14" : {
                        "parts" : {
                          "$" : {
                            "$" : {
                              "border-radius" : "4px",
                              "border-style" : "solid",
                              "border-width" : "1px"
                            }
                          }
                        },
                        "widget" : "flex-container"
                      },
                      "flexcontainer-15" : {
                        "parts" : {
                          "$" : {
                            "$" : {
                              "border-radius" : "4px",
                              "border-style" : "solid",
                              "border-width" : "1px"
                            }
                          }
                        },
                        "widget" : "flex-container"
                      },
                      "flexcontainer-30" : {
                        "parts" : {
                          "$" : {
                            "$" : {
                              "border-color" : "rgba(192,192,192,1)",
                              "border-radius" : "4px",
                              "border-style" : "solid",
                              "border-width" : "1px"
                            }
                          }
                        },
                        "widget" : "flex-container"
                      },
                      "flexcontainer-35" : {
                        "parts" : {
                          "$" : {
                            "$" : {
                              "border-color" : "rgba(192,192,192,1)",
                              "border-radius" : "4px",
                              "border-style" : "solid",
                              "border-width" : "1px"
                            }
                          }
                        },
                        "widget" : "flex-container"
                      },
                      "flexcontainer-49" : {
                        "parts" : {
                          "$" : {
                            "$" : {
                              "border-color" : "rgba(192,192,192,1)",
                              "border-radius" : "4px",
                              "border-style" : "solid",
                              "border-width" : "1px"
                            }
                          }
                        },
                        "widget" : "flex-container"
                      },
                      "ptcsbutton-45" : {
                        "parts" : {
                          "$" : {
                            "$" : {
                              "background" : "#00407D",
                              "border-color" : "#00407D",
                              "color" : "#ffffff"
                            },
                            "hover" : {
                              "color" : "#ffffff"
                            },
                            "pressed" : {
                              "color" : "#ffffff"
                            }
                          }
                        },
                        "widget" : "ptcs-button"
                      },
                      "ptcsbutton-46" : {
                        "parts" : {
                          "$" : {
                            "$" : {
                              "background" : "#00407D",
                              "color" : "#ffffff"
                            },
                            "hover" : {
                              "color" : "#ffffff"
                            },
                            "pressed" : {
                              "color" : "#ffffff"
                            }
                          }
                        },
                        "widget" : "ptcs-button"
                      }
                    },
                    "meta" : {
                      "type" : "WidgetStyler",
                      "version" : "1.0"
                    }
                  },
                  "StyleTheme" : "KBStandardStyleTheme",
                  "Title" : "",
                  "TitleBar" : false,
                  "TitleBarStyle" : "DefaultTitleBarStyle",
                  "TitleBarText" : "Gadget Title Here",
                  "Top" : 0,
                  "Type" : "mashup",
                  "UseMasterTheme" : false,
                  "UseTheme" : false,
                  "UseThemeForHybrids" : false,
                  "Visible" : true,
                  "Width" : 1024,
                  "Z-index" : 10,
                  "__TypeDisplayName" : "Mashup",
                  "_currentParameterDefs" : [ {
                    "Aspects" : {
                      "bindingDirection" : "BOTH",
                      "isMandatory" : false
                    },
                    "BaseType" : "STRING",
                    "Description" : "",
                    "ParameterName" : "Machine"
                  }, {
                    "Aspects" : {
                      "bindingDirection" : "BOTH",
                      "dataShape" : "KBMachineResultDataShape",
                      "isMandatory" : false
                    },
                    "BaseType" : "INFOTABLE",
                    "Description" : "",
                    "ParameterName" : "TestType"
                  } ],
                  "id_index" : 55,
                  "supportsAutoResize" : true
                },
                "Widgets" : [ {
                  "Properties" : {
                    "Area" : "UI",
                    "CollapseTabIcon" : "",
                    "DisplayName" : "container-29",
                    "EnableContainerUnload" : false,
                    "EnableExpandCollapse" : false,
                    "ExpandCollapseTabLocation" : "inside",
                    "ExpandTabIcon" : "",
                    "Expanded" : true,
                    "Id" : "flexcontainer-29",
                    "LastContainer" : true,
                    "LazyLoading" : false,
                    "Margin" : "",
                    "Overlay" : false,
                    "ResponsiveLayout" : true,
                    "Scrolling" : "auto-scroll",
                    "ShowDataLoading" : true,
                    "ShowExpandCollapseTab" : false,
                    "SourceURL" : "",
                    "Style" : "DefaultContainerStyle",
                    "StyleProperties" : { },
                    "Type" : "flexcontainer",
                    "UseTheme" : true,
                    "Visible" : true,
                    "Z-index" : 10,
                    "__TypeDisplayName" : "Flex Container",
                    "align-content" : "flex-start",
                    "align-items" : "flex-start",
                    "flex-basis" : "auto",
                    "flex-direction" : "column",
                    "flex-grow" : 1,
                    "flex-max-height" : "",
                    "flex-max-width" : "",
                    "flex-min-height" : "",
                    "flex-min-width" : "",
                    "flex-shrink" : 1,
                    "flex-size" : "default",
                    "flex-wrap" : "nowrap",
                    "iconClass" : "widgets-flexcontainer",
                    "justify-content" : "flex-start",
                    "positioning" : "responsive",
                    "userCannotRemove" : true
                  },
                  "Widgets" : [ {
                    "Properties" : {
                      "Area" : "UI",
                      "CollapseTabIcon" : "",
                      "DisplayName" : "container-30",
                      "EnableContainerUnload" : false,
                      "EnableExpandCollapse" : false,
                      "ExpandCollapseTabLocation" : "inside",
                      "ExpandTabIcon" : "",
                      "Expanded" : true,
                      "Id" : "flexcontainer-30",
                      "LastContainer" : false,
                      "LazyLoading" : false,
                      "Margin" : "",
                      "Overlay" : false,
                      "ResponsiveLayout" : true,
                      "ShowDataLoading" : true,
                      "ShowExpandCollapseTab" : false,
                      "SourceURL" : "",
                      "Style" : "DefaultContainerStyle",
                      "StyleProperties" : { },
                      "Type" : "flexcontainer",
                      "UseTheme" : true,
                      "Visible" : true,
                      "Z-index" : 10,
                      "__TypeDisplayName" : "Flex Container",
                      "align-content" : "flex-start",
                      "align-items" : "flex-start",
                      "flex-basis" : "auto",
                      "flex-direction" : "row",
                      "flex-grow" : 1,
                      "flex-max-height" : "85px",
                      "flex-max-width" : "",
                      "flex-min-height" : "85px",
                      "flex-min-width" : "",
                      "flex-shrink" : "0",
                      "flex-size" : "fixed",
                      "flex-wrap" : "nowrap",
                      "iconClass" : "widgets-flexcontainer-fixed",
                      "isLocked" : false,
                      "justify-content" : "flex-start",
                      "positioning" : "responsive",
                      "userCannotRemove" : false
                    },
                    "Widgets" : [ {
                      "Properties" : {
                        "Area" : "UI",
                        "CollapseTabIcon" : "",
                        "DisplayName" : "container-42",
                        "EnableContainerUnload" : false,
                        "EnableExpandCollapse" : false,
                        "ExpandCollapseTabLocation" : "inside",
                        "ExpandTabIcon" : "",
                        "Expanded" : true,
                        "Id" : "flexcontainer-42",
                        "LastContainer" : false,
                        "LazyLoading" : false,
                        "Margin" : "",
                        "Overlay" : false,
                        "ResponsiveLayout" : false,
                        "ShowDataLoading" : true,
                        "ShowExpandCollapseTab" : false,
                        "SourceURL" : "",
                        "Style" : "DefaultContainerStyle",
                        "StyleProperties" : { },
                        "Type" : "flexcontainer",
                        "UseTheme" : true,
                        "Visible" : true,
                        "Z-index" : 10,
                        "__TypeDisplayName" : "Flex Container",
                        "align-content" : "flex-start",
                        "align-items" : "flex-start",
                        "flex-basis" : "auto",
                        "flex-direction" : "row",
                        "flex-grow" : 1,
                        "flex-max-height" : "",
                        "flex-max-width" : "",
                        "flex-min-height" : "",
                        "flex-min-width" : "",
                        "flex-shrink" : "0",
                        "flex-size" : "default",
                        "flex-wrap" : "wrap",
                        "iconClass" : "widgets-flexcontainer",
                        "isLocked" : false,
                        "justify-content" : "flex-start",
                        "positioning" : "responsive",
                        "userCannotRemove" : false
                      },
                      "Widgets" : [ {
                        "Properties" : {
                          "Area" : "UI",
                          "DisclosureControl" : "show-more",
                          "DisplayName" : "label-23",
                          "HorizontalAlignment" : "left",
                          "Id" : "ptcslabel-23",
                          "LabelText" : "Process Data, Line",
                          "LabelType" : "sub-header",
                          "LastContainer" : false,
                          "Left" : 25,
                          "Margin" : "5",
                          "MultiLine" : true,
                          "PreserveWhiteSpace" : false,
                          "ResponsiveLayout" : false,
                          "ShowDataLoading" : true,
                          "TooltipField" : "",
                          "Top" : 10,
                          "Type" : "ptcslabel",
                          "UseTheme" : true,
                          "VerticalAlignment" : "flex-start",
                          "Visible" : true,
                          "Width" : 235,
                          "Z-index" : 10,
                          "__TypeDisplayName" : "Label",
                          "overflowShowLessTxt" : "[[showLess]]",
                          "overflowShowMoreTxt" : "[[showMore]]"
                        },
                        "Widgets" : [ ]
                      }, {
                        "Properties" : {
                          "Area" : "UI",
                          "DisclosureControl" : "show-more",
                          "DisplayName" : "label-24",
                          "HorizontalAlignment" : "left",
                          "Id" : "ptcslabel-24",
                          "LabelText" : "Label",
                          "LabelType" : "sub-header",
                          "LastContainer" : false,
                          "Left" : 25,
                          "Margin" : "5",
                          "MultiLine" : true,
                          "PreserveWhiteSpace" : false,
                          "ResponsiveLayout" : false,
                          "ShowDataLoading" : true,
                          "TooltipField" : "",
                          "Top" : 50,
                          "Type" : "ptcslabel",
                          "UseTheme" : true,
                          "VerticalAlignment" : "flex-start",
                          "Visible" : false,
                          "Z-index" : 10,
                          "__TypeDisplayName" : "Label",
                          "overflowShowLessTxt" : "[[showLess]]",
                          "overflowShowMoreTxt" : "[[showMore]]"
                        },
                        "Widgets" : [ ]
                      }, {
                        "Properties" : {
                          "Alignment" : "left",
                          "AllLabel" : "[[all]]",
                          "Area" : "UI",
                          "AutoSelectFirstRow" : true,
                          "ClearSelectedItemsLabel" : "[[clearSelectedItems]]",
                          "ClearSelectionItem" : true,
                          "ClearSelectionLabel" : "(None)",
                          "CriteriaMessage" : "",
                          "CriteriaMessageDetails" : "",
                          "Disabled" : false,
                          "DisplayField" : "DisplayName",
                          "DisplayName" : "dhxlist-4",
                          "EnableToolTips" : true,
                          "FilterHintText" : "Filter",
                          "Height" : 28,
                          "HintText" : "Select...",
                          "Id" : "ptcsdropdown-4",
                          "ItemMeta" : {
                            "type" : "text"
                          },
                          "Label" : "",
                          "LabelAlignment" : "left",
                          "LastContainer" : false,
                          "Left" : 0,
                          "ListFormat_StateParameters" : [ ],
                          "ListMarginTop" : 8,
                          "Margin" : "5",
                          "MultiSelect" : false,
                          "NumberOfItemsInDropdownView" : 20,
                          "RequiredMessage" : "A selection is required",
                          "ResponsiveLayout" : false,
                          "RowHeight" : 28,
                          "SelectAllLabel" : "[[selectAll]]",
                          "SelectedLabel" : "[[selected]]",
                          "ShowDataLoading" : true,
                          "ShowListFilter" : false,
                          "ShowValidationCriteria" : false,
                          "ShowValidationFailure" : false,
                          "ShowValidationSuccess" : false,
                          "SuccessMessage" : "",
                          "SuccessMessageDetails" : "",
                          "TabSequence" : 0,
                          "Top" : 0,
                          "Type" : "ptcsdropdown",
                          "UseTheme" : true,
                          "ValidationCriteriaIcon" : "cds:icon_info",
                          "ValidationFailureIcon" : "cds:icon_error",
                          "ValidationState" : "undefined",
                          "ValidationSuccessIcon" : "cds:icon_success",
                          "ValueField" : "ThingName",
                          "ValueRequired" : false,
                          "Visible" : true,
                          "Width" : 273,
                          "Z-index" : 10,
                          "__TypeDisplayName" : "List"
                        },
                        "Widgets" : [ ]
                      } ]
                    }, {
                      "Properties" : {
                        "Area" : "UI",
                        "CollapseTabIcon" : "",
                        "DisplayName" : "container-43",
                        "EnableContainerUnload" : false,
                        "EnableExpandCollapse" : false,
                        "ExpandCollapseTabLocation" : "inside",
                        "ExpandTabIcon" : "",
                        "Expanded" : true,
                        "Id" : "flexcontainer-43",
                        "LastContainer" : false,
                        "LazyLoading" : false,
                        "Margin" : "",
                        "Overlay" : false,
                        "ResponsiveLayout" : false,
                        "ShowDataLoading" : true,
                        "ShowExpandCollapseTab" : false,
                        "SourceURL" : "",
                        "Style" : "DefaultContainerStyle",
                        "StyleProperties" : { },
                        "Type" : "flexcontainer",
                        "UseTheme" : true,
                        "Visible" : true,
                        "Z-index" : 10,
                        "__TypeDisplayName" : "Responsive Container",
                        "align-content" : "flex-start",
                        "align-items" : "flex-start",
                        "flex-basis" : "auto",
                        "flex-direction" : "row",
                        "flex-grow" : 1,
                        "flex-max-height" : "",
                        "flex-max-width" : "",
                        "flex-min-height" : "",
                        "flex-min-width" : "",
                        "flex-shrink" : 1,
                        "flex-size" : "default",
                        "flex-wrap" : "nowrap",
                        "iconClass" : "widgets-flexcontainer",
                        "isLocked" : false,
                        "justify-content" : "flex-start",
                        "positioning" : "responsive",
                        "userCannotRemove" : false
                      },
                      "Widgets" : [ {
                        "Properties" : {
                          "Area" : "UI",
                          "AutoRefresh" : false,
                          "DateDelimiter" : "-",
                          "DateDisplay" : "short",
                          "DateFormat" : "yyyy-M-dd",
                          "DateFormatToken" : "",
                          "DateOrder" : "yy-mm-dd",
                          "DecadeView" : false,
                          "DisplayName" : "timeselector-21",
                          "DisplaySeconds" : true,
                          "FocusStyle" : "DefaultButtonFocusStyle",
                          "Height" : 65,
                          "Id" : "timeselector-21",
                          "Interval" : 1,
                          "IntervalType" : "d",
                          "LastContainer" : false,
                          "Left" : 10,
                          "Margin" : "5",
                          "RefreshInterval" : 30,
                          "ResponsiveLayout" : false,
                          "ShowDataLoading" : true,
                          "ShowLockControls" : false,
                          "TabSequence" : 0,
                          "TimeAutoRefreshBtnStyle" : "DefaultTimeAutoRefreshBtnStyle",
                          "TimeBGStyle" : "DefaultTimeBGStyle",
                          "TimeDatePickerStyle" : "KBDefaultTimeDatePickerStyle",
                          "TimeFormat" : "hh:mm:ss",
                          "TimeRefreshBtnStyle" : "DefaultTimeRefreshBtnStyle",
                          "Top" : 5,
                          "Type" : "timeselector",
                          "UseIntervalAsMax" : false,
                          "Visible" : true,
                          "Widescreen" : false,
                          "Width" : 450,
                          "Z-index" : 10,
                          "__TypeDisplayName" : "Time Selector"
                        },
                        "Widgets" : [ ]
                      } ]
                    }, {
                      "Properties" : {
                        "Area" : "UI",
                        "CollapseTabIcon" : "",
                        "DisplayName" : "container-44",
                        "EnableContainerUnload" : false,
                        "EnableExpandCollapse" : false,
                        "ExpandCollapseTabLocation" : "inside",
                        "ExpandTabIcon" : "",
                        "Expanded" : true,
                        "Id" : "flexcontainer-44",
                        "LastContainer" : false,
                        "LazyLoading" : false,
                        "Margin" : "",
                        "Overlay" : false,
                        "ResponsiveLayout" : false,
                        "ShowDataLoading" : true,
                        "ShowExpandCollapseTab" : false,
                        "SourceURL" : "",
                        "Style" : "DefaultContainerStyle",
                        "StyleProperties" : { },
                        "Type" : "flexcontainer",
                        "UseTheme" : true,
                        "Visible" : true,
                        "Z-index" : 10,
                        "__TypeDisplayName" : "Responsive Container",
                        "align-content" : "flex-start",
                        "align-items" : "flex-start",
                        "flex-basis" : "auto",
                        "flex-direction" : "row",
                        "flex-grow" : 1,
                        "flex-max-height" : "",
                        "flex-max-width" : "",
                        "flex-min-height" : "",
                        "flex-min-width" : "",
                        "flex-shrink" : 1,
                        "flex-size" : "default",
                        "flex-wrap" : "nowrap",
                        "iconClass" : "widgets-flexcontainer",
                        "isLocked" : false,
                        "justify-content" : "flex-start",
                        "positioning" : "responsive",
                        "userCannotRemove" : false
                      },
                      "Widgets" : [ {
                        "Properties" : {
                          "Area" : "UI",
                          "ButtonType" : "primary",
                          "ContextID" : "",
                          "Disabled" : false,
                          "DisplayName" : "ptcs-button-45",
                          "Id" : "ptcsbutton-45",
                          "Label" : "I-Chart",
                          "LabelAlignment" : "center",
                          "LastContainer" : false,
                          "Left" : 69.0625,
                          "Margin" : "5",
                          "MultiLine" : false,
                          "ResponsiveLayout" : false,
                          "ShowDataLoading" : true,
                          "TabSequence" : 0,
                          "Top" : 36,
                          "Type" : "ptcsbutton",
                          "UseTheme" : true,
                          "Visible" : true,
                          "Z-index" : 10,
                          "__TypeDisplayName" : "Button"
                        },
                        "Widgets" : [ ]
                      }, {
                        "Properties" : {
                          "Area" : "UI",
                          "ButtonType" : "primary",
                          "ContextID" : "",
                          "Disabled" : false,
                          "DisplayName" : "ptcs-button-46",
                          "Id" : "ptcsbutton-46",
                          "Label" : "Table",
                          "LabelAlignment" : "center",
                          "LastContainer" : false,
                          "Left" : 44.0625,
                          "Margin" : "5",
                          "MultiLine" : false,
                          "ResponsiveLayout" : false,
                          "ShowDataLoading" : true,
                          "TabSequence" : 0,
                          "Top" : 71,
                          "Type" : "ptcsbutton",
                          "UseTheme" : true,
                          "Visible" : true,
                          "Z-index" : 10,
                          "__TypeDisplayName" : "Button"
                        },
                        "Widgets" : [ ]
                      } ]
                    } ]
                  }, {
                    "Properties" : {
                      "Area" : "UI",
                      "CollapseTabIcon" : "",
                      "DisplayName" : "container-41",
                      "EnableContainerUnload" : false,
                      "EnableExpandCollapse" : false,
                      "ExpandCollapseTabLocation" : "inside",
                      "ExpandTabIcon" : "",
                      "Expanded" : true,
                      "Id" : "flexcontainer-41",
                      "LastContainer" : false,
                      "LazyLoading" : false,
                      "Margin" : "",
                      "Overlay" : false,
                      "ResponsiveLayout" : false,
                      "ShowDataLoading" : true,
                      "ShowExpandCollapseTab" : false,
                      "SourceURL" : "",
                      "Style" : "DefaultContainerStyle",
                      "StyleProperties" : { },
                      "Type" : "flexcontainer",
                      "UseTheme" : true,
                      "Visible" : true,
                      "Z-index" : 10,
                      "__TypeDisplayName" : "Responsive Container",
                      "align-content" : "flex-start",
                      "align-items" : "flex-start",
                      "flex-basis" : "auto",
                      "flex-direction" : "row",
                      "flex-grow" : 1,
                      "flex-max-height" : "10px",
                      "flex-max-width" : "",
                      "flex-min-height" : "10px",
                      "flex-min-width" : "",
                      "flex-shrink" : 1,
                      "flex-size" : "fixed",
                      "flex-wrap" : "nowrap",
                      "iconClass" : "widgets-flexcontainer-fixed",
                      "isLocked" : false,
                      "justify-content" : "flex-start",
                      "positioning" : "responsive",
                      "userCannotRemove" : false
                    },
                    "Widgets" : [ ]
                  }, {
                    "Properties" : {
                      "Area" : "UI",
                      "CollapseTabIcon" : "",
                      "DisplayName" : "container-34",
                      "EnableContainerUnload" : false,
                      "EnableExpandCollapse" : false,
                      "ExpandCollapseTabLocation" : "inside",
                      "ExpandTabIcon" : "",
                      "Expanded" : true,
                      "Id" : "flexcontainer-34",
                      "LastContainer" : true,
                      "LazyLoading" : false,
                      "Margin" : "",
                      "Overlay" : false,
                      "ResponsiveLayout" : false,
                      "ShowDataLoading" : true,
                      "ShowExpandCollapseTab" : false,
                      "SourceURL" : "",
                      "Style" : "DefaultContainerStyle",
                      "StyleProperties" : { },
                      "Type" : "flexcontainer",
                      "UseTheme" : true,
                      "Visible" : true,
                      "Z-index" : 10,
                      "__TypeDisplayName" : "Flex Container",
                      "align-content" : "flex-start",
                      "align-items" : "flex-start",
                      "flex-basis" : "auto",
                      "flex-direction" : "row",
                      "flex-grow" : 1,
                      "flex-max-height" : "",
                      "flex-max-width" : "",
                      "flex-min-height" : "",
                      "flex-min-width" : "",
                      "flex-shrink" : "0",
                      "flex-size" : "default",
                      "flex-wrap" : "nowrap",
                      "iconClass" : "widgets-flexcontainer",
                      "isLocked" : true,
                      "justify-content" : "flex-start",
                      "positioning" : "responsive",
                      "userCannotRemove" : false
                    },
                    "Widgets" : [ {
                      "Properties" : {
                        "Area" : "UI",
                        "CollapseTabIcon" : "",
                        "DisplayName" : "container-35",
                        "EnableContainerUnload" : false,
                        "EnableExpandCollapse" : false,
                        "ExpandCollapseTabLocation" : "inside",
                        "ExpandTabIcon" : "",
                        "Expanded" : true,
                        "Id" : "flexcontainer-35",
                        "LastContainer" : false,
                        "LazyLoading" : false,
                        "Margin" : "",
                        "Overlay" : false,
                        "ResponsiveLayout" : false,
                        "Scrolling" : "auto-scroll",
                        "ShowDataLoading" : true,
                        "ShowExpandCollapseTab" : false,
                        "SourceURL" : "",
                        "Style" : "DefaultContainerStyle",
                        "StyleProperties" : { },
                        "Type" : "flexcontainer",
                        "UseTheme" : true,
                        "Visible" : true,
                        "Z-index" : 10,
                        "__TypeDisplayName" : "Flex Container",
                        "align-content" : "flex-start",
                        "align-items" : "flex-start",
                        "flex-basis" : "auto",
                        "flex-direction" : "row",
                        "flex-grow" : 1,
                        "flex-max-height" : "",
                        "flex-max-width" : "280px",
                        "flex-min-height" : "",
                        "flex-min-width" : "280px",
                        "flex-shrink" : 1,
                        "flex-size" : "fixed",
                        "flex-wrap" : "nowrap",
                        "iconClass" : "widgets-flexcontainer-fixed",
                        "isLocked" : false,
                        "justify-content" : "flex-start",
                        "positioning" : "responsive",
                        "userCannotRemove" : false
                      },
                      "Widgets" : [ {
                        "Properties" : {
                          "Alignment" : "left",
                          "Area" : "UI",
                          "AutoSelectFirstRow" : false,
                          "ClearSelectedItemsLabel" : "[[clearSelectedItems]]",
                          "ClearSelectionItem" : false,
                          "ClearSelectionLabel" : "(None)",
                          "CriteriaMessage" : "",
                          "CriteriaMessageDetails" : "",
                          "Disabled" : false,
                          "DisplayField" : "TextValue",
                          "DisplayName" : "dhxlist-8",
                          "EnableToolTips" : true,
                          "FillContainer" : true,
                          "FilterHintText" : "Filter",
                          "Height" : 170,
                          "Id" : "ptcslist-8",
                          "ItemMeta" : {
                            "type" : "text"
                          },
                          "Label" : "",
                          "LabelAlignment" : "left",
                          "LastContainer" : false,
                          "Left" : 10,
                          "ListFormat_StateParameters" : [ ],
                          "Margin" : "5",
                          "MultiSelect" : true,
                          "NumberOfItemsInDropdownView" : 20,
                          "RequiredMessage" : "A selection is required",
                          "ResponsiveLayout" : true,
                          "RowHeight" : 28,
                          "SelectAllLabel" : "[[selectAll]]",
                          "ShowDataLoading" : true,
                          "ShowListFilter" : false,
                          "ShowValidationCriteria" : false,
                          "ShowValidationFailure" : false,
                          "ShowValidationSuccess" : false,
                          "SuccessMessage" : "",
                          "SuccessMessageDetails" : "",
                          "TabSequence" : 0,
                          "Top" : 50,
                          "Type" : "ptcslist",
                          "UseTheme" : true,
                          "ValidationCriteriaIcon" : "cds:icon_info",
                          "ValidationFailureIcon" : "cds:icon_error",
                          "ValidationState" : "undefined",
                          "ValidationSuccessIcon" : "cds:icon_success",
                          "ValueField" : "TextValue",
                          "ValueRequired" : false,
                          "Visible" : true,
                          "Width" : 1000,
                          "Z-index" : 10,
                          "__TypeDisplayName" : "List"
                        },
                        "Widgets" : [ ]
                      } ]
                    }, {
                      "Properties" : {
                        "Area" : "UI",
                        "CollapseTabIcon" : "",
                        "DisplayName" : "container-47",
                        "EnableContainerUnload" : false,
                        "EnableExpandCollapse" : false,
                        "ExpandCollapseTabLocation" : "inside",
                        "ExpandTabIcon" : "",
                        "Expanded" : true,
                        "Id" : "flexcontainer-47",
                        "LastContainer" : false,
                        "LazyLoading" : false,
                        "Margin" : "",
                        "Overlay" : false,
                        "ResponsiveLayout" : false,
                        "ShowDataLoading" : true,
                        "ShowExpandCollapseTab" : false,
                        "SourceURL" : "",
                        "Style" : "DefaultContainerStyle",
                        "StyleProperties" : { },
                        "Type" : "flexcontainer",
                        "UseTheme" : true,
                        "Visible" : true,
                        "Z-index" : 10,
                        "__TypeDisplayName" : "Responsive Container",
                        "align-content" : "flex-start",
                        "align-items" : "flex-start",
                        "flex-basis" : "auto",
                        "flex-direction" : "row",
                        "flex-grow" : 1,
                        "flex-max-height" : "",
                        "flex-max-width" : "10px",
                        "flex-min-height" : "",
                        "flex-min-width" : "10px",
                        "flex-shrink" : 1,
                        "flex-size" : "fixed",
                        "flex-wrap" : "nowrap",
                        "iconClass" : "widgets-flexcontainer-fixed",
                        "isLocked" : false,
                        "justify-content" : "flex-start",
                        "positioning" : "responsive",
                        "userCannotRemove" : false
                      },
                      "Widgets" : [ ]
                    }, {
                      "Properties" : {
                        "Area" : "UI",
                        "CollapseTabIcon" : "",
                        "DisplayName" : "container-49",
                        "EnableContainerUnload" : false,
                        "EnableExpandCollapse" : false,
                        "ExpandCollapseTabLocation" : "inside",
                        "ExpandTabIcon" : "",
                        "Expanded" : true,
                        "Id" : "flexcontainer-49",
                        "LastContainer" : true,
                        "LazyLoading" : false,
                        "Margin" : "",
                        "Overlay" : false,
                        "ResponsiveLayout" : false,
                        "Scrolling" : "auto-scroll",
                        "ShowDataLoading" : true,
                        "ShowExpandCollapseTab" : false,
                        "SourceURL" : "",
                        "Style" : "DefaultContainerStyle",
                        "StyleProperties" : { },
                        "Type" : "flexcontainer",
                        "UseTheme" : true,
                        "Visible" : true,
                        "Z-index" : 10,
                        "__TypeDisplayName" : "Responsive Container",
                        "align-content" : "flex-start",
                        "align-items" : "flex-start",
                        "flex-basis" : "auto",
                        "flex-direction" : "row",
                        "flex-grow" : 1,
                        "flex-max-height" : "",
                        "flex-max-width" : "",
                        "flex-min-height" : "",
                        "flex-min-width" : "",
                        "flex-shrink" : 1,
                        "flex-size" : "default",
                        "flex-wrap" : "nowrap",
                        "iconClass" : "widgets-flexcontainer",
                        "isLocked" : true,
                        "justify-content" : "flex-start",
                        "positioning" : "responsive",
                        "userCannotRemove" : false
                      },
                      "Widgets" : [ {
                        "Properties" : {
                          "AllowSelection" : true,
                          "AlwaysUseCustomScrollerOniOS" : true,
                          "Area" : "UI",
                          "AutoSelectFirstRow" : false,
                          "BottomPadding" : 22,
                          "CellActiveStyle" : "DefaultCollectionCellActiveStyle",
                          "CellAlternateStyle" : "DefaultCollectionCellAlternateStyle",
                          "CellBorderRadius" : 0,
                          "CellBoxShadow" : "",
                          "CellHoverStyle" : "DefaultCollectionCellHoverStyle",
                          "CellMashupSelectedField" : "",
                          "CellMenuStatesIconGravity" : "Left",
                          "CellMenuStatesIconSize" : 16,
                          "CellMenuStatesOrientation" : "Horizontal",
                          "CellMenuStatesUseBuiltin" : false,
                          "CellMultipleSelectionType" : "Disabled",
                          "CellPointer" : "Auto",
                          "CellSelectedStyle" : "DefaultCollectionCellSelectedStyle",
                          "CellStyle" : "DefaultCollectionCellStyle",
                          "DisableWrapping" : false,
                          "DisplayName" : "collection-50",
                          "FlowLayoutAlignment" : "Top",
                          "FlowLayoutContentGravity" : "Top",
                          "FlowLayoutGravity" : "Edge",
                          "FooterHeight" : 44,
                          "FooterSectionParam" : "",
                          "HandleSelectionUpdates" : false,
                          "HasSelectedCells" : false,
                          "HeaderHeight" : 44,
                          "HeaderSectionParam" : "",
                          "Height" : 300,
                          "Id" : "collection-50",
                          "ItemLoadBehavior" : "loadUnload",
                          "LastContainer" : false,
                          "Left" : 29,
                          "LeftAlignFinalRow" : false,
                          "Margin" : "0",
                          "Mashup" : "KBLocalSmartKPIMachineLevelProcessDataTimeChartAndBoxplotMashup",
                          "MashupGlobalPropertyBinding" : "{}",
                          "MashupHeight" : 355,
                          "MashupPropertyBinding" : {
                            "EndDate" : "EndDate",
                            "Machine" : "Machine",
                            "ProcessDataType" : "ProcessParameterType",
                            "StartDate" : "StartDate"
                          },
                          "MashupWidth" : 400,
                          "MinimumSpacing" : 10,
                          "MultiSelect" : false,
                          "OffScreenBufferFactor" : 0.1,
                          "PinFootersToBottom" : false,
                          "PinHeadersToTop" : false,
                          "PlaysIntroAnimation" : true,
                          "ResponsiveLayout" : true,
                          "RippleEffectStyle" : "DefaultCollectionRippleStyle",
                          "RowSpacing" : 44,
                          "ScrollbarType" : "alwayson",
                          "ScrollsToSelectedCell" : false,
                          "SectionInsetBottom" : 0,
                          "SectionInsetLeft" : 0,
                          "SectionInsetRight" : 0,
                          "SectionInsetTop" : 0,
                          "SelectedCellsCount" : 0,
                          "ShowDataLoading" : true,
                          "ShowFooters" : false,
                          "ShowHeaders" : false,
                          "SortAscending" : false,
                          "Top" : 33,
                          "TopPadding" : 22,
                          "Type" : "collection",
                          "UIDField" : "ProcessDataType",
                          "UseCustomScrollerOnWindowsDesktops" : true,
                          "UseMashupDimensions" : false,
                          "UseRippleEffect" : false,
                          "View" : "table",
                          "Visible" : true,
                          "Width" : 400,
                          "Z-index" : 10,
                          "_CanDoubleClick" : false,
                          "_EventDataShape" : "{\"StartDate\":{\"name\":\"StartDate\",\"aspects\":{},\"description\":\"\",\"baseType\":\"DATETIME\",\"ordinal\":1,\"type\":\"Field\"},\"ProcessDataType\":{\"name\":\"ProcessDataType\",\"aspects\":{},\"description\":\"\",\"baseType\":\"STRING\",\"ordinal\":4,\"type\":\"Field\"},\"EndDate\":{\"name\":\"EndDate\",\"aspects\":{},\"description\":\"\",\"baseType\":\"DATETIME\",\"ordinal\":2,\"type\":\"Field\"},\"Machine\":{\"name\":\"Machine\",\"aspects\":{},\"description\":\"\",\"baseType\":\"STRING\",\"ordinal\":3,\"type\":\"Field\"}}",
                          "_GlobalDataShape" : "{}",
                          "_MenuDefinition" : "[]",
                          "__TypeDisplayName" : "Collection"
                        },
                        "Widgets" : [ ]
                      } ]
                    } ]
                  } ]
                }, {
                  "Properties" : {
                    "Area" : "UI",
                    "ClickOutsideToClose" : false,
                    "CloseButton" : true,
                    "DisplayName" : "ptcsbutton-37-Navigation",
                    "Id" : "navigationfunction-39",
                    "IncludeLegacyHeightAdjustment" : true,
                    "LastContainer" : false,
                    "Left" : 0,
                    "LegacyHeightAdjustmentEnabled" : true,
                    "Margin" : "5",
                    "MashupParameters" : [ {
                      "BaseType" : "INFOTABLE",
                      "Description" : "",
                      "ParameterName" : "TestType",
                      "ParmDef" : {
                        "aspects" : {
                          "bindingDirection" : "BOTH",
                          "dataShape" : "KBMachineResultDataShape",
                          "isMandatory" : "false"
                        },
                        "baseType" : "INFOTABLE",
                        "description" : "",
                        "name" : "TestType",
                        "ordinal" : 0
                      }
                    }, {
                      "BaseType" : "STRING",
                      "Description" : "",
                      "ParameterName" : "Machine",
                      "ParmDef" : {
                        "aspects" : {
                          "bindingDirection" : "BOTH",
                          "isMandatory" : "false"
                        },
                        "baseType" : "STRING",
                        "description" : "",
                        "name" : "Machine",
                        "ordinal" : 0
                      }
                    } ],
                    "MissingMashupMessage" : "Mashup must be selected",
                    "PopupHeight" : 0,
                    "PopupScrollbar" : "auto",
                    "PopupTitle" : "",
                    "PopupWidth" : 0,
                    "RedirectTo" : "mashup",
                    "ReloadOnReplace" : false,
                    "ResponsiveLayout" : false,
                    "RoundedCorners" : true,
                    "ShowDataLoading" : true,
                    "TabSequence" : 0,
                    "TargetMashup" : "KBLocalSmartKPIMachineLevelIChartDDFrameSubMashup",
                    "TargetWindow" : "new",
                    "TargetWindowType" : "replace",
                    "Text" : "tw.navigationfunction-ide.properties.text.default-value",
                    "Top" : 0,
                    "Type" : "navigationfunction",
                    "UseTheme" : true,
                    "Visible" : true,
                    "Z-index" : 10,
                    "__TypeDisplayName" : "Navigation",
                    "_currentParameterDefs" : [ {
                      "BaseType" : "STRING",
                      "Description" : "",
                      "ParameterName" : "Machine",
                      "bindingDirection" : "Both",
                      "bindingType" : "Property",
                      "isBindingSource" : true,
                      "isBindingTarget" : true,
                      "shown" : true
                    }, {
                      "BaseType" : "INFOTABLE",
                      "DefaultValue" : {
                        "dataShape" : {
                          "name" : "KBMachineResultDataShape"
                        },
                        "rows" : [ ]
                      },
                      "Description" : "",
                      "ParameterName" : "TestType",
                      "bindingDirection" : "Both",
                      "bindingType" : "Property",
                      "isBindingSource" : true,
                      "isBindingTarget" : true,
                      "shown" : true
                    } ]
                  },
                  "Widgets" : [ ]
                }, {
                  "Properties" : {
                    "Area" : "UI",
                    "ClickOutsideToClose" : false,
                    "CloseButton" : true,
                    "DisplayName" : "ptcsbutton-38-Navigation",
                    "Id" : "navigationfunction-40",
                    "IncludeLegacyHeightAdjustment" : true,
                    "LastContainer" : false,
                    "Left" : 0,
                    "LegacyHeightAdjustmentEnabled" : true,
                    "Margin" : "5",
                    "MashupParameters" : [ {
                      "BaseType" : "DATETIME",
                      "Description" : "",
                      "ParameterName" : "EndTime",
                      "ParmDef" : {
                        "aspects" : {
                          "bindingDirection" : "BOTH",
                          "isMandatory" : "false"
                        },
                        "baseType" : "DATETIME",
                        "description" : "",
                        "name" : "EndTime",
                        "ordinal" : 0
                      }
                    }, {
                      "BaseType" : "DATETIME",
                      "Description" : "",
                      "ParameterName" : "StartTime",
                      "ParmDef" : {
                        "aspects" : {
                          "bindingDirection" : "BOTH",
                          "isMandatory" : "false"
                        },
                        "baseType" : "DATETIME",
                        "description" : "",
                        "name" : "StartTime",
                        "ordinal" : 0
                      }
                    }, {
                      "BaseType" : "STRING",
                      "Description" : "",
                      "ParameterName" : "Machine",
                      "ParmDef" : {
                        "aspects" : {
                          "bindingDirection" : "BOTH",
                          "isMandatory" : "false"
                        },
                        "baseType" : "STRING",
                        "description" : "",
                        "name" : "Machine",
                        "ordinal" : 0
                      }
                    } ],
                    "MissingMashupMessage" : "Mashup must be selected",
                    "PopupHeight" : 0,
                    "PopupScrollbar" : "auto",
                    "PopupTitle" : "",
                    "PopupWidth" : 0,
                    "RedirectTo" : "mashup",
                    "ReloadOnReplace" : false,
                    "ResponsiveLayout" : false,
                    "RoundedCorners" : true,
                    "ShowDataLoading" : true,
                    "TabSequence" : 0,
                    "TargetMashup" : "KBLocalSmartKPIMachineLevelSimpleProcessDataDDFrameSubMashup",
                    "TargetWindow" : "new",
                    "TargetWindowType" : "replace",
                    "Text" : "tw.navigationfunction-ide.properties.text.default-value",
                    "Top" : 0,
                    "Type" : "navigationfunction",
                    "UseTheme" : true,
                    "Visible" : true,
                    "Z-index" : 10,
                    "__TypeDisplayName" : "Navigation",
                    "_currentParameterDefs" : [ {
                      "BaseType" : "DATETIME",
                      "Description" : "",
                      "ParameterName" : "EndTime",
                      "bindingDirection" : "Both",
                      "bindingType" : "Property",
                      "isBindingSource" : true,
                      "isBindingTarget" : true,
                      "shown" : true
                    }, {
                      "BaseType" : "STRING",
                      "Description" : "",
                      "ParameterName" : "Machine",
                      "bindingDirection" : "Both",
                      "bindingType" : "Property",
                      "isBindingSource" : true,
                      "isBindingTarget" : true,
                      "shown" : true
                    }, {
                      "BaseType" : "DATETIME",
                      "Description" : "",
                      "ParameterName" : "StartTime",
                      "bindingDirection" : "Both",
                      "bindingType" : "Property",
                      "isBindingSource" : true,
                      "isBindingTarget" : true,
                      "shown" : true
                    } ]
                  },
                  "Widgets" : [ ]
                } ]
              },
              "mashupType" : "mashup"
            }
            ]]>
            </mashupContent>
            <preview></preview>
        </Mashup>
    </Mashups>
</Entities>
