<?xml version="1.0" encoding="UTF-8"?>
<Entities
 majorVersion="9"
 minorVersion="3"
 universal="password">
    <Mashups>
        <Mashup
         aspect.isFlex="true"
         aspect.isResponsive="true"
         aspect.mashupType="mashup"
         columns="0.0"
         description=""
         documentationContent=""
         homeMashup=""
         name="KBLocalSmartKPIRailFrameMachineLevelMashup"
         projectName="KBsmartKPI"
         rows="0.0"
         tags="">
            <avatar></avatar>
            <DesignTimePermissions>
                <Create></Create>
                <Read></Read>
                <Update></Update>
                <Delete></Delete>
                <Metadata></Metadata>
            </DesignTimePermissions>
            <RunTimePermissions>
                <Permissions
                 resourceName="*">
                    <PropertyRead>
                        <Principal
                         isPermitted="true"
                         name="KBUserGroup"
                         type="Group"></Principal>
                    </PropertyRead>
                    <PropertyWrite></PropertyWrite>
                    <ServiceInvoke>
                        <Principal
                         isPermitted="true"
                         name="KBUserGroup"
                         type="Group"></Principal>
                    </ServiceInvoke>
                    <EventInvoke></EventInvoke>
                    <EventSubscribe></EventSubscribe>
                </Permissions>
            </RunTimePermissions>
            <VisibilityPermissions>
                <Visibility>
                    <Principal
                     isPermitted="true"
                     name="KBOrganization"
                     type="Organization"></Principal>
                </Visibility>
            </VisibilityPermissions>
            <ConfigurationTableDefinitions></ConfigurationTableDefinitions>
            <ConfigurationTables>
                <ConfigurationTable
                 dataShapeName=""
                 description="Mashup Mobile Settings"
                 isHidden="true"
                 isMultiRow="false"
                 name="MobileSettings"
                 ordinal="0">
                    <DataShape>
                        <FieldDefinitions>
                            <FieldDefinition
                             aspect.defaultValue="false"
                             aspect.friendlyName="Disable Zoom"
                             baseType="BOOLEAN"
                             description="Disables zooming in and out within the mashup"
                             name="disableZoom"
                             ordinal="0"></FieldDefinition>
                            <FieldDefinition
                             aspect.defaultValue="true"
                             aspect.friendlyName="Full Screen Mode"
                             baseType="BOOLEAN"
                             description="Open the mashup in full screen mode"
                             name="fullScreenMode"
                             ordinal="0"></FieldDefinition>
                            <FieldDefinition
                             aspect.friendlyName="Height"
                             baseType="STRING"
                             description="The height of the mashup page"
                             name="height"
                             ordinal="0"></FieldDefinition>
                            <FieldDefinition
                             aspect.defaultValue="device-height"
                             aspect.friendlyName="Height Type"
                             baseType="STRING"
                             description="Use the height of the device display, or a custom height (in px)"
                             name="heightType"
                             ordinal="0"></FieldDefinition>
                            <FieldDefinition
                             aspect.defaultValue="1.0"
                             aspect.friendlyName="Initial Scale"
                             baseType="NUMBER"
                             description="The initial zoom scale when the mashup is loaded for the first time"
                             name="initialScale"
                             ordinal="0"></FieldDefinition>
                            <FieldDefinition
                             aspect.friendlyName="Shortcut Icon Title"
                             baseType="STRING"
                             description="A title for the mashup shortcut on the iOS home screen"
                             name="iosShortcutIconTitle"
                             ordinal="0"></FieldDefinition>
                            <FieldDefinition
                             aspect.defaultValue="black-translucent"
                             aspect.friendlyName="Status Bar Appearance"
                             baseType="STRING"
                             description="The style of the iOS status bar"
                             name="iosStatusBarAppearance"
                             ordinal="0"></FieldDefinition>
                            <FieldDefinition
                             aspect.defaultValue="10.0"
                             aspect.friendlyName="Maximum Scale"
                             baseType="NUMBER"
                             description="The maximum scale that users can zoom out to"
                             name="maximumScale"
                             ordinal="0"></FieldDefinition>
                            <FieldDefinition
                             aspect.defaultValue="0.1"
                             aspect.friendlyName="Minimum Scale"
                             baseType="NUMBER"
                             description="The minimum scale that users can zoom out to"
                             name="minimumScale"
                             ordinal="0"></FieldDefinition>
                            <FieldDefinition
                             aspect.friendlyName="Width"
                             baseType="STRING"
                             description="The width of the mashup page"
                             name="width"
                             ordinal="0"></FieldDefinition>
                            <FieldDefinition
                             aspect.defaultValue="device-width"
                             aspect.friendlyName="Width Type"
                             baseType="STRING"
                             description="Use the width of the device display, or a custom width (in px)"
                             name="widthType"
                             ordinal="0"></FieldDefinition>
                        </FieldDefinitions>
                    </DataShape>
                    <Rows>
                        <Row>
                            <disableZoom>false</disableZoom>
                            <fullScreenMode>true</fullScreenMode>
                            <height></height>
                            <heightType>
                            <![CDATA[
                            device-height
                            ]]>
                            </heightType>
                            <initialScale>1.0</initialScale>
                            <iosShortcutIconTitle></iosShortcutIconTitle>
                            <iosStatusBarAppearance>
                            <![CDATA[
                            black-translucent
                            ]]>
                            </iosStatusBarAppearance>
                            <maximumScale>10.0</maximumScale>
                            <minimumScale>0.1</minimumScale>
                            <width></width>
                            <widthType>
                            <![CDATA[
                            device-width
                            ]]>
                            </widthType>
                        </Row>
                    </Rows>
                </ConfigurationTable>
            </ConfigurationTables>
            <ParameterDefinitions></ParameterDefinitions>
            <Things></Things>
            <ThingShapes></ThingShapes>
            <ThingTemplates></ThingTemplates>
            <mashupContent>
            <![CDATA[
            {
              "CustomMashupCss" : "/* Remove focus box */\nptcs-focus-overlay {\n    visibility: hidden;\n}",
              "Data" : {
                "Session" : {
                  "DataName" : "Session",
                  "EntityName" : "",
                  "EntityType" : "Session",
                  "Id" : "session",
                  "Services" : [ {
                    "APIMethod" : "post",
                    "Characteristic" : "Services",
                    "Id" : "SessionInterface",
                    "Name" : "GetGlobalSessionValues",
                    "Parameters" : { },
                    "RefreshInterval" : 0,
                    "Target" : "GetGlobalSessionValues"
                  } ]
                },
                "Things_KBSmartKPIHelperThing" : {
                  "DataName" : "Things_KBSmartKPIHelperThing",
                  "EntityName" : "KBSmartKPIHelperThing",
                  "EntityType" : "Things",
                  "Id" : "8bd6b11d-722e-465c-a7a1-f81cb6f049bc",
                  "Services" : [ {
                    "APIMethod" : "post",
                    "Characteristic" : "Services",
                    "Id" : "52e8dcb5-471f-42ef-a882-f942394bf07a",
                    "Name" : "GetLocalAreasforSmartKPIVisualization",
                    "Parameters" : { },
                    "RefreshInterval" : 0,
                    "Target" : "GetLocalAreasforSmartKPIVisualization"
                  }, {
                    "APIMethod" : "post",
                    "Characteristic" : "Services",
                    "Id" : "900b9072-1c7f-4a0c-bb25-dd1bebbc55d9",
                    "Name" : "GetLocalPlantsforSmartKPIVisualization",
                    "Parameters" : {
                      "KBDivisionThingName" : "KBRailDivisionThing"
                    },
                    "RefreshInterval" : 0,
                    "Target" : "GetLocalPlantsforSmartKPIVisualization"
                  }, {
                    "APIMethod" : "post",
                    "Characteristic" : "Services",
                    "Id" : "60170433-1e22-430c-a99a-a74b7da8985a",
                    "Name" : "GetLocalMachinesforSmartKPIVisualizationOEEDashboard",
                    "Parameters" : { },
                    "RefreshInterval" : 0,
                    "Target" : "GetLocalMachinesforSmartKPIVisualizationOEEDashboard"
                  } ]
                },
                "UserExtensions" : {
                  "DataName" : "UserExtensions",
                  "EntityName" : "",
                  "EntityType" : "UserExtensions",
                  "Id" : "UserExtensions",
                  "Services" : [ {
                    "APIMethod" : "post",
                    "Characteristic" : "Services",
                    "Id" : "UserExtensionInterface",
                    "Name" : "GetCurrentUserExtensionProperties",
                    "Parameters" : { },
                    "RefreshInterval" : 0,
                    "Target" : "GetCurrentUserExtensionProperties"
                  } ]
                }
              },
              "DataBindings" : [ {
                "Id" : "b05488f0-c928-4539-8bca-f1992a0314df",
                "PropertyMaps" : [ {
                  "SourceProperty" : "",
                  "SourcePropertyBaseType" : "INFOTABLE",
                  "SourcePropertyType" : "InfoTable",
                  "TargetProperty" : "Data",
                  "TargetPropertyBaseType" : "INFOTABLE",
                  "TargetPropertyType" : "property"
                } ],
                "SourceArea" : "Data",
                "SourceDetails" : "AllData",
                "SourceId" : "GetLocalAreasforSmartKPIVisualization",
                "SourceSection" : "Things_KBSmartKPIHelperThing",
                "TargetArea" : "UI",
                "TargetId" : "ptcslist-9",
                "TargetSection" : ""
              }, {
                "Id" : "c6196303-1115-4329-916b-3a693f17dd70",
                "PropertyMaps" : [ {
                  "SourceProperty" : "",
                  "SourcePropertyBaseType" : "INFOTABLE",
                  "SourcePropertyType" : "InfoTable",
                  "TargetProperty" : "Data",
                  "TargetPropertyBaseType" : "INFOTABLE",
                  "TargetPropertyType" : "property"
                } ],
                "SourceArea" : "Data",
                "SourceDetails" : "AllData",
                "SourceId" : "GetLocalPlantsforSmartKPIVisualization",
                "SourceSection" : "Things_KBSmartKPIHelperThing",
                "TargetArea" : "UI",
                "TargetId" : "ptcslist-4",
                "TargetSection" : ""
              }, {
                "Id" : "3ff65362-60a8-4c20-b8cc-f3bf733bb255",
                "PropertyMaps" : [ {
                  "SourceProperty" : "ThingName",
                  "SourcePropertyBaseType" : "STRING",
                  "TargetProperty" : "KBPlantThing",
                  "TargetPropertyBaseType" : "THINGNAME",
                  "TargetPropertyType" : "Parameter"
                } ],
                "SourceArea" : "Data",
                "SourceDetails" : "SelectedRows",
                "SourceId" : "GetLocalPlantsforSmartKPIVisualization",
                "SourceSection" : "Things_KBSmartKPIHelperThing",
                "TargetArea" : "Data",
                "TargetId" : "GetLocalAreasforSmartKPIVisualization",
                "TargetSection" : "Things_KBSmartKPIHelperThing"
              }, {
                "Id" : "e18409fe-e5be-4877-8bc3-cdc1f7e97e74",
                "PropertyMaps" : [ {
                  "SourceProperty" : "ThingName",
                  "SourcePropertyBaseType" : "STRING",
                  "SourcePropertyType" : "Field",
                  "TargetProperty" : "AreaThing",
                  "TargetPropertyBaseType" : "STRING",
                  "TargetPropertyType" : "Parameter"
                } ],
                "SourceArea" : "Data",
                "SourceDetails" : "SelectedRows",
                "SourceId" : "GetLocalAreasforSmartKPIVisualization",
                "SourceSection" : "Things_KBSmartKPIHelperThing",
                "TargetArea" : "Data",
                "TargetId" : "GetLocalMachinesforSmartKPIVisualizationOEEDashboard",
                "TargetSection" : "Things_KBSmartKPIHelperThing"
              }, {
                "Id" : "8f9b6302-ee47-407e-8534-43956c0c7657",
                "PropertyMaps" : [ {
                  "SourceProperty" : "",
                  "SourcePropertyBaseType" : "INFOTABLE",
                  "SourcePropertyType" : "InfoTable",
                  "TargetProperty" : "Data",
                  "TargetPropertyBaseType" : "INFOTABLE",
                  "TargetPropertyType" : "property"
                } ],
                "SourceArea" : "Data",
                "SourceDetails" : "AllData",
                "SourceId" : "GetLocalMachinesforSmartKPIVisualizationOEEDashboard",
                "SourceSection" : "Things_KBSmartKPIHelperThing",
                "TargetArea" : "UI",
                "TargetId" : "ptcslist-13",
                "TargetSection" : ""
              }, {
                "Id" : "a8bc3042-4d46-4cb7-8ba0-365c751a27d0",
                "PropertyMaps" : [ {
                  "SourceProperty" : "ThingName",
                  "SourcePropertyBaseType" : "STRING",
                  "SourcePropertyType" : "Field",
                  "TargetProperty" : "MachineThingName",
                  "TargetPropertyBaseType" : "STRING",
                  "TargetPropertyType" : "property"
                } ],
                "SourceArea" : "Data",
                "SourceDetails" : "SelectedRows",
                "SourceId" : "GetLocalMachinesforSmartKPIVisualizationOEEDashboard",
                "SourceSection" : "Things_KBSmartKPIHelperThing",
                "TargetArea" : "UI",
                "TargetId" : "mashupcontainer-170",
                "TargetSection" : ""
              } ],
              "DesignTimePermissions" : { },
              "Events" : [ {
                "EventHandlerArea" : "Data",
                "EventHandlerId" : "Things_KBSmartKPIHelperThing",
                "EventHandlerService" : "GetLocalPlantsforSmartKPIVisualization",
                "EventTriggerArea" : "Mashup",
                "EventTriggerEvent" : "Loaded",
                "EventTriggerId" : "mashup-root",
                "EventTriggerSection" : "",
                "Id" : "c49e75a3-8c4d-4b6e-883c-c305ddd98df6"
              }, {
                "EventHandlerArea" : "Data",
                "EventHandlerId" : "Things_KBSmartKPIHelperThing",
                "EventHandlerService" : "GetLocalAreasforSmartKPIVisualization",
                "EventTriggerArea" : "Data",
                "EventTriggerEvent" : "SelectedRowsChanged",
                "EventTriggerId" : "GetLocalPlantsforSmartKPIVisualization",
                "EventTriggerSection" : "Things_KBSmartKPIHelperThing",
                "Id" : "b80e183e-5db7-4f2b-9202-406d9c06c96e"
              }, {
                "EventHandlerArea" : "Data",
                "EventHandlerId" : "Things_KBSmartKPIHelperThing",
                "EventHandlerService" : "GetLocalMachinesforSmartKPIVisualizationOEEDashboard",
                "EventTriggerArea" : "Data",
                "EventTriggerEvent" : "SelectedRowsChanged",
                "EventTriggerId" : "GetLocalAreasforSmartKPIVisualization",
                "EventTriggerSection" : "Things_KBSmartKPIHelperThing",
                "Id" : "7de99c02-8178-4ce2-a8e8-8ba23a59ee9b"
              } ],
              "Reminders" : [ ],
              "RunTimePermissions" : { },
              "UI" : {
                "Properties" : {
                  "AddToDashboardButton" : "SimplePlus",
                  "AddToDashboardButtonStyle" : "DefaultAddToDashboardButtonStyle",
                  "Area" : "Mashup",
                  "BGImage" : "",
                  "BGImageRepeat" : "no-repeat",
                  "BGImageSize" : "auto",
                  "Columns" : 0,
                  "ConfigureGadgetButton" : "SimpleGear",
                  "ConfigureGadgetButtonStyle" : "DefaultConfigureGadgetButtonStyle",
                  "DisplayName" : "Mashup",
                  "EnableParameterEditing" : false,
                  "Height" : 618,
                  "Id" : "mashup-root",
                  "IgnoreWarningsInViewMashup" : false,
                  "IsPrintLayout" : false,
                  "Left" : 0,
                  "Margin" : "5",
                  "MashupToEditGadget" : "DefaultMashupToEditGadget",
                  "Master" : "KBSmartProductionMaster1Mashup",
                  "MigratedOn" : "2023-07-10T13:26:42.000Z",
                  "MinHeight" : 0,
                  "MinWidth" : 0,
                  "ResponsiveLayout" : true,
                  "Rows" : 0,
                  "ShowDataLoading" : true,
                  "Style" : "DefaultMashupStyle",
                  "StyleProperties" : {
                    "data" : {
                      "flexcontainer-1" : {
                        "parts" : {
                          "$" : {
                            "$" : {
                              "background" : "transparent"
                            }
                          }
                        },
                        "widget" : "flexcontainer"
                      },
                      "flexcontainer-10" : {
                        "parts" : {
                          "$" : {
                            "$" : {
                              "background" : "transparent"
                            }
                          }
                        },
                        "widget" : "flexcontainer"
                      },
                      "flexcontainer-5" : {
                        "parts" : {
                          "$" : {
                            "$" : {
                              "background" : "transparent"
                            }
                          }
                        },
                        "widget" : "flexcontainer"
                      }
                    },
                    "meta" : {
                      "type" : "WidgetStyler",
                      "version" : "1.0"
                    }
                  },
                  "StyleTheme" : "KBStandardStyleTheme",
                  "Title" : "",
                  "TitleBar" : false,
                  "TitleBarStyle" : "DefaultTitleBarStyle",
                  "TitleBarText" : "Gadget Title Here",
                  "Top" : 0,
                  "Type" : "mashup",
                  "UseMasterTheme" : false,
                  "UseTheme" : false,
                  "Visible" : true,
                  "Width" : 1024,
                  "Z-index" : 10,
                  "__TypeDisplayName" : "Mashup",
                  "id_index" : 170,
                  "supportsAutoResize" : true
                },
                "Widgets" : [ {
                  "Properties" : {
                    "Area" : "UI",
                    "CollapseTabIcon" : "",
                    "DisplayName" : "container-1",
                    "EnableContainerUnload" : false,
                    "EnableExpandCollapse" : false,
                    "ExpandCollapseTabLocation" : "inside",
                    "ExpandTabIcon" : "",
                    "Expanded" : true,
                    "Id" : "flexcontainer-1",
                    "LastContainer" : true,
                    "LazyLoading" : false,
                    "Margin" : "",
                    "Overlay" : false,
                    "ResponsiveLayout" : true,
                    "ShowDataLoading" : true,
                    "ShowExpandCollapseTab" : false,
                    "SourceURL" : "",
                    "Style" : "DefaultContainerStyle",
                    "StyleProperties" : { },
                    "Type" : "flexcontainer",
                    "UseTheme" : true,
                    "Visible" : true,
                    "Z-index" : 10,
                    "__TypeDisplayName" : "Flex Container",
                    "align-content" : "flex-start",
                    "align-items" : "flex-start",
                    "flex-basis" : "auto",
                    "flex-direction" : "row",
                    "flex-grow" : 1,
                    "flex-max-height" : "",
                    "flex-max-width" : "",
                    "flex-min-height" : "",
                    "flex-min-width" : "",
                    "flex-shrink" : "0",
                    "flex-size" : "default",
                    "flex-wrap" : "nowrap",
                    "iconClass" : "widgets-flexcontainer",
                    "justify-content" : "flex-start",
                    "positioning" : "responsive",
                    "userCannotRemove" : true
                  },
                  "Widgets" : [ {
                    "Properties" : {
                      "Area" : "UI",
                      "CollapseTabIcon" : "",
                      "DisplayName" : "container-2",
                      "EnableContainerUnload" : false,
                      "EnableExpandCollapse" : true,
                      "ExpandCollapseTabLocation" : "outside",
                      "ExpandTabIcon" : "",
                      "Expanded" : true,
                      "Id" : "flexcontainer-2",
                      "LastContainer" : false,
                      "LazyLoading" : false,
                      "Margin" : "false 0 false false",
                      "Overlay" : false,
                      "ResponsiveLayout" : true,
                      "Scrolling" : "auto-scroll",
                      "ShowDataLoading" : true,
                      "ShowExpandCollapseTab" : false,
                      "SourceURL" : "",
                      "Style" : "DefaultContainerStyle",
                      "StyleProperties" : { },
                      "Type" : "flexcontainer",
                      "UseTheme" : true,
                      "Visible" : true,
                      "Z-index" : 10,
                      "__TypeDisplayName" : "Flex Container",
                      "align-content" : "flex-start",
                      "align-items" : "flex-start",
                      "flex-basis" : "auto",
                      "flex-direction" : "row",
                      "flex-grow" : 1,
                      "flex-max-height" : "",
                      "flex-max-width" : "65px",
                      "flex-min-height" : "",
                      "flex-min-width" : "65px",
                      "flex-shrink" : 1,
                      "flex-size" : "fixed",
                      "flex-wrap" : "nowrap",
                      "iconClass" : "widgets-flexcontainer-fixed",
                      "isLocked" : false,
                      "justify-content" : "flex-start",
                      "positioning" : "responsive",
                      "userCannotRemove" : false
                    },
                    "Widgets" : [ {
                      "Properties" : {
                        "Alignment" : "left",
                        "Area" : "UI",
                        "AutoSelectFirstRow" : true,
                        "ClearSelectedItemsLabel" : "[[clearSelectedItems]]",
                        "ClearSelectionItem" : false,
                        "ClearSelectionLabel" : "[[None]]",
                        "CriteriaMessage" : "",
                        "CriteriaMessageDetails" : "",
                        "Description" : "",
                        "Disabled" : false,
                        "DisplayField" : "DisplayName",
                        "DisplayName" : "PlantList",
                        "EnableToolTips" : true,
                        "FillContainer" : true,
                        "FilterHintText" : "[[filter]]",
                        "Height" : 170,
                        "HintText" : "",
                        "Id" : "ptcslist-4",
                        "ItemMeta" : {
                          "type" : "text"
                        },
                        "Label" : "",
                        "LabelAlignment" : "left",
                        "LastContainer" : false,
                        "Left" : 20,
                        "ListFormat_StateParameters" : [ ],
                        "Margin" : "5",
                        "MultiSelect" : false,
                        "NumberOfItemsInDropdownView" : 6,
                        "RequiredMessage" : "A selection is required",
                        "ResponsiveLayout" : true,
                        "RowHeight" : 28,
                        "SelectAllLabel" : "[[selectAll]]",
                        "ShowDataLoading" : false,
                        "ShowListFilter" : false,
                        "ShowValidationCriteria" : false,
                        "ShowValidationFailure" : false,
                        "ShowValidationSuccess" : false,
                        "SuccessMessage" : "",
                        "SuccessMessageDetails" : "",
                        "TabSequence" : 0,
                        "Top" : 75,
                        "Type" : "ptcslist",
                        "UseTheme" : true,
                        "ValidationCriteriaIcon" : "cds:icon_info",
                        "ValidationFailureIcon" : "cds:icon_error",
                        "ValidationState" : "undefined",
                        "ValidationSuccessIcon" : "cds:icon_success",
                        "ValueField" : "ThingName",
                        "ValueRequired" : false,
                        "Visible" : true,
                        "Width" : 110,
                        "Z-index" : 10,
                        "__TypeDisplayName" : "List"
                      },
                      "Widgets" : [ ]
                    } ]
                  }, {
                    "Properties" : {
                      "Area" : "UI",
                      "CollapseTabIcon" : "",
                      "DisplayName" : "container-3",
                      "EnableContainerUnload" : false,
                      "EnableExpandCollapse" : false,
                      "ExpandCollapseTabLocation" : "inside",
                      "ExpandTabIcon" : "",
                      "Expanded" : true,
                      "Id" : "flexcontainer-3",
                      "LastContainer" : false,
                      "LazyLoading" : false,
                      "Margin" : "0 0 0 0",
                      "Overlay" : false,
                      "ResponsiveLayout" : true,
                      "ShowDataLoading" : true,
                      "ShowExpandCollapseTab" : false,
                      "SourceURL" : "",
                      "Style" : "DefaultContainerStyle",
                      "StyleProperties" : { },
                      "Type" : "flexcontainer",
                      "UseTheme" : true,
                      "Visible" : true,
                      "Z-index" : 10,
                      "__TypeDisplayName" : "Flex Container",
                      "align-content" : "flex-start",
                      "align-items" : "flex-start",
                      "flex-basis" : "auto",
                      "flex-direction" : "row",
                      "flex-grow" : 1,
                      "flex-max-height" : "",
                      "flex-max-width" : "",
                      "flex-min-height" : "",
                      "flex-min-width" : "",
                      "flex-shrink" : "0",
                      "flex-size" : "fixed",
                      "flex-wrap" : "nowrap",
                      "iconClass" : "widgets-flexcontainer",
                      "isLocked" : true,
                      "justify-content" : "flex-start",
                      "positioning" : "responsive",
                      "userCannotRemove" : false
                    },
                    "Widgets" : [ {
                      "Properties" : {
                        "Area" : "UI",
                        "CollapseTabIcon" : "",
                        "DisplayName" : "container-5",
                        "EnableContainerUnload" : false,
                        "EnableExpandCollapse" : false,
                        "ExpandCollapseTabLocation" : "inside",
                        "ExpandTabIcon" : "",
                        "Expanded" : true,
                        "Id" : "flexcontainer-5",
                        "LastContainer" : true,
                        "LazyLoading" : false,
                        "Margin" : "",
                        "Overlay" : false,
                        "ResponsiveLayout" : true,
                        "ShowDataLoading" : true,
                        "ShowExpandCollapseTab" : false,
                        "SourceURL" : "",
                        "Style" : "DefaultContainerStyle",
                        "StyleProperties" : { },
                        "Type" : "flexcontainer",
                        "UseTheme" : true,
                        "Visible" : true,
                        "Z-index" : 10,
                        "__TypeDisplayName" : "Flex Container",
                        "align-content" : "flex-start",
                        "align-items" : "flex-start",
                        "flex-basis" : "auto",
                        "flex-direction" : "row",
                        "flex-grow" : 1,
                        "flex-max-height" : "",
                        "flex-max-width" : "",
                        "flex-min-height" : "",
                        "flex-min-width" : "",
                        "flex-shrink" : "0",
                        "flex-size" : "default",
                        "flex-wrap" : "nowrap",
                        "iconClass" : "widgets-flexcontainer",
                        "isLocked" : true,
                        "justify-content" : "flex-start",
                        "positioning" : "responsive",
                        "userCannotRemove" : false
                      },
                      "Widgets" : [ {
                        "Properties" : {
                          "Area" : "UI",
                          "CollapseTabIcon" : "",
                          "DisplayName" : "container-6",
                          "EnableContainerUnload" : false,
                          "EnableExpandCollapse" : true,
                          "ExpandCollapseTabLocation" : "outside",
                          "ExpandTabIcon" : "",
                          "Expanded" : true,
                          "Id" : "flexcontainer-6",
                          "LastContainer" : false,
                          "LazyLoading" : false,
                          "Margin" : "false 0 false false",
                          "Overlay" : false,
                          "ResponsiveLayout" : true,
                          "Scrolling" : "auto-scroll",
                          "ShowDataLoading" : true,
                          "ShowExpandCollapseTab" : false,
                          "SourceURL" : "",
                          "Style" : "DefaultContainerStyle",
                          "StyleProperties" : { },
                          "Type" : "flexcontainer",
                          "UseTheme" : true,
                          "Visible" : true,
                          "Z-index" : 10,
                          "__TypeDisplayName" : "Flex Container",
                          "align-content" : "flex-start",
                          "align-items" : "flex-start",
                          "flex-basis" : "auto",
                          "flex-direction" : "row",
                          "flex-grow" : 1,
                          "flex-max-height" : "",
                          "flex-max-width" : "100px",
                          "flex-min-height" : "",
                          "flex-min-width" : "100px",
                          "flex-shrink" : 1,
                          "flex-size" : "fixed",
                          "flex-wrap" : "nowrap",
                          "iconClass" : "widgets-flexcontainer-fixed",
                          "isLocked" : false,
                          "justify-content" : "flex-start",
                          "positioning" : "responsive",
                          "userCannotRemove" : false
                        },
                        "Widgets" : [ {
                          "Properties" : {
                            "Alignment" : "left",
                            "Area" : "UI",
                            "AutoSelectFirstRow" : true,
                            "ClearSelectedItemsLabel" : "[[clearSelectedItems]]",
                            "ClearSelectionItem" : false,
                            "ClearSelectionLabel" : "[[None]]",
                            "CriteriaMessage" : "",
                            "CriteriaMessageDetails" : "",
                            "Description" : "",
                            "Disabled" : false,
                            "DisplayField" : "DisplayName",
                            "DisplayName" : "AreaList",
                            "EnableToolTips" : true,
                            "FillContainer" : true,
                            "FilterHintText" : "[[filter]]",
                            "Height" : 170,
                            "HintText" : "",
                            "Id" : "ptcslist-9",
                            "ItemMeta" : {
                              "type" : "text"
                            },
                            "Label" : "",
                            "LabelAlignment" : "left",
                            "LastContainer" : false,
                            "Left" : 0,
                            "ListFormat_StateParameters" : [ ],
                            "Margin" : "5",
                            "MultiSelect" : false,
                            "NumberOfItemsInDropdownView" : 6,
                            "RequiredMessage" : "A selection is required",
                            "ResponsiveLayout" : true,
                            "RowHeight" : 28,
                            "SelectAllLabel" : "[[selectAll]]",
                            "ShowDataLoading" : false,
                            "ShowListFilter" : false,
                            "ShowValidationCriteria" : false,
                            "ShowValidationFailure" : false,
                            "ShowValidationSuccess" : false,
                            "SuccessMessage" : "",
                            "SuccessMessageDetails" : "",
                            "TabSequence" : 0,
                            "Top" : 0,
                            "Type" : "ptcslist",
                            "UseTheme" : true,
                            "ValidationCriteriaIcon" : "cds:icon_info",
                            "ValidationFailureIcon" : "cds:icon_error",
                            "ValidationState" : "undefined",
                            "ValidationSuccessIcon" : "cds:icon_success",
                            "ValueField" : "ThingName",
                            "ValueRequired" : false,
                            "Visible" : true,
                            "Width" : 110,
                            "Z-index" : 10,
                            "__TypeDisplayName" : "List"
                          },
                          "Widgets" : [ ]
                        } ]
                      }, {
                        "Properties" : {
                          "Area" : "UI",
                          "CollapseTabIcon" : "",
                          "DisplayName" : "container-7",
                          "EnableContainerUnload" : false,
                          "EnableExpandCollapse" : false,
                          "ExpandCollapseTabLocation" : "inside",
                          "ExpandTabIcon" : "",
                          "Expanded" : true,
                          "Id" : "flexcontainer-7",
                          "LastContainer" : false,
                          "LazyLoading" : false,
                          "Margin" : "false 0 false 0",
                          "Overlay" : false,
                          "ResponsiveLayout" : true,
                          "ShowDataLoading" : true,
                          "ShowExpandCollapseTab" : false,
                          "SourceURL" : "",
                          "Style" : "DefaultContainerStyle",
                          "StyleProperties" : { },
                          "Type" : "flexcontainer",
                          "UseTheme" : true,
                          "Visible" : true,
                          "Z-index" : 10,
                          "__TypeDisplayName" : "Flex Container",
                          "align-content" : "flex-start",
                          "align-items" : "flex-start",
                          "flex-basis" : "auto",
                          "flex-direction" : "row",
                          "flex-grow" : 1,
                          "flex-max-height" : "",
                          "flex-max-width" : "",
                          "flex-min-height" : "",
                          "flex-min-width" : "",
                          "flex-shrink" : "0",
                          "flex-size" : "fixed",
                          "flex-wrap" : "nowrap",
                          "iconClass" : "widgets-flexcontainer",
                          "isLocked" : true,
                          "justify-content" : "flex-start",
                          "positioning" : "responsive",
                          "userCannotRemove" : false
                        },
                        "Widgets" : [ {
                          "Properties" : {
                            "Area" : "UI",
                            "CollapseTabIcon" : "",
                            "DisplayName" : "container-10",
                            "EnableContainerUnload" : false,
                            "EnableExpandCollapse" : false,
                            "ExpandCollapseTabLocation" : "inside",
                            "ExpandTabIcon" : "",
                            "Expanded" : true,
                            "Id" : "flexcontainer-10",
                            "LastContainer" : true,
                            "LazyLoading" : false,
                            "Margin" : "",
                            "Overlay" : false,
                            "ResponsiveLayout" : true,
                            "ShowDataLoading" : true,
                            "ShowExpandCollapseTab" : false,
                            "SourceURL" : "",
                            "Style" : "DefaultContainerStyle",
                            "StyleProperties" : { },
                            "Type" : "flexcontainer",
                            "UseTheme" : true,
                            "Visible" : true,
                            "Z-index" : 10,
                            "__TypeDisplayName" : "Flex Container",
                            "align-content" : "flex-start",
                            "align-items" : "flex-start",
                            "flex-basis" : "auto",
                            "flex-direction" : "row",
                            "flex-grow" : 1,
                            "flex-max-height" : "",
                            "flex-max-width" : "",
                            "flex-min-height" : "",
                            "flex-min-width" : "",
                            "flex-shrink" : "0",
                            "flex-size" : "default",
                            "flex-wrap" : "nowrap",
                            "iconClass" : "widgets-flexcontainer",
                            "isLocked" : true,
                            "justify-content" : "flex-start",
                            "positioning" : "responsive",
                            "userCannotRemove" : false
                          },
                          "Widgets" : [ {
                            "Properties" : {
                              "Area" : "UI",
                              "CollapseTabIcon" : "",
                              "DisplayName" : "container-11",
                              "EnableContainerUnload" : false,
                              "EnableExpandCollapse" : true,
                              "ExpandCollapseTabLocation" : "outside",
                              "ExpandTabIcon" : "",
                              "Expanded" : true,
                              "Id" : "flexcontainer-11",
                              "LastContainer" : false,
                              "LazyLoading" : false,
                              "Margin" : "false 0 false false",
                              "Overlay" : false,
                              "ResponsiveLayout" : true,
                              "Scrolling" : "auto-scroll",
                              "ShowDataLoading" : true,
                              "ShowExpandCollapseTab" : false,
                              "SourceURL" : "",
                              "Style" : "DefaultContainerStyle",
                              "StyleProperties" : { },
                              "Type" : "flexcontainer",
                              "UseTheme" : true,
                              "Visible" : true,
                              "Z-index" : 10,
                              "__TypeDisplayName" : "Flex Container",
                              "align-content" : "flex-start",
                              "align-items" : "flex-start",
                              "flex-basis" : "auto",
                              "flex-direction" : "row",
                              "flex-grow" : 1,
                              "flex-max-height" : "",
                              "flex-max-width" : "140px",
                              "flex-min-height" : "",
                              "flex-min-width" : "140px",
                              "flex-shrink" : 1,
                              "flex-size" : "fixed",
                              "flex-wrap" : "nowrap",
                              "iconClass" : "widgets-flexcontainer-fixed",
                              "isLocked" : false,
                              "justify-content" : "flex-start",
                              "positioning" : "responsive",
                              "userCannotRemove" : false
                            },
                            "Widgets" : [ {
                              "Properties" : {
                                "Alignment" : "left",
                                "Area" : "UI",
                                "AutoSelectFirstRow" : true,
                                "ClearSelectedItemsLabel" : "[[clearSelectedItems]]",
                                "ClearSelectionItem" : false,
                                "ClearSelectionLabel" : "[[None]]",
                                "CriteriaMessage" : "",
                                "CriteriaMessageDetails" : "",
                                "Disabled" : false,
                                "DisplayField" : "DisplayName",
                                "DisplayName" : "MachineList",
                                "EnableToolTips" : true,
                                "FillContainer" : true,
                                "FilterHintText" : "[[filter]]",
                                "Height" : 170,
                                "HintText" : "",
                                "Id" : "ptcslist-13",
                                "ItemMeta" : {
                                  "type" : "text"
                                },
                                "Label" : "",
                                "LabelAlignment" : "left",
                                "LastContainer" : false,
                                "Left" : 20,
                                "ListFormat_StateParameters" : [ ],
                                "Margin" : "5",
                                "MultiSelect" : false,
                                "NumberOfItemsInDropdownView" : 6,
                                "RequiredMessage" : "A selection is required",
                                "ResponsiveLayout" : true,
                                "RowHeight" : 28,
                                "SelectAllLabel" : "[[selectAll]]",
                                "ShowDataLoading" : false,
                                "ShowListFilter" : false,
                                "ShowValidationCriteria" : false,
                                "ShowValidationFailure" : false,
                                "ShowValidationSuccess" : false,
                                "SuccessMessage" : "",
                                "SuccessMessageDetails" : "",
                                "TabSequence" : 0,
                                "Top" : 35,
                                "Type" : "ptcslist",
                                "UseTheme" : true,
                                "ValidationCriteriaIcon" : "cds:icon_info",
                                "ValidationFailureIcon" : "cds:icon_error",
                                "ValidationState" : "undefined",
                                "ValidationSuccessIcon" : "cds:icon_success",
                                "ValueField" : "ThingName",
                                "ValueRequired" : false,
                                "Visible" : true,
                                "Width" : 110,
                                "Z-index" : 10,
                                "__TypeDisplayName" : "List"
                              },
                              "Widgets" : [ ]
                            } ]
                          }, {
                            "Properties" : {
                              "Area" : "UI",
                              "CollapseTabIcon" : "",
                              "DisplayName" : "container-12",
                              "EnableContainerUnload" : false,
                              "EnableExpandCollapse" : false,
                              "ExpandCollapseTabLocation" : "inside",
                              "ExpandTabIcon" : "",
                              "Expanded" : true,
                              "Id" : "flexcontainer-12",
                              "LastContainer" : false,
                              "LazyLoading" : false,
                              "Margin" : "false 0 false 0",
                              "Overlay" : false,
                              "ResponsiveLayout" : true,
                              "ShowDataLoading" : true,
                              "ShowExpandCollapseTab" : false,
                              "SourceURL" : "",
                              "Style" : "DefaultContainerStyle",
                              "StyleProperties" : { },
                              "Type" : "flexcontainer",
                              "UseTheme" : true,
                              "Visible" : true,
                              "Z-index" : 10,
                              "__TypeDisplayName" : "Flex Container",
                              "align-content" : "flex-start",
                              "align-items" : "flex-start",
                              "flex-basis" : "auto",
                              "flex-direction" : "row",
                              "flex-grow" : 1,
                              "flex-max-height" : "",
                              "flex-max-width" : "",
                              "flex-min-height" : "",
                              "flex-min-width" : "",
                              "flex-shrink" : "0",
                              "flex-size" : "fixed",
                              "flex-wrap" : "nowrap",
                              "iconClass" : "widgets-flexcontainer",
                              "isLocked" : true,
                              "justify-content" : "flex-start",
                              "positioning" : "responsive",
                              "userCannotRemove" : false
                            },
                            "Widgets" : [ {
                              "Properties" : {
                                "Area" : "UI",
                                "DisplayName" : "mashupcontainer-170",
                                "Height" : 300,
                                "Id" : "mashupcontainer-170",
                                "LastContainer" : false,
                                "Left" : 415,
                                "MachineThingName" : "",
                                "Margin" : "5",
                                "MashupParameters" : [ {
                                  "BaseType" : "STRING",
                                  "DefaultValue" : "",
                                  "Description" : "",
                                  "ParameterName" : "MachineThingName",
                                  "ParmDef" : {
                                    "aspects" : { },
                                    "baseType" : "STRING",
                                    "description" : "",
                                    "name" : "MachineThingName",
                                    "ordinal" : 0
                                  }
                                } ],
                                "Name" : "KBLocalSmartKPIRailOEEMachineLevelMashup",
                                "ResponsiveLayout" : true,
                                "ShowDataLoading" : true,
                                "TabSequenceGroup" : 0,
                                "Top" : 145,
                                "Type" : "mashupcontainer",
                                "Visible" : true,
                                "Width" : 400,
                                "Z-index" : 10,
                                "__TypeDisplayName" : "Contained Mashup"
                              },
                              "Widgets" : [ ]
                            } ]
                          } ]
                        } ]
                      } ]
                    } ]
                  } ]
                } ]
              },
              "mashupType" : "mashup"
            }
            ]]>
            </mashupContent>
            <preview></preview>
        </Mashup>
    </Mashups>
</Entities>
