<?xml version="1.0" encoding="UTF-8"?>
<Entities
 majorVersion="9"
 minorVersion="3"
 universal="password">
    <Mashups>
        <Mashup
         aspect.isFlex="true"
         aspect.isResponsive="true"
         aspect.mashupType="mashup"
         columns="0.0"
         description=""
         documentationContent=""
         homeMashup=""
         name="KBLocalSmartKPIRailOEE3MachineLevelMashup"
         projectName="KBsmartKPI"
         rows="0.0"
         tags="KBThingWorxInstallationVocabulary:ExtensionSmartKPI">
            <avatar></avatar>
            <DesignTimePermissions>
                <Create></Create>
                <Read></Read>
                <Update></Update>
                <Delete></Delete>
                <Metadata></Metadata>
            </DesignTimePermissions>
            <RunTimePermissions>
                <Permissions
                 resourceName="*">
                    <PropertyRead>
                        <Principal
                         isPermitted="true"
                         name="KBUserGroup"
                         type="Group"></Principal>
                    </PropertyRead>
                    <PropertyWrite></PropertyWrite>
                    <ServiceInvoke>
                        <Principal
                         isPermitted="true"
                         name="KBUserGroup"
                         type="Group"></Principal>
                    </ServiceInvoke>
                    <EventInvoke></EventInvoke>
                    <EventSubscribe></EventSubscribe>
                </Permissions>
            </RunTimePermissions>
            <VisibilityPermissions>
                <Visibility>
                    <Principal
                     isPermitted="true"
                     name="KBOrganization"
                     type="Organization"></Principal>
                </Visibility>
            </VisibilityPermissions>
            <ConfigurationTableDefinitions></ConfigurationTableDefinitions>
            <ConfigurationTables>
                <ConfigurationTable
                 dataShapeName=""
                 description="Mashup Mobile Settings"
                 isHidden="true"
                 isMultiRow="false"
                 name="MobileSettings"
                 ordinal="0">
                    <DataShape>
                        <FieldDefinitions>
                            <FieldDefinition
                             aspect.defaultValue="false"
                             aspect.friendlyName="Disable Zoom"
                             baseType="BOOLEAN"
                             description="Disables zooming in and out within the mashup"
                             name="disableZoom"
                             ordinal="0"></FieldDefinition>
                            <FieldDefinition
                             aspect.defaultValue="true"
                             aspect.friendlyName="Full Screen Mode"
                             baseType="BOOLEAN"
                             description="Open the mashup in full screen mode"
                             name="fullScreenMode"
                             ordinal="0"></FieldDefinition>
                            <FieldDefinition
                             aspect.friendlyName="Height"
                             baseType="STRING"
                             description="The height of the mashup page"
                             name="height"
                             ordinal="0"></FieldDefinition>
                            <FieldDefinition
                             aspect.defaultValue="device-height"
                             aspect.friendlyName="Height Type"
                             baseType="STRING"
                             description="Use the height of the device display, or a custom height (in px)"
                             name="heightType"
                             ordinal="0"></FieldDefinition>
                            <FieldDefinition
                             aspect.defaultValue="1.0"
                             aspect.friendlyName="Initial Scale"
                             baseType="NUMBER"
                             description="The initial zoom scale when the mashup is loaded for the first time"
                             name="initialScale"
                             ordinal="0"></FieldDefinition>
                            <FieldDefinition
                             aspect.friendlyName="Shortcut Icon Title"
                             baseType="STRING"
                             description="A title for the mashup shortcut on the iOS home screen"
                             name="iosShortcutIconTitle"
                             ordinal="0"></FieldDefinition>
                            <FieldDefinition
                             aspect.defaultValue="black-translucent"
                             aspect.friendlyName="Status Bar Appearance"
                             baseType="STRING"
                             description="The style of the iOS status bar"
                             name="iosStatusBarAppearance"
                             ordinal="0"></FieldDefinition>
                            <FieldDefinition
                             aspect.defaultValue="10.0"
                             aspect.friendlyName="Maximum Scale"
                             baseType="NUMBER"
                             description="The maximum scale that users can zoom out to"
                             name="maximumScale"
                             ordinal="0"></FieldDefinition>
                            <FieldDefinition
                             aspect.defaultValue="0.1"
                             aspect.friendlyName="Minimum Scale"
                             baseType="NUMBER"
                             description="The minimum scale that users can zoom out to"
                             name="minimumScale"
                             ordinal="0"></FieldDefinition>
                            <FieldDefinition
                             aspect.friendlyName="Width"
                             baseType="STRING"
                             description="The width of the mashup page"
                             name="width"
                             ordinal="0"></FieldDefinition>
                            <FieldDefinition
                             aspect.defaultValue="device-width"
                             aspect.friendlyName="Width Type"
                             baseType="STRING"
                             description="Use the width of the device display, or a custom width (in px)"
                             name="widthType"
                             ordinal="0"></FieldDefinition>
                        </FieldDefinitions>
                    </DataShape>
                    <Rows>
                        <Row>
                            <disableZoom>false</disableZoom>
                            <fullScreenMode>true</fullScreenMode>
                            <height></height>
                            <heightType>
                            <![CDATA[
                            device-height
                            ]]>
                            </heightType>
                            <initialScale>1.0</initialScale>
                            <iosShortcutIconTitle></iosShortcutIconTitle>
                            <iosStatusBarAppearance>
                            <![CDATA[
                            black-translucent
                            ]]>
                            </iosStatusBarAppearance>
                            <maximumScale>10.0</maximumScale>
                            <minimumScale>0.1</minimumScale>
                            <width></width>
                            <widthType>
                            <![CDATA[
                            device-width
                            ]]>
                            </widthType>
                        </Row>
                    </Rows>
                </ConfigurationTable>
            </ConfigurationTables>
            <ParameterDefinitions>
                <FieldDefinition
                 baseType="STRING"
                 description=""
                 name="CalculationBase"
                 ordinal="0"></FieldDefinition>
                <FieldDefinition
                 baseType="DATETIME"
                 description=""
                 name="EndTime"
                 ordinal="0"></FieldDefinition>
                <FieldDefinition
                 baseType="STRING"
                 description=""
                 name="KPIType"
                 ordinal="0"></FieldDefinition>
                <FieldDefinition
                 baseType="STRING"
                 description=""
                 name="MachineThingName"
                 ordinal="0"></FieldDefinition>
                <FieldDefinition
                 baseType="DATETIME"
                 description=""
                 name="StartTime"
                 ordinal="0"></FieldDefinition>
            </ParameterDefinitions>
            <Things></Things>
            <ThingShapes></ThingShapes>
            <ThingTemplates></ThingTemplates>
            <mashupContent>
            <![CDATA[
            {
              "CustomMashupCss" : "",
              "Data" : {
                "DynamicThingTemplates_KBKPILocalThingWorxDatabaseTemplate" : {
                  "DataName" : "DynamicThingTemplates_KBKPILocalThingWorxDatabaseTemplate",
                  "EntityName" : "KBKPILocalThingWorxDatabaseTemplate",
                  "EntityType" : "DynamicThingTemplates",
                  "Id" : "ad267ea0-4c21-4f96-998c-9af751018da8",
                  "Services" : [ {
                    "APIMethod" : "post",
                    "Characteristic" : "Services",
                    "Id" : "fc96ac06-2c52-485b-864d-5221ad774142",
                    "Name" : "GetProductiveTimeForParetoInHours",
                    "Parameters" : { },
                    "RefreshInterval" : 0,
                    "Target" : "GetProductiveTimeForParetoInHours"
                  } ]
                },
                "DynamicThingTemplates_KBLocalMachineThingTemplate" : {
                  "DataName" : "DynamicThingTemplates_KBLocalMachineThingTemplate",
                  "EntityName" : "KBLocalMachineThingTemplate",
                  "EntityType" : "DynamicThingTemplates",
                  "Id" : "3c67ffbb-ea7b-4b3b-ac92-d832416c3810",
                  "Services" : [ {
                    "APIMethod" : "post",
                    "Characteristic" : "Services",
                    "Id" : "806de0df-ea44-496a-87d9-09cbfb6a62f9",
                    "Name" : "GetStringPropertyValue",
                    "Parameters" : {
                      "propertyName" : "SAPWorkcenterNumber"
                    },
                    "RefreshInterval" : 0,
                    "Target" : "GetStringPropertyValue"
                  }, {
                    "APIMethod" : "post",
                    "Characteristic" : "Services",
                    "Id" : "206fd497-c96d-411b-ac4c-13b8ebb710b5",
                    "Name" : "GetStringPropertyValue1",
                    "Parameters" : {
                      "propertyName" : "MainStationForLineStatus"
                    },
                    "RefreshInterval" : 0,
                    "Target" : "GetStringPropertyValue"
                  } ]
                },
                "Resources_KBThingWorxServerSystem" : {
                  "DataName" : "Resources_KBThingWorxServerSystem",
                  "EntityName" : "KBThingWorxServerSystem",
                  "EntityType" : "Resources",
                  "Id" : "2b4d777f-b302-4a1f-bf4f-1b6e73430ec2",
                  "Services" : [ {
                    "APIMethod" : "post",
                    "Characteristic" : "Services",
                    "Id" : "08533e2a-f85c-4728-873f-a82c9bb20276",
                    "Name" : "GetKPILocalThingWorxDatabaseThing",
                    "Parameters" : { },
                    "RefreshInterval" : 0,
                    "Target" : "GetKPILocalThingWorxDatabaseThing"
                  }, {
                    "APIMethod" : "post",
                    "Characteristic" : "Services",
                    "Id" : "3275d2b9-cf2a-47b4-b576-bf43d0fe1f44",
                    "Name" : "GetLocationIdentifier",
                    "Parameters" : { },
                    "RefreshInterval" : 0,
                    "Target" : "GetLocationIdentifier"
                  } ]
                },
                "Session" : {
                  "DataName" : "Session",
                  "EntityName" : "",
                  "EntityType" : "Session",
                  "Id" : "session",
                  "Services" : [ {
                    "APIMethod" : "post",
                    "Characteristic" : "Services",
                    "Id" : "SessionInterface",
                    "Name" : "GetGlobalSessionValues",
                    "Parameters" : { },
                    "RefreshInterval" : 0,
                    "Target" : "GetGlobalSessionValues"
                  } ]
                },
                "UserExtensions" : {
                  "DataName" : "UserExtensions",
                  "EntityName" : "",
                  "EntityType" : "UserExtensions",
                  "Id" : "UserExtensions",
                  "Services" : [ {
                    "APIMethod" : "post",
                    "Characteristic" : "Services",
                    "Id" : "UserExtensionInterface",
                    "Name" : "GetCurrentUserExtensionProperties",
                    "Parameters" : { },
                    "RefreshInterval" : 0,
                    "Target" : "GetCurrentUserExtensionProperties"
                  } ]
                }
              },
              "DataBindings" : [ {
                "Id" : "a92feff0-ff50-48e4-8e6f-97af40090941",
                "PropertyMaps" : [ {
                  "SourceProperty" : "Result",
                  "SourcePropertyBaseType" : "STRING",
                  "TargetProperty" : "value",
                  "TargetPropertyBaseType" : "THINGNAME",
                  "TargetPropertyType" : "Entity"
                } ],
                "SourceArea" : "Data",
                "SourceDetails" : "AllData",
                "SourceId" : "GetKPILocalThingWorxDatabaseThing",
                "SourceSection" : "Resources_KBThingWorxServerSystem",
                "TargetArea" : "Data",
                "TargetId" : "EntityName",
                "TargetSection" : "DynamicThingTemplates_KBKPILocalThingWorxDatabaseTemplate"
              }, {
                "Id" : "8c4406f2-2b7f-4496-9b5a-2299e0b2f55a",
                "PropertyMaps" : [ {
                  "SourceProperty" : "StartTime",
                  "SourcePropertyBaseType" : "DATETIME",
                  "TargetProperty" : "StartDateTime",
                  "TargetPropertyBaseType" : "DATETIME",
                  "TargetPropertyType" : "Parameter"
                } ],
                "SourceArea" : "Mashup",
                "SourceId" : "mashup-root",
                "SourceSection" : "",
                "TargetArea" : "Data",
                "TargetId" : "GetProductiveTimeForParetoInHours",
                "TargetSection" : "DynamicThingTemplates_KBKPILocalThingWorxDatabaseTemplate"
              }, {
                "Id" : "0eaade87-c315-4c65-b954-5f90af6709a3",
                "PropertyMaps" : [ {
                  "SourceProperty" : "EndTime",
                  "SourcePropertyBaseType" : "DATETIME",
                  "TargetProperty" : "EndDateTime",
                  "TargetPropertyBaseType" : "DATETIME",
                  "TargetPropertyType" : "Parameter"
                } ],
                "SourceArea" : "Mashup",
                "SourceId" : "mashup-root",
                "SourceSection" : "",
                "TargetArea" : "Data",
                "TargetId" : "GetProductiveTimeForParetoInHours",
                "TargetSection" : "DynamicThingTemplates_KBKPILocalThingWorxDatabaseTemplate"
              }, {
                "Id" : "2a0c0364-fb13-4b6c-9c7e-ec64bf3c7880",
                "PropertyMaps" : [ {
                  "SourceProperty" : "Result",
                  "SourcePropertyBaseType" : "STRING",
                  "SourcePropertyType" : "Field",
                  "TargetProperty" : "location",
                  "TargetPropertyBaseType" : "STRING",
                  "TargetPropertyType" : "property"
                } ],
                "SourceArea" : "Data",
                "SourceDetails" : "AllData",
                "SourceId" : "GetLocationIdentifier",
                "SourceSection" : "Resources_KBThingWorxServerSystem",
                "TargetArea" : "UI",
                "TargetId" : "expression2-32",
                "TargetSection" : ""
              }, {
                "Id" : "42fc2831-4175-480b-b050-8294e6a19eac",
                "PropertyMaps" : [ {
                  "SourceProperty" : "Output",
                  "SourcePropertyBaseType" : "STRING",
                  "TargetProperty" : "StatusType",
                  "TargetPropertyBaseType" : "STRING",
                  "TargetPropertyType" : "Parameter"
                } ],
                "SourceArea" : "UI",
                "SourceId" : "expression2-32",
                "SourceSection" : "",
                "TargetArea" : "Data",
                "TargetId" : "GetProductiveTimeForParetoInHours",
                "TargetSection" : "DynamicThingTemplates_KBKPILocalThingWorxDatabaseTemplate"
              }, {
                "Id" : "7c6337b0-a7aa-4c34-9881-566ba834a18d",
                "PropertyMaps" : [ {
                  "SourceProperty" : "State",
                  "SourcePropertyBaseType" : "BOOLEAN",
                  "TargetProperty" : "HideProductiveState",
                  "TargetPropertyBaseType" : "BOOLEAN",
                  "TargetPropertyType" : "Parameter"
                } ],
                "SourceArea" : "UI",
                "SourceId" : "ptcscheckbox-28",
                "SourceSection" : "",
                "TargetArea" : "Data",
                "TargetId" : "GetProductiveTimeForParetoInHours",
                "TargetSection" : "DynamicThingTemplates_KBKPILocalThingWorxDatabaseTemplate"
              }, {
                "Id" : "a0da040b-a7c5-4741-94f4-e41220d630aa",
                "PropertyMaps" : [ {
                  "SourceProperty" : "State",
                  "SourcePropertyBaseType" : "BOOLEAN",
                  "TargetProperty" : "UseSubStatus",
                  "TargetPropertyBaseType" : "BOOLEAN",
                  "TargetPropertyType" : "Parameter"
                } ],
                "SourceArea" : "UI",
                "SourceId" : "ptcscheckbox-29",
                "SourceSection" : "",
                "TargetArea" : "Data",
                "TargetId" : "GetProductiveTimeForParetoInHours",
                "TargetSection" : "DynamicThingTemplates_KBKPILocalThingWorxDatabaseTemplate"
              }, {
                "Id" : "0ac994ee-ef29-40d1-a4dd-a1284f4a8116",
                "PropertyMaps" : [ {
                  "SourceProperty" : "",
                  "SourcePropertyBaseType" : "INFOTABLE",
                  "SourcePropertyType" : "InfoTable",
                  "TargetProperty" : "Data",
                  "TargetPropertyBaseType" : "INFOTABLE",
                  "TargetPropertyType" : "property"
                } ],
                "SourceArea" : "Data",
                "SourceDetails" : "AllData",
                "SourceId" : "GetProductiveTimeForParetoInHours",
                "SourceSection" : "DynamicThingTemplates_KBKPILocalThingWorxDatabaseTemplate",
                "TargetArea" : "UI",
                "TargetId" : "ptcschartbar-21",
                "TargetSection" : ""
              }, {
                "Id" : "868927c2-1a7e-43cb-8ac4-8c6d79756a4a",
                "PropertyMaps" : [ {
                  "SourceProperty" : "Output",
                  "SourcePropertyBaseType" : "STRING",
                  "SourcePropertyType" : "Property",
                  "TargetProperty" : "LabelText",
                  "TargetPropertyBaseType" : "STRING",
                  "TargetPropertyType" : "property"
                } ],
                "SourceArea" : "UI",
                "SourceId" : "expression2-32",
                "SourceSection" : "",
                "TargetArea" : "UI",
                "TargetId" : "ptcslabel-30",
                "TargetSection" : ""
              }, {
                "Id" : "86b9dba3-e5a2-4d89-a8b8-ea6615a58f8f",
                "PropertyMaps" : [ {
                  "SourceProperty" : "MachineThingName",
                  "SourcePropertyBaseType" : "STRING",
                  "TargetProperty" : "value",
                  "TargetPropertyBaseType" : "THINGNAME",
                  "TargetPropertyType" : "Entity"
                } ],
                "SourceArea" : "Mashup",
                "SourceId" : "mashup-root",
                "SourceSection" : "",
                "TargetArea" : "Data",
                "TargetId" : "EntityName",
                "TargetSection" : "DynamicThingTemplates_KBLocalMachineThingTemplate"
              }, {
                "Id" : "9049c613-0fce-4ec3-b746-d5306f66135e",
                "PropertyMaps" : [ {
                  "SourceProperty" : "Output",
                  "SourcePropertyBaseType" : "STRING",
                  "TargetProperty" : "Machine",
                  "TargetPropertyBaseType" : "STRING",
                  "TargetPropertyType" : "Parameter"
                } ],
                "SourceArea" : "UI",
                "SourceId" : "expression2-33",
                "SourceSection" : "",
                "TargetArea" : "Data",
                "TargetId" : "GetProductiveTimeForParetoInHours",
                "TargetSection" : "DynamicThingTemplates_KBKPILocalThingWorxDatabaseTemplate"
              }, {
                "Id" : "f5efb13b-b98d-431e-852a-62fb73ce2ae0",
                "PropertyMaps" : [ {
                  "SourceProperty" : "result",
                  "SourcePropertyBaseType" : "STRING",
                  "SourcePropertyType" : "Field",
                  "TargetProperty" : "SAPWorkcenterNumber",
                  "TargetPropertyBaseType" : "STRING",
                  "TargetPropertyType" : "property"
                } ],
                "SourceArea" : "Data",
                "SourceDetails" : "AllData",
                "SourceId" : "GetStringPropertyValue",
                "SourceSection" : "DynamicThingTemplates_KBLocalMachineThingTemplate",
                "TargetArea" : "UI",
                "TargetId" : "expression2-33",
                "TargetSection" : ""
              }, {
                "Id" : "5b32eae2-fe57-4cc6-8448-f054ed164361",
                "PropertyMaps" : [ {
                  "SourceProperty" : "Result",
                  "SourcePropertyBaseType" : "STRING",
                  "SourcePropertyType" : "Field",
                  "TargetProperty" : "location",
                  "TargetPropertyBaseType" : "STRING",
                  "TargetPropertyType" : "property"
                } ],
                "SourceArea" : "Data",
                "SourceDetails" : "AllData",
                "SourceId" : "GetLocationIdentifier",
                "SourceSection" : "Resources_KBThingWorxServerSystem",
                "TargetArea" : "UI",
                "TargetId" : "expression2-33",
                "TargetSection" : ""
              }, {
                "Id" : "bf139014-ce54-4a66-b1e1-3821dc5ef341",
                "PropertyMaps" : [ {
                  "SourceProperty" : "result",
                  "SourcePropertyBaseType" : "STRING",
                  "SourcePropertyType" : "Field",
                  "TargetProperty" : "MachineThingName",
                  "TargetPropertyBaseType" : "STRING",
                  "TargetPropertyType" : "property"
                } ],
                "SourceArea" : "Data",
                "SourceDetails" : "AllData",
                "SourceId" : "GetStringPropertyValue1",
                "SourceSection" : "DynamicThingTemplates_KBLocalMachineThingTemplate",
                "TargetArea" : "UI",
                "TargetId" : "expression2-33",
                "TargetSection" : ""
              } ],
              "DesignTimePermissions" : { },
              "Events" : [ {
                "EventHandlerArea" : "Data",
                "EventHandlerId" : "Resources_KBThingWorxServerSystem",
                "EventHandlerService" : "GetKPILocalThingWorxDatabaseThing",
                "EventTriggerArea" : "Mashup",
                "EventTriggerEvent" : "Loaded",
                "EventTriggerId" : "mashup-root",
                "EventTriggerSection" : "",
                "Id" : "5a08457f-7ce2-46dc-b31a-05a3fb358bdc"
              }, {
                "EventHandlerArea" : "Data",
                "EventHandlerId" : "Resources_KBThingWorxServerSystem",
                "EventHandlerService" : "GetKPILocalThingWorxDatabaseThing",
                "EventTriggerArea" : "Mashup",
                "EventTriggerEvent" : "RefreshRequested",
                "EventTriggerId" : "mashup-root",
                "EventTriggerSection" : "",
                "Id" : "996bacc6-8b5d-4d37-9760-adfaedece98e"
              }, {
                "EventHandlerArea" : "Data",
                "EventHandlerId" : "Resources_KBThingWorxServerSystem",
                "EventHandlerService" : "GetKPILocalThingWorxDatabaseThing",
                "EventTriggerArea" : "Mashup",
                "EventTriggerEvent" : "MachineThingNameChanged",
                "EventTriggerId" : "mashup-root",
                "EventTriggerSection" : "",
                "Id" : "6016a053-0190-421f-bdd0-7752eda04e25"
              }, {
                "EventHandlerArea" : "Data",
                "EventHandlerId" : "Resources_KBThingWorxServerSystem",
                "EventHandlerService" : "GetKPILocalThingWorxDatabaseThing",
                "EventTriggerArea" : "Mashup",
                "EventTriggerEvent" : "CalculationBaseChanged",
                "EventTriggerId" : "mashup-root",
                "EventTriggerSection" : "",
                "Id" : "9e812883-f79b-49e4-8f7a-a29cc9f56047"
              }, {
                "EventHandlerArea" : "Data",
                "EventHandlerId" : "Resources_KBThingWorxServerSystem",
                "EventHandlerService" : "GetKPILocalThingWorxDatabaseThing",
                "EventTriggerArea" : "Mashup",
                "EventTriggerEvent" : "StartTimeChanged",
                "EventTriggerId" : "mashup-root",
                "EventTriggerSection" : "",
                "Id" : "00117567-77da-4d83-a768-6f633338fbe9"
              }, {
                "EventHandlerArea" : "Data",
                "EventHandlerId" : "Resources_KBThingWorxServerSystem",
                "EventHandlerService" : "GetKPILocalThingWorxDatabaseThing",
                "EventTriggerArea" : "Mashup",
                "EventTriggerEvent" : "EndTimeChanged",
                "EventTriggerId" : "mashup-root",
                "EventTriggerSection" : "",
                "Id" : "181827f8-1c52-4d32-8a30-70027d61d74b"
              }, {
                "EventHandlerArea" : "Data",
                "EventHandlerId" : "Resources_KBThingWorxServerSystem",
                "EventHandlerService" : "GetKPILocalThingWorxDatabaseThing",
                "EventTriggerArea" : "Mashup",
                "EventTriggerEvent" : "KPITypeChanged",
                "EventTriggerId" : "mashup-root",
                "EventTriggerSection" : "",
                "Id" : "30dffba4-a7bd-42cb-839c-0f8224e3c317"
              }, {
                "EventHandlerArea" : "Data",
                "EventHandlerId" : "Resources_KBThingWorxServerSystem",
                "EventHandlerService" : "GetLocationIdentifier",
                "EventTriggerArea" : "Data",
                "EventTriggerEvent" : "ServiceInvokeCompleted",
                "EventTriggerId" : "GetKPILocalThingWorxDatabaseThing",
                "EventTriggerSection" : "Resources_KBThingWorxServerSystem",
                "Id" : "4e7a572d-21cb-4d40-82bd-7e7a8b4319bb"
              }, {
                "EventHandlerArea" : "UI",
                "EventHandlerId" : "expression2-32",
                "EventHandlerService" : "Evaluate",
                "EventTriggerArea" : "Data",
                "EventTriggerEvent" : "ServiceInvokeCompleted",
                "EventTriggerId" : "GetLocationIdentifier",
                "EventTriggerSection" : "Resources_KBThingWorxServerSystem",
                "Id" : "125b7303-2c2e-4dcd-9fa4-3207d4d673a4"
              }, {
                "EventHandlerArea" : "Data",
                "EventHandlerId" : "DynamicThingTemplates_KBKPILocalThingWorxDatabaseTemplate",
                "EventHandlerService" : "GetProductiveTimeForParetoInHours",
                "EventTriggerArea" : "UI",
                "EventTriggerEvent" : "Changed",
                "EventTriggerId" : "ptcscheckbox-28",
                "EventTriggerSection" : "",
                "Id" : "3a8c5e67-0094-42c1-b725-a041cc7d4adc"
              }, {
                "EventHandlerArea" : "Data",
                "EventHandlerId" : "DynamicThingTemplates_KBKPILocalThingWorxDatabaseTemplate",
                "EventHandlerService" : "GetProductiveTimeForParetoInHours",
                "EventTriggerArea" : "UI",
                "EventTriggerEvent" : "Changed",
                "EventTriggerId" : "ptcscheckbox-29",
                "EventTriggerSection" : "",
                "Id" : "2d734af3-8b67-4840-a636-85c0ca0e7b51"
              }, {
                "EventHandlerArea" : "Data",
                "EventHandlerId" : "DynamicThingTemplates_KBKPILocalThingWorxDatabaseTemplate",
                "EventHandlerService" : "GetProductiveTimeForParetoInHours",
                "EventTriggerArea" : "UI",
                "EventTriggerEvent" : "Changed",
                "EventTriggerId" : "expression2-33",
                "EventTriggerSection" : "",
                "Id" : "7ff7ab55-e1bb-4f72-976b-c3d92f9388ff"
              }, {
                "EventHandlerArea" : "Data",
                "EventHandlerId" : "DynamicThingTemplates_KBLocalMachineThingTemplate",
                "EventHandlerService" : "GetStringPropertyValue",
                "EventTriggerArea" : "UI",
                "EventTriggerEvent" : "Changed",
                "EventTriggerId" : "expression2-32",
                "EventTriggerSection" : "",
                "Id" : "a7f7f896-2df4-4da4-a1d5-d0468051074e"
              }, {
                "EventHandlerArea" : "Data",
                "EventHandlerId" : "DynamicThingTemplates_KBLocalMachineThingTemplate",
                "EventHandlerService" : "GetStringPropertyValue1",
                "EventTriggerArea" : "Data",
                "EventTriggerEvent" : "ServiceInvokeCompleted",
                "EventTriggerId" : "GetStringPropertyValue",
                "EventTriggerSection" : "DynamicThingTemplates_KBLocalMachineThingTemplate",
                "Id" : "4c90e1f1-a2ec-4a5b-ba0f-2a35e2b8c96d"
              }, {
                "EventHandlerArea" : "UI",
                "EventHandlerId" : "expression2-33",
                "EventHandlerService" : "Evaluate",
                "EventTriggerArea" : "Data",
                "EventTriggerEvent" : "ServiceInvokeCompleted",
                "EventTriggerId" : "GetStringPropertyValue1",
                "EventTriggerSection" : "DynamicThingTemplates_KBLocalMachineThingTemplate",
                "Id" : "c28f1d08-8d24-458c-bc29-4926e063ab70"
              } ],
              "Reminders" : [ ],
              "RunTimePermissions" : { },
              "UI" : {
                "Properties" : {
                  "AddToDashboardButton" : "SimplePlus",
                  "AddToDashboardButtonStyle" : "DefaultAddToDashboardButtonStyle",
                  "Area" : "Mashup",
                  "BGImage" : "",
                  "BGImageRepeat" : "no-repeat",
                  "BGImageSize" : "auto",
                  "CalculationBase" : "",
                  "Columns" : 0,
                  "ConfigureGadgetButton" : "SimpleGear",
                  "ConfigureGadgetButtonStyle" : "DefaultConfigureGadgetButtonStyle",
                  "DisplayName" : "Mashup",
                  "EnableParameterEditing" : false,
                  "Height" : 618,
                  "Id" : "mashup-root",
                  "IgnoreWarningsInViewMashup" : false,
                  "IsPrintLayout" : false,
                  "Left" : 0,
                  "MachineThingName" : "-nothing-",
                  "Margin" : "5",
                  "MashupToEditGadget" : "DefaultMashupToEditGadget",
                  "MigratedOn" : "2023-07-10T12:40:15.000Z",
                  "MinHeight" : 0,
                  "MinWidth" : 0,
                  "ResponsiveLayout" : true,
                  "Rows" : 0,
                  "ShowDataLoading" : true,
                  "Style" : "DefaultMashupStyle",
                  "StyleProperties" : {
                    "data" : {
                      "flexcontainer-23" : {
                        "parts" : {
                          "$" : {
                            "$" : {
                              "background" : "transparent"
                            }
                          }
                        },
                        "widget" : "flex-container"
                      },
                      "flexcontainer-24" : {
                        "parts" : {
                          "$" : {
                            "$" : {
                              "border-color" : "rgba(192,192,192,1)",
                              "border-style" : "solid",
                              "border-width" : "1px"
                            }
                          }
                        },
                        "widget" : "flex-container"
                      },
                      "ptcschartbar-21" : {
                        "parts" : {
                          "chart-layout" : {
                            "$" : {
                              "padding-bottom" : "0px",
                              "padding-left" : "0px",
                              "padding-right" : "18px",
                              "padding-top" : "0px"
                            }
                          },
                          "xaxis-tick-label" : {
                            "$" : {
                              "font-size" : "11px"
                            }
                          },
                          "yaxis-label" : {
                            "$" : {
                              "font-size" : "11px"
                            }
                          },
                          "yaxis-tick-label" : {
                            "$" : {
                              "font-size" : "11px"
                            }
                          },
                          "yaxis2-label" : {
                            "$" : {
                              "font-size" : "11px"
                            }
                          },
                          "yaxis2-tick-label" : {
                            "$" : {
                              "font-size" : "11px"
                            }
                          }
                        },
                        "widget" : "ptcs-chart-bar"
                      },
                      "ptcscheckbox-28" : {
                        "parts" : {
                          "box" : {
                            "pressed" : {
                              "border-color" : "inherit"
                            }
                          },
                          "label" : {
                            "selected" : {
                              "font-size" : "11px"
                            },
                            "unselected" : {
                              "font-size" : "11px"
                            }
                          }
                        },
                        "widget" : "ptcs-checkbox"
                      },
                      "ptcscheckbox-29" : {
                        "parts" : {
                          "label" : {
                            "selected" : {
                              "font-size" : "11px"
                            },
                            "unselected" : {
                              "font-size" : "11px"
                            }
                          }
                        },
                        "widget" : "ptcs-checkbox"
                      },
                      "ptcslabel-30" : {
                        "parts" : {
                          "$" : {
                            "$" : {
                              "font-size" : "11px",
                              "font-weight" : "700"
                            }
                          }
                        },
                        "widget" : "ptcs-label"
                      }
                    },
                    "meta" : {
                      "type" : "WidgetStyler",
                      "version" : "1.0"
                    }
                  },
                  "StyleTheme" : "KBStandardStyleTheme",
                  "Title" : "",
                  "TitleBar" : false,
                  "TitleBarStyle" : "DefaultTitleBarStyle",
                  "TitleBarText" : "Gadget Title Here",
                  "Top" : 0,
                  "Type" : "mashup",
                  "UseMasterTheme" : false,
                  "UseTheme" : false,
                  "Visible" : true,
                  "Width" : 1024,
                  "Z-index" : 10,
                  "__TypeDisplayName" : "Mashup",
                  "_currentParameterDefs" : [ {
                    "BaseType" : "STRING",
                    "DefaultValue" : "-nothing-",
                    "Description" : "",
                    "ParameterName" : "MachineThingName"
                  }, {
                    "BaseType" : "STRING",
                    "DefaultValue" : "",
                    "Description" : "",
                    "ParameterName" : "CalculationBase"
                  }, {
                    "BaseType" : "DATETIME",
                    "Description" : "",
                    "ParameterName" : "StartTime"
                  }, {
                    "BaseType" : "DATETIME",
                    "Description" : "",
                    "ParameterName" : "EndTime"
                  }, {
                    "BaseType" : "STRING",
                    "Description" : "",
                    "ParameterName" : "KPIType"
                  } ],
                  "id_index" : 33,
                  "supportsAutoResize" : true
                },
                "Widgets" : [ {
                  "Properties" : {
                    "Area" : "UI",
                    "CollapseTabIcon" : "",
                    "DisplayName" : "container-23",
                    "EnableContainerUnload" : false,
                    "EnableExpandCollapse" : false,
                    "ExpandCollapseTabLocation" : "inside",
                    "ExpandTabIcon" : "",
                    "Expanded" : true,
                    "Id" : "flexcontainer-23",
                    "LastContainer" : true,
                    "LazyLoading" : false,
                    "Margin" : "",
                    "Overlay" : false,
                    "ResponsiveLayout" : true,
                    "Scrolling" : "auto-scroll",
                    "ShowDataLoading" : true,
                    "ShowExpandCollapseTab" : false,
                    "SourceURL" : "",
                    "Style" : "DefaultContainerStyle",
                    "StyleProperties" : { },
                    "Type" : "flexcontainer",
                    "UseTheme" : true,
                    "Visible" : true,
                    "Z-index" : 10,
                    "__TypeDisplayName" : "Flex Container",
                    "align-content" : "flex-start",
                    "align-items" : "flex-start",
                    "flex-basis" : "auto",
                    "flex-direction" : "column",
                    "flex-grow" : 1,
                    "flex-max-height" : "",
                    "flex-max-width" : "",
                    "flex-min-height" : "",
                    "flex-min-width" : "",
                    "flex-shrink" : 1,
                    "flex-size" : "default",
                    "flex-wrap" : "nowrap",
                    "iconClass" : "widgets-flexcontainer",
                    "justify-content" : "flex-start",
                    "positioning" : "responsive",
                    "userCannotRemove" : true
                  },
                  "Widgets" : [ {
                    "Properties" : {
                      "Area" : "UI",
                      "CollapseTabIcon" : "",
                      "DisplayName" : "container-24",
                      "EnableContainerUnload" : false,
                      "EnableExpandCollapse" : true,
                      "ExpandCollapseTabLocation" : "outside",
                      "ExpandTabIcon" : "",
                      "Expanded" : true,
                      "Id" : "flexcontainer-24",
                      "LastContainer" : false,
                      "LazyLoading" : false,
                      "Margin" : "false false 5 false",
                      "Overlay" : false,
                      "ResponsiveLayout" : true,
                      "ShowDataLoading" : true,
                      "ShowExpandCollapseTab" : false,
                      "SourceURL" : "",
                      "Style" : "DefaultContainerStyle",
                      "StyleProperties" : { },
                      "Type" : "flexcontainer",
                      "UseTheme" : true,
                      "Visible" : true,
                      "Z-index" : 10,
                      "__TypeDisplayName" : "Flex Container",
                      "align-content" : "flex-start",
                      "align-items" : "flex-start",
                      "flex-basis" : "auto",
                      "flex-direction" : "column",
                      "flex-grow" : 1,
                      "flex-max-height" : "50px",
                      "flex-max-width" : "",
                      "flex-min-height" : "50px",
                      "flex-min-width" : "",
                      "flex-shrink" : "0",
                      "flex-size" : "fixed",
                      "flex-wrap" : "nowrap",
                      "iconClass" : "widgets-flexcontainer-fixed",
                      "isLocked" : false,
                      "justify-content" : "flex-start",
                      "positioning" : "static",
                      "userCannotRemove" : false
                    },
                    "Widgets" : [ {
                      "Properties" : {
                        "Area" : "UI",
                        "CriteriaMessage" : "",
                        "CriteriaMessageDetails" : "",
                        "Disabled" : false,
                        "DisplayName" : "checkbox-28",
                        "Id" : "ptcscheckbox-28",
                        "Label" : "Hide Productive State",
                        "LastContainer" : false,
                        "Left" : 5,
                        "Margin" : "5",
                        "PartialState" : false,
                        "RequiredMessage" : "Check box must be selected",
                        "ResponsiveLayout" : false,
                        "ShowDataLoading" : true,
                        "ShowValidationCriteria" : false,
                        "ShowValidationFailure" : false,
                        "ShowValidationSuccess" : false,
                        "State" : true,
                        "SuccessMessage" : "",
                        "SuccessMessageDetails" : "",
                        "TabSequence" : 0,
                        "TooltipField" : "",
                        "Top" : 0,
                        "TrueRequired" : false,
                        "Type" : "ptcscheckbox",
                        "UseTheme" : true,
                        "ValidationCriteriaIcon" : "cds:icon_info",
                        "ValidationFailureIcon" : "cds:icon_error",
                        "ValidationState" : "undefined",
                        "ValidationSuccessIcon" : "cds:icon_success",
                        "Visible" : true,
                        "Width" : 155,
                        "Z-index" : 10,
                        "__TypeDisplayName" : "Checkbox"
                      },
                      "Widgets" : [ ]
                    }, {
                      "Properties" : {
                        "Area" : "UI",
                        "CriteriaMessage" : "",
                        "CriteriaMessageDetails" : "",
                        "Disabled" : false,
                        "DisplayName" : "checkbox-29",
                        "Id" : "ptcscheckbox-29",
                        "Label" : "Show Sub Status",
                        "LastContainer" : false,
                        "Left" : 141,
                        "Margin" : "5",
                        "PartialState" : false,
                        "RequiredMessage" : "Check box must be selected",
                        "ResponsiveLayout" : false,
                        "ShowDataLoading" : true,
                        "ShowValidationCriteria" : false,
                        "ShowValidationFailure" : false,
                        "ShowValidationSuccess" : false,
                        "State" : false,
                        "SuccessMessage" : "",
                        "SuccessMessageDetails" : "",
                        "TabSequence" : 0,
                        "TooltipField" : "",
                        "Top" : 0,
                        "TrueRequired" : false,
                        "Type" : "ptcscheckbox",
                        "UseTheme" : true,
                        "ValidationCriteriaIcon" : "cds:icon_info",
                        "ValidationFailureIcon" : "cds:icon_error",
                        "ValidationState" : "undefined",
                        "ValidationSuccessIcon" : "cds:icon_success",
                        "Visible" : true,
                        "Width" : 130,
                        "Z-index" : 10,
                        "__TypeDisplayName" : "Checkbox"
                      },
                      "Widgets" : [ ]
                    }, {
                      "Properties" : {
                        "Area" : "UI",
                        "DisclosureControl" : "show-more",
                        "DisplayName" : "label-30",
                        "Height" : 22,
                        "HorizontalAlignment" : "left",
                        "Id" : "ptcslabel-30",
                        "LabelText" : "",
                        "LabelType" : "label",
                        "LastContainer" : false,
                        "Left" : 275,
                        "Margin" : "5",
                        "MultiLine" : true,
                        "PreserveWhiteSpace" : false,
                        "ResponsiveLayout" : false,
                        "ShowDataLoading" : true,
                        "TooltipField" : "Base for Calculation",
                        "Top" : 10,
                        "Type" : "ptcslabel",
                        "UseTheme" : true,
                        "VerticalAlignment" : "flex-start",
                        "Visible" : true,
                        "Width" : 180,
                        "Z-index" : 10,
                        "__TypeDisplayName" : "Label",
                        "overflowShowLessTxt" : "[[showLess]]",
                        "overflowShowMoreTxt" : "[[showMore]]"
                      },
                      "Widgets" : [ ]
                    } ]
                  }, {
                    "Properties" : {
                      "Area" : "UI",
                      "CollapseTabIcon" : "",
                      "DisplayName" : "container-25",
                      "EnableContainerUnload" : false,
                      "EnableExpandCollapse" : false,
                      "ExpandCollapseTabLocation" : "inside",
                      "ExpandTabIcon" : "",
                      "Expanded" : true,
                      "Id" : "flexcontainer-25",
                      "LastContainer" : false,
                      "LazyLoading" : false,
                      "Margin" : "",
                      "Overlay" : false,
                      "ResponsiveLayout" : true,
                      "Scrolling" : "auto-scroll",
                      "ShowDataLoading" : true,
                      "ShowExpandCollapseTab" : false,
                      "SourceURL" : "",
                      "Style" : "DefaultContainerStyle",
                      "StyleProperties" : { },
                      "Type" : "flexcontainer",
                      "UseTheme" : true,
                      "Visible" : true,
                      "Z-index" : 10,
                      "__TypeDisplayName" : "Flex Container",
                      "align-content" : "flex-start",
                      "align-items" : "flex-start",
                      "flex-basis" : "auto",
                      "flex-direction" : "column",
                      "flex-grow" : 1,
                      "flex-max-height" : "",
                      "flex-max-width" : "",
                      "flex-min-height" : "",
                      "flex-min-width" : "",
                      "flex-shrink" : 1,
                      "flex-size" : "fixed",
                      "flex-wrap" : "nowrap",
                      "iconClass" : "widgets-flexcontainer",
                      "isLocked" : true,
                      "justify-content" : "flex-start",
                      "positioning" : "responsive",
                      "userCannotRemove" : false
                    },
                    "Widgets" : [ {
                      "Properties" : {
                        "Area" : "UI",
                        "ChartType" : "bar",
                        "DataField1" : "sumOfTime",
                        "DataField2" : "PercentCulminated",
                        "DataLabel1" : "Time",
                        "DataLabel10" : "",
                        "DataLabel11" : "",
                        "DataLabel12" : "",
                        "DataLabel13" : "",
                        "DataLabel14" : "",
                        "DataLabel15" : "",
                        "DataLabel16" : "",
                        "DataLabel17" : "",
                        "DataLabel18" : "",
                        "DataLabel19" : "",
                        "DataLabel2" : "Percent",
                        "DataLabel20" : "",
                        "DataLabel21" : "",
                        "DataLabel22" : "",
                        "DataLabel23" : "",
                        "DataLabel24" : "",
                        "DataLabel3" : "",
                        "DataLabel4" : "",
                        "DataLabel5" : "",
                        "DataLabel6" : "",
                        "DataLabel7" : "",
                        "DataLabel8" : "",
                        "DataLabel9" : "",
                        "DataSeriesStyle1" : {
                          "FieldName" : "Type",
                          "StateDefinition" : "KBGlobalSmartKPIRailOEEState",
                          "StateDefinitionType" : "string",
                          "StateFormats" : [ {
                            "comparator" : "==",
                            "state" : "DefaultChartStyle2",
                            "stateName" : "",
                            "value" : "Productive Time"
                          }, {
                            "comparator" : "==",
                            "state" : "DefaultChartStyle6",
                            "stateName" : "",
                            "value" : "Planning Loss"
                          }, {
                            "comparator" : "==",
                            "state" : "DefaultChartStyle4",
                            "stateName" : "",
                            "value" : "Downtime"
                          }, {
                            "comparator" : "==",
                            "state" : "DefaultChartStyle15",
                            "stateName" : "",
                            "value" : "Speed Loss"
                          }, {
                            "comparator" : "==",
                            "state" : "DefaultChartStyle22",
                            "stateName" : "",
                            "value" : "Quality Loss"
                          }, {
                            "state" : "DefaultChartStyle1",
                            "stateName" : ""
                          } ]
                        },
                        "DataSeriesStyle10_StateParameters" : [ ],
                        "DataSeriesStyle11_StateParameters" : [ ],
                        "DataSeriesStyle12_StateParameters" : [ ],
                        "DataSeriesStyle13_StateParameters" : [ ],
                        "DataSeriesStyle14_StateParameters" : [ ],
                        "DataSeriesStyle15_StateParameters" : [ ],
                        "DataSeriesStyle16_StateParameters" : [ ],
                        "DataSeriesStyle17_StateParameters" : [ ],
                        "DataSeriesStyle18_StateParameters" : [ ],
                        "DataSeriesStyle19_StateParameters" : [ ],
                        "DataSeriesStyle1_StateParameters" : [ ],
                        "DataSeriesStyle20_StateParameters" : [ ],
                        "DataSeriesStyle21_StateParameters" : [ ],
                        "DataSeriesStyle22_StateParameters" : [ ],
                        "DataSeriesStyle23_StateParameters" : [ ],
                        "DataSeriesStyle24_StateParameters" : [ ],
                        "DataSeriesStyle2_StateParameters" : [ ],
                        "DataSeriesStyle3_StateParameters" : [ ],
                        "DataSeriesStyle4_StateParameters" : [ ],
                        "DataSeriesStyle5_StateParameters" : [ ],
                        "DataSeriesStyle6_StateParameters" : [ ],
                        "DataSeriesStyle7_StateParameters" : [ ],
                        "DataSeriesStyle8_StateParameters" : [ ],
                        "DataSeriesStyle9_StateParameters" : [ ],
                        "DataSeriesStyle_StateParameters" : [ ],
                        "Description" : "",
                        "DirectSelectionZoom" : "none",
                        "Disabled" : false,
                        "DisplayName" : "labelchart-21",
                        "DragSelectionZoom" : "xaxis",
                        "ExternalPadding" : 0,
                        "FillContainer" : true,
                        "GroupPadding" : 25,
                        "Height" : 240,
                        "HideLegend" : true,
                        "HideLegendLabel" : "[[hideLegend]]",
                        "HideNotes" : false,
                        "HideValues" : false,
                        "HideXAxis" : false,
                        "HideYAxis" : false,
                        "HorizontalAxisMaxHeight" : 85,
                        "HorizontalEndZoomLabel" : "",
                        "HorizontalIntervalAnchorPoint" : "start",
                        "HorizontalIntervalAnchorPointLabel" : "",
                        "HorizontalIntervalControl" : "none",
                        "HorizontalIntervalControlLabel" : "",
                        "HorizontalRangeZoom" : false,
                        "HorizontalSliderZoom" : false,
                        "HorizontalSliderZoomMaxLabel" : "",
                        "HorizontalSliderZoomMinLabel" : "",
                        "HorizontalStartZoomLabel" : "",
                        "HorizontalZoom" : true,
                        "Id" : "ptcschartbar-21",
                        "InternalPadding" : 0,
                        "Label" : "",
                        "LabelAlignment" : "center",
                        "LabelPosition" : "top",
                        "LabelReset" : "[[reset]]",
                        "LabelType" : "sub-header",
                        "LastContainer" : false,
                        "Left" : 0,
                        "LegendAlignment" : "start",
                        "LegendFilter" : false,
                        "LegendMarkerShapes" : "square",
                        "LegendMaxWidth" : 736,
                        "LegendPosition" : "right",
                        "Margin" : "0",
                        "MarkerShape" : "circle",
                        "MarkerSize" : 6,
                        "MultipleDataSources" : false,
                        "Notes" : "",
                        "NotesAlignment" : "left",
                        "NotesPosition" : "bottom",
                        "NumberOfReferenceLines" : 0,
                        "NumberOfSeries" : 1,
                        "NumberOfYLabels" : 3,
                        "OverlayYAxes" : false,
                        "ResetButtonType" : "transparent",
                        "ResponsiveLayout" : true,
                        "ReverseSecondYAxis" : false,
                        "ReverseXAxis" : false,
                        "ReverseYAxis" : false,
                        "RulersInFront" : false,
                        "SecondYAxis" : true,
                        "SecondYAxisFormat" : "0000.0",
                        "SecondYAxisLabel" : "Percent",
                        "SecondYAxisLabelAlignment" : "start",
                        "SecondYAxisMaxValue" : 100,
                        "SecondYAxisMinValue" : 0,
                        "SecondYAxisSeriesDisplay" : "auto",
                        "SecondaryYAxisMaximum" : 100,
                        "SecondaryYAxisMinimum" : 0,
                        "SelectionMode" : "single",
                        "SeriesDisplay" : "grouped",
                        "ShowDataLoading" : true,
                        "ShowHideLegend" : false,
                        "ShowHideLegendButtonType" : "transparent",
                        "ShowHorizontalAnchorPointControl" : false,
                        "ShowLegendLabel" : "[[showLegend]]",
                        "ShowXAxisRuler" : false,
                        "ShowYAxisRuler" : true,
                        "ShowZeroValueRuler" : false,
                        "ShowZoomButtons" : false,
                        "SparkView" : false,
                        "StringClearAll" : "[[clearAll]]",
                        "StringEnd" : "[[endRange]]",
                        "StringSelectAll" : "[[selectAll]]",
                        "StringStart" : "[[startRange]]",
                        "TabSequence" : 0,
                        "Top" : 0,
                        "Type" : "ptcschartbar",
                        "UseSampleDataInRuntime" : false,
                        "UseSecondYAxis1" : false,
                        "UseSecondYAxis10" : false,
                        "UseSecondYAxis11" : false,
                        "UseSecondYAxis12" : false,
                        "UseSecondYAxis13" : false,
                        "UseSecondYAxis14" : false,
                        "UseSecondYAxis15" : false,
                        "UseSecondYAxis16" : false,
                        "UseSecondYAxis17" : false,
                        "UseSecondYAxis18" : false,
                        "UseSecondYAxis19" : false,
                        "UseSecondYAxis2" : true,
                        "UseSecondYAxis20" : false,
                        "UseSecondYAxis21" : false,
                        "UseSecondYAxis22" : false,
                        "UseSecondYAxis23" : false,
                        "UseSecondYAxis24" : false,
                        "UseSecondYAxis3" : false,
                        "UseSecondYAxis4" : false,
                        "UseSecondYAxis5" : false,
                        "UseSecondYAxis6" : false,
                        "UseSecondYAxis7" : false,
                        "UseSecondYAxis8" : false,
                        "UseSecondYAxis9" : false,
                        "UseTheme" : true,
                        "ValuesAlignment" : "end",
                        "ValuesPosition" : "outside",
                        "ValuesTooltip" : "[[BarChartDefaultTooltip]]",
                        "VerticalAxisMaxWidth" : 85,
                        "VerticalSliderZoom" : false,
                        "VerticalSliderZoomMaxLabel" : "",
                        "VerticalSliderZoomMinLabel" : "",
                        "VerticalZoom" : false,
                        "Visible" : true,
                        "Width" : 640,
                        "XAxisField" : "Status",
                        "XAxisFormat" : "00000000000000.0",
                        "XAxisLabel" : "",
                        "XAxisLabelAlignment" : "center",
                        "XAxisLabelType" : "STRING",
                        "YAxisAutoscale" : true,
                        "YAxisFormat" : "0000.0",
                        "YAxisLabel" : "Hours",
                        "YAxisLabelAlignment" : "start",
                        "YAxisMaximumValues" : 100,
                        "YAxisMinimumValues" : 0,
                        "YAxisRulerAlignment" : "primary",
                        "YAxisZeroscale" : false,
                        "Z-index" : 10,
                        "__TypeDisplayName" : "Label Chart"
                      },
                      "Widgets" : [ ]
                    } ]
                  } ]
                }, {
                  "Properties" : {
                    "Area" : "UI",
                    "AutoEvaluate" : false,
                    "DataChangeType" : "ALWAYS",
                    "Description" : "",
                    "DisplayName" : "expression-27",
                    "Expression" : "if (TW.location==\"BUD\") {Output=\"Operating Time From NDNC\"} else {Output=\"Operator Screen\"}",
                    "FireOnFirstValue" : false,
                    "Height" : 28,
                    "Id" : "expression2-32",
                    "LastContainer" : false,
                    "Left" : null,
                    "Margin" : "5",
                    "OutputBaseType" : "STRING",
                    "ResponsiveLayout" : false,
                    "ShowDataLoading" : true,
                    "Top" : null,
                    "Type" : "expression2",
                    "Visible" : true,
                    "Width" : 200,
                    "Z-index" : 10,
                    "__TypeDisplayName" : "Expression",
                    "_currentParameterDefs" : [ {
                      "BaseType" : "STRING",
                      "Description" : "",
                      "ParameterName" : "location",
                      "bindingDirection" : "Target",
                      "bindingType" : "Property",
                      "isBindingSource" : false,
                      "isBindingTarget" : true,
                      "shown" : true
                    } ]
                  },
                  "Widgets" : [ ]
                }, {
                  "Properties" : {
                    "Area" : "UI",
                    "AutoEvaluate" : false,
                    "DataChangeType" : "ALWAYS",
                    "Description" : "",
                    "DisplayName" : "expression-31",
                    "Expression" : "if (TW.location==\"BUD\"){Output=SAPWorkcenterNumber}else{Output=MachineThingName}",
                    "FireOnFirstValue" : false,
                    "Height" : 28,
                    "Id" : "expression2-33",
                    "LastContainer" : false,
                    "Left" : null,
                    "Margin" : "5",
                    "OutputBaseType" : "STRING",
                    "ResponsiveLayout" : false,
                    "ShowDataLoading" : true,
                    "Top" : null,
                    "Type" : "expression2",
                    "Visible" : true,
                    "Width" : 200,
                    "Z-index" : 10,
                    "__TypeDisplayName" : "Expression",
                    "_currentParameterDefs" : [ {
                      "BaseType" : "STRING",
                      "Description" : "",
                      "ParameterName" : "location",
                      "bindingDirection" : "Target",
                      "bindingType" : "Property",
                      "isBindingSource" : false,
                      "isBindingTarget" : true,
                      "shown" : true
                    }, {
                      "BaseType" : "STRING",
                      "Description" : "",
                      "ParameterName" : "SAPWorkcenterNumber",
                      "bindingDirection" : "Target",
                      "bindingType" : "Property",
                      "isBindingSource" : false,
                      "isBindingTarget" : true,
                      "shown" : true
                    }, {
                      "BaseType" : "STRING",
                      "Description" : "",
                      "ParameterName" : "MachineThingName",
                      "bindingDirection" : "Target",
                      "bindingType" : "Property",
                      "isBindingSource" : false,
                      "isBindingTarget" : true,
                      "shown" : true
                    } ]
                  },
                  "Widgets" : [ ]
                } ]
              },
              "mashupType" : "mashup"
            }
            ]]>
            </mashupContent>
            <preview></preview>
        </Mashup>
    </Mashups>
</Entities>
