<?xml version="1.0" encoding="UTF-8"?>
<Entities
 majorVersion="9"
 minorVersion="3"
 universal="password">
    <Mashups>
        <Mashup
         aspect.isFlex="true"
         aspect.isResponsive="true"
         aspect.mashupType="mashup"
         columns="0.0"
         description=""
         documentationContent=""
         homeMashup=""
         name="KBShowAllKpiDataForRailPNAMashup"
         projectName=""
         rows="0.0"
         tags="">
            <avatar></avatar>
            <DesignTimePermissions>
                <Create></Create>
                <Read></Read>
                <Update></Update>
                <Delete></Delete>
                <Metadata></Metadata>
            </DesignTimePermissions>
            <RunTimePermissions>
                <Permissions
                 resourceName="*">
                    <PropertyRead>
                        <Principal
                         isPermitted="true"
                         name="KBUserGroup"
                         type="Group"></Principal>
                    </PropertyRead>
                    <PropertyWrite></PropertyWrite>
                    <ServiceInvoke>
                        <Principal
                         isPermitted="true"
                         name="KBUserGroup"
                         type="Group"></Principal>
                    </ServiceInvoke>
                    <EventInvoke></EventInvoke>
                    <EventSubscribe></EventSubscribe>
                </Permissions>
            </RunTimePermissions>
            <VisibilityPermissions>
                <Visibility>
                    <Principal
                     isPermitted="true"
                     name="KBOrganization"
                     type="Organization"></Principal>
                </Visibility>
            </VisibilityPermissions>
            <ConfigurationTableDefinitions></ConfigurationTableDefinitions>
            <ConfigurationTables>
                <ConfigurationTable
                 dataShapeName=""
                 description="Mashup Mobile Settings"
                 isHidden="true"
                 isMultiRow="false"
                 name="MobileSettings"
                 ordinal="0">
                    <DataShape>
                        <FieldDefinitions>
                            <FieldDefinition
                             aspect.defaultValue="false"
                             aspect.friendlyName="Disable Zoom"
                             baseType="BOOLEAN"
                             description="Disables zooming in and out within the mashup"
                             name="disableZoom"
                             ordinal="0"></FieldDefinition>
                            <FieldDefinition
                             aspect.defaultValue="true"
                             aspect.friendlyName="Full Screen Mode"
                             baseType="BOOLEAN"
                             description="Open the mashup in full screen mode"
                             name="fullScreenMode"
                             ordinal="0"></FieldDefinition>
                            <FieldDefinition
                             aspect.friendlyName="Height"
                             baseType="STRING"
                             description="The height of the mashup page"
                             name="height"
                             ordinal="0"></FieldDefinition>
                            <FieldDefinition
                             aspect.defaultValue="device-height"
                             aspect.friendlyName="Height Type"
                             baseType="STRING"
                             description="Use the height of the device display, or a custom height (in px)"
                             name="heightType"
                             ordinal="0"></FieldDefinition>
                            <FieldDefinition
                             aspect.defaultValue="1.0"
                             aspect.friendlyName="Initial Scale"
                             baseType="NUMBER"
                             description="The initial zoom scale when the mashup is loaded for the first time"
                             name="initialScale"
                             ordinal="0"></FieldDefinition>
                            <FieldDefinition
                             aspect.friendlyName="Shortcut Icon Title"
                             baseType="STRING"
                             description="A title for the mashup shortcut on the iOS home screen"
                             name="iosShortcutIconTitle"
                             ordinal="0"></FieldDefinition>
                            <FieldDefinition
                             aspect.defaultValue="black-translucent"
                             aspect.friendlyName="Status Bar Appearance"
                             baseType="STRING"
                             description="The style of the iOS status bar"
                             name="iosStatusBarAppearance"
                             ordinal="0"></FieldDefinition>
                            <FieldDefinition
                             aspect.defaultValue="10.0"
                             aspect.friendlyName="Maximum Scale"
                             baseType="NUMBER"
                             description="The maximum scale that users can zoom out to"
                             name="maximumScale"
                             ordinal="0"></FieldDefinition>
                            <FieldDefinition
                             aspect.defaultValue="0.1"
                             aspect.friendlyName="Minimum Scale"
                             baseType="NUMBER"
                             description="The minimum scale that users can zoom out to"
                             name="minimumScale"
                             ordinal="0"></FieldDefinition>
                            <FieldDefinition
                             aspect.friendlyName="Width"
                             baseType="STRING"
                             description="The width of the mashup page"
                             name="width"
                             ordinal="0"></FieldDefinition>
                            <FieldDefinition
                             aspect.defaultValue="device-width"
                             aspect.friendlyName="Width Type"
                             baseType="STRING"
                             description="Use the width of the device display, or a custom width (in px)"
                             name="widthType"
                             ordinal="0"></FieldDefinition>
                        </FieldDefinitions>
                    </DataShape>
                    <Rows>
                        <Row>
                            <disableZoom>false</disableZoom>
                            <fullScreenMode>true</fullScreenMode>
                            <height></height>
                            <heightType>
                            <![CDATA[
                            device-height
                            ]]>
                            </heightType>
                            <initialScale>1.0</initialScale>
                            <iosShortcutIconTitle></iosShortcutIconTitle>
                            <iosStatusBarAppearance>
                            <![CDATA[
                            black-translucent
                            ]]>
                            </iosStatusBarAppearance>
                            <maximumScale>10.0</maximumScale>
                            <minimumScale>0.1</minimumScale>
                            <width></width>
                            <widthType>
                            <![CDATA[
                            device-width
                            ]]>
                            </widthType>
                        </Row>
                    </Rows>
                </ConfigurationTable>
            </ConfigurationTables>
            <ParameterDefinitions>
                <FieldDefinition
                 aspect.bindingDirection="IN"
                 aspect.dataShape="KBKpiSummaryShape"
                 aspect.isDataTableEntry="true"
                 aspect.isMandatory="false"
                 baseType="INFOTABLE"
                 description=""
                 name="KBKpiSummary"
                 ordinal="0"></FieldDefinition>
            </ParameterDefinitions>
            <Things></Things>
            <ThingShapes></ThingShapes>
            <ThingTemplates></ThingTemplates>
            <mashupContent>
            <![CDATA[
            {
              "CustomMashupCss" : "",
              "Data" : {
                "Session" : {
                  "DataName" : "Session",
                  "EntityName" : "",
                  "EntityType" : "Session",
                  "Id" : "session",
                  "Services" : [ {
                    "APIMethod" : "post",
                    "Characteristic" : "Services",
                    "Id" : "SessionInterface",
                    "Name" : "GetGlobalSessionValues",
                    "Parameters" : { },
                    "RefreshInterval" : 0,
                    "Target" : "GetGlobalSessionValues"
                  } ]
                },
                "Things_KBSmartKPIHelperThing" : {
                  "DataName" : "Things_KBSmartKPIHelperThing",
                  "EntityName" : "KBSmartKPIHelperThing",
                  "EntityType" : "Things",
                  "Id" : "a4494318-ce4e-40a6-8ba6-e5e76ee3509e",
                  "Services" : [ {
                    "APIMethod" : "post",
                    "Characteristic" : "Services",
                    "Id" : "3fa58c5a-edbf-43df-b417-cadaf1cc4581",
                    "Name" : "GetAllKpiDataForRailForVisualization",
                    "Parameters" : { },
                    "RefreshInterval" : 0,
                    "Target" : "GetAllKpiDataForRailForVisualization"
                  } ]
                },
                "UserExtensions" : {
                  "DataName" : "UserExtensions",
                  "EntityName" : "",
                  "EntityType" : "UserExtensions",
                  "Id" : "UserExtensions",
                  "Services" : [ {
                    "APIMethod" : "post",
                    "Characteristic" : "Services",
                    "Id" : "UserExtensionInterface",
                    "Name" : "GetCurrentUserExtensionProperties",
                    "Parameters" : { },
                    "RefreshInterval" : 0,
                    "Target" : "GetCurrentUserExtensionProperties"
                  } ]
                }
              },
              "DataBindings" : [ {
                "Id" : "2e930710-d1a8-446a-b8e7-1c3892417584",
                "PropertyMaps" : [ {
                  "SourceProperty" : "KBKpiSummary",
                  "SourcePropertyBaseType" : "INFOTABLE",
                  "TargetProperty" : "KBKpiSummary",
                  "TargetPropertyBaseType" : "INFOTABLE",
                  "TargetPropertyType" : "Parameter"
                } ],
                "SourceArea" : "Mashup",
                "SourceDetails" : "AllData",
                "SourceId" : "mashup-root",
                "SourceSection" : "",
                "TargetArea" : "Data",
                "TargetId" : "GetAllKpiDataForRailForVisualization",
                "TargetSection" : "Things_KBSmartKPIHelperThing"
              }, {
                "Id" : "12b184a4-dea5-4a13-8ac0-79defb99215b",
                "PropertyMaps" : [ {
                  "SourceProperty" : "",
                  "SourcePropertyBaseType" : "INFOTABLE",
                  "SourcePropertyType" : "InfoTable",
                  "TargetProperty" : "Data",
                  "TargetPropertyBaseType" : "INFOTABLE",
                  "TargetPropertyType" : "property"
                } ],
                "SourceArea" : "Data",
                "SourceDetails" : "AllData",
                "SourceId" : "GetAllKpiDataForRailForVisualization",
                "SourceName" : "GetAllKpiDataForRailForVisualization",
                "SourceSection" : "Things_KBSmartKPIHelperThing",
                "TargetArea" : "UI",
                "TargetId" : "ptcsgrid-2",
                "TargetSection" : ""
              } ],
              "DesignTimePermissions" : {
                "Create" : [ ],
                "Delete" : [ ],
                "Metadata" : [ ],
                "Read" : [ ],
                "Update" : [ ]
              },
              "Events" : [ {
                "EventHandlerArea" : "Data",
                "EventHandlerId" : "Things_KBSmartKPIHelperThing",
                "EventHandlerService" : "GetAllKpiDataForRailForVisualization",
                "EventTriggerArea" : "Mashup",
                "EventTriggerEvent" : "KBKpiSummaryChanged",
                "EventTriggerId" : "mashup-root",
                "EventTriggerSection" : "",
                "Id" : "237e514f-12fd-4a22-bff3-d774ae4ed9bc"
              } ],
              "Reminders" : [ ],
              "RunTimePermissions" : {
                "permissions" : [ ]
              },
              "UI" : {
                "Properties" : {
                  "AddToDashboardButton" : "SimplePlus",
                  "AddToDashboardButtonStyle" : "DefaultAddToDashboardButtonStyle",
                  "Area" : "Mashup",
                  "BGImage" : "",
                  "BGImageRepeat" : "no-repeat",
                  "BGImageSize" : "auto",
                  "Columns" : 0,
                  "ConfigureGadgetButton" : "SimpleGear",
                  "ConfigureGadgetButtonStyle" : "DefaultConfigureGadgetButtonStyle",
                  "DisplayName" : "Mashup",
                  "EnableParameterEditing" : false,
                  "Height" : 618,
                  "Id" : "mashup-root",
                  "IgnoreWarningsInViewMashup" : false,
                  "IsPrintLayout" : false,
                  "Left" : 0,
                  "Margin" : "5",
                  "MashupToEditGadget" : "DefaultMashupToEditGadget",
                  "MigratedOn" : "2023-04-17T05:48:48.816Z",
                  "MinHeight" : 0,
                  "MinWidth" : 0,
                  "ResponsiveLayout" : true,
                  "Rows" : 0,
                  "ShowDataLoading" : true,
                  "Style" : "DefaultMashupStyle",
                  "StyleProperties" : {
                    "data" : {
                      "ptcsgrid-2" : {
                        "parts" : {
                          "body-cell" : {
                            "$" : {
                              "padding" : "0px 5px"
                            }
                          },
                          "cell-link" : {
                            "$" : {
                              "--ptcs-focus-overlay--padding" : "0px",
                              "padding" : "0px 5px"
                            }
                          },
                          "header" : {
                            "$" : {
                              "align-items" : "center",
                              "min-height" : "26px"
                            }
                          },
                          "header-label" : {
                            "$" : {
                              "padding-bottom" : "0px",
                              "padding-top" : "0px"
                            }
                          }
                        },
                        "widget" : "ptcs-grid"
                      }
                    },
                    "meta" : {
                      "type" : "WidgetStyler",
                      "version" : "1.0"
                    }
                  },
                  "StyleTheme" : "Legacy Styles Theme",
                  "Title" : "",
                  "TitleBar" : false,
                  "TitleBarStyle" : "DefaultTitleBarStyle",
                  "TitleBarText" : "Gadget Title Here",
                  "Top" : 0,
                  "Type" : "mashup",
                  "UseMasterTheme" : false,
                  "UseTheme" : false,
                  "UseThemeForHybrids" : false,
                  "Visible" : true,
                  "Width" : 1024,
                  "Z-index" : 10,
                  "__TypeDisplayName" : "Mashup",
                  "_currentParameterDefs" : [ {
                    "Aspects" : {
                      "bindingDirection" : "IN",
                      "dataShape" : "KBKpiSummaryShape",
                      "isDataTableEntry" : true,
                      "isMandatory" : false
                    },
                    "BaseType" : "INFOTABLE",
                    "Description" : "",
                    "ParameterName" : "KBKpiSummary"
                  } ],
                  "id_index" : 3,
                  "supportsAutoResize" : true
                },
                "Widgets" : [ {
                  "Properties" : {
                    "Area" : "UI",
                    "CollapseTabIcon" : "",
                    "DisplayName" : "container-3",
                    "EnableContainerUnload" : false,
                    "EnableExpandCollapse" : false,
                    "ExpandCollapseTabLocation" : "inside",
                    "ExpandTabIcon" : "",
                    "Expanded" : true,
                    "Id" : "flexcontainer-3",
                    "LastContainer" : true,
                    "LazyLoading" : false,
                    "Margin" : "",
                    "Overlay" : false,
                    "ResponsiveLayout" : true,
                    "ShowDataLoading" : true,
                    "ShowExpandCollapseTab" : false,
                    "SourceURL" : "",
                    "Style" : "DefaultContainerStyle",
                    "StyleProperties" : { },
                    "Type" : "flexcontainer",
                    "UseTheme" : true,
                    "Visible" : true,
                    "Z-index" : 10,
                    "align-content" : "flex-start",
                    "align-items" : "flex-start",
                    "flex-basis" : "auto",
                    "flex-direction" : "row",
                    "flex-grow" : 1,
                    "flex-max-height" : "",
                    "flex-max-width" : "",
                    "flex-min-height" : "",
                    "flex-min-width" : "",
                    "flex-shrink" : 1,
                    "flex-size" : "default",
                    "flex-wrap" : "nowrap",
                    "iconClass" : "widgets-flexcontainer",
                    "justify-content" : "flex-start",
                    "positioning" : "responsive",
                    "userCannotRemove" : true
                  },
                  "Widgets" : [ {
                    "Properties" : {
                      "AddButtonText" : "[[add]]",
                      "AddRowButtonText" : "[[add]]",
                      "AddRowFormTitle" : "[[AddRecord]]",
                      "AllowDisabledNodes" : false,
                      "AlwaysExpanded" : false,
                      "ApplyButtonText" : "[[apply]]",
                      "Area" : "UI",
                      "AutoScroll" : false,
                      "BindDataText" : "[[bindData]]",
                      "CacheRuntimeChanges" : true,
                      "CancelButtonText" : "[[cancel]]",
                      "CancelEditButtonText" : "[[cancel]]",
                      "CancelLabel" : "[[cancel]]",
                      "ClearFilteredSelection" : false,
                      "ColumnFormat" : {
                        "formatInfo" : [ {
                          "AllowEdit" : false,
                          "Description" : "",
                          "FieldName" : "KPI4Visualization",
                          "FormatOptions" : {
                            "FormatString" : "full",
                            "formatInfo" : {
                              "FieldName" : "",
                              "StateDefinition" : "",
                              "StateDefinitionType" : "fixed",
                              "StateFormats" : [ {
                                "state" : "",
                                "stateName" : "fixed"
                              } ]
                            },
                            "formatText" : "[[HyperlinkName]]",
                            "renderer" : "STRING",
                            "roundingEnabled" : true,
                            "showDependentField" : false
                          },
                          "Title" : "Name",
                          "Width" : "auto",
                          "cellEditor" : "textfield",
                          "cellHorizontalAlignment" : "left",
                          "editable" : false,
                          "excludeFromRowEdit" : false,
                          "expressionValidator" : "validator2",
                          "headerHorizontalAlignment" : "left",
                          "hidden" : false,
                          "inLayout" : true,
                          "initialSort" : "none",
                          "required" : false,
                          "routeLinks" : false,
                          "sortable" : true,
                          "validationExpression" : "",
                          "validationMessage" : ""
                        }, {
                          "AllowEdit" : false,
                          "Description" : "",
                          "FieldName" : "Value4Visualization",
                          "FormatOptions" : {
                            "FormatString" : "full",
                            "formatInfo" : {
                              "FieldName" : "",
                              "StateDefinition" : "",
                              "StateDefinitionType" : "fixed",
                              "StateFormats" : [ {
                                "state" : "",
                                "stateName" : "fixed"
                              } ]
                            },
                            "formatText" : "[[HyperlinkName]]",
                            "renderer" : "STRING",
                            "roundingEnabled" : true,
                            "showDependentField" : false
                          },
                          "Title" : "Value",
                          "Width" : "auto",
                          "cellEditor" : "textfield",
                          "cellHorizontalAlignment" : "left",
                          "editable" : false,
                          "excludeFromRowEdit" : false,
                          "expressionValidator" : "validator2",
                          "headerHorizontalAlignment" : "left",
                          "hidden" : false,
                          "inLayout" : true,
                          "initialSort" : "none",
                          "required" : false,
                          "routeLinks" : false,
                          "sortable" : true,
                          "validationExpression" : "",
                          "validationMessage" : ""
                        }, {
                          "AllowEdit" : false,
                          "Description" : "",
                          "FieldName" : "OptionalProcessingTime",
                          "FormatOptions" : {
                            "FormatString" : "",
                            "renderer" : "NUMBER",
                            "roundingEnabled" : true,
                            "showDependentField" : false
                          },
                          "Title" : "OptionalProcessingTime",
                          "Width" : "auto",
                          "cellEditor" : "",
                          "cellHorizontalAlignment" : "left",
                          "columnMinimumWidth" : 75,
                          "editable" : false,
                          "excludeFromRowEdit" : false,
                          "expressionValidator" : "validator2",
                          "headerHorizontalAlignment" : "left",
                          "hidden" : true,
                          "inLayout" : false,
                          "initialSort" : "none",
                          "required" : false,
                          "routeLinks" : false,
                          "sortable" : false,
                          "validationCriteria" : "",
                          "validationExpression" : "",
                          "validationMessage" : "",
                          "validationSuccessDetails" : "",
                          "validationSuccessMessage" : ""
                        }, {
                          "AllowEdit" : false,
                          "Description" : "",
                          "FieldName" : "OptionalProductionDate",
                          "FormatOptions" : {
                            "FormatString" : "",
                            "renderer" : "DATETIME",
                            "roundingEnabled" : true,
                            "showDependentField" : false
                          },
                          "Title" : "OptionalProductionDate",
                          "Width" : "auto",
                          "cellEditor" : "",
                          "cellHorizontalAlignment" : "left",
                          "columnMinimumWidth" : 75,
                          "editable" : false,
                          "excludeFromRowEdit" : false,
                          "expressionValidator" : "validator2",
                          "headerHorizontalAlignment" : "left",
                          "hidden" : true,
                          "inLayout" : false,
                          "initialSort" : "none",
                          "required" : false,
                          "routeLinks" : false,
                          "sortable" : false,
                          "validationCriteria" : "",
                          "validationExpression" : "",
                          "validationMessage" : "",
                          "validationSuccessDetails" : "",
                          "validationSuccessMessage" : ""
                        }, {
                          "AllowEdit" : false,
                          "Description" : "",
                          "FieldName" : "OptionalSetupTime",
                          "FormatOptions" : {
                            "FormatString" : "",
                            "renderer" : "NUMBER",
                            "roundingEnabled" : true,
                            "showDependentField" : false
                          },
                          "Title" : "OptionalSetupTime",
                          "Width" : "auto",
                          "cellEditor" : "",
                          "cellHorizontalAlignment" : "left",
                          "columnMinimumWidth" : 75,
                          "editable" : false,
                          "excludeFromRowEdit" : false,
                          "expressionValidator" : "validator2",
                          "headerHorizontalAlignment" : "left",
                          "hidden" : true,
                          "inLayout" : false,
                          "initialSort" : "none",
                          "required" : false,
                          "routeLinks" : false,
                          "sortable" : false,
                          "validationCriteria" : "",
                          "validationExpression" : "",
                          "validationMessage" : "",
                          "validationSuccessDetails" : "",
                          "validationSuccessMessage" : ""
                        }, {
                          "AllowEdit" : false,
                          "Description" : "",
                          "FieldName" : "KPI",
                          "FormatOptions" : {
                            "FormatString" : "",
                            "renderer" : "NUMBER",
                            "roundingEnabled" : true,
                            "showDependentField" : false
                          },
                          "Title" : "KPI",
                          "Width" : "auto",
                          "cellEditor" : "",
                          "cellHorizontalAlignment" : "left",
                          "columnMinimumWidth" : 75,
                          "editable" : false,
                          "excludeFromRowEdit" : false,
                          "expressionValidator" : "validator2",
                          "headerHorizontalAlignment" : "left",
                          "hidden" : true,
                          "inLayout" : false,
                          "initialSort" : "none",
                          "required" : false,
                          "routeLinks" : false,
                          "sortable" : false,
                          "validationCriteria" : "",
                          "validationExpression" : "",
                          "validationMessage" : "",
                          "validationSuccessDetails" : "",
                          "validationSuccessMessage" : ""
                        }, {
                          "AllowEdit" : false,
                          "Description" : "",
                          "FieldName" : "Label",
                          "FormatOptions" : {
                            "FormatString" : "",
                            "renderer" : "STRING",
                            "roundingEnabled" : true,
                            "showDependentField" : false
                          },
                          "Title" : "Label",
                          "Width" : "auto",
                          "cellEditor" : "",
                          "cellHorizontalAlignment" : "left",
                          "columnMinimumWidth" : 75,
                          "editable" : false,
                          "excludeFromRowEdit" : false,
                          "expressionValidator" : "validator2",
                          "headerHorizontalAlignment" : "left",
                          "hidden" : true,
                          "inLayout" : false,
                          "initialSort" : "none",
                          "required" : false,
                          "routeLinks" : false,
                          "sortable" : false,
                          "validationCriteria" : "",
                          "validationExpression" : "",
                          "validationMessage" : "",
                          "validationSuccessDetails" : "",
                          "validationSuccessMessage" : ""
                        }, {
                          "AllowEdit" : false,
                          "Description" : "",
                          "FieldName" : "NOK",
                          "FormatOptions" : {
                            "FormatString" : "",
                            "renderer" : "INTEGER",
                            "roundingEnabled" : true,
                            "showDependentField" : false
                          },
                          "Title" : "NOK",
                          "Width" : "auto",
                          "cellEditor" : "",
                          "cellHorizontalAlignment" : "left",
                          "columnMinimumWidth" : 75,
                          "editable" : false,
                          "excludeFromRowEdit" : false,
                          "expressionValidator" : "validator2",
                          "headerHorizontalAlignment" : "left",
                          "hidden" : true,
                          "inLayout" : false,
                          "initialSort" : "none",
                          "required" : false,
                          "routeLinks" : false,
                          "sortable" : false,
                          "validationCriteria" : "",
                          "validationExpression" : "",
                          "validationMessage" : "",
                          "validationSuccessDetails" : "",
                          "validationSuccessMessage" : ""
                        }, {
                          "AllowEdit" : false,
                          "Description" : "",
                          "FieldName" : "OK",
                          "FormatOptions" : {
                            "FormatString" : "",
                            "renderer" : "INTEGER",
                            "roundingEnabled" : true,
                            "showDependentField" : false
                          },
                          "Title" : "OK",
                          "Width" : "auto",
                          "cellEditor" : "",
                          "cellHorizontalAlignment" : "left",
                          "columnMinimumWidth" : 75,
                          "editable" : false,
                          "excludeFromRowEdit" : false,
                          "expressionValidator" : "validator2",
                          "headerHorizontalAlignment" : "left",
                          "hidden" : true,
                          "inLayout" : false,
                          "initialSort" : "none",
                          "required" : false,
                          "routeLinks" : false,
                          "sortable" : false,
                          "validationCriteria" : "",
                          "validationExpression" : "",
                          "validationMessage" : "",
                          "validationSuccessDetails" : "",
                          "validationSuccessMessage" : ""
                        }, {
                          "AllowEdit" : false,
                          "Description" : "",
                          "FieldName" : "OptionalDiffInMinutesLastPartProduced",
                          "FormatOptions" : {
                            "FormatString" : "",
                            "renderer" : "INTEGER",
                            "roundingEnabled" : true,
                            "showDependentField" : false
                          },
                          "Title" : "OptionalDiffInMinutesLastPartProduced",
                          "Width" : "auto",
                          "cellEditor" : "",
                          "cellHorizontalAlignment" : "left",
                          "columnMinimumWidth" : 75,
                          "editable" : false,
                          "excludeFromRowEdit" : false,
                          "expressionValidator" : "validator2",
                          "headerHorizontalAlignment" : "left",
                          "hidden" : true,
                          "inLayout" : false,
                          "initialSort" : "none",
                          "required" : false,
                          "routeLinks" : false,
                          "sortable" : false,
                          "validationCriteria" : "",
                          "validationExpression" : "",
                          "validationMessage" : "",
                          "validationSuccessDetails" : "",
                          "validationSuccessMessage" : ""
                        } ]
                      },
                      "ColumnsMenuOptions" : "none",
                      "ColumnsMenuVisibleItems" : 6,
                      "DateLabel" : "[[date]]",
                      "DefaultSelectedRows" : "",
                      "DeleteRowButtonText" : "[[delete]]",
                      "DisableChildNodes" : false,
                      "DisplayButtonText" : "[[display]]",
                      "DisplayName" : "dhxgrid-2",
                      "EditButton" : false,
                      "EditButtonText" : "[[edit]]",
                      "EditControlLabel" : "[[edit]]",
                      "EditControlType" : "link",
                      "EditControlVisibility" : "hover",
                      "EditLevel" : "cell",
                      "ExpandCollapseAll" : false,
                      "ExpandCollapseIcon" : "singlecaret",
                      "ExpandLoadedRows" : false,
                      "FillContainer" : true,
                      "FilterHintText" : "[[filter]]",
                      "FilterWidth" : 273,
                      "FocusNavigationMode" : "row-first",
                      "HasChildrenFieldName" : "hasChildren",
                      "HeaderVerticalAlignment" : "top",
                      "Height" : 200,
                      "HideHeaderRow" : false,
                      "HighlightDraftState" : false,
                      "HoursLabel" : "[[hours]]",
                      "IDFieldName" : "id",
                      "IDPathSeparator" : ":;",
                      "Id" : "ptcsgrid-2",
                      "IncludeRowExpansionParents" : false,
                      "IsEditable" : false,
                      "IsPrintLayout" : false,
                      "Label" : "",
                      "LabelAlignment" : "left",
                      "LabelType" : "sub-header",
                      "LastContainer" : false,
                      "Left" : 255,
                      "Margin" : "5",
                      "MaxRowsMessage" : "[[Widgets.TreeGrid.MaxRowsMessage]]",
                      "MaxRowsMessageTitle" : "[[Widgets.TreeGrid.MaxRowsMessageTitle]]",
                      "MeridiemLabel" : "AM/PM",
                      "MinRowHeight" : 30,
                      "MinutesLabel" : "[[minutes]]",
                      "MonthLabel" : "[[months]]",
                      "NoDataToDisplayText" : "[[noDataToDisplay]]",
                      "NoMatchesText" : "[[noMatches]]",
                      "NoResultsText" : "[[noResults]]",
                      "ParentIDFieldName" : "parentId",
                      "PreserveRowExpansion" : false,
                      "PreventRowWrapInNav" : false,
                      "PrimaryColumnFixedSize" : false,
                      "ReorderColumns" : false,
                      "ResetButtonText" : "[[reset]]",
                      "ResizeColumns" : true,
                      "ResponsiveLayout" : true,
                      "RowAddButton" : false,
                      "RowDeleteButton" : false,
                      "RowEditFormTitle" : "[[EditRecord]]",
                      "RowFormat_StateParameters" : [ ],
                      "RowSelection" : "single",
                      "RowsVerticalAlignment" : "center",
                      "SaveEditButtonText" : "[[save]]",
                      "SecondsLabel" : "[[seconds]]",
                      "SelectFocusedItem" : false,
                      "SelectLabel" : "[[select]]",
                      "SelectParentOnly" : false,
                      "SelectedItemText" : "[[rowSelected]]",
                      "SelectedItemsText" : "[[rowsSelected]]",
                      "SelectedRowsChangedCallback" : true,
                      "ShowColumnFeature" : true,
                      "ShowDataLoading" : true,
                      "ShowFilter" : false,
                      "ShowFooter" : false,
                      "ShowHeaderRowInFooter" : false,
                      "ShowResetButton" : false,
                      "ShowRowNumbers" : false,
                      "ShowValidationCriteria" : false,
                      "ShowValidationFailure" : false,
                      "ShowValidationSuccess" : false,
                      "SingleLineHeader" : false,
                      "SingleLineRows" : true,
                      "SortSelectionColumn" : false,
                      "TabSequence" : 0,
                      "Top" : 120,
                      "TriggerEventOnConfigChange" : true,
                      "Type" : "ptcsgrid",
                      "UpdateButtonText" : "[[update]]",
                      "UseTheme" : true,
                      "Visible" : true,
                      "Width" : 400,
                      "YearLabel" : "[[years]]",
                      "Z-index" : 10,
                      "__TypeDisplayName" : "Raster"
                    },
                    "Widgets" : [ ]
                  } ]
                } ]
              },
              "mashupType" : "mashup"
            }
            ]]>
            </mashupContent>
            <preview></preview>
        </Mashup>
    </Mashups>
</Entities>
