<?xml version="1.0" encoding="UTF-8"?>
<Entities
 majorVersion="9"
 minorVersion="3"
 universal="password">
    <Mashups>
        <Mashup
         aspect.isFlex="true"
         aspect.isResponsive="true"
         aspect.mashupType="mashup"
         columns="0.0"
         description=""
         documentationContent=""
         homeMashup=""
         name="KBProductionAdvisorStatusPNAMashup"
         projectName=""
         rows="0.0"
         tags="">
            <avatar></avatar>
            <DesignTimePermissions>
                <Create></Create>
                <Read>
                    <Principal
                     isPermitted="true"
                     name="KBMesKitHelperUser"
                     type="User"></Principal>
                </Read>
                <Update></Update>
                <Delete></Delete>
                <Metadata></Metadata>
            </DesignTimePermissions>
            <RunTimePermissions>
                <Permissions
                 resourceName="*">
                    <PropertyRead>
                        <Principal
                         isPermitted="true"
                         name="KBMesKitHelperUser"
                         type="User"></Principal>
                        <Principal
                         isPermitted="true"
                         name="KBUserGroup"
                         type="Group"></Principal>
                    </PropertyRead>
                    <PropertyWrite></PropertyWrite>
                    <ServiceInvoke>
                        <Principal
                         isPermitted="true"
                         name="KBMesKitHelperUser"
                         type="User"></Principal>
                        <Principal
                         isPermitted="true"
                         name="KBUserGroup"
                         type="Group"></Principal>
                    </ServiceInvoke>
                    <EventInvoke></EventInvoke>
                    <EventSubscribe></EventSubscribe>
                </Permissions>
            </RunTimePermissions>
            <VisibilityPermissions>
                <Visibility>
                    <Principal
                     isPermitted="true"
                     name="KBBackGroundWorker"
                     type="Organization"></Principal>
                    <Principal
                     isPermitted="true"
                     name="KBOrganization"
                     type="Organization"></Principal>
                </Visibility>
            </VisibilityPermissions>
            <ConfigurationTableDefinitions></ConfigurationTableDefinitions>
            <ConfigurationTables>
                <ConfigurationTable
                 dataShapeName=""
                 description="Mashup Mobile Settings"
                 isHidden="true"
                 isMultiRow="false"
                 name="MobileSettings"
                 ordinal="0">
                    <DataShape>
                        <FieldDefinitions>
                            <FieldDefinition
                             aspect.defaultValue="false"
                             aspect.friendlyName="Disable Zoom"
                             baseType="BOOLEAN"
                             description="Disables zooming in and out within the mashup"
                             name="disableZoom"
                             ordinal="0"></FieldDefinition>
                            <FieldDefinition
                             aspect.defaultValue="true"
                             aspect.friendlyName="Full Screen Mode"
                             baseType="BOOLEAN"
                             description="Open the mashup in full screen mode"
                             name="fullScreenMode"
                             ordinal="0"></FieldDefinition>
                            <FieldDefinition
                             aspect.friendlyName="Height"
                             baseType="STRING"
                             description="The height of the mashup page"
                             name="height"
                             ordinal="0"></FieldDefinition>
                            <FieldDefinition
                             aspect.defaultValue="device-height"
                             aspect.friendlyName="Height Type"
                             baseType="STRING"
                             description="Use the height of the device display, or a custom height (in px)"
                             name="heightType"
                             ordinal="0"></FieldDefinition>
                            <FieldDefinition
                             aspect.defaultValue="1.0"
                             aspect.friendlyName="Initial Scale"
                             baseType="NUMBER"
                             description="The initial zoom scale when the mashup is loaded for the first time"
                             name="initialScale"
                             ordinal="0"></FieldDefinition>
                            <FieldDefinition
                             aspect.friendlyName="Shortcut Icon Title"
                             baseType="STRING"
                             description="A title for the mashup shortcut on the iOS home screen"
                             name="iosShortcutIconTitle"
                             ordinal="0"></FieldDefinition>
                            <FieldDefinition
                             aspect.defaultValue="black-translucent"
                             aspect.friendlyName="Status Bar Appearance"
                             baseType="STRING"
                             description="The style of the iOS status bar"
                             name="iosStatusBarAppearance"
                             ordinal="0"></FieldDefinition>
                            <FieldDefinition
                             aspect.defaultValue="10.0"
                             aspect.friendlyName="Maximum Scale"
                             baseType="NUMBER"
                             description="The maximum scale that users can zoom out to"
                             name="maximumScale"
                             ordinal="0"></FieldDefinition>
                            <FieldDefinition
                             aspect.defaultValue="0.1"
                             aspect.friendlyName="Minimum Scale"
                             baseType="NUMBER"
                             description="The minimum scale that users can zoom out to"
                             name="minimumScale"
                             ordinal="0"></FieldDefinition>
                            <FieldDefinition
                             aspect.friendlyName="Width"
                             baseType="STRING"
                             description="The width of the mashup page"
                             name="width"
                             ordinal="0"></FieldDefinition>
                            <FieldDefinition
                             aspect.defaultValue="device-width"
                             aspect.friendlyName="Width Type"
                             baseType="STRING"
                             description="Use the width of the device display, or a custom width (in px)"
                             name="widthType"
                             ordinal="0"></FieldDefinition>
                        </FieldDefinitions>
                    </DataShape>
                    <Rows>
                        <Row>
                            <disableZoom>false</disableZoom>
                            <fullScreenMode>true</fullScreenMode>
                            <height></height>
                            <heightType>
                            <![CDATA[
                            device-height
                            ]]>
                            </heightType>
                            <initialScale>1.0</initialScale>
                            <iosShortcutIconTitle></iosShortcutIconTitle>
                            <iosStatusBarAppearance>
                            <![CDATA[
                            black-translucent
                            ]]>
                            </iosStatusBarAppearance>
                            <maximumScale>10.0</maximumScale>
                            <minimumScale>0.1</minimumScale>
                            <width></width>
                            <widthType>
                            <![CDATA[
                            device-width
                            ]]>
                            </widthType>
                        </Row>
                    </Rows>
                </ConfigurationTable>
            </ConfigurationTables>
            <ParameterDefinitions>
                <FieldDefinition
                 baseType="DATETIME"
                 description=""
                 name="EndDate"
                 ordinal="0"></FieldDefinition>
                <FieldDefinition
                 baseType="STRING"
                 description=""
                 name="KBLocalMachineThing"
                 ordinal="0"></FieldDefinition>
                <FieldDefinition
                 baseType="DATETIME"
                 description=""
                 name="StartDate"
                 ordinal="0"></FieldDefinition>
            </ParameterDefinitions>
            <Things></Things>
            <ThingShapes></ThingShapes>
            <ThingTemplates></ThingTemplates>
            <mashupContent>
            <![CDATA[
            {
              "CustomMashupCss" : "",
              "Data" : {
                "Session" : {
                  "DataName" : "Session",
                  "EntityName" : "",
                  "EntityType" : "Session",
                  "Id" : "session",
                  "Services" : [ {
                    "APIMethod" : "post",
                    "Characteristic" : "Services",
                    "Id" : "SessionInterface",
                    "Name" : "GetGlobalSessionValues",
                    "Parameters" : { },
                    "RefreshInterval" : 0,
                    "Target" : "GetGlobalSessionValues"
                  } ]
                },
                "Things_KBOEEOverviewHelperThing" : {
                  "DataName" : "Things_KBOEEOverviewHelperThing",
                  "EntityName" : "KBOEEOverviewHelperThing",
                  "EntityType" : "Things",
                  "Id" : "3f94938d-c7fa-432b-882c-f3a671350eb1",
                  "RefreshInterval" : 0,
                  "Services" : [ {
                    "APIMethod" : "post",
                    "Characteristic" : "Services",
                    "Id" : "eae3352a-d73b-4e90-b1f3-b75d1be660f0",
                    "Name" : "GetAllMachineStatusJSService",
                    "Parameters" : { },
                    "RefreshInterval" : 0,
                    "Target" : "GetAllMachineStatusJSService"
                  } ]
                },
                "UserExtensions" : {
                  "DataName" : "UserExtensions",
                  "EntityName" : "",
                  "EntityType" : "UserExtensions",
                  "Id" : "UserExtensions",
                  "Services" : [ {
                    "APIMethod" : "post",
                    "Characteristic" : "Services",
                    "Id" : "UserExtensionInterface",
                    "Name" : "GetCurrentUserExtensionProperties",
                    "Parameters" : { },
                    "RefreshInterval" : 0,
                    "Target" : "GetCurrentUserExtensionProperties"
                  } ]
                }
              },
              "DataBindings" : [ {
                "Id" : "e7092a31-5d18-4655-bf3e-cde3cb3a5eef",
                "PropertyMaps" : [ {
                  "SourceProperty" : "KBLocalMachineThing",
                  "SourcePropertyBaseType" : "STRING",
                  "SourcePropertyType" : "Property",
                  "TargetProperty" : "LabelText",
                  "TargetPropertyBaseType" : "STRING",
                  "TargetPropertyType" : "property"
                } ],
                "SourceArea" : "Mashup",
                "SourceId" : "mashup-root",
                "SourceSection" : "",
                "TargetArea" : "UI",
                "TargetId" : "ptcslabel-6",
                "TargetSection" : ""
              }, {
                "Id" : "a486f938-89b8-4ebd-bf84-2303295a19cc",
                "PropertyMaps" : [ {
                  "SourceProperty" : "StartDate",
                  "SourcePropertyBaseType" : "DATETIME",
                  "SourcePropertyType" : "Property",
                  "TargetProperty" : "LabelText",
                  "TargetPropertyBaseType" : "STRING",
                  "TargetPropertyType" : "property"
                } ],
                "SourceArea" : "Mashup",
                "SourceId" : "mashup-root",
                "SourceSection" : "",
                "TargetArea" : "UI",
                "TargetId" : "ptcslabel-13",
                "TargetSection" : ""
              }, {
                "Id" : "18321361-9fd8-44e3-8c82-79c91a0f3150",
                "PropertyMaps" : [ {
                  "SourceProperty" : "EndDate",
                  "SourcePropertyBaseType" : "DATETIME",
                  "SourcePropertyType" : "Property",
                  "TargetProperty" : "LabelText",
                  "TargetPropertyBaseType" : "STRING",
                  "TargetPropertyType" : "property"
                } ],
                "SourceArea" : "Mashup",
                "SourceId" : "mashup-root",
                "SourceSection" : "",
                "TargetArea" : "UI",
                "TargetId" : "ptcslabel-14",
                "TargetSection" : ""
              }, {
                "Id" : "2b725133-95a5-49f0-9e31-19ec9c45b3f6",
                "PropertyMaps" : [ {
                  "SourceProperty" : "EndDate",
                  "SourcePropertyBaseType" : "DATETIME",
                  "SourcePropertyType" : "property",
                  "TargetProperty" : "EndDate",
                  "TargetPropertyBaseType" : "DATETIME",
                  "TargetPropertyType" : "Parameter"
                } ],
                "SourceArea" : "Mashup",
                "SourceId" : "mashup-root",
                "SourceSection" : "",
                "TargetArea" : "Data",
                "TargetId" : "GetAllMachineStatusJSService",
                "TargetSection" : "Things_KBOEEOverviewHelperThing"
              }, {
                "Id" : "5d1703f7-7210-4107-b3c2-5afec2cf45c4",
                "PropertyMaps" : [ {
                  "SourceProperty" : "KBLocalMachineThing",
                  "SourcePropertyBaseType" : "STRING",
                  "SourcePropertyType" : "property",
                  "TargetProperty" : "Machine",
                  "TargetPropertyBaseType" : "STRING",
                  "TargetPropertyType" : "Parameter"
                } ],
                "SourceArea" : "Mashup",
                "SourceId" : "mashup-root",
                "SourceSection" : "",
                "TargetArea" : "Data",
                "TargetId" : "GetAllMachineStatusJSService",
                "TargetSection" : "Things_KBOEEOverviewHelperThing"
              }, {
                "Id" : "50f13846-f784-49f8-8468-dba1344984f1",
                "PropertyMaps" : [ {
                  "SourceProperty" : "StartDate",
                  "SourcePropertyBaseType" : "DATETIME",
                  "SourcePropertyType" : "property",
                  "TargetProperty" : "StartDate",
                  "TargetPropertyBaseType" : "DATETIME",
                  "TargetPropertyType" : "Parameter"
                } ],
                "SourceArea" : "Mashup",
                "SourceId" : "mashup-root",
                "SourceSection" : "",
                "TargetArea" : "Data",
                "TargetId" : "GetAllMachineStatusJSService",
                "TargetSection" : "Things_KBOEEOverviewHelperThing"
              }, {
                "Id" : "5be77c5c-8889-4ee5-ac49-ce919ea937cc",
                "PropertyMaps" : [ {
                  "SourceProperty" : "",
                  "SourcePropertyBaseType" : "INFOTABLE",
                  "SourcePropertyType" : "InfoTable",
                  "TargetProperty" : "Data",
                  "TargetPropertyBaseType" : "INFOTABLE",
                  "TargetPropertyType" : "property"
                } ],
                "SourceArea" : "Data",
                "SourceDetails" : "AllData",
                "SourceId" : "GetAllMachineStatusJSService",
                "SourceName" : "GetAllMachineStatusJSService",
                "SourceSection" : "Things_KBOEEOverviewHelperThing",
                "TargetArea" : "UI",
                "TargetId" : "ptcsgrid-5",
                "TargetSection" : ""
              } ],
              "DesignTimePermissions" : {
                "Create" : [ ],
                "Delete" : [ ],
                "Metadata" : [ ],
                "Read" : [ {
                  "isPermitted" : true,
                  "name" : "KBMesKitHelperUser",
                  "type" : "User"
                } ],
                "Update" : [ ]
              },
              "Events" : [ {
                "EventHandlerArea" : "Data",
                "EventHandlerId" : "Things_KBOEEOverviewHelperThing",
                "EventHandlerService" : "GetAllMachineStatusJSService",
                "EventTriggerArea" : "Mashup",
                "EventTriggerEvent" : "Loaded",
                "EventTriggerId" : "mashup-root",
                "EventTriggerSection" : "",
                "Id" : "ab26de3d-4b02-4763-8a6e-0c7d379fe5c7"
              }, {
                "EventHandlerArea" : "Data",
                "EventHandlerId" : "Things_KBOEEOverviewHelperThing",
                "EventHandlerService" : "GetAllMachineStatusJSService",
                "EventTriggerArea" : "Mashup",
                "EventTriggerEvent" : "StartDateChanged",
                "EventTriggerId" : "mashup-root",
                "EventTriggerSection" : "",
                "Id" : "cbde339e-d83b-493d-9c3e-bdf9be51bd62"
              }, {
                "EventHandlerArea" : "Data",
                "EventHandlerId" : "Things_KBOEEOverviewHelperThing",
                "EventHandlerService" : "GetAllMachineStatusJSService",
                "EventTriggerArea" : "Mashup",
                "EventTriggerEvent" : "EndDateChanged",
                "EventTriggerId" : "mashup-root",
                "EventTriggerSection" : "",
                "Id" : "d209306c-754b-4662-b49d-343d8abadb6e"
              }, {
                "EventHandlerArea" : "Data",
                "EventHandlerId" : "Things_KBOEEOverviewHelperThing",
                "EventHandlerService" : "GetAllMachineStatusJSService",
                "EventTriggerArea" : "Mashup",
                "EventTriggerEvent" : "KBLocalMachineThingChanged",
                "EventTriggerId" : "mashup-root",
                "EventTriggerSection" : "",
                "Id" : "04a38d75-f859-4e1c-9ac1-36d479bcaf79"
              } ],
              "Reminders" : [ ],
              "RunTimePermissions" : {
                "permissions" : [ {
                  "EventInvoke" : [ ],
                  "EventSubscribe" : [ ],
                  "PropertyRead" : [ {
                    "isPermitted" : true,
                    "name" : "KBUserGroup",
                    "type" : "Group"
                  }, {
                    "isPermitted" : true,
                    "name" : "KBMesKitHelperUser",
                    "type" : "User"
                  } ],
                  "PropertyWrite" : [ ],
                  "ServiceInvoke" : [ {
                    "isPermitted" : true,
                    "name" : "KBUserGroup",
                    "type" : "Group"
                  }, {
                    "isPermitted" : true,
                    "name" : "KBMesKitHelperUser",
                    "type" : "User"
                  } ],
                  "resourceName" : "*"
                } ]
              },
              "UI" : {
                "Properties" : {
                  "AddToDashboardButton" : "SimplePlus",
                  "AddToDashboardButtonStyle" : "DefaultAddToDashboardButtonStyle",
                  "Area" : "Mashup",
                  "BGImage" : "",
                  "BGImageRepeat" : "no-repeat",
                  "BGImageSize" : "auto",
                  "Columns" : 0,
                  "ConfigureGadgetButton" : "SimpleGear",
                  "ConfigureGadgetButtonStyle" : "DefaultConfigureGadgetButtonStyle",
                  "DisplayName" : "Mashup",
                  "EnableParameterEditing" : false,
                  "EndDate" : "2019-08-06T12:00:00.000Z",
                  "Height" : 618,
                  "Id" : "mashup-root",
                  "IgnoreWarningsInViewMashup" : false,
                  "IsPrintLayout" : false,
                  "KBLocalMachineThing" : "",
                  "Left" : 0,
                  "Margin" : "5",
                  "MashupResolution" : "FHD 1920x1080",
                  "MashupToEditGadget" : "DefaultMashupToEditGadget",
                  "MigratedOn" : "2023-04-07T19:17:05.000Z",
                  "MinHeight" : 0,
                  "MinWidth" : 0,
                  "ResponsiveLayout" : true,
                  "Rows" : 0,
                  "ShowDataLoading" : true,
                  "StartDate" : "2019-08-06T04:00:00.000Z",
                  "Style" : "DefaultMashupStyle",
                  "StyleProperties" : {
                    "data" : {
                      "flexcontainer-1" : {
                        "parts" : {
                          "$" : {
                            "$" : {
                              "background" : "transparent"
                            }
                          }
                        },
                        "widget" : "flexcontainer"
                      },
                      "ptcsgrid-5" : {
                        "parts" : {
                          "body-cell" : {
                            "$" : {
                              "padding" : "0px 5px"
                            }
                          },
                          "cell-link" : {
                            "$" : {
                              "--ptcs-focus-overlay--padding" : "0px",
                              "padding" : "0px 5px"
                            }
                          },
                          "header" : {
                            "$" : {
                              "align-items" : "center",
                              "min-height" : "26px"
                            }
                          },
                          "header-label" : {
                            "$" : {
                              "padding-bottom" : "0px",
                              "padding-top" : "0px"
                            }
                          }
                        },
                        "widget" : "ptcs-grid"
                      },
                      "ptcslabel-6" : {
                        "parts" : {
                          "$" : {
                            "$" : {
                              "background" : "transparent",
                              "color" : "#000000",
                              "font-size" : "20px",
                              "font-style" : "normal",
                              "font-weight" : 400,
                              "text-decoration" : "none"
                            }
                          }
                        },
                        "widget" : "ptcs-label"
                      }
                    },
                    "meta" : {
                      "type" : "WidgetStyler",
                      "version" : "1.0"
                    }
                  },
                  "StyleTheme" : "Legacy Styles Theme",
                  "Title" : "",
                  "TitleBar" : false,
                  "TitleBarStyle" : "DefaultTitleBarStyle",
                  "TitleBarText" : "Gadget Title Here",
                  "Top" : 0,
                  "Type" : "mashup",
                  "UseMasterTheme" : false,
                  "UseTheme" : false,
                  "UseThemeForHybrids" : false,
                  "Visible" : true,
                  "Width" : 1024,
                  "Z-index" : 10,
                  "__TypeDisplayName" : "Mashup",
                  "_currentParameterDefs" : [ {
                    "BaseType" : "STRING",
                    "DefaultValue" : "KBLisLaa6MachineThing",
                    "Description" : "",
                    "ParameterName" : "KBLocalMachineThing"
                  }, {
                    "BaseType" : "DATETIME",
                    "DefaultValue" : "2019-08-06T04:00:00.000Z",
                    "Description" : "",
                    "ParameterName" : "StartDate"
                  }, {
                    "BaseType" : "DATETIME",
                    "DefaultValue" : "2019-08-06T12:00:00.000Z",
                    "Description" : "",
                    "ParameterName" : "EndDate"
                  } ],
                  "id_index" : 18,
                  "supportsAutoResize" : true
                },
                "Widgets" : [ {
                  "Properties" : {
                    "Area" : "UI",
                    "CollapseTabIcon" : "",
                    "DisplayName" : "container-1",
                    "EnableContainerUnload" : false,
                    "EnableExpandCollapse" : false,
                    "ExpandCollapseTabLocation" : "inside",
                    "ExpandTabIcon" : "",
                    "Expanded" : true,
                    "Id" : "flexcontainer-1",
                    "LastContainer" : true,
                    "LazyLoading" : false,
                    "Margin" : "",
                    "Overlay" : false,
                    "ResponsiveLayout" : true,
                    "ShowDataLoading" : true,
                    "ShowExpandCollapseTab" : false,
                    "SourceURL" : "",
                    "Style" : "DefaultContainerStyle",
                    "StyleProperties" : { },
                    "Type" : "flexcontainer",
                    "UseTheme" : true,
                    "Visible" : true,
                    "Z-index" : 10,
                    "__TypeDisplayName" : "Flex Container",
                    "align-content" : "flex-start",
                    "align-items" : "flex-start",
                    "flex-basis" : "auto",
                    "flex-direction" : "column",
                    "flex-grow" : 1,
                    "flex-max-height" : "",
                    "flex-max-width" : "",
                    "flex-min-height" : "",
                    "flex-min-width" : "",
                    "flex-shrink" : "0",
                    "flex-size" : "default",
                    "flex-wrap" : "nowrap",
                    "iconClass" : "widgets-flexcontainer",
                    "justify-content" : "flex-start",
                    "positioning" : "responsive",
                    "userCannotRemove" : true
                  },
                  "Widgets" : [ {
                    "Properties" : {
                      "Area" : "UI",
                      "CollapseTabIcon" : "",
                      "DisplayName" : "container-2",
                      "EnableContainerUnload" : false,
                      "EnableExpandCollapse" : true,
                      "ExpandCollapseTabLocation" : "outside",
                      "ExpandTabIcon" : "",
                      "Expanded" : true,
                      "Id" : "flexcontainer-2",
                      "LastContainer" : false,
                      "LazyLoading" : false,
                      "Margin" : "false false 5 false",
                      "Overlay" : false,
                      "ResponsiveLayout" : true,
                      "ShowDataLoading" : true,
                      "ShowExpandCollapseTab" : false,
                      "SourceURL" : "",
                      "Style" : "DefaultContainerStyle",
                      "StyleProperties" : { },
                      "Type" : "flexcontainer",
                      "UseTheme" : true,
                      "Visible" : true,
                      "Z-index" : 10,
                      "__TypeDisplayName" : "Flex Container",
                      "align-content" : "flex-start",
                      "align-items" : "flex-start",
                      "flex-basis" : "auto",
                      "flex-direction" : "column",
                      "flex-grow" : 1,
                      "flex-max-height" : "100px",
                      "flex-max-width" : "",
                      "flex-min-height" : "100px",
                      "flex-min-width" : "",
                      "flex-shrink" : "0",
                      "flex-size" : "fixed",
                      "flex-wrap" : "nowrap",
                      "iconClass" : "widgets-flexcontainer-fixed",
                      "isLocked" : false,
                      "justify-content" : "flex-start",
                      "positioning" : "static",
                      "userCannotRemove" : false
                    },
                    "Widgets" : [ {
                      "Properties" : {
                        "Area" : "UI",
                        "DisclosureControl" : "show-more",
                        "DisplayName" : "label-6",
                        "Height" : 27,
                        "HorizontalAlignment" : "left",
                        "Id" : "ptcslabel-6",
                        "LabelText" : "",
                        "LabelType" : "label",
                        "LastContainer" : false,
                        "Left" : 35,
                        "Margin" : "5",
                        "MultiLine" : true,
                        "PreserveWhiteSpace" : false,
                        "ResponsiveLayout" : false,
                        "ShowDataLoading" : true,
                        "TooltipField" : "",
                        "Top" : 25,
                        "Type" : "ptcslabel",
                        "UseTheme" : true,
                        "VerticalAlignment" : "flex-start",
                        "Visible" : true,
                        "Width" : 395,
                        "Z-index" : 10,
                        "__TypeDisplayName" : "Label",
                        "overflowShowLessTxt" : "[[showLess]]",
                        "overflowShowMoreTxt" : "[[showMore]]"
                      },
                      "Widgets" : [ ]
                    }, {
                      "Properties" : {
                        "Area" : "UI",
                        "DisclosureControl" : "show-more",
                        "DisplayName" : "label-11",
                        "HorizontalAlignment" : "right",
                        "Id" : "ptcslabel-11",
                        "LabelText" : "Start Date:",
                        "LabelType" : "label",
                        "LastContainer" : false,
                        "Left" : 700,
                        "Margin" : "5",
                        "MultiLine" : true,
                        "PreserveWhiteSpace" : false,
                        "ResponsiveLayout" : false,
                        "ShowDataLoading" : true,
                        "TooltipField" : "",
                        "Top" : 14,
                        "Type" : "ptcslabel",
                        "UseTheme" : true,
                        "VerticalAlignment" : "flex-start",
                        "Visible" : true,
                        "Width" : 100,
                        "Z-index" : 10,
                        "__TypeDisplayName" : "Label",
                        "overflowShowLessTxt" : "[[showLess]]",
                        "overflowShowMoreTxt" : "[[showMore]]"
                      },
                      "Widgets" : [ ]
                    }, {
                      "Properties" : {
                        "Area" : "UI",
                        "DisclosureControl" : "show-more",
                        "DisplayName" : "label-12",
                        "HorizontalAlignment" : "right",
                        "Id" : "ptcslabel-12",
                        "LabelText" : "End Date:",
                        "LabelType" : "label",
                        "LastContainer" : false,
                        "Left" : 700,
                        "Margin" : "5",
                        "MultiLine" : true,
                        "PreserveWhiteSpace" : false,
                        "ResponsiveLayout" : false,
                        "ShowDataLoading" : true,
                        "TooltipField" : "",
                        "Top" : 40,
                        "Type" : "ptcslabel",
                        "UseTheme" : true,
                        "VerticalAlignment" : "flex-start",
                        "Visible" : true,
                        "Width" : 100,
                        "Z-index" : 10,
                        "__TypeDisplayName" : "Label",
                        "overflowShowLessTxt" : "[[showLess]]",
                        "overflowShowMoreTxt" : "[[showMore]]"
                      },
                      "Widgets" : [ ]
                    }, {
                      "Properties" : {
                        "Area" : "UI",
                        "DisclosureControl" : "show-more",
                        "DisplayName" : "label-13",
                        "Height" : 22,
                        "HorizontalAlignment" : "left",
                        "Id" : "ptcslabel-13",
                        "LabelText" : "",
                        "LabelType" : "label",
                        "LastContainer" : false,
                        "Left" : 820,
                        "Margin" : "5",
                        "MultiLine" : true,
                        "PreserveWhiteSpace" : false,
                        "ResponsiveLayout" : false,
                        "ShowDataLoading" : true,
                        "TooltipField" : "",
                        "Top" : 15,
                        "Type" : "ptcslabel",
                        "UseTheme" : true,
                        "VerticalAlignment" : "flex-start",
                        "Visible" : true,
                        "Width" : 165,
                        "Z-index" : 10,
                        "__TypeDisplayName" : "Label",
                        "overflowShowLessTxt" : "[[showLess]]",
                        "overflowShowMoreTxt" : "[[showMore]]"
                      },
                      "Widgets" : [ ]
                    }, {
                      "Properties" : {
                        "Area" : "UI",
                        "DisclosureControl" : "show-more",
                        "DisplayName" : "label-14",
                        "Height" : 22,
                        "HorizontalAlignment" : "left",
                        "Id" : "ptcslabel-14",
                        "LabelText" : "",
                        "LabelType" : "label",
                        "LastContainer" : false,
                        "Left" : 820,
                        "Margin" : "5",
                        "MultiLine" : true,
                        "PreserveWhiteSpace" : false,
                        "ResponsiveLayout" : false,
                        "ShowDataLoading" : true,
                        "TooltipField" : "",
                        "Top" : 40,
                        "Type" : "ptcslabel",
                        "UseTheme" : true,
                        "VerticalAlignment" : "flex-start",
                        "Visible" : true,
                        "Width" : 165,
                        "Z-index" : 10,
                        "__TypeDisplayName" : "Label",
                        "overflowShowLessTxt" : "[[showLess]]",
                        "overflowShowMoreTxt" : "[[showMore]]"
                      },
                      "Widgets" : [ ]
                    } ]
                  }, {
                    "Properties" : {
                      "Area" : "UI",
                      "CollapseTabIcon" : "",
                      "DisplayName" : "container-3",
                      "EnableContainerUnload" : false,
                      "EnableExpandCollapse" : false,
                      "ExpandCollapseTabLocation" : "inside",
                      "ExpandTabIcon" : "",
                      "Expanded" : true,
                      "Id" : "flexcontainer-3",
                      "LastContainer" : false,
                      "LazyLoading" : false,
                      "Margin" : "5 10 0 10",
                      "Overlay" : false,
                      "ResponsiveLayout" : true,
                      "ShowDataLoading" : true,
                      "ShowExpandCollapseTab" : false,
                      "SourceURL" : "",
                      "Style" : "DefaultContainerStyle",
                      "StyleProperties" : { },
                      "Type" : "flexcontainer",
                      "UseTheme" : true,
                      "Visible" : true,
                      "Z-index" : 10,
                      "__TypeDisplayName" : "Flex Container",
                      "align-content" : "flex-start",
                      "align-items" : "flex-start",
                      "flex-basis" : "auto",
                      "flex-direction" : "column",
                      "flex-grow" : 1,
                      "flex-max-height" : "",
                      "flex-max-width" : "",
                      "flex-min-height" : "",
                      "flex-min-width" : "",
                      "flex-shrink" : "0",
                      "flex-size" : "fixed",
                      "flex-wrap" : "nowrap",
                      "iconClass" : "widgets-flexcontainer",
                      "isLocked" : true,
                      "justify-content" : "flex-start",
                      "positioning" : "responsive",
                      "userCannotRemove" : false
                    },
                    "Widgets" : [ {
                      "Properties" : {
                        "AddButtonText" : "[[add]]",
                        "AddRowButtonText" : "[[add]]",
                        "AddRowFormTitle" : "[[AddRecord]]",
                        "AllowDisabledNodes" : false,
                        "AlwaysExpanded" : false,
                        "ApplyButtonText" : "[[apply]]",
                        "Area" : "UI",
                        "AutoScroll" : false,
                        "BindDataText" : "[[bindData]]",
                        "CacheRuntimeChanges" : true,
                        "CancelButtonText" : "[[cancel]]",
                        "CancelEditButtonText" : "[[cancel]]",
                        "CancelLabel" : "[[cancel]]",
                        "ClearFilteredSelection" : false,
                        "ColumnFormat" : {
                          "formatInfo" : [ {
                            "AllowEdit" : false,
                            "Description" : "",
                            "FieldName" : "CreationTime",
                            "FormatOptions" : {
                              "FormatString" : "[[dateTimeFormat_Default]]",
                              "RoundingEnabled" : true,
                              "formatInfo" : {
                                "StateFormats" : [ ]
                              },
                              "formatText" : "[[HyperlinkName]]",
                              "renderer" : "DATETIME",
                              "roundingEnabled" : true,
                              "showDependentField" : false
                            },
                            "Title" : "CreationTime",
                            "Width" : "auto",
                            "cellEditor" : "datepicker",
                            "cellHorizontalAlignment" : "left",
                            "columnMinimumWidth" : 75,
                            "editable" : false,
                            "excludeFromRowEdit" : false,
                            "expressionValidator" : "validator2",
                            "headerHorizontalAlignment" : "left",
                            "hidden" : false,
                            "inLayout" : true,
                            "initialSort" : "none",
                            "required" : false,
                            "routeLinks" : false,
                            "sortable" : false
                          }, {
                            "AllowEdit" : false,
                            "Description" : "",
                            "FieldName" : "Machine",
                            "FormatOptions" : {
                              "FormatString" : "full",
                              "RoundingEnabled" : true,
                              "formatInfo" : {
                                "StateFormats" : [ ]
                              },
                              "formatText" : "[[HyperlinkName]]",
                              "renderer" : "STRING",
                              "roundingEnabled" : true,
                              "showDependentField" : false
                            },
                            "Title" : "Machine",
                            "Width" : "auto",
                            "cellEditor" : "textfield",
                            "cellHorizontalAlignment" : "left",
                            "columnMinimumWidth" : 75,
                            "editable" : false,
                            "excludeFromRowEdit" : false,
                            "expressionValidator" : "validator2",
                            "headerHorizontalAlignment" : "left",
                            "hidden" : false,
                            "inLayout" : true,
                            "initialSort" : "none",
                            "required" : false,
                            "routeLinks" : false,
                            "sortable" : false
                          }, {
                            "AllowEdit" : false,
                            "Description" : "",
                            "FieldName" : "Status",
                            "FormatOptions" : {
                              "FormatString" : "full",
                              "RoundingEnabled" : true,
                              "formatInfo" : {
                                "StateFormats" : [ ]
                              },
                              "formatText" : "[[HyperlinkName]]",
                              "renderer" : "STRING",
                              "roundingEnabled" : true,
                              "showDependentField" : false
                            },
                            "Title" : "Status",
                            "Width" : "auto",
                            "cellEditor" : "textfield",
                            "cellHorizontalAlignment" : "left",
                            "columnMinimumWidth" : 75,
                            "editable" : false,
                            "excludeFromRowEdit" : false,
                            "expressionValidator" : "validator2",
                            "headerHorizontalAlignment" : "left",
                            "hidden" : false,
                            "inLayout" : true,
                            "initialSort" : "none",
                            "required" : false,
                            "routeLinks" : false,
                            "sortable" : false
                          }, {
                            "AllowEdit" : false,
                            "Description" : "",
                            "FieldName" : "SubStatus",
                            "FormatOptions" : {
                              "FormatString" : "full",
                              "RoundingEnabled" : true,
                              "formatInfo" : {
                                "StateFormats" : [ ]
                              },
                              "formatText" : "[[HyperlinkName]]",
                              "renderer" : "STRING",
                              "roundingEnabled" : true,
                              "showDependentField" : false
                            },
                            "Title" : "SubStatus",
                            "Width" : "auto",
                            "cellEditor" : "textfield",
                            "cellHorizontalAlignment" : "left",
                            "columnMinimumWidth" : 75,
                            "editable" : false,
                            "excludeFromRowEdit" : false,
                            "expressionValidator" : "validator2",
                            "headerHorizontalAlignment" : "left",
                            "hidden" : false,
                            "inLayout" : true,
                            "initialSort" : "none",
                            "required" : false,
                            "routeLinks" : false,
                            "sortable" : false
                          }, {
                            "AllowEdit" : false,
                            "Description" : "",
                            "FieldName" : "StatusTime",
                            "FormatOptions" : {
                              "FormatString" : "[[dateTimeFormat_Default]]",
                              "RoundingEnabled" : true,
                              "formatInfo" : {
                                "StateFormats" : [ ]
                              },
                              "formatText" : "[[HyperlinkName]]",
                              "renderer" : "DATETIME",
                              "roundingEnabled" : true,
                              "showDependentField" : false
                            },
                            "Title" : "StatusTime",
                            "Width" : "auto",
                            "cellEditor" : "datepicker",
                            "cellHorizontalAlignment" : "left",
                            "columnMinimumWidth" : 75,
                            "editable" : false,
                            "excludeFromRowEdit" : false,
                            "expressionValidator" : "validator2",
                            "headerHorizontalAlignment" : "left",
                            "hidden" : false,
                            "inLayout" : true,
                            "initialSort" : "none",
                            "required" : false,
                            "routeLinks" : false,
                            "sortable" : false
                          }, {
                            "AllowEdit" : false,
                            "Description" : "",
                            "FieldName" : "description",
                            "FormatOptions" : {
                              "FormatString" : "full",
                              "RoundingEnabled" : true,
                              "formatInfo" : {
                                "StateFormats" : [ ]
                              },
                              "formatText" : "[[HyperlinkName]]",
                              "renderer" : "STRING",
                              "roundingEnabled" : true,
                              "showDependentField" : false
                            },
                            "Title" : "description",
                            "Width" : "auto",
                            "cellEditor" : "textfield",
                            "cellHorizontalAlignment" : "left",
                            "columnMinimumWidth" : 75,
                            "editable" : false,
                            "excludeFromRowEdit" : false,
                            "expressionValidator" : "validator2",
                            "headerHorizontalAlignment" : "left",
                            "hidden" : false,
                            "inLayout" : true,
                            "initialSort" : "none",
                            "required" : false,
                            "routeLinks" : false,
                            "sortable" : false
                          }, {
                            "AllowEdit" : false,
                            "Description" : "",
                            "FieldName" : "StatusType",
                            "FormatOptions" : {
                              "FormatString" : "full",
                              "RoundingEnabled" : true,
                              "formatInfo" : {
                                "StateFormats" : [ ]
                              },
                              "formatText" : "[[HyperlinkName]]",
                              "renderer" : "STRING",
                              "roundingEnabled" : true,
                              "showDependentField" : false
                            },
                            "Title" : "StatusType",
                            "Width" : "auto",
                            "cellEditor" : "textfield",
                            "cellHorizontalAlignment" : "left",
                            "columnMinimumWidth" : 75,
                            "editable" : false,
                            "excludeFromRowEdit" : false,
                            "expressionValidator" : "validator2",
                            "headerHorizontalAlignment" : "left",
                            "hidden" : false,
                            "inLayout" : true,
                            "initialSort" : "none",
                            "required" : false,
                            "routeLinks" : false,
                            "sortable" : false
                          }, {
                            "AllowEdit" : false,
                            "Description" : "UTCCreationTime",
                            "FieldName" : "UTCCreationTime",
                            "FormatOptions" : {
                              "FormatString" : "[[dateTimeFormat_Default]]",
                              "RoundingEnabled" : true,
                              "formatInfo" : {
                                "StateFormats" : [ ]
                              },
                              "formatText" : "[[HyperlinkName]]",
                              "renderer" : "DATETIME",
                              "roundingEnabled" : true,
                              "showDependentField" : false
                            },
                            "Title" : "UTCCreationTime",
                            "Width" : "auto",
                            "cellEditor" : "datepicker",
                            "cellHorizontalAlignment" : "left",
                            "columnMinimumWidth" : 75,
                            "editable" : false,
                            "excludeFromRowEdit" : false,
                            "expressionValidator" : "validator2",
                            "headerHorizontalAlignment" : "left",
                            "hidden" : true,
                            "inLayout" : false,
                            "initialSort" : "none",
                            "required" : false,
                            "routeLinks" : false,
                            "sortable" : false
                          }, {
                            "AllowEdit" : false,
                            "Description" : "modification_id",
                            "FieldName" : "modification_id",
                            "FormatOptions" : {
                              "FormatString" : "0",
                              "RoundingEnabled" : true,
                              "formatInfo" : {
                                "StateFormats" : [ ]
                              },
                              "formatText" : "[[HyperlinkName]]",
                              "renderer" : "LONG",
                              "roundingEnabled" : true,
                              "showDependentField" : false
                            },
                            "Title" : "modification_id",
                            "Width" : "auto",
                            "cellEditor" : "textfield",
                            "cellHorizontalAlignment" : "left",
                            "columnMinimumWidth" : 75,
                            "editable" : false,
                            "excludeFromRowEdit" : false,
                            "expressionValidator" : "validator2",
                            "headerHorizontalAlignment" : "left",
                            "hidden" : true,
                            "inLayout" : false,
                            "initialSort" : "none",
                            "required" : false,
                            "routeLinks" : false,
                            "sortable" : false
                          }, {
                            "AllowEdit" : false,
                            "Description" : "move_to_history",
                            "FieldName" : "move_to_history",
                            "FormatOptions" : {
                              "FormatString" : "checkbox",
                              "RoundingEnabled" : true,
                              "formatInfo" : {
                                "StateFormats" : [ ]
                              },
                              "formatText" : "[[HyperlinkName]]",
                              "renderer" : "BOOLEAN",
                              "roundingEnabled" : true,
                              "showDependentField" : false
                            },
                            "Title" : "move_to_history",
                            "Width" : "auto",
                            "cellEditor" : "checkbox",
                            "cellHorizontalAlignment" : "left",
                            "columnMinimumWidth" : 75,
                            "editable" : false,
                            "excludeFromRowEdit" : false,
                            "expressionValidator" : "validator2",
                            "headerHorizontalAlignment" : "left",
                            "hidden" : true,
                            "inLayout" : false,
                            "initialSort" : "none",
                            "required" : false,
                            "routeLinks" : false,
                            "sortable" : false
                          }, {
                            "AllowEdit" : false,
                            "Description" : "Id",
                            "FieldName" : "Id",
                            "FormatOptions" : {
                              "FormatString" : "0",
                              "RoundingEnabled" : true,
                              "formatInfo" : {
                                "StateFormats" : [ ]
                              },
                              "formatText" : "[[HyperlinkName]]",
                              "renderer" : "LONG",
                              "roundingEnabled" : true,
                              "showDependentField" : false
                            },
                            "Title" : "Id",
                            "Width" : "auto",
                            "cellEditor" : "textfield",
                            "cellHorizontalAlignment" : "left",
                            "columnMinimumWidth" : 75,
                            "editable" : false,
                            "excludeFromRowEdit" : false,
                            "expressionValidator" : "validator2",
                            "headerHorizontalAlignment" : "left",
                            "hidden" : true,
                            "inLayout" : false,
                            "initialSort" : "none",
                            "required" : false,
                            "routeLinks" : false,
                            "sortable" : false
                          } ]
                        },
                        "ColumnsMenuOptions" : "none",
                        "ColumnsMenuVisibleItems" : 6,
                        "DateLabel" : "[[date]]",
                        "DefaultSelectedRows" : "",
                        "DeleteRowButtonText" : "[[delete]]",
                        "DisableChildNodes" : false,
                        "DisplayButtonText" : "[[display]]",
                        "DisplayName" : "dhxgrid-5",
                        "EditButton" : false,
                        "EditButtonText" : "[[edit]]",
                        "EditControlLabel" : "[[edit]]",
                        "EditControlType" : "link",
                        "EditControlVisibility" : "hover",
                        "EditLevel" : "cell",
                        "ExpandCollapseAll" : false,
                        "ExpandCollapseIcon" : "singlecaret",
                        "ExpandLoadedRows" : false,
                        "FillContainer" : true,
                        "FilterHintText" : "[[filter]]",
                        "FilterWidth" : 273,
                        "FocusNavigationMode" : "row-first",
                        "HasChildrenFieldName" : "hasChildren",
                        "HeaderVerticalAlignment" : "top",
                        "Height" : 200,
                        "HideHeaderRow" : false,
                        "HighlightDraftState" : false,
                        "HoursLabel" : "[[hours]]",
                        "IDFieldName" : "id",
                        "IDPathSeparator" : ":;",
                        "Id" : "ptcsgrid-5",
                        "IncludeRowExpansionParents" : false,
                        "IsEditable" : false,
                        "IsPrintLayout" : false,
                        "Label" : "",
                        "LabelAlignment" : "left",
                        "LabelType" : "sub-header",
                        "LastContainer" : false,
                        "Left" : 310,
                        "Margin" : "5",
                        "MaxRowsMessage" : "[[Widgets.TreeGrid.MaxRowsMessage]]",
                        "MaxRowsMessageTitle" : "[[Widgets.TreeGrid.MaxRowsMessageTitle]]",
                        "MeridiemLabel" : "AM/PM",
                        "MinRowHeight" : 30,
                        "MinutesLabel" : "[[minutes]]",
                        "MonthLabel" : "[[months]]",
                        "NoDataToDisplayText" : "[[noDataToDisplay]]",
                        "NoMatchesText" : "[[noMatches]]",
                        "NoResultsText" : "[[noResults]]",
                        "ParentIDFieldName" : "parentId",
                        "PreserveRowExpansion" : false,
                        "PreventRowWrapInNav" : false,
                        "PrimaryColumnFixedSize" : false,
                        "ReorderColumns" : false,
                        "ResetButtonText" : "[[reset]]",
                        "ResizeColumns" : true,
                        "ResponsiveLayout" : true,
                        "RowAddButton" : false,
                        "RowDeleteButton" : false,
                        "RowEditFormTitle" : "[[EditRecord]]",
                        "RowFormat_StateParameters" : [ ],
                        "RowSelection" : "single",
                        "RowsVerticalAlignment" : "center",
                        "SaveEditButtonText" : "[[save]]",
                        "SecondsLabel" : "[[seconds]]",
                        "SelectFocusedItem" : false,
                        "SelectLabel" : "[[select]]",
                        "SelectParentOnly" : false,
                        "SelectedItemText" : "[[rowSelected]]",
                        "SelectedItemsText" : "[[rowsSelected]]",
                        "SelectedRowsChangedCallback" : true,
                        "ShowColumnFeature" : true,
                        "ShowDataLoading" : true,
                        "ShowFilter" : false,
                        "ShowFooter" : false,
                        "ShowHeaderRowInFooter" : false,
                        "ShowResetButton" : false,
                        "ShowRowNumbers" : false,
                        "ShowValidationCriteria" : false,
                        "ShowValidationFailure" : false,
                        "ShowValidationSuccess" : false,
                        "SingleLineHeader" : false,
                        "SingleLineRows" : true,
                        "SortSelectionColumn" : false,
                        "TabSequence" : 0,
                        "Top" : 80,
                        "TriggerEventOnConfigChange" : true,
                        "Type" : "ptcsgrid",
                        "UpdateButtonText" : "[[update]]",
                        "UseTheme" : true,
                        "Visible" : true,
                        "Width" : 400,
                        "YearLabel" : "[[years]]",
                        "Z-index" : 10,
                        "__TypeDisplayName" : "Grid"
                      },
                      "Widgets" : [ ]
                    } ]
                  } ]
                } ]
              },
              "mashupType" : "mashup"
            }
            ]]>
            </mashupContent>
            <preview></preview>
        </Mashup>
    </Mashups>
</Entities>
