<?xml version="1.0" encoding="UTF-8"?>
<Entities
 majorVersion="9"
 minorVersion="3"
 universal="password">
    <StateDefinitions>
        <StateDefinition
         description="State definition to indicate if the station configuration is valid."
         documentationContent=""
         homeMashup=""
         name="KBStationConfigurationStatusStateDefinition"
         projectName="KBsmartKPI"
         tags="">
            <avatar></avatar>
            <DesignTimePermissions>
                <Create></Create>
                <Read></Read>
                <Update></Update>
                <Delete></Delete>
                <Metadata></Metadata>
            </DesignTimePermissions>
            <RunTimePermissions>
                <Permissions
                 resourceName="*">
                    <PropertyRead>
                        <Principal
                         isPermitted="true"
                         name="KBIEAdminUserGroup"
                         type="Group"></Principal>
                        <Principal
                         isPermitted="true"
                         name="KBLocalAdministrators"
                         type="Group"></Principal>
                    </PropertyRead>
                    <PropertyWrite>
                        <Principal
                         isPermitted="true"
                         name="KBIEAdminUserGroup"
                         type="Group"></Principal>
                        <Principal
                         isPermitted="true"
                         name="KBLocalAdministrators"
                         type="Group"></Principal>
                    </PropertyWrite>
                    <ServiceInvoke>
                        <Principal
                         isPermitted="true"
                         name="KBIEAdminUserGroup"
                         type="Group"></Principal>
                        <Principal
                         isPermitted="true"
                         name="KBLocalAdministrators"
                         type="Group"></Principal>
                    </ServiceInvoke>
                    <EventInvoke></EventInvoke>
                    <EventSubscribe></EventSubscribe>
                </Permissions>
            </RunTimePermissions>
            <VisibilityPermissions>
                <Visibility>
                    <Principal
                     isPermitted="true"
                     name="KBBackGroundWorker"
                     type="Organization"></Principal>
                    <Principal
                     isPermitted="true"
                     name="KBDevelopment"
                     type="Organization"></Principal>
                    <Principal
                     isPermitted="true"
                     name="KBOrganization"
                     type="Organization"></Principal>
                </Visibility>
            </VisibilityPermissions>
            <ConfigurationTableDefinitions></ConfigurationTableDefinitions>
            <ConfigurationTables></ConfigurationTables>
            <content>
            <![CDATA[
            {
              "stateDefinitions" : [ {
                "defaultStyleDefinition" : {
                  "backgroundColor" : "rgba(255,0,0,1)",
                  "displayString" : "",
                  "fontEmphasisBold" : false,
                  "fontEmphasisItalic" : false,
                  "fontEmphasisUnderline" : false,
                  "foregroundColor" : "rgba(255,255,255,1)",
                  "image" : "",
                  "lineColor" : "",
                  "lineStyle" : "solid",
                  "lineThickness" : 1,
                  "secondaryBackgroundColor" : "",
                  "textSize" : "xxl"
                },
                "defaultValue" : "false",
                "description" : "",
                "displayString" : "false",
                "name" : ""
              }, {
                "defaultStyleDefinition" : {
                  "backgroundColor" : "",
                  "displayString" : "",
                  "fontEmphasisBold" : false,
                  "fontEmphasisItalic" : false,
                  "fontEmphasisUnderline" : false,
                  "foregroundColor" : "",
                  "image" : "",
                  "lineColor" : "",
                  "lineStyle" : "solid",
                  "lineThickness" : 1,
                  "secondaryBackgroundColor" : "",
                  "textSize" : "xxl"
                },
                "description" : "",
                "displayString" : "true",
                "name" : ""
              } ],
              "stateType" : "string"
            }
            ]]>
            </content>
        </StateDefinition>
    </StateDefinitions>
</Entities>
