<?xml version="1.0" encoding="UTF-8" standalone="no"?>
<Entities build="b167" majorVersion="8" minorVersion="2"
	modelPersistenceProviderPackage="MssqlPersistenceProviderPackage"
	revision="2" schemaVersion="1020" universal="">
	<StyleDefinitions>
		<StyleDefinition
			description="Default Style for Grid Widget Header - Theme: ThingWorx"
			documentationContent="" homeMashup=""
			lastModifiedDate="2019-02-27T15:35:19.914+01:00"
			name="KBProductionAdvisorGaugeStyle" projectName="" tags="">
			<Owner name="adm-flassakm" type="User" />
			<avatar />
			<DesignTimePermissions>
				<Create />
				<Read />
				<Update />
				<Delete />
				<Metadata />
			</DesignTimePermissions>
			<RunTimePermissions />
			<VisibilityPermissions>
				<Visibility />
			</VisibilityPermissions>
			<ConfigurationTables />
			<content><![CDATA[{
  "backgroundColor" : "",
  "displayString" : "",
  "fontEmphasisBold" : true,
  "fontEmphasisItalic" : false,
  "fontEmphasisUnderline" : false,
  "foregroundColor" : "",
  "image" : "",
  "lineColor" : "",
  "lineStyle" : "solid",
  "lineThickness" : 1,
  "secondaryBackgroundColor" : "",
  "textSize" : "normal"
}]]></content>
			<ConfigurationChanges>
				<ConfigurationChange changeAction="CREATE"
					changeReason="header : name : updated&#10;"
					timestamp="2019-02-27T15:34:53.553+01:00" user="adm-flassakm" />
				<ConfigurationChange changeAction="MODIFY"
					changeReason="header : foregroundColor : updated, secondaryBackgroundColor : updated, backgroundColor : updated, lineColor : updated&#10;"
					timestamp="2019-02-27T15:35:19.914+01:00" user="adm-flassakm" />
			</ConfigurationChanges>
		</StyleDefinition>
	</StyleDefinitions>
</Entities>