<?xml version="1.0" encoding="UTF-8"?>
<Entities
 build="b706"
 majorVersion="9"
 minorVersion="0"
 modelPersistenceProviderPackage="MssqlPersistenceProviderPackage"
 revision="12"
 schemaVersion="1109"
 universal="password">
    <ThingTemplates>
        <ThingTemplate
         baseThingTemplate="KBSnowflakeDatabaseThingTemplate"
         description=""
         documentationContent=""
         effectiveThingPackage="DatabaseThing"
         homeMashup=""
         inheritedValueStream=""
         lastModifiedDate="2023-02-01T08:12:49.140Z"
         name="KBSnowflakeRVSDatabaseSmartKPIThingTemplate"
         projectName=""
         tags=""
         thingPackage=""
         valueStream="">
            <avatar></avatar>
            <DesignTimePermissions>
                <Create></Create>
                <Read></Read>
                <Update></Update>
                <Delete></Delete>
                <Metadata></Metadata>
            </DesignTimePermissions>
            <RunTimePermissions></RunTimePermissions>
            <VisibilityPermissions>
                <Visibility></Visibility>
            </VisibilityPermissions>
            <ConfigurationTableDefinitions></ConfigurationTableDefinitions>
            <ConfigurationTables>
                <ConfigurationTable
                 dataShapeName=""
                 description="JDBC Settings"
                 isMultiRow="false"
                 name="ConnectionInfo"
                 ordinal="0">
                    <DataShape>
                        <FieldDefinitions>
                            <FieldDefinition
                             aspect.defaultValue="SELECT NOW()"
                             baseType="STRING"
                             description="Connection test string/query"
                             name="connectionValidationString"
                             ordinal="2"></FieldDefinition>
                            <FieldDefinition
                             aspect.defaultValue="jdbc:mydb:/server:port/database?param=value"
                             aspect.friendlyName="JDBC Connection String"
                             baseType="STRING"
                             description="JDBC Connection URL"
                             name="jDBCConnectionURL"
                             ordinal="1"></FieldDefinition>
                            <FieldDefinition
                             aspect.defaultValue="com.yourdatabase.yourDriver"
                             aspect.friendlyName="JDBC Driver Class Name"
                             baseType="STRING"
                             description="JDBC Driver Class Name"
                             name="jDBCDriverClass"
                             ordinal="0"></FieldDefinition>
                            <FieldDefinition
                             aspect.defaultValue="5.0"
                             aspect.friendlyName="Maxium Number of Connections"
                             baseType="NUMBER"
                             description="Maximum number of connections in the pool"
                             name="maxConnections"
                             ordinal="3"></FieldDefinition>
                            <FieldDefinition
                             aspect.friendlyName="Database Password"
                             baseType="PASSWORD"
                             description="Database password"
                             name="password"
                             ordinal="5"></FieldDefinition>
                            <FieldDefinition
                             aspect.friendlyName="Database User Name"
                             baseType="STRING"
                             description="Database user name"
                             name="userName"
                             ordinal="4"></FieldDefinition>
                        </FieldDefinitions>
                    </DataShape>
                    <Rows>
                        <Row>
                            <connectionValidationString>
                            <![CDATA[
                            select getdate()
                            ]]>
                            </connectionValidationString>
                            <jDBCConnectionURL>
                            <![CDATA[
                            jdbc:snowflake://hs05738.west-europe.azure.snowflakecomputing.com/?private_key_file=C:/KBTWX/rsa_key.p8&warehouse=CORP_PROD_ANALYTICS_WH&db=CORP_PROD_M_DB&schema=RVS_SMARTPRODUCTION&role=CORP_PROD_RVS_SMARTPRODUCTION_GLOBAL_FR
                            ]]>
                            </jDBCConnectionURL>
                            <jDBCDriverClass>
                            <![CDATA[
                            com.snowflake.client.jdbc.SnowflakeDriver
                            ]]>
                            </jDBCDriverClass>
                            <maxConnections>5.0</maxConnections>
                            <password></password>
                            <userName>
                            <![CDATA[
                            SVC.MUC.THINGWORX@KNORR-BREMSE.COM
                            ]]>
                            </userName>
                        </Row>
                    </Rows>
                </ConfigurationTable>
                <ConfigurationTable
                 dataShapeName=""
                 description="Connection Monitoring Settings"
                 isMultiRow="false"
                 name="ConnectionMonitoring"
                 ordinal="0">
                    <DataShape>
                        <FieldDefinitions>
                            <FieldDefinition
                             aspect.defaultValue="30000.0"
                             aspect.friendlyName="Monitor Rate (seconds)"
                             baseType="NUMBER"
                             description="Monitor rate in milliseconds"
                             name="connectionMonitorRate"
                             ordinal="1"></FieldDefinition>
                            <FieldDefinition
                             aspect.defaultValue="false"
                             aspect.friendlyName="Enable Monitoring"
                             baseType="BOOLEAN"
                             description="Enable connection monitoring"
                             name="enableMonitor"
                             ordinal="0"></FieldDefinition>
                            <FieldDefinition
                             aspect.defaultValue="1.0"
                             aspect.friendlyName="Number of Retries"
                             baseType="NUMBER"
                             description="Number of retries"
                             name="numberOfRetries"
                             ordinal="2"></FieldDefinition>
                            <FieldDefinition
                             aspect.defaultValue="2000.0"
                             aspect.friendlyName="Retry Delay (milliseconds)"
                             baseType="NUMBER"
                             description="Retry delay in milliseconds"
                             name="retryDelay"
                             ordinal="3"></FieldDefinition>
                        </FieldDefinitions>
                    </DataShape>
                    <Rows>
                        <Row>
                            <connectionMonitorRate>30000.0</connectionMonitorRate>
                            <enableMonitor>false</enableMonitor>
                            <numberOfRetries>1.0</numberOfRetries>
                            <retryDelay>2000.0</retryDelay>
                        </Row>
                    </Rows>
                </ConfigurationTable>
                <ConfigurationTable
                 dataShapeName=""
                 description="Field/Column Name Aliases"
                 isMultiRow="true"
                 name="ColumnAliases"
                 ordinal="1">
                    <DataShape>
                        <FieldDefinitions>
                            <FieldDefinition
                             aspect.friendlyName="Database Column Name"
                             baseType="STRING"
                             description="Database column name"
                             name="columnName"
                             ordinal="0"></FieldDefinition>
                            <FieldDefinition
                             aspect.friendlyName="Thingworx Field Name"
                             baseType="STRING"
                             description="Thingworx field name"
                             name="fieldName"
                             ordinal="1"></FieldDefinition>
                        </FieldDefinitions>
                    </DataShape>
                    <Rows></Rows>
                </ConfigurationTable>
            </ConfigurationTables>
            <PropertyBindings></PropertyBindings>
            <RemotePropertyBindings></RemotePropertyBindings>
            <RemoteServiceBindings></RemoteServiceBindings>
            <RemoteEventBindings></RemoteEventBindings>
            <AlertConfigurations></AlertConfigurations>
            <ThingShape>
                <PropertyDefinitions></PropertyDefinitions>
                <ServiceDefinitions>
                    <ServiceDefinition
                     aspect.isAsync="false"
                     category=""
                     description=""
                     isAllowOverride="false"
                     isLocalOnly="false"
                     isOpen="false"
                     isPrivate="false"
					 name="CheckDuplicateDataInSMARTKPI_ValuesTable">
                        <ResultType
                         aspect.dataShape="KBDuplicateDataCheckSMARTKPI_ValuesTableDataShape"
                         baseType="INFOTABLE"
                         description=""
                         name="result"
                         ordinal="0"></ResultType>
                        <ParameterDefinitions>
                            <FieldDefinition
                             aspect.isRequired="false"
                             baseType="STRING"
                             description=""
                             name="SourceSystem"
                             ordinal="1"></FieldDefinition>
                        </ParameterDefinitions>
                    </ServiceDefinition>
                    <ServiceDefinition
                     aspect.isAsync="false"
                     category=""
                     description=""
                     isAllowOverride="false"
                     isLocalOnly="false"
                     isOpen="false"
                     isPrivate="false"
                     name="GetAllPlantsList">
                        <ResultType
                         baseType="INFOTABLE"
                         description=""
                         name="result"
                         ordinal="0"></ResultType>
                        <ParameterDefinitions></ParameterDefinitions>
                    </ServiceDefinition>
                    <ServiceDefinition
                     aspect.isAsync="false"
                     category=""
                     description=""
                     isAllowOverride="false"
                     isLocalOnly="false"
                     isOpen="false"
                     isPrivate="false"
                     name="getListOFMachinesForPlant">
                        <ResultType
                         baseType="INFOTABLE"
                         description=""
                         name="result"
                         ordinal="0"></ResultType>
                        <ParameterDefinitions></ParameterDefinitions>
                    </ServiceDefinition>
                    <ServiceDefinition
                     aspect.isAsync="false"
                     category=""
                     description=""
                     isAllowOverride="false"
                     isLocalOnly="false"
                     isOpen="false"
                     isPrivate="false"
                     name="GetProductionDeviationDataForMachine">
                        <ResultType
                         baseType="INFOTABLE"
                         description=""
                         name="result"
                         ordinal="0"></ResultType>
                        <ParameterDefinitions>
                            <FieldDefinition
                             baseType="DATETIME"
                             description=""
                             name="EndDate"
                             ordinal="4"></FieldDefinition>
                            <FieldDefinition
                             baseType="STRING"
                             description=""
                             name="MachineThing"
                             ordinal="1"></FieldDefinition>
                            <FieldDefinition
                             baseType="STRING"
                             description=""
                             name="SapWorkCenter"
                             ordinal="5"></FieldDefinition>
                            <FieldDefinition
                             baseType="STRING"
                             description=""
                             name="SourceSystem"
                             ordinal="2"></FieldDefinition>
                            <FieldDefinition
                             baseType="DATETIME"
                             description=""
                             name="StartDate"
                             ordinal="3"></FieldDefinition>
                        </ParameterDefinitions>
                    </ServiceDefinition>
                </ServiceDefinitions>
                <EventDefinitions></EventDefinitions>
                <ServiceMappings></ServiceMappings>
                <ServiceImplementations>
                    <ServiceImplementation
                     description=""
                     handlerName="SQLQuery"
					 name="CheckDuplicateDataInSMARTKPI_ValuesTable">
                        <ConfigurationTables>
                            <ConfigurationTable
                             dataShapeName=""
                             description="SQLQuery"
                             isMultiRow="false"
                             name="Query"
                             ordinal="0">
                                <DataShape>
                                    <FieldDefinitions>
                                        <FieldDefinition
                                         baseType="NUMBER"
                                         description="maxItems"
                                         name="maxItems"
                                         ordinal="0"></FieldDefinition>
                                        <FieldDefinition
                                         baseType="STRING"
                                         description="sql"
                                         name="sql"
                                         ordinal="0"></FieldDefinition>
                                        <FieldDefinition
                                         baseType="NUMBER"
                                         description="timeout"
                                         name="timeout"
                                         ordinal="0"></FieldDefinition>
                                    </FieldDefinitions>
                                </DataShape>
                                <Rows>
                                    <Row>
                                        <maxItems>99999.0</maxItems>
                                        <sql>
                                        <![CDATA[
                                        select 
                                        * from 
                                        (select count(*) data, Machine, KPIName, KPICalculationBase, KPITimeBase, KPIDateTime, KPIDateTimeEnd, SourceSystem 
                                        from CORP_PROD_M_DB.RVS_SMARTPRODUCTION.SMARTKPI_Values where 
                                        SourceSystem = [[SourceSystem]]
                                        and delete_identifier != 'DELETED'
                                        group by Machine, KPIName, KPICalculationBase, KPITimeBase, KPIDateTime, KPIDateTimeEnd, SourceSystem) where data > 1;
                                        ]]>
                                        </sql>
                                        <timeout>200.0</timeout>
                                    </Row>
                                </Rows>
                            </ConfigurationTable>
                        </ConfigurationTables>
                    </ServiceImplementation>
                    <ServiceImplementation
                     description=""
                     handlerName="SQLQuery"
                     name="GetAllPlantsList">
                        <ConfigurationTables>
                            <ConfigurationTable
                             dataShapeName=""
                             description="SQLQuery"
                             isMultiRow="false"
                             name="Query"
                             ordinal="0">
                                <DataShape>
                                    <FieldDefinitions>
                                        <FieldDefinition
                                         baseType="NUMBER"
                                         description="maxItems"
                                         name="maxItems"
                                         ordinal="0"></FieldDefinition>
                                        <FieldDefinition
                                         baseType="STRING"
                                         description="sql"
                                         name="sql"
                                         ordinal="0"></FieldDefinition>
                                        <FieldDefinition
                                         baseType="NUMBER"
                                         description="timeout"
                                         name="timeout"
                                         ordinal="0"></FieldDefinition>
                                    </FieldDefinitions>
                                </DataShape>
                                <Rows>
                                    <Row>
                                        <maxItems>500.0</maxItems>
                                        <sql>
                                        <![CDATA[
                                        select distinct SAPPlantId.TextValue as SAPPlantId , DisplayName.TextValue as DisplayName
                                        select distinct SAPPlantId.TextValue as SAPPlantId , DisplayName.TextValue as DisplayName
                                          from CORP_PROD_M_DB.RVS_SMARTPRODUCTION.smartKPI_MachineKeyValueData SAPPlantId,
                                          CORP_PROD_M_DB.RVS_SMARTPRODUCTION.smartKPI_MachineKeyValueData DisplayName
                                          where SAPPlantId.Machine = DisplayName.Machine
                                          and SAPPlantId.PropertyKey = 'SAPPlantId'
                                          and DisplayName.PropertyKey = 'DisplayName'
                                        ]]>
                                        </sql>
                                        <timeout>60.0</timeout>
                                    </Row>
                                </Rows>
                            </ConfigurationTable>
                        </ConfigurationTables>
                    </ServiceImplementation>
                    <ServiceImplementation
                     description=""
                     handlerName="SQLQuery"
                     name="getListOFMachinesForPlant">
                        <ConfigurationTables>
                            <ConfigurationTable
                             dataShapeName=""
                             description="SQLQuery"
                             isMultiRow="false"
                             name="Query"
                             ordinal="0">
                                <DataShape>
                                    <FieldDefinitions>
                                        <FieldDefinition
                                         baseType="NUMBER"
                                         description="maxItems"
                                         name="maxItems"
                                         ordinal="0"></FieldDefinition>
                                        <FieldDefinition
                                         baseType="STRING"
                                         description="sql"
                                         name="sql"
                                         ordinal="0"></FieldDefinition>
                                        <FieldDefinition
                                         baseType="NUMBER"
                                         description="timeout"
                                         name="timeout"
                                         ordinal="0"></FieldDefinition>
                                    </FieldDefinitions>
                                </DataShape>
                                <Rows>
                                    <Row>
                                        <maxItems>500.0</maxItems>
                                        <sql>
                                        <![CDATA[
                                        Select Main.*, SUB.TEXTVALUE as SAPWorkCenterNumber from  
                                        (
                                            select SUBSTR(e.SourceSystem, 16, 3) as Plant, e.SourceSystem as SourceSystem, e.Machine as MachineThingName, e.TextValue as MachineName from 
                                            (
                                                select  d.SourceSystem,d.PropertyKey,d.FloatValue, d.TextValue, d.Machine, d.PropertySubKey2 from 
                                                (
                                                    select a.SourceSystem, a.PropertyKey, a.FloatValue, a.TextValue, a.Machine, a.PropertySubKey2 from 
                                                    	CORP_PROD_M_DB.RVS_SMARTPRODUCTION.smartkpi_machinekeyvaluedata a , 
                                                    	CORP_PROD_M_DB.RVS_SMARTPRODUCTION.smartkpi_machinekeyvaluedata b   
                                                        where a.Machine=b.Machine   
                                                        and b.PropertyKey='isActive' 
                                                        and b.FloatValue=1 
                                                ) d 
                                                where d.PropertySubKey2='KBLocalMachineThingTemplate' 
                                                and d.PropertyKey='DisplayName'        
                                             ) e 
                                             where SUBSTR(e.SourceSystem, 16, 3) in ('KEC','ALD','LIS','LIB','BER','ARC','PUN','PET','BWG')
                                             group by e.Machine, e.TextValue,e.SourceSystem
                                        ) Main ,    
                                        (
                                            select MACHINE,TEXTVALUE from    CORP_PROD_M_DB.RVS_SMARTPRODUCTION.smartkpi_machinekeyvaluedata   where  PropertySubKey2='KBLocalMachineThingTemplate' and PropertyKey='SAPWorkcenterNumber'
                                        ) SUB 
                                        where Main.MachineThingName=SUB.Machine
                                        ]]>
                                        </sql>
                                        <timeout>60.0</timeout>
                                    </Row>
                                </Rows>
                            </ConfigurationTable>
                        </ConfigurationTables>
                    </ServiceImplementation>
                    <ServiceImplementation
                     description=""
                     handlerName="SQLQuery"
                     name="GetProductionDeviationDataForMachine">
                        <ConfigurationTables>
                            <ConfigurationTable
                             dataShapeName=""
                             description="SQLQuery"
                             isMultiRow="false"
                             name="Query"
                             ordinal="0">
                                <DataShape>
                                    <FieldDefinitions>
                                        <FieldDefinition
                                         baseType="NUMBER"
                                         description="maxItems"
                                         name="maxItems"
                                         ordinal="0"></FieldDefinition>
                                        <FieldDefinition
                                         baseType="STRING"
                                         description="sql"
                                         name="sql"
                                         ordinal="0"></FieldDefinition>
                                        <FieldDefinition
                                         baseType="NUMBER"
                                         description="timeout"
                                         name="timeout"
                                         ordinal="0"></FieldDefinition>
                                    </FieldDefinitions>
                                </DataShape>
                                <Rows>
                                    <Row>
                                        <maxItems>500.0</maxItems>
                                        <sql>
                                        <![CDATA[
                                        with x as
                                        (
                                            select main.*,TimeDiff(second,ProductionTimeStart,ProductionTimeEnd) as Duration_in_sec, sub.Operation as operation,
                                        	sub.ProcessingTimeCO as ProcessingTimeCO, sub.tgMaxTime  as tgMaxTime  ,sub.PlannedNumberOfWorkers as PlannedNumberOfWorkers from 
                                         	(
                                                select lead(ProductionTime) over (order by ProductionTime desc) as ProductionTimeStart,ProductionTime as ProductionTimeEnd,
                                        		OrderNumber||', '||PartNumber||', '||SerialNumber as ident,
                                                OrderNumber,
                                                PartNumber,
                                                isPartOK,
                                                SerialNumber,
                                                numberOfParts
                                                from CORP_PROD_M_DB.RVS_SMARTPRODUCTION.smartkpi
                                                where ProductionTime between TO_TIMESTAMP_NTZ([[StartDate]]) and TO_TIMESTAMP_NTZ([[EndDate]])
                                                and Machine = [[MachineThing]]
                                                and Sourcesystem = [[SourceSystem]]
                                                and DELETE_IDENTIFIER != 'DELETED'  ) main , 
                                         		(	
                                                    select a.tgMaxTime, b.PlannedNumberOfWorkers,c.ProcessingTimeCO, a.OrderNumber, d.Operation from 
                                                    (	select sum(CASE TextValue
                                                                            WHEN 'SEC' THEN FloatValue
                                                                            WHEN 'MIN' THEN FloatValue * 60
                                                                            WHEN 'DAY' THEN FloatValue * 24 * 60 * 60
                                                                            ELSE 0         
                                                                        END) as tgMaxTime, OrderNumber,Operation from
                                        				CORP_PROD_M_DB.RVS_SMARTPRODUCTION.smartkpi_orderkeyvaluedata
                                        				where Sourcesystem = [[SourceSystem]]
                                        				and DELETE_IDENTIFIER != 'DELETED'
                                        				and PropertyKey1 = 'tgMaxTime' 
                                        				group by OrderNumber,Operation ) a ,
                                         				(
                                        				select sum(FloatValue) as PlannedNumberOfWorkers, OrderNumber,Operation from
                                        				CORP_PROD_M_DB.RVS_SMARTPRODUCTION.smartkpi_orderkeyvaluedata
                                                        where Sourcesystem = [[SourceSystem]]
                                                        and DELETE_IDENTIFIER != 'DELETED'
                                                        and PropertyKey1 = 'PlannedNumberOfWorkers' 
                                                        group by OrderNumber,Operation ) b,
                                                    	(
                                                            select sum(CASE TextValue
                                                                            WHEN 'SEC' THEN FloatValue
                                                                            WHEN 'MIN' THEN FloatValue * 60
                                                                            WHEN 'DAY' THEN FloatValue * 24 * 60 * 60
                                                                            ELSE 0         
                                                                        END) as ProcessingTimeCO, OrderNumber,Operation  from
                                        				CORP_PROD_M_DB.RVS_SMARTPRODUCTION.smartkpi_orderkeyvaluedata
                                        				where Sourcesystem = [[SourceSystem]]
                                                        and DELETE_IDENTIFIER != 'DELETED'
                                                        and  PropertyKey1 = 'ProcessingTimeCO'
                                                        group by OrderNumber,Operation ) c,
                                                    	(	
                                                            select Operation,TextValue,OrderNumber from  CORP_PROD_M_DB.RVS_SMARTPRODUCTION.smartkpi_orderkeyvaluedata
                                                        where Sourcesystem = [[SourceSystem]]
                                                        and DELETE_IDENTIFIER != 'DELETED' 
                                                        and PropertyKey1='Line' and TextValue=[[SapWorkCenter]]) d 
                                                        where a.Operation=d.Operation 
                                                        and	c.Operation=a.Operation
                                                        and d.Operation=b.Operation 
                                                        and a.OrderNumber=d.OrderNumber
                                                        and a.OrderNumber=c.OrderNumber
                                                        and a.OrderNumber=b.OrderNumber
                                                        and b.OrderNumber=c.OrderNumber
                                                ) sub 	
                                        		where main.OrderNumber=sub.OrderNumber
                                        ) 
                                        select distinct MERIDIAN.PartNumber,
                                        	round(STAT.NumberOfProducedParts,2) as NumberOfProducedParts,
                                            round(STAT.NumberOfPartsPerCycle,2) as NumberOfPartsPerCycle,
                                            round(STAT.PlannedNumberOfWorkers,2) as PlannedNumberOfWorkers,
                                        	round(STAT.AVG_realProcessingTime/STAT.NumberOfPartsPerCycle,2) as AVG_realProcessingTimeInSec,  
                                            round(STAT.tgMaxTimeInSec,2) as tgMaxInSec,  
                                            round(STAT.ProcessingTimeInSecCO,2) as ProcessingTimeInSecCO,  
                                            round(MERIDIAN.Median_RealProcessingTime/STAT.NumberOfPartsPerCycle,2) as Median_RealProcessingTime,
                                            round(STAT.ProcessingTimeInSecCO - (STAT.AVG_realProcessingTime/STAT.NumberOfPartsPerCycle),2) as ProcessingTimeInSecCO_minus_realProcessingTime,
                                            round((MERIDIAN.Median_RealProcessingTime/STAT.NumberOfPartsPerCycle) - (STAT.AVG_realProcessingTime/STAT.NumberOfPartsPerCycle),2) as MedianRealProcessingTime_minus_realProcessingTime,
                                            round(ABS(((STAT.ProcessingTimeInSecCO - (STAT.AVG_realProcessingTime/STAT.NumberOfPartsPerCycle))/NULLIF((STAT.ProcessingTimeInSecCO/10),0))*10 ),2) as CODeviationPercentage,
                                            round(ABS(((STAT.tgMaxTimeInSec - (MERIDIAN.Median_RealProcessingTime/STAT.NumberOfPartsPerCycle))/NULLIF((STAT.tgMaxTimeInSec/10),0))*10 ),2) as tgMaxDeviationPercentage
                                        
                                        from 
                                        (
                                            select  x.PartNumber, PERCENTILE_CONT(0.5) WITHIN GROUP (ORDER BY x.Duration_in_sec) OVER (PARTITION BY x.PartNumber) AS Median_RealProcessingTime
                                           	from x
                                        ) MERIDIAN ,
                                        (
                                        	select PartNumber,sum(numberOfParts) as NumberOfProducedParts,AVG(numberOfParts) as NumberOfPartsPerCycle,  
                                            AVG(Duration_in_sec) as AVG_realProcessingTime, AVG(PlannedNumberOfWorkers) as PlannedNumberOfWorkers,
                                        	AVG(tgMaxTime) as tgMaxTimeInSec, AVG(ProcessingTimeCO) as ProcessingTimeInSecCO
                                            from x group by PartNumber
                                        ) STAT
                                        where MERIDIAN.PartNumber=STAT.PartNumber
                                        order by 1
                                        ]]>
                                        </sql>
                                        <timeout>60.0</timeout>
                                    </Row>
                                </Rows>
                            </ConfigurationTable>
                        </ConfigurationTables>
                    </ServiceImplementation>
                </ServiceImplementations>
                <Subscriptions></Subscriptions>
            </ThingShape>
            <ImplementedShapes></ImplementedShapes>
            <SharedConfigurationTables></SharedConfigurationTables>
            <InstanceDesignTimePermissions>
                <Create></Create>
                <Read></Read>
                <Update></Update>
                <Delete></Delete>
                <Metadata></Metadata>
            </InstanceDesignTimePermissions>
            <InstanceRunTimePermissions>
                <Permissions
                 resourceName="*">
                    <PropertyRead>
                        <Principal
                         isPermitted="true"
                         name="Users"
                         type="Group"></Principal>
                    </PropertyRead>
                    <PropertyWrite></PropertyWrite>
                    <ServiceInvoke>
                        <Principal
                         isPermitted="true"
                         name="Users"
                         type="Group"></Principal>
                    </ServiceInvoke>
                    <EventInvoke></EventInvoke>
                    <EventSubscribe></EventSubscribe>
                </Permissions>
            </InstanceRunTimePermissions>
            <InstanceVisibilityPermissions>
                <Visibility>
                    <Principal
                     isPermitted="true"
                     name="KBOrganization"
                     type="Organization"></Principal>
                </Visibility>
            </InstanceVisibilityPermissions>
        </ThingTemplate>
    </ThingTemplates>
</Entities>
