<?xml version="1.0" encoding="UTF-8"?>
<Entities
 majorVersion="9"
 minorVersion="3"
 universal="password">
    <ThingShapes>
        <ThingShape
         className=""
         description=""
         documentationContent=""
         homeMashup=""
         name="KBLocalStationCVSAndonThingShape"
         projectName="KBsmartKPI"
         tags="">
            <PropertyDefinitions>
                <PropertyDefinition
                 aspect.cacheTime="0.0"
                 aspect.dataChangeType="VALUE"
                 aspect.defaultValue="false"
                 aspect.isPersistent="true"
                 baseType="BOOLEAN"
                 category=""
                 description=""
                 isLocalOnly="false"
                 name="HideAutomaticDowntimeReasonsOnAndon"
                 ordinal="14"></PropertyDefinition>
                <PropertyDefinition
                 aspect.cacheTime="0.0"
                 aspect.dataChangeType="VALUE"
                 aspect.defaultValue="false"
                 aspect.isPersistent="true"
                 baseType="BOOLEAN"
                 category="NOK"
                 description="Is NOK Part Automatic"
                 isLocalOnly="false"
                 name="isNokPartAutomatic"
                 ordinal="4"></PropertyDefinition>
                <PropertyDefinition
                 aspect.cacheTime="0.0"
                 aspect.dataChangeType="VALUE"
                 aspect.defaultValue="true"
                 aspect.isPersistent="true"
                 baseType="BOOLEAN"
                 category="NOK"
                 description=""
                 isLocalOnly="false"
                 name="isNokPartBtnEnabled"
                 ordinal="13"></PropertyDefinition>
                <PropertyDefinition
                 aspect.cacheTime="0.0"
                 aspect.dataChangeType="VALUE"
                 aspect.defaultValue="false"
                 aspect.isPersistent="true"
                 baseType="BOOLEAN"
                 category="NOK"
                 description="Is NOK Part Reason Automatic"
                 isLocalOnly="false"
                 name="isNokPartReasonAutomatic"
                 ordinal="5"></PropertyDefinition>
                <PropertyDefinition
                 aspect.cacheTime="0.0"
                 aspect.dataChangeType="VALUE"
                 aspect.defaultValue="true"
                 aspect.isPersistent="true"
                 baseType="BOOLEAN"
                 category="Rework"
                 description="Is NOK Provided Before Rework"
                 isLocalOnly="false"
                 name="isNokProvidedBeforeRework"
                 ordinal="13"></PropertyDefinition>
                <PropertyDefinition
                 aspect.cacheTime="0.0"
                 aspect.dataChangeType="VALUE"
                 aspect.defaultValue="false"
                 aspect.isPersistent="true"
                 baseType="BOOLEAN"
                 category="OK"
                 description="Is OK Part Automatic"
                 isLocalOnly="false"
                 name="isOkPartAutomatic"
                 ordinal="2"></PropertyDefinition>
                <PropertyDefinition
                 aspect.cacheTime="0.0"
                 aspect.dataChangeType="VALUE"
                 aspect.defaultValue="true"
                 aspect.isPersistent="true"
                 baseType="BOOLEAN"
                 category="OK"
                 description="Is OK Part Button Enabled"
                 isLocalOnly="false"
                 name="isOkPartBtnEnabled"
                 ordinal="3"></PropertyDefinition>
                <PropertyDefinition
                 aspect.cacheTime="0.0"
                 aspect.dataChangeType="VALUE"
                 aspect.defaultValue="true"
                 aspect.isPersistent="true"
                 baseType="BOOLEAN"
                 category="Rework"
                 description="Is OK Provided After Rework"
                 isLocalOnly="false"
                 name="isOkProvidedAfterRework"
                 ordinal="14"></PropertyDefinition>
                <PropertyDefinition
                 aspect.cacheTime="0.0"
                 aspect.dataChangeType="VALUE"
                 aspect.defaultValue="true"
                 aspect.isPersistent="true"
                 baseType="BOOLEAN"
                 category="Process Efficiency"
                 description="Is Process Efficiency Button Enabled"
                 isLocalOnly="false"
                 name="isProcessEfficiencyBtnEnabled"
                 ordinal="11"></PropertyDefinition>
                <PropertyDefinition
                 aspect.cacheTime="0.0"
                 aspect.dataChangeType="VALUE"
                 aspect.defaultValue="true"
                 aspect.isPersistent="true"
                 baseType="BOOLEAN"
                 category="Retest"
                 description="Is Retest Button Enabled"
                 isLocalOnly="false"
                 name="isRetestBtnEnabled"
                 ordinal="10"></PropertyDefinition>
                <PropertyDefinition
                 aspect.cacheTime="0.0"
                 aspect.dataChangeType="VALUE"
                 aspect.defaultValue="true"
                 aspect.isPersistent="true"
                 baseType="BOOLEAN"
                 category="Revision"
                 description="Is Revision Button Enabled"
                 isLocalOnly="false"
                 name="isRevisionBtnEnabled"
                 ordinal="12"></PropertyDefinition>
                <PropertyDefinition
                 aspect.cacheTime="0.0"
                 aspect.dataChangeType="VALUE"
                 aspect.defaultValue="true"
                 aspect.isPersistent="true"
                 baseType="BOOLEAN"
                 category="Rework"
                 description="Is Rework Button Enabled"
                 isLocalOnly="false"
                 name="isReworkBtnEnabled"
                 ordinal="9"></PropertyDefinition>
                <PropertyDefinition
                 aspect.cacheTime="0.0"
                 aspect.dataChangeType="VALUE"
                 aspect.defaultValue="false"
                 aspect.isPersistent="true"
                 baseType="BOOLEAN"
                 category="Rework"
                 description="Is Rework Event Automatic"
                 isLocalOnly="false"
                 name="isReworkEventAutomatic"
                 ordinal="6"></PropertyDefinition>
            </PropertyDefinitions>
            <ServiceDefinitions>
                <ServiceDefinition
                 aspect.isAsync="false"
                 category="NOK"
                 description="Service to get all NOK part process related property values."
                 isAllowOverride="false"
                 isLocalOnly="false"
                 isOpen="false"
                 isPrivate="false"
                 name="GetNOKPartProcessPropertyValues">
                    <ResultType
                     aspect.dataShape="KBNOKPartProcessPropertiesCVSDatashape"
                     baseType="INFOTABLE"
                     description=""
                     name="result"
                     ordinal="0"></ResultType>
                    <ParameterDefinitions></ParameterDefinitions>
                </ServiceDefinition>
                <ServiceDefinition
                 aspect.isAsync="false"
                 category="OK"
                 description="Service to get the values of a;; properties related OK part process"
                 isAllowOverride="false"
                 isLocalOnly="false"
                 isOpen="false"
                 isPrivate="false"
                 name="GetOKPartProcessPropertyValues">
                    <ResultType
                     aspect.dataShape="KBOKPartProcessPropertiesCVSDatashape"
                     baseType="INFOTABLE"
                     description=""
                     name="result"
                     ordinal="0"></ResultType>
                    <ParameterDefinitions></ParameterDefinitions>
                </ServiceDefinition>
                <ServiceDefinition
                 aspect.isAsync="false"
                 category="PART_CONFIG"
                 description="Service to get part process configuration values for OK, NOK, Rework and other config properties."
                 isAllowOverride="false"
                 isLocalOnly="false"
                 isOpen="false"
                 isPrivate="false"
                 name="GetPartProcessConfigPropertyValues">
                    <ResultType
                     aspect.dataShape="KBCVSPartProcessConfigPropertiesDS"
                     baseType="INFOTABLE"
                     description=""
                     name="result"
                     ordinal="0"></ResultType>
                    <ParameterDefinitions></ParameterDefinitions>
                </ServiceDefinition>
                <ServiceDefinition
                 aspect.isAsync="false"
                 category="PROCESS_EFFICIENCY"
                 description="Service to get properties related to process efficiency."
                 isAllowOverride="false"
                 isLocalOnly="false"
                 isOpen="false"
                 isPrivate="false"
                 name="GetProcessEfficiencyPropertyValues">
                    <ResultType
                     baseType="BOOLEAN"
                     description=""
                     name="result"
                     ordinal="0"></ResultType>
                    <ParameterDefinitions></ParameterDefinitions>
                </ServiceDefinition>
                <ServiceDefinition
                 aspect.isAsync="false"
                 category="RETEST"
                 description="Service to get retest ptart process related property values."
                 isAllowOverride="false"
                 isLocalOnly="false"
                 isOpen="false"
                 isPrivate="false"
                 name="GetRetestPartProcessPropertyValues">
                    <ResultType
                     baseType="BOOLEAN"
                     description=""
                     name="result"
                     ordinal="0"></ResultType>
                    <ParameterDefinitions></ParameterDefinitions>
                </ServiceDefinition>
                <ServiceDefinition
                 aspect.isAsync="false"
                 category="REVISION"
                 description="Service to get properties related to revision part process"
                 isAllowOverride="false"
                 isLocalOnly="false"
                 isOpen="false"
                 isPrivate="false"
                 name="GetRevisionPartProcessPropertyValues">
                    <ResultType
                     baseType="BOOLEAN"
                     description=""
                     name="result"
                     ordinal="0"></ResultType>
                    <ParameterDefinitions></ParameterDefinitions>
                </ServiceDefinition>
                <ServiceDefinition
                 aspect.isAsync="false"
                 category="REWORK"
                 description="Service to get rework part process related properties."
                 isAllowOverride="false"
                 isLocalOnly="false"
                 isOpen="false"
                 isPrivate="false"
                 name="GetReworkPartProcessPropertyValues">
                    <ResultType
                     aspect.dataShape="KBReworkPartProcessPropertiesCVSDatashape"
                     baseType="INFOTABLE"
                     description=""
                     name="result"
                     ordinal="0"></ResultType>
                    <ParameterDefinitions></ParameterDefinitions>
                </ServiceDefinition>
                <ServiceDefinition
                 aspect.isAsync="false"
                 category="PART_CONFIG"
                 description="Service to set the part process configuration property values"
                 isAllowOverride="false"
                 isLocalOnly="false"
                 isOpen="false"
                 isPrivate="false"
                 name="SetPartProcessConfigPropertyValues">
                    <ResultType
                     baseType="NOTHING"
                     description=""
                     name="result"
                     ordinal="0"></ResultType>
                    <ParameterDefinitions>
                        <FieldDefinition
                         aspect.isRequired="true"
                         baseType="BOOLEAN"
                         description=""
                         name="isNokPartAutomatic"
                         ordinal="4"></FieldDefinition>
                        <FieldDefinition
                         aspect.isRequired="true"
                         baseType="BOOLEAN"
                         description=""
                         name="isNokPartBtnEnabled"
                         ordinal="3"></FieldDefinition>
                        <FieldDefinition
                         aspect.isRequired="true"
                         baseType="BOOLEAN"
                         description=""
                         name="isNokPartReasonAutomatic"
                         ordinal="5"></FieldDefinition>
                        <FieldDefinition
                         aspect.isRequired="true"
                         baseType="BOOLEAN"
                         description=""
                         name="isNokProvidedBeforeRework"
                         ordinal="8"></FieldDefinition>
                        <FieldDefinition
                         baseType="BOOLEAN"
                         description=""
                         name="isOkPartAutomatic"
                         ordinal="2"></FieldDefinition>
                        <FieldDefinition
                         aspect.isRequired="true"
                         baseType="BOOLEAN"
                         description=""
                         name="isOkPartBtnEnabled"
                         ordinal="1"></FieldDefinition>
                        <FieldDefinition
                         aspect.isRequired="true"
                         baseType="BOOLEAN"
                         description=""
                         name="isOkProvidedAfterRework"
                         ordinal="9"></FieldDefinition>
                        <FieldDefinition
                         aspect.isRequired="true"
                         baseType="BOOLEAN"
                         description=""
                         name="isProcessEfficiencyBtnEnabled"
                         ordinal="12"></FieldDefinition>
                        <FieldDefinition
                         aspect.isRequired="true"
                         baseType="BOOLEAN"
                         description=""
                         name="isRetestBtnEnabled"
                         ordinal="10"></FieldDefinition>
                        <FieldDefinition
                         aspect.isRequired="true"
                         baseType="BOOLEAN"
                         description=""
                         name="isRevisionBtnEnabled"
                         ordinal="11"></FieldDefinition>
                        <FieldDefinition
                         aspect.isRequired="true"
                         baseType="BOOLEAN"
                         description=""
                         name="isReworkBtnEnabled"
                         ordinal="6"></FieldDefinition>
                        <FieldDefinition
                         aspect.isRequired="true"
                         baseType="BOOLEAN"
                         description=""
                         name="isReworkEventAutomatic"
                         ordinal="7"></FieldDefinition>
                    </ParameterDefinitions>
                </ServiceDefinition>
            </ServiceDefinitions>
            <EventDefinitions></EventDefinitions>
            <ServiceMappings></ServiceMappings>
            <ServiceImplementations>
                <ServiceImplementation
                 description=""
                 handlerName="Script"
                 name="GetNOKPartProcessPropertyValues">
                    <ConfigurationTables>
                        <ConfigurationTable
                         dataShapeName=""
                         description=""
                         isMultiRow="false"
                         name="Script"
                         ordinal="0">
                            <DataShape>
                                <FieldDefinitions>
                                    <FieldDefinition
                                     baseType="STRING"
                                     description="code"
                                     name="code"
                                     ordinal="0"></FieldDefinition>
                                </FieldDefinitions>
                            </DataShape>
                            <Rows>
                                <Row>
                                    <code>
                                    <![CDATA[
                                    var result;
                                    
                                    try {
                                        result = Resources["InfoTableFunctions"].CreateInfoTableFromDataShape({
                                            infoTableName: "InfoTable",
                                            dataShapeName: "KBNOKPartProcessPropertiesCVSDatashape"
                                        });
                                    
                                        let newEntry = {
                                            isNokPartAutomatic: me.isNokPartAutomatic, // BOOLEAN
                                            isNokPartReasonAutomatic: me.isNokPartReasonAutomatic, // BOOLEAN
                                            isNokPartBtnEnabled: me.isNokPartBtnEnabled // BOOLEAN
                                        };
                                    
                                        result.AddRow(newEntry);
                                    } catch (err) {
                                        logger.error("Thing: " + me.name + " - Service: GetNOKPartProcessPropertyValues - Error:" + err);
                                    }
                                    ]]>
                                    </code>
                                </Row>
                            </Rows>
                        </ConfigurationTable>
                    </ConfigurationTables>
                </ServiceImplementation>
                <ServiceImplementation
                 description=""
                 handlerName="Script"
                 name="GetOKPartProcessPropertyValues">
                    <ConfigurationTables>
                        <ConfigurationTable
                         dataShapeName=""
                         description=""
                         isMultiRow="false"
                         name="Script"
                         ordinal="0">
                            <DataShape>
                                <FieldDefinitions>
                                    <FieldDefinition
                                     baseType="STRING"
                                     description="code"
                                     name="code"
                                     ordinal="0"></FieldDefinition>
                                </FieldDefinitions>
                            </DataShape>
                            <Rows>
                                <Row>
                                    <code>
                                    <![CDATA[
                                    var result;
                                    
                                    try {
                                        result = Resources["InfoTableFunctions"].CreateInfoTableFromDataShape({
                                            infoTableName: "InfoTable",
                                            dataShapeName: "KBOKPartProcessPropertiesCVSDatashape"
                                        });
                                    
                                        let newEntry = {
                                            isOkPartAutomatic: me.isOkPartAutomatic, // BOOLEAN
                                            isOkPartBtnEnabled: me.isOkPartBtnEnabled // BOOLEAN
                                        };
                                        result.AddRow(newEntry);
                                    } catch (err) {
                                        logger.error("Thing: " + me.name + " - Service: GetOKPartProcessPropertyValues - Error:" + err);
                                    }
                                    ]]>
                                    </code>
                                </Row>
                            </Rows>
                        </ConfigurationTable>
                    </ConfigurationTables>
                </ServiceImplementation>
                <ServiceImplementation
                 description=""
                 handlerName="Script"
                 name="GetPartProcessConfigPropertyValues">
                    <ConfigurationTables>
                        <ConfigurationTable
                         dataShapeName=""
                         description=""
                         isMultiRow="false"
                         name="Script"
                         ordinal="0">
                            <DataShape>
                                <FieldDefinitions>
                                    <FieldDefinition
                                     baseType="STRING"
                                     description="code"
                                     name="code"
                                     ordinal="0"></FieldDefinition>
                                </FieldDefinitions>
                            </DataShape>
                            <Rows>
                                <Row>
                                    <code>
                                    <![CDATA[
                                    // CreateInfoTableFromDataShape(infoTableName:STRING("InfoTable"), dataShapeName:STRING):INFOTABLE(KBCVSPartProcessConfigPropertiesDS)
                                    var result = Resources["InfoTableFunctions"].CreateInfoTableFromDataShape({
                                        infoTableName: "InfoTable",
                                        dataShapeName: "KBCVSPartProcessConfigPropertiesDS"
                                    });
                                    
                                    try {
                                        // KBCVSPartProcessConfigPropertiesDS entry object
                                        let newEntry = {
                                            isOkPartBtnEnabled: me.isOkPartBtnEnabled, // BOOLEAN
                                            isOkPartAutomatic: me.isOkPartAutomatic, // BOOLEAN
                                            isNokPartBtnEnabled: me.isNokPartBtnEnabled, // BOOLEAN
                                            isNokPartAutomatic: me.isNokPartAutomatic, // BOOLEAN
                                            isNokPartReasonAutomatic: me.isNokPartReasonAutomatic, // BOOLEAN
                                            isReworkBtnEnabled: me.isReworkBtnEnabled, // BOOLEAN
                                            isReworkEventAutomatic: me.isReworkEventAutomatic, // BOOLEAN
                                            isNokProvidedBeforeRework: me.isNokProvidedBeforeRework, // BOOLEAN
                                            isOkProvidedAfterRework: me.isOkProvidedAfterRework, // BOOLEAN
                                            isRetestBtnEnabled: me.isRetestBtnEnabled, // BOOLEAN
                                            isRevisionBtnEnabled: me.isRevisionBtnEnabled, // BOOLEAN
                                            isProcessEfficiencyBtnEnabled: me.isProcessEfficiencyBtnEnabled // BOOLEAN
                                        };
                                    
                                        result.AddRow(newEntry);
                                    
                                    } catch (err) {
                                        logger.error("Thing: " + me.name + " - Service: GetPartProcessConfigPropertyValues - Error:" + err);
                                    }
                                    ]]>
                                    </code>
                                </Row>
                            </Rows>
                        </ConfigurationTable>
                    </ConfigurationTables>
                </ServiceImplementation>
                <ServiceImplementation
                 description=""
                 handlerName="Script"
                 name="GetProcessEfficiencyPropertyValues">
                    <ConfigurationTables>
                        <ConfigurationTable
                         dataShapeName=""
                         description=""
                         isMultiRow="false"
                         name="Script"
                         ordinal="0">
                            <DataShape>
                                <FieldDefinitions>
                                    <FieldDefinition
                                     baseType="STRING"
                                     description="code"
                                     name="code"
                                     ordinal="0"></FieldDefinition>
                                </FieldDefinitions>
                            </DataShape>
                            <Rows>
                                <Row>
                                    <code>
                                    <![CDATA[
                                    var result;
                                    
                                    try {
                                        result = me.isProcessEfficiencyBtnEnabled;
                                    } catch (err) {
                                        logger.error("Thing: " + me.name + " - Service: GetProcessEfficiencyPropertyValues - Error:" + err);
                                    }
                                    ]]>
                                    </code>
                                </Row>
                            </Rows>
                        </ConfigurationTable>
                    </ConfigurationTables>
                </ServiceImplementation>
                <ServiceImplementation
                 description=""
                 handlerName="Script"
                 name="GetRetestPartProcessPropertyValues">
                    <ConfigurationTables>
                        <ConfigurationTable
                         dataShapeName=""
                         description=""
                         isMultiRow="false"
                         name="Script"
                         ordinal="0">
                            <DataShape>
                                <FieldDefinitions>
                                    <FieldDefinition
                                     baseType="STRING"
                                     description="code"
                                     name="code"
                                     ordinal="0"></FieldDefinition>
                                </FieldDefinitions>
                            </DataShape>
                            <Rows>
                                <Row>
                                    <code>
                                    <![CDATA[
                                    var result;
                                    
                                    try {
                                        result = me.isRetestBtnEnabled;
                                    } catch (err) {
                                        logger.error("Thing: " + me.name + " - Service: GetRetestPartProcessPropertyValues - Error:" + err);
                                    }
                                    ]]>
                                    </code>
                                </Row>
                            </Rows>
                        </ConfigurationTable>
                    </ConfigurationTables>
                </ServiceImplementation>
                <ServiceImplementation
                 description=""
                 handlerName="Script"
                 name="GetRevisionPartProcessPropertyValues">
                    <ConfigurationTables>
                        <ConfigurationTable
                         dataShapeName=""
                         description=""
                         isMultiRow="false"
                         name="Script"
                         ordinal="0">
                            <DataShape>
                                <FieldDefinitions>
                                    <FieldDefinition
                                     baseType="STRING"
                                     description="code"
                                     name="code"
                                     ordinal="0"></FieldDefinition>
                                </FieldDefinitions>
                            </DataShape>
                            <Rows>
                                <Row>
                                    <code>
                                    <![CDATA[
                                    var result;
                                    
                                    try {
                                        result = me.isRevisionBtnEnabled;
                                    } catch (err) {
                                        logger.error("Thing: " + me.name + " - Service: GetRevisionPartProcessPropertyValues - Error:" + err);
                                    }
                                    ]]>
                                    </code>
                                </Row>
                            </Rows>
                        </ConfigurationTable>
                    </ConfigurationTables>
                </ServiceImplementation>
                <ServiceImplementation
                 description=""
                 handlerName="Script"
                 name="GetReworkPartProcessPropertyValues">
                    <ConfigurationTables>
                        <ConfigurationTable
                         dataShapeName=""
                         description=""
                         isMultiRow="false"
                         name="Script"
                         ordinal="0">
                            <DataShape>
                                <FieldDefinitions>
                                    <FieldDefinition
                                     baseType="STRING"
                                     description="code"
                                     name="code"
                                     ordinal="0"></FieldDefinition>
                                </FieldDefinitions>
                            </DataShape>
                            <Rows>
                                <Row>
                                    <code>
                                    <![CDATA[
                                    var result;
                                    
                                    try {
                                        result = Resources["InfoTableFunctions"].CreateInfoTableFromDataShape({
                                            infoTableName: "InfoTable",
                                            dataShapeName: "KBReworkPartProcessPropertiesCVSDatashape"
                                        });
                                    
                                        let newEntry = {
                                            isReworkBtnEnabled: me.isReworkBtnEnabled, //BOOLEAN
                                            isReworkEventAutomatic: me.isReworkEventAutomatic, //BOOLEAN
                                            isOkProvidedAfterRework: me.isOkProvidedAfterRework, //BOOLEAN
                                            isNokProvidedBeforeRework: me.isNokProvidedBeforeRework //BOOLEAN
                                        };
                                        result.AddRow(newEntry);
                                    } catch (err) {
                                        logger.error("Thing: " + me.name + " - Service: GetReworkPartProcessPropertyValues - Error:" + err);
                                    }
                                    ]]>
                                    </code>
                                </Row>
                            </Rows>
                        </ConfigurationTable>
                    </ConfigurationTables>
                </ServiceImplementation>
                <ServiceImplementation
                 description=""
                 handlerName="Script"
                 name="SetPartProcessConfigPropertyValues">
                    <ConfigurationTables>
                        <ConfigurationTable
                         dataShapeName=""
                         description=""
                         isMultiRow="false"
                         name="Script"
                         ordinal="0">
                            <DataShape>
                                <FieldDefinitions>
                                    <FieldDefinition
                                     baseType="STRING"
                                     description="code"
                                     name="code"
                                     ordinal="0"></FieldDefinition>
                                </FieldDefinitions>
                            </DataShape>
                            <Rows>
                                <Row>
                                    <code>
                                    <![CDATA[
                                    try {
                                        //OK Part Config properties
                                        me.isOkPartBtnEnabled = isOkPartBtnEnabled;
                                        me.isOkPartAutomatic = isOkPartAutomatic;
                                    
                                        //NOK Part Config properties
                                        me.isNokPartBtnEnabled = isNokPartBtnEnabled;
                                        me.isNokPartAutomatic = isNokPartAutomatic;
                                        me.isNokPartReasonAutomatic = isNokPartReasonAutomatic;
                                    
                                        //Rework Part Config properties
                                        me.isReworkBtnEnabled = isReworkBtnEnabled;
                                        me.isReworkEventAutomatic = isReworkEventAutomatic;
                                        me.isNokProvidedBeforeRework = isNokProvidedBeforeRework;
                                        me.isOkProvidedAfterRework = isOkProvidedAfterRework;
                                    
                                        //Other Part Config properties
                                        me.isRetestBtnEnabled = isRetestBtnEnabled;
                                        me.isRevisionBtnEnabled = isRevisionBtnEnabled;
                                        me.isProcessEfficiencyBtnEnabled = isProcessEfficiencyBtnEnabled;
                                    } catch (err) {
                                        logger.error("Thing: " + me.name + " - Service: SetPartProcessConfigPropertyValues - Error:" + err);
                                    }
                                    ]]>
                                    </code>
                                </Row>
                            </Rows>
                        </ConfigurationTable>
                    </ConfigurationTables>
                </ServiceImplementation>
            </ServiceImplementations>
            <Subscriptions></Subscriptions>
            <avatar></avatar>
            <DesignTimePermissions>
                <Create></Create>
                <Read></Read>
                <Update></Update>
                <Delete></Delete>
                <Metadata></Metadata>
            </DesignTimePermissions>
            <RunTimePermissions>
                <Permissions
                 resourceName="*">
                    <PropertyRead>
                        <Principal
                         isPermitted="true"
                         name="KBIEAdminUserGroup"
                         type="Group"></Principal>
                        <Principal
                         isPermitted="true"
                         name="KBLocalAdministrators"
                         type="Group"></Principal>
                        <Principal
                         isPermitted="true"
                         name="KBMachineOperatorUserGroup"
                         type="Group"></Principal>
                        <Principal
                         isPermitted="true"
                         name="KBMesKitHelperUser"
                         type="User"></Principal>
                        <Principal
                         isPermitted="true"
                         name="KBUserGroup"
                         type="Group"></Principal>
                    </PropertyRead>
                    <PropertyWrite>
                        <Principal
                         isPermitted="true"
                         name="KBIEAdminUserGroup"
                         type="Group"></Principal>
                        <Principal
                         isPermitted="true"
                         name="KBLocalAdministrators"
                         type="Group"></Principal>
                        <Principal
                         isPermitted="true"
                         name="KBUserGroup"
                         type="Group"></Principal>
                    </PropertyWrite>
                    <ServiceInvoke>
                        <Principal
                         isPermitted="true"
                         name="KBIEAdminUserGroup"
                         type="Group"></Principal>
                        <Principal
                         isPermitted="true"
                         name="KBLocalAdministrators"
                         type="Group"></Principal>
                        <Principal
                         isPermitted="true"
                         name="KBMachineOperatorUserGroup"
                         type="Group"></Principal>
                        <Principal
                         isPermitted="true"
                         name="KBMesKitHelperUser"
                         type="User"></Principal>
                        <Principal
                         isPermitted="true"
                         name="KBUserGroup"
                         type="Group"></Principal>
                    </ServiceInvoke>
                    <EventInvoke></EventInvoke>
                    <EventSubscribe></EventSubscribe>
                </Permissions>
            </RunTimePermissions>
            <VisibilityPermissions>
                <Visibility>
                    <Principal
                     isPermitted="true"
                     name="KBBackGroundWorker"
                     type="Organization"></Principal>
                    <Principal
                     isPermitted="true"
                     name="KBOrganization"
                     type="Organization"></Principal>
                </Visibility>
            </VisibilityPermissions>
            <ConfigurationTableDefinitions></ConfigurationTableDefinitions>
            <ConfigurationTables></ConfigurationTables>
            <PropertyBindings></PropertyBindings>
            <RemotePropertyBindings></RemotePropertyBindings>
            <RemoteServiceBindings></RemoteServiceBindings>
            <RemoteEventBindings></RemoteEventBindings>
            <AlertConfigurations>
                <AlertDefinitions
                 name="isNokPartAutomatic"></AlertDefinitions>
                <AlertDefinitions
                 name="isNokPartBtnEnabled"></AlertDefinitions>
                <AlertDefinitions
                 name="isNokPartReasonAutomatic"></AlertDefinitions>
                <AlertDefinitions
                 name="isNokProvidedBeforeRework"></AlertDefinitions>
                <AlertDefinitions
                 name="isOkPartAutomatic"></AlertDefinitions>
                <AlertDefinitions
                 name="isOkPartBtnEnabled"></AlertDefinitions>
                <AlertDefinitions
                 name="isOkProvidedAfterRework"></AlertDefinitions>
                <AlertDefinitions
                 name="isProcessEfficiencyBtnEnabled"></AlertDefinitions>
                <AlertDefinitions
                 name="isRetestBtnEnabled"></AlertDefinitions>
                <AlertDefinitions
                 name="isRevisionBtnEnabled"></AlertDefinitions>
                <AlertDefinitions
                 name="isReworkBtnEnabled"></AlertDefinitions>
                <AlertDefinitions
                 name="isReworkEventAutomatic"></AlertDefinitions>
            </AlertConfigurations>
            <InstanceRunTimePermissions>
                <Permissions
                 resourceName="*">
                    <PropertyRead>
                        <Principal
                         isPermitted="true"
                         name="KBIEAdminUserGroup"
                         type="Group"></Principal>
                        <Principal
                         isPermitted="true"
                         name="KBLocalAdministrators"
                         type="Group"></Principal>
                        <Principal
                         isPermitted="true"
                         name="KBMachineOperatorUserGroup"
                         type="Group"></Principal>
                        <Principal
                         isPermitted="true"
                         name="KBMesKitHelperUser"
                         type="User"></Principal>
                        <Principal
                         isPermitted="true"
                         name="KBUserGroup"
                         type="Group"></Principal>
                    </PropertyRead>
                    <PropertyWrite>
                        <Principal
                         isPermitted="true"
                         name="KBIEAdminUserGroup"
                         type="Group"></Principal>
                        <Principal
                         isPermitted="true"
                         name="KBLocalAdministrators"
                         type="Group"></Principal>
                        <Principal
                         isPermitted="true"
                         name="KBUserGroup"
                         type="Group"></Principal>
                    </PropertyWrite>
                    <ServiceInvoke>
                        <Principal
                         isPermitted="true"
                         name="KBIEAdminUserGroup"
                         type="Group"></Principal>
                        <Principal
                         isPermitted="true"
                         name="KBLocalAdministrators"
                         type="Group"></Principal>
                        <Principal
                         isPermitted="true"
                         name="KBMachineOperatorUserGroup"
                         type="Group"></Principal>
                        <Principal
                         isPermitted="true"
                         name="KBMesKitHelperUser"
                         type="User"></Principal>
                        <Principal
                         isPermitted="true"
                         name="KBUserGroup"
                         type="Group"></Principal>
                    </ServiceInvoke>
                    <EventInvoke></EventInvoke>
                    <EventSubscribe></EventSubscribe>
                </Permissions>
            </InstanceRunTimePermissions>
        </ThingShape>
    </ThingShapes>
</Entities>
