<?xml version="1.0" encoding="UTF-8"?>
<Entities
 majorVersion="9"
 minorVersion="3"
 universal="password">
    <ThingShapes>
        <ThingShape
         aspect.isExtension="true"
         className=""
         description=""
         documentationContent=""
         homeMashup=""
         name="KBLocalSmartKPIShape"
         projectName="KBsmartKPI"
         tags="KBThingWorxInstallationVocabulary:ExtensionSmartKPI">
            <PropertyDefinitions>
                <PropertyDefinition
                 aspect.cacheTime="0.0"
                 aspect.dataChangeType="VALUE"
                 aspect.defaultValue="false"
                 aspect.isLogged="false"
                 aspect.isPersistent="true"
                 aspect.isReadOnly="false"
                 baseType="BOOLEAN"
                 category=""
                 description=""
                 isLocalOnly="false"
                 name="CanPushRateOfQualityData"
                 ordinal="7"></PropertyDefinition>
                <PropertyDefinition
                 aspect.cacheTime="0.0"
                 aspect.dataChangeType="VALUE"
                 aspect.defaultValue="false"
                 aspect.isLogged="false"
                 aspect.isPersistent="true"
                 aspect.isReadOnly="false"
                 baseType="BOOLEAN"
                 category=""
                 description=""
                 isLocalOnly="false"
                 name="HasOEE2Values"
                 ordinal="5"></PropertyDefinition>
                <PropertyDefinition
                 aspect.cacheTime="0.0"
                 aspect.dataChangeType="VALUE"
                 aspect.defaultValue="false"
                 aspect.isLogged="false"
                 aspect.isPersistent="true"
                 aspect.isReadOnly="false"
                 baseType="BOOLEAN"
                 category=""
                 description=""
                 isLocalOnly="false"
                 name="HasRateOfQualityValues"
                 ordinal="4"></PropertyDefinition>
                <PropertyDefinition
                 aspect.cacheTime="0.0"
                 aspect.dataChangeType="VALUE"
                 aspect.defaultValue="false"
                 aspect.isLogged="false"
                 aspect.isPersistent="true"
                 aspect.isReadOnly="false"
                 baseType="BOOLEAN"
                 category=""
                 description=""
                 isLocalOnly="false"
                 name="HasUtilizationValues"
                 ordinal="6"></PropertyDefinition>
                <PropertyDefinition
                 aspect.cacheTime="0.0"
                 aspect.dataChangeType="VALUE"
                 baseType="BOOLEAN"
                 category=""
                 description=""
                 isLocalOnly="false"
                 name="isProcessRQDataRecording"
                 ordinal="8"></PropertyDefinition>
                <PropertyDefinition
                 aspect.cacheTime="0.0"
                 aspect.dataChangeType="VALUE"
                 aspect.defaultValue="false"
                 aspect.isLogged="false"
                 aspect.isPersistent="true"
                 aspect.isReadOnly="false"
                 baseType="BOOLEAN"
                 category=""
                 description=""
                 isLocalOnly="false"
                 name="IsSmartKpiAreaLevel"
                 ordinal="2"></PropertyDefinition>
                <PropertyDefinition
                 aspect.cacheTime="0.0"
                 aspect.dataChangeType="VALUE"
                 aspect.defaultValue="false"
                 aspect.isLogged="false"
                 aspect.isPersistent="true"
                 aspect.isReadOnly="false"
                 baseType="BOOLEAN"
                 category=""
                 description=""
                 isLocalOnly="false"
                 name="IsSmartKpiMachineLevel"
                 ordinal="3"></PropertyDefinition>
                <PropertyDefinition
                 aspect.cacheTime="0.0"
                 aspect.dataChangeType="VALUE"
                 aspect.defaultValue="false"
                 aspect.isLogged="false"
                 aspect.isPersistent="true"
                 aspect.isReadOnly="false"
                 baseType="BOOLEAN"
                 category=""
                 description=""
                 isLocalOnly="false"
                 name="IsSmartKpiPlantLevel"
                 ordinal="1"></PropertyDefinition>
                <PropertyDefinition
                 aspect.cacheTime="0.0"
                 aspect.dataChangeType="VALUE"
                 aspect.defaultValue="true"
                 aspect.isLogged="false"
                 aspect.isPersistent="true"
                 aspect.isReadOnly="false"
                 baseType="BOOLEAN"
                 category=""
                 description=""
                 isLocalOnly="false"
                 name="IsStationAndonVisible"
                 ordinal="3"></PropertyDefinition>
                <PropertyDefinition
                 aspect.cacheTime="0.0"
                 aspect.dataChangeType="VALUE"
                 aspect.isPersistent="true"
                 baseType="DATETIME"
                 category=""
                 description=""
                 isLocalOnly="false"
                 name="RQLastUpdateTime"
                 ordinal="9"></PropertyDefinition>
                <PropertyDefinition
                 aspect.cacheTime="0.0"
                 aspect.dataChangeType="VALUE"
                 aspect.dataShape="KBRateOfQualityTableProcessColumnsDataShape"
                 aspect.isPersistent="true"
                 baseType="INFOTABLE"
                 category=""
                 description=""
                 isLocalOnly="false"
                 name="RQTableProcessColumnsInfotable"
                 ordinal="10"></PropertyDefinition>
            </PropertyDefinitions>
            <ServiceDefinitions>
                <ServiceDefinition
                 aspect.isAsync="false"
                 category="RQ"
                 description="Adds a new dataset to data storage"
                 isAllowOverride="false"
                 isLocalOnly="false"
                 isOpen="false"
                 isPrivate="false"
                 name="AddQualityResults">
                    <ResultType
                     baseType="BOOLEAN"
                     description="Returns true if data can be stored successfully"
                     name="result"
                     ordinal="0"></ResultType>
                    <ParameterDefinitions>
                        <FieldDefinition
                         baseType="STRING"
                         description=""
                         name="DatabaseConnection"
                         ordinal="8"></FieldDefinition>
                        <FieldDefinition
                         baseType="DATETIME"
                         description="Date and Time when Testresult was created"
                         name="DateTime"
                         ordinal="1"></FieldDefinition>
                        <FieldDefinition
                         baseType="BOOLEAN"
                         description=""
                         name="isPartOK"
                         ordinal="2"></FieldDefinition>
                        <FieldDefinition
                         aspect.defaultValue="1"
                         baseType="INTEGER"
                         description=""
                         name="NumberOfParts"
                         ordinal="7"></FieldDefinition>
                        <FieldDefinition
                         baseType="STRING"
                         description=""
                         name="OrderNumber"
                         ordinal="5"></FieldDefinition>
                        <FieldDefinition
                         baseType="STRING"
                         description=""
                         name="PartNumber"
                         ordinal="3"></FieldDefinition>
                        <FieldDefinition
                         baseType="STRING"
                         description=""
                         name="ScrapReason"
                         ordinal="6"></FieldDefinition>
                        <FieldDefinition
                         baseType="STRING"
                         description=""
                         name="SerialNumber"
                         ordinal="4"></FieldDefinition>
                    </ParameterDefinitions>
                </ServiceDefinition>
                <ServiceDefinition
                     aspect.isAsync="false"
                     category="RQ"
                     description="Adds a new dataset to data storage"
                     isAllowOverride="false"
                     isLocalOnly="false"
                     isOpen="false"
                     isPrivate="false"
                     name="AddQualityResultsForMachine">
                        <ResultType
                         baseType="BOOLEAN"
                         description="Returns true if data can be stored successfully"
                         name="result"
                         ordinal="0"></ResultType>
                        <ParameterDefinitions>                            
                            <FieldDefinition
                             baseType="BOOLEAN"
                             description=""
                             name="confirmToSAP"
                             ordinal="12"></FieldDefinition>
                            <FieldDefinition
                             baseType="STRING"
                             description=""
                             name="DatabaseConnection"
                             ordinal="8"></FieldDefinition>
                            <FieldDefinition
                             baseType="DATETIME"
                             description="Date and Time when Testresult was created"
                             name="DateTime"
                             ordinal="1"></FieldDefinition>
                            <FieldDefinition
                             baseType="BOOLEAN"
                             description=""
                             name="isPartOK"
                             ordinal="2"></FieldDefinition>
                            <FieldDefinition
                             baseType="STRING"
                             description=""
                             name="MachineThingName"
                             ordinal="9"></FieldDefinition>
                            <FieldDefinition
                             aspect.defaultValue="1"
                             baseType="INTEGER"
                             description=""
                             name="NumberOfParts"
                             ordinal="7"></FieldDefinition>
                            <FieldDefinition
                             baseType="STRING"
                             description=""
                             name="OrderNumber"
                             ordinal="5"></FieldDefinition>
                            <FieldDefinition
                             baseType="STRING"
                             description=""
                             name="PartNumber"
                             ordinal="3"></FieldDefinition>                            
                            <FieldDefinition
                             aspect.defaultValue="NN"
                             baseType="STRING"
                             description=""
                             name="SAPOperationNumber"
                             ordinal="11"></FieldDefinition>
							<FieldDefinition
							 aspect.defaultValue=""
							 baseType="STRING"
							 description="additional property required for auto SAP confirmation"
							 name="GroupID"
							 ordinal="13"></FieldDefinition>
                            <FieldDefinition
                             baseType="STRING"
                             description=""
                             name="ScrapReason"
                             ordinal="6"></FieldDefinition>
                            <FieldDefinition
                             baseType="STRING"
                             description=""
                             name="SerialNumber"
                             ordinal="4"></FieldDefinition>
                            <FieldDefinition
                             aspect.defaultValue="default"
                             baseType="STRING"
                             description=""
                             name="StationThingName"
                             ordinal="10"></FieldDefinition>
                        </ParameterDefinitions>
                    </ServiceDefinition>
                <ServiceDefinition
                 aspect.isAsync="true"
                 category=""
                 description=""
                 isAllowOverride="true"
                 isLocalOnly="false"
                 isOpen="false"
                 isPrivate="false"
                 name="GetAndAddQualityResultsFromDataSource">
                    <ResultType
                     baseType="NOTHING"
                     description=""
                     name="result"
                     ordinal="0"></ResultType>
                    <ParameterDefinitions>
                        <FieldDefinition
                         baseType="STRING"
                         description=""
                         name="DatabaseConnection"
                         ordinal="1"></FieldDefinition>
                    </ParameterDefinitions>
                </ServiceDefinition>
                <ServiceDefinition
                 aspect.isAsync="true"
                 category=""
                 description=""
                 isAllowOverride="true"
                 isLocalOnly="false"
                 isOpen="false"
                 isPrivate="false"
                 name="GetAndAddRQProccessData">
                    <ResultType
                     baseType="NOTHING"
                     description=""
                     name="result"
                     ordinal="0"></ResultType>
                    <ParameterDefinitions>
                        <FieldDefinition
                         baseType="STRING"
                         description=""
                         name="IdValue"
                         ordinal="1"></FieldDefinition>
                    </ParameterDefinitions>
                </ServiceDefinition>
                <ServiceDefinition
                 aspect.isAsync="false"
                 category=""
                 description=""
                 isAllowOverride="false"
                 isLocalOnly="false"
                 isOpen="false"
                 isPrivate="false"
                 name="GetQualityResultDataSourcePointer">
                    <ResultType
                     baseType="LONG"
                     description=""
                     name="result"
                     ordinal="0"></ResultType>
                    <ParameterDefinitions>
                        <FieldDefinition
                         baseType="STRING"
                         description=""
                         name="DatabaseConnection"
                         ordinal="1"></FieldDefinition>
                    </ParameterDefinitions>
                </ServiceDefinition>
                <ServiceDefinition
                 aspect.isAsync="false"
                 category=""
                 description=""
                 isAllowOverride="false"
                 isLocalOnly="false"
                 isOpen="false"
                 isPrivate="false"
                 name="SetCurrentOrderAndPartNumber">
                    <ResultType
                     baseType="NOTHING"
                     description=""
                     name="result"
                     ordinal="0"></ResultType>
                    <ParameterDefinitions>
                        <FieldDefinition
                         baseType="STRING"
                         description=""
                         name="OrderNumber"
                         ordinal="1"></FieldDefinition>
                        <FieldDefinition
                         baseType="STRING"
                         description=""
                         name="PartNumber"
                         ordinal="2"></FieldDefinition>
                    </ParameterDefinitions>
                </ServiceDefinition>
                <ServiceDefinition
                 aspect.isAsync="false"
                 category=""
                 description=""
                 isAllowOverride="false"
                 isLocalOnly="false"
                 isOpen="false"
                 isPrivate="false"
                 name="SetQualityResultDataSourcePointer">
                    <ResultType
                     baseType="NOTHING"
                     description=""
                     name="result"
                     ordinal="0"></ResultType>
                    <ParameterDefinitions>
                        <FieldDefinition
                         baseType="STRING"
                         description=""
                         name="DatabaseConnection"
                         ordinal="1"></FieldDefinition>
                        <FieldDefinition
                         baseType="LONG"
                         description=""
                         name="LastIdTransferred"
                         ordinal="2"></FieldDefinition>
                    </ParameterDefinitions>
                </ServiceDefinition>
            </ServiceDefinitions>
            <EventDefinitions></EventDefinitions>
            <ServiceMappings></ServiceMappings>
            <ServiceImplementations>
                <ServiceImplementation
                 description=""
                 handlerName="Script"
                 name="AddQualityResults">
                    <ConfigurationTables>
                        <ConfigurationTable
                         dataShapeName=""
                         description="Script"
                         isMultiRow="false"
                         name="Script"
                         ordinal="0">
                            <DataShape>
                                <FieldDefinitions>
                                    <FieldDefinition
                                     baseType="STRING"
                                     description="code"
                                     name="code"
                                     ordinal="0"></FieldDefinition>
                                </FieldDefinitions>
                            </DataShape>
                            <Rows>
                                <Row>
                                    <code>
                                    <![CDATA[
                                    var params = {
                                    	isPartOK: isPartOK /* BOOLEAN */,
                                    	MachineThingName: me.name /* STRING */,
                                    	PartNumber: PartNumber /* STRING */,
                                    	SerialNumber: SerialNumber /* STRING */,
                                    	ScrapReason: ScrapReason /* STRING */,
                                    	OrderNumber: OrderNumber /* STRING */,
                                    	DatabaseConnection: DatabaseConnection /* STRING */,
                                    	DateTime: DateTime /* DATETIME */,
                                    	NumberOfParts: NumberOfParts /* INTEGER */
                                    };
                                    
                                    // result: BOOLEAN
                                    var result = me.AddQualityResultsForMachine(params);
                                    ]]>
                                    </code>
                                </Row>
                            </Rows>
                        </ConfigurationTable>
                    </ConfigurationTables>
                </ServiceImplementation>
                <ServiceImplementation
                     description=""
                     handlerName="Script"
                     name="AddQualityResultsForMachine">
                        <ConfigurationTables>
                            <ConfigurationTable
                             dataShapeName=""
                             description="Script"
                             isMultiRow="false"
                             name="Script"
                             ordinal="0">
                                <DataShape>
                                    <FieldDefinitions>
                                        <FieldDefinition
                                         baseType="STRING"
                                         description="code"
                                         name="code"
                                         ordinal="0"></FieldDefinition>
                                    </FieldDefinitions>
                                </DataShape>
                                <Rows>
                                    <Row>
                                        <code>
                                        <![CDATA[
                                        logger.debug("KBLocalSmartKPIShape/AddQualityResults: Entering Service");
                                        
                                        if (isPartOK == null) {
                                            isPartOK = false;
                                        }
                                        
                                        //DateTime.setMilliseconds(0);
                                        
                                        logger.debug("KBLocalSmartKPIShape/addQualityResults: Entering Service isPartOK:         "+isPartOK);
                                        logger.debug("KBLocalSmartKPIShape/addQualityResults: Entering Service PartNumber:       "+PartNumber);
                                        logger.debug("KBLocalSmartKPIShape/addQualityResults: Entering Service SerialNumber:     "+SerialNumber);
                                        logger.debug("KBLocalSmartKPIShape/addQualityResults: Entering Service OrderNumber:      "+OrderNumber);
                                        logger.debug("KBLocalSmartKPIShape/addQualityResults: Entering Service DateTime:         "+DateTime);
                                        logger.debug("KBLocalSmartKPIShape/addQualityResults: Entering Service NumberOfParts:    "+NumberOfParts);
                                        logger.debug("KBLocalSmartKPIShape/addQualityResults: Entering Service MachineThingName: "+MachineThingName);
                                        logger.debug("KBLocalSmartKPIShape/addQualityResults: Entering Service StationThingName: "+StationThingName);
                                        logger.debug("KBLocalSmartKPIShape/addQualityResults: Entering Service SAPOperationNumber: "+SAPOperationNumber);
                                        logger.debug("KBLocalSmartKPIShape/addQualityResults: Entering Service confirmToSAP: "+confirmToSAP);
										logger.debug("KBLocalSmartKPIShape/addQualityResults: Entering Service confirmToSAP: "+GroupID);
                                        
                                        
                                        
                                        
                                        var params = {
                                        	isPartOK: isPartOK /* BOOLEAN */,
                                        	PartNumber: PartNumber /* STRING */,
                                        	SerialNumber: SerialNumber /* STRING */,
                                        	OrderNumber: OrderNumber /* STRING */,
                                        	DateTime: DateTime /* DATETIME */,
                                        	Machine: MachineThingName /* STRING */,
                                        	Station: StationThingName /* STRING */,
                                        	ScrapReason: ScrapReason /* STRING */,
                                        	NumberOfParts: NumberOfParts,
                                        	SAPOperationNumber: SAPOperationNumber,
                                            confirmToSAP: confirmToSAP,
											GroupID: GroupID
                                        };
                                        
                                        // result: NUMBER
                                        Things[DatabaseConnection].AddQualityResultToDataTable(params);
                                        
                                        var result = true;
                                        
                                        logger.debug("KBLocalSmartKPIShape/AddQualityResults: Exiting Service");
                                        ]]>
                                        </code>
                                    </Row>
                                </Rows>
                            </ConfigurationTable>
                        </ConfigurationTables>
                    </ServiceImplementation>
                <ServiceImplementation
                 description=""
                 handlerName="Script"
                 name="GetAndAddQualityResultsFromDataSource">
                    <ConfigurationTables>
                        <ConfigurationTable
                         dataShapeName=""
                         description="Script"
                         isMultiRow="false"
                         name="Script"
                         ordinal="0">
                            <DataShape>
                                <FieldDefinitions>
                                    <FieldDefinition
                                     baseType="STRING"
                                     description="code"
                                     name="code"
                                     ordinal="0"></FieldDefinition>
                                </FieldDefinitions>
                            </DataShape>
                            <Rows>
                                <Row>
                                    <code></code>
                                </Row>
                            </Rows>
                        </ConfigurationTable>
                    </ConfigurationTables>
                </ServiceImplementation>
                <ServiceImplementation
                 description=""
                 handlerName="Script"
                 name="GetAndAddRQProccessData">
                    <ConfigurationTables>
                        <ConfigurationTable
                         dataShapeName=""
                         description="Script"
                         isMultiRow="false"
                         name="Script"
                         ordinal="0">
                            <DataShape>
                                <FieldDefinitions>
                                    <FieldDefinition
                                     baseType="STRING"
                                     description="code"
                                     name="code"
                                     ordinal="0"></FieldDefinition>
                                </FieldDefinitions>
                            </DataShape>
                            <Rows>
                                <Row>
                                    <code></code>
                                </Row>
                            </Rows>
                        </ConfigurationTable>
                    </ConfigurationTables>
                </ServiceImplementation>
                <ServiceImplementation
                 description=""
                 handlerName="Script"
                 name="GetQualityResultDataSourcePointer">
                    <ConfigurationTables>
                        <ConfigurationTable
                         dataShapeName=""
                         description="Script"
                         isMultiRow="false"
                         name="Script"
                         ordinal="0">
                            <DataShape>
                                <FieldDefinitions>
                                    <FieldDefinition
                                     baseType="STRING"
                                     description="code"
                                     name="code"
                                     ordinal="0"></FieldDefinition>
                                </FieldDefinitions>
                            </DataShape>
                            <Rows>
                                <Row>
                                    <code>
                                    <![CDATA[
                                    logger.debug("Entering Service: KBLocalSmartKPIShape/GetQualityResultDataSourcePointer");
                                    
                                    var values = Things["KBRateOfQualityImportIdPointerDataTable"].CreateValues();
                                    
                                    values.KBMachineThing = me.name;
                                    values.DatabaseConnection = DatabaseConnection;
                                    //THINGNAME [Primary Key]
                                    
                                    var params = {
                                        maxItems: undefined /* NUMBER */,
                                        values: values /* INFOTABLE*/,
                                        query: undefined /* QUERY */,
                                        source: undefined /* STRING */,
                                        tags: undefined /* TAGS */
                                    };
                                    
                                    // result: INFOTABLE
                                    var importPointer = Things["KBRateOfQualityImportIdPointerDataTable"].QueryDataTableEntries(params);
                                    
                                    var lastIdTransferred = 0;
                                    
                                    
                                    if (importPointer != null && importPointer.getRowCount() > 0) {
                                        lastIdTransferred = importPointer.getRow(0).LastIdTransferred;
                                    }
                                    else {
                                    
                                        var params = {
                                            LastIdTransferred: 0 /* LONG */
                                        };
                                    
                                        me.SetQualityResultDataSourcePointer(params);
                                    
                                    
                                    }
                                    
                                    var result = lastIdTransferred;
                                    
                                    logger.debug("Exiting Service: KBLocalSmartKPIShape/GetQualityResultDataSourcePointer");
                                    ]]>
                                    </code>
                                </Row>
                            </Rows>
                        </ConfigurationTable>
                    </ConfigurationTables>
                </ServiceImplementation>
                <ServiceImplementation
                 description=""
                 handlerName="Script"
                 name="SetCurrentOrderAndPartNumber">
                    <ConfigurationTables>
                        <ConfigurationTable
                         dataShapeName=""
                         description=""
                         isMultiRow="false"
                         name="Script"
                         ordinal="0">
                            <DataShape>
                                <FieldDefinitions>
                                    <FieldDefinition
                                     baseType="STRING"
                                     description="code"
                                     name="code"
                                     ordinal="0"></FieldDefinition>
                                </FieldDefinitions>
                            </DataShape>
                            <Rows>
                                <Row>
                                    <code>
                                    <![CDATA[
                                    try{
                                    											var KBLocalStationThingsInfotableLength=0;
                                    											try{
                                    												var KBLocalStationThingsInfotable=me.KBLocalStationThings;
                                    												}catch(err1){
                                    													KBLocalStationThingsInfotableLength=0;
                                    													me.CurrentOrderNumber=OrderNumber;
                                    													me.CurrentPartNumber=PartNumber;
                                    												}
                                        
                                    											try{
                                    												KBLocalStationThingsInfotableLength=KBLocalStationThingsInfotable.rows.length;
                                    											}catch(err){}
                                    											if(KBLocalStationThingsInfotableLength>0){
                                    											  for(x=0;x<KBLocalStationThingsInfotableLength;x++){
                                    												Things[KBLocalStationThingsInfotable.rows[x].KBLocalStationThing].CurrentOrderNumber=OrderNumber;
                                    												Things[KBLocalStationThingsInfotable.rows[x].KBLocalStationThing].CurrentPartNumber=PartNumber;
                                    											  }
                                    											}
                                        }catch(err){
                                            	logger.error("SetCurrentOrderAndPartNumber Error: " + err+ " on thing: " + me.name + " at: " + err.lineNumber);
                                        }
                                    ]]>
                                    </code>
                                </Row>
                            </Rows>
                        </ConfigurationTable>
                    </ConfigurationTables>
                </ServiceImplementation>
                <ServiceImplementation
                 description=""
                 handlerName="Script"
                 name="SetQualityResultDataSourcePointer">
                    <ConfigurationTables>
                        <ConfigurationTable
                         dataShapeName=""
                         description="Script"
                         isMultiRow="false"
                         name="Script"
                         ordinal="0">
                            <DataShape>
                                <FieldDefinitions>
                                    <FieldDefinition
                                     baseType="STRING"
                                     description="code"
                                     name="code"
                                     ordinal="0"></FieldDefinition>
                                </FieldDefinitions>
                            </DataShape>
                            <Rows>
                                <Row>
                                    <code>
                                    <![CDATA[
                                    var values = Things["KBRateOfQualityImportIdPointerDataTable"].CreateValues();
                                    
                                    values.KBMachineThing = me.name; //STRING [Primary Key]
                                    values.LastIdTransferred = LastIdTransferred; //LONG
                                    values.DatabaseConnection = DatabaseConnection;
                                    
                                    var params = {
                                    	sourceType: undefined /* STRING */,
                                    	values: values /* INFOTABLE*/,
                                    	location: undefined /* LOCATION */,
                                    	source: undefined /* STRING */,
                                    	tags: undefined /* TAGS */
                                    };
                                    
                                    // result: STRING
                                    var id = Things["KBRateOfQualityImportIdPointerDataTable"].AddOrUpdateDataTableEntry(params);
                                    ]]>
                                    </code>
                                </Row>
                            </Rows>
                        </ConfigurationTable>
                    </ConfigurationTables>
                </ServiceImplementation>
            </ServiceImplementations>
            <Subscriptions></Subscriptions>
            <avatar></avatar>
            <DesignTimePermissions>
                <Create></Create>
                <Read></Read>
                <Update></Update>
                <Delete></Delete>
                <Metadata></Metadata>
            </DesignTimePermissions>
            <RunTimePermissions>
                <Permissions
                 resourceName="*">
                    <PropertyRead>
                        <Principal
                         isPermitted="true"
                         name="KBUserGroup"
                         type="Group"></Principal>
                    </PropertyRead>
                    <PropertyWrite></PropertyWrite>
                    <ServiceInvoke>
                        <Principal
                         isPermitted="true"
                         name="KBUserGroup"
                         type="Group"></Principal>
                    </ServiceInvoke>
                    <EventInvoke></EventInvoke>
                    <EventSubscribe></EventSubscribe>
                </Permissions>
                <Permissions
                 resourceName="SetCurrentOrderAndPartNumber">
                    <PropertyRead></PropertyRead>
                    <PropertyWrite></PropertyWrite>
                    <ServiceInvoke>
                        <Principal
                         isPermitted="true"
                         name="KBMesKitHelperUser"
                         type="User"></Principal>
                        <Principal
                         isPermitted="true"
                         name="KBUserGroup"
                         type="Group"></Principal>
                    </ServiceInvoke>
                    <EventInvoke></EventInvoke>
                    <EventSubscribe></EventSubscribe>
                </Permissions>
            </RunTimePermissions>
            <VisibilityPermissions>
                <Visibility>
                    <Principal
                     isPermitted="true"
                     name="KBOrganization"
                     type="Organization"></Principal>
                </Visibility>
            </VisibilityPermissions>
            <ConfigurationTableDefinitions></ConfigurationTableDefinitions>
            <ConfigurationTables></ConfigurationTables>
            <PropertyBindings></PropertyBindings>
            <RemotePropertyBindings></RemotePropertyBindings>
            <RemoteServiceBindings></RemoteServiceBindings>
            <RemoteEventBindings></RemoteEventBindings>
            <AlertConfigurations>
                <AlertDefinitions
                 name="HasOEE2Values"></AlertDefinitions>
                <AlertDefinitions
                 name="HasRateOfQualityValues"></AlertDefinitions>
                <AlertDefinitions
                 name="HasUtilizationValues"></AlertDefinitions>
                <AlertDefinitions
                 name="IsSmartKpiAreaLevel"></AlertDefinitions>
                <AlertDefinitions
                 name="IsSmartKpiMachineLevel"></AlertDefinitions>
                <AlertDefinitions
                 name="IsSmartKpiPlantLevel"></AlertDefinitions>
            </AlertConfigurations>
            <InstanceRunTimePermissions>
                <Permissions
                 resourceName="*">
                    <PropertyRead>
                        <Principal
                         isPermitted="true"
                         name="KBMachineOperatorUserGroup"
                         type="Group"></Principal>
                    </PropertyRead>
                    <PropertyWrite>
                        <Principal
                         isPermitted="true"
                         name="KBMachineOperatorUserGroup"
                         type="Group"></Principal>
                    </PropertyWrite>
                    <ServiceInvoke>
                        <Principal
                         isPermitted="true"
                         name="KBMachineOperatorUserGroup"
                         type="Group"></Principal>
                    </ServiceInvoke>
                    <EventInvoke>
                        <Principal
                         isPermitted="true"
                         name="KBMachineOperatorUserGroup"
                         type="Group"></Principal>
                    </EventInvoke>
                    <EventSubscribe>
                        <Principal
                         isPermitted="true"
                         name="KBMachineOperatorUserGroup"
                         type="Group"></Principal>
                    </EventSubscribe>
                </Permissions>
            </InstanceRunTimePermissions>
        </ThingShape>
    </ThingShapes>
</Entities>
