<?xml version="1.0" encoding="UTF-8"?>
<Entities
 majorVersion="9"
 minorVersion="7"
 universal="password">
    <Things>
        <Thing
         description="used for checking every 5 minutes if the defragmentation process is running on the database"
         documentationContent=""
         effectiveThingPackage="TimerThing"
         enabled="true"
         homeMashup=""
         identifier=""
         inheritedValueStream=""
         name="KBHealthCheckTimer"
         projectName="KBsmartKPI"
         published="false"
         tags=""
         thingTemplate="Timer"
         valueStream="">
            <avatar></avatar>
            <DesignTimePermissions>
                <Create></Create>
                <Read></Read>
                <Update></Update>
                <Delete></Delete>
                <Metadata></Metadata>
            </DesignTimePermissions>
            <RunTimePermissions></RunTimePermissions>
            <VisibilityPermissions>
                <Visibility></Visibility>
            </VisibilityPermissions>
            <ConfigurationTableDefinitions></ConfigurationTableDefinitions>
            <ConfigurationTables>
                <ConfigurationTable
                 dataShapeName=""
                 description="General Settings"
                 isHidden="true"
                 isMultiRow="false"
                 name="Settings"
                 ordinal="0">
                    <DataShape>
                        <FieldDefinitions>
                            <FieldDefinition
                             aspect.defaultValue="true"
                             baseType="BOOLEAN"
                             description="Automatically enable timer on startup"
                             name="enabled"
                             ordinal="0"></FieldDefinition>
                            <FieldDefinition
                             baseType="USERNAME"
                             description="User context in which to run event handlers"
                             name="runAsUser"
                             ordinal="0"></FieldDefinition>
                            <FieldDefinition
                             aspect.defaultValue="60000.0"
                             baseType="NUMBER"
                             description="Update rate"
                             name="updateRate"
                             ordinal="0"></FieldDefinition>
                        </FieldDefinitions>
                    </DataShape>
                    <Rows>
                        <Row>
                            <enabled>true</enabled>
                            <runAsUser>
                            <![CDATA[
                            Administrator
                            ]]>
                            </runAsUser>
                            <updateRate>300000.0</updateRate>
                        </Row>
                    </Rows>
                </ConfigurationTable>
            </ConfigurationTables>
            <ThingShape>
                <PropertyDefinitions></PropertyDefinitions>
                <ServiceDefinitions></ServiceDefinitions>
                <EventDefinitions></EventDefinitions>
                <ServiceMappings></ServiceMappings>
                <ServiceImplementations></ServiceImplementations>
                <Subscriptions>
                    <Subscription
                     aspect.isDistributed="false"
                     description="this subcriptions calls the CheckRunningQueriesForKillingDeletion service based on the timer event"
                     enabled="true"
                     name="EventTimer"
                     version="2">
                        <ServiceImplementation
                         description=""
                         handlerName="Script"
                         name="EventTimer">
                            <ConfigurationTables>
                                <ConfigurationTable
                                 dataShapeName=""
                                 description=""
                                 isMultiRow="false"
                                 name="Script"
                                 ordinal="0">
                                    <DataShape>
                                        <FieldDefinitions>
                                            <FieldDefinition
                                             baseType="STRING"
                                             description="code"
                                             name="code"
                                             ordinal="0"></FieldDefinition>
                                        </FieldDefinitions>
                                    </DataShape>
                                    <Rows>
                                        <Row>
                                            <code>
                                            <![CDATA[
                                            //when the timer is enabled this subscription calls the CheckRunningQueriesForKillingDeletion service based on the timer event
                                            try {
                                            Things["KBHealthCheckHelperThing"].CheckRunningQueriesForKillingDeletion();
											} catch (err) {
											logger.error("Error on EventTimer: " + err + " on thing:" + me.name + " at:" + err.lineNumber);
											}
                                            ]]>
                                            </code>
                                        </Row>
                                    </Rows>
                                </ConfigurationTable>
                            </ConfigurationTables>
                        </ServiceImplementation>
                        <Events>
                            <Event
                             alias="Me_Timer"
                             eventName="Timer"
                             source=""
                             sourceProperty=""
                             sourceType="Thing"></Event>
                        </Events>
                    </Subscription>
                    <Subscription
                     aspect.isDistributed="false"
                     description="this subscription checks the conditions to either enable or disable the timer on the start of the timer"
                     enabled="true"
                     name="onStart"
                     version="2">
                        <ServiceImplementation
                         description=""
                         handlerName="Script"
                         name="onStart">
                            <ConfigurationTables>
                                <ConfigurationTable
                                 dataShapeName=""
                                 description=""
                                 isMultiRow="false"
                                 name="Script"
                                 ordinal="0">
                                    <DataShape>
                                        <FieldDefinitions>
                                            <FieldDefinition
                                             baseType="STRING"
                                             description="code"
                                             name="code"
                                             ordinal="0"></FieldDefinition>
                                        </FieldDefinitions>
                                    </DataShape>
                                    <Rows>
                                        <Row>
                                            <code>
                                            <![CDATA[
                                            //on the start of the timer, the code below checks the conditions to either enable or disable the timer
                                            try {
                                            if (Things["KBHealthCheckHelperThing"].DoWeeklyFullCheckOfIndexes == true || Things["KBHealthCheckHelperThing"].UseAutomaticIndexDefragmentation == true){
                                            me.EnableTimer();}
                                            else{
                                            me.DisableTimer();}
											} catch (err) {
											logger.error("Error on onStart: " + err + " on thing:" + me.name + " at:" + err.lineNumber);
											}
                                            ]]>
                                            </code>
                                        </Row>
                                    </Rows>
                                </ConfigurationTable>
                            </ConfigurationTables>
                        </ServiceImplementation>
                        <Events>
                            <Event
                             alias="Me_ThingStart"
                             eventName="ThingStart"
                             source=""
                             sourceProperty=""
                             sourceType="Thing"></Event>
                        </Events>
                    </Subscription>
                    <Subscription
                     aspect.isDistributed="false"
                     description="this subcription calls the CheckDefragmentationProcessIsFinished service based on the timer event"
                     enabled="true"
                     name="Subscription_for_CheckDefragmentationProcessIsFinished"
                     version="2">
                        <ServiceImplementation
                         description=""
                         handlerName="Script"
                         name="Subscription_for_CheckDefragmentationProcessIsFinished">
                            <ConfigurationTables>
                                <ConfigurationTable
                                 dataShapeName=""
                                 description=""
                                 isMultiRow="false"
                                 name="Script"
                                 ordinal="0">
                                    <DataShape>
                                        <FieldDefinitions>
                                            <FieldDefinition
                                             baseType="STRING"
                                             description="code"
                                             name="code"
                                             ordinal="0"></FieldDefinition>
                                        </FieldDefinitions>
                                    </DataShape>
                                    <Rows>
                                        <Row>
                                            <code>
                                            <![CDATA[
                                            //this subscription calls the CheckDefragmentationProcessIsFinished service under the  KBHealthCheckHelperThing thing based on the timer event
                                            try {
                                            Things["KBHealthCheckHelperThing"].CheckDefragmentationProcessIsFinished();
											} catch (err) {
											logger.error("Error on Subscription_for_CheckDefragmentationProcessIsFinished: " + err + " on thing:" + me.name + " at:" + err.lineNumber);
											}
                                            ]]>
                                            </code>
                                        </Row>
                                    </Rows>
                                </ConfigurationTable>
                            </ConfigurationTables>
                        </ServiceImplementation>
                        <Events>
                            <Event
                             alias="Me_Timer"
                             eventName="Timer"
                             source=""
                             sourceProperty=""
                             sourceType="Thing"></Event>
                        </Events>
                    </Subscription>
                    <Subscription
                     aspect.isDistributed="false"
                     description="his subcription calls the SetIsIndexDefragmentationRunningto0 service based on the timer event"
                     enabled="true"
                     name="Subscription_for_SetIsIndexDefragmentationRunningto0"
                     version="2">
                        <ServiceImplementation
                         description=""
                         handlerName="Script"
                         name="Subscription_for_SetIsIndexDefragmentationRunningto0">
                            <ConfigurationTables>
                                <ConfigurationTable
                                 dataShapeName=""
                                 description=""
                                 isMultiRow="false"
                                 name="Script"
                                 ordinal="0">
                                    <DataShape>
                                        <FieldDefinitions>
                                            <FieldDefinition
                                             baseType="STRING"
                                             description="code"
                                             name="code"
                                             ordinal="0"></FieldDefinition>
                                        </FieldDefinitions>
                                    </DataShape>
                                    <Rows>
                                        <Row>
                                            <code>
                                            <![CDATA[
                                            //this subscription calls the SetIsIndexDefragmentationRunningto0 service under the  KBHealthCheckHelperThing thing based on the timer event
                                            try {
                                            Things["KBHealthCheckHelperThing"].SetIsIndexDefragmentationRunningto0();
											} catch (err) {
											logger.error("Error on Subscription_for_SetIsIndexDefragmentationRunningto0: " + err + " on thing:" + me.name + " at:" + err.lineNumber);
											}
                                            ]]>
                                            </code>
                                        </Row>
                                    </Rows>
                                </ConfigurationTable>
                            </ConfigurationTables>
                        </ServiceImplementation>
                        <Events>
                            <Event
                             alias="Me_Timer"
                             eventName="Timer"
                             source=""
                             sourceProperty=""
                             sourceType="Thing"></Event>
                        </Events>
                    </Subscription>
                </Subscriptions>
            </ThingShape>
            <PropertyBindings></PropertyBindings>
            <RemotePropertyBindings></RemotePropertyBindings>
            <RemoteServiceBindings></RemoteServiceBindings>
            <RemoteEventBindings></RemoteEventBindings>
            <AlertConfigurations></AlertConfigurations>
            <ImplementedShapes></ImplementedShapes>
            <ThingProperties></ThingProperties>
        </Thing>
    </Things>
</Entities>
