<?xml version="1.0" encoding="UTF-8"?>
<Entities build="b2319" majorVersion="8" minorVersion="4"
	modelPersistenceProviderPackage="MssqlPersistenceProviderPackage"
	revision="4" schemaVersion="1041" universal="password">
	<ThingTemplates>
		<ThingTemplate aspect.isExtension="true"
			baseThingTemplate="RemoteThing" description=""
			documentationContent="" effectiveThingPackage="RemoteThing"
			homeMashup="" lastModifiedDate="2020-07-27T09:52:44.021+02:00"
			name="KBLocalCountryThingTemplate" projectName="KBsmartKPI"
			tags="KBThingWorxInstallationVocabulary:ExtensionSmartKPI"
			thingPackage="" valueStream="">
			<avatar></avatar>
			<DesignTimePermissions>
				<Create></Create>
				<Read></Read>
				<Update></Update>
				<Delete></Delete>
				<Metadata></Metadata>
			</DesignTimePermissions>
			<RunTimePermissions>
				<Permissions resourceName="*">
					<PropertyRead>
						<Principal isPermitted="true"
							name="KBLocalAdministrators" type="Group"></Principal>
						<Principal isPermitted="true" name="KBUserGroup"
							type="Group"></Principal>
					</PropertyRead>
					<PropertyWrite>
						<Principal isPermitted="true"
							name="KBLocalAdministrators" type="Group"></Principal>
						<Principal isPermitted="true" name="KBUserGroup"
							type="Group"></Principal>
					</PropertyWrite>
					<ServiceInvoke>
						<Principal isPermitted="true"
							name="KBLocalAdministrators" type="Group"></Principal>
						<Principal isPermitted="true" name="KBUserGroup"
							type="Group"></Principal>
					</ServiceInvoke>
					<EventInvoke></EventInvoke>
					<EventSubscribe></EventSubscribe>
				</Permissions>
			</RunTimePermissions>
			<VisibilityPermissions>
				<Visibility>
					<Principal isPermitted="true" name="KBBackGroundWorker"
						type="Organization"></Principal>
					<Principal isPermitted="true" name="KBOrganization"
						type="Organization"></Principal>
					<Principal isPermitted="true"
						name="PTC.Factory.MachineVisibility" type="Organization"></Principal>
				</Visibility>
			</VisibilityPermissions>
			<ConfigurationTableDefinitions></ConfigurationTableDefinitions>
			<ConfigurationTables>
				<ConfigurationTable
					description="Reporting Settings" isMultiRow="false"
					name="ReportingConfiguration" ordinal="0">
					<DataShape>
						<FieldDefinitions>
							<FieldDefinition
								aspect.defaultValue="NotReporting" aspect.isPrimaryKey="true"
								aspect.isReadOnly="false"
								aspect.thingTemplate="ReportingStrategy" baseType="THINGNAME"
								description="Strategy to determine health"
								name="reportingStrategy" ordinal="0"></FieldDefinition>
						</FieldDefinitions>
					</DataShape>
					<Rows>
						<Row>
							<reportingStrategy>
                            <![CDATA[
                            AlwaysOnReporting
                            ]]>
							</reportingStrategy>
						</Row>
					</Rows>
				</ConfigurationTable>
			</ConfigurationTables>
			<PropertyBindings></PropertyBindings>
			<RemotePropertyBindings></RemotePropertyBindings>
			<RemoteServiceBindings></RemoteServiceBindings>
			<RemoteEventBindings></RemoteEventBindings>
			<AlertConfigurations></AlertConfigurations>
			<ThingShape>
				<PropertyDefinitions></PropertyDefinitions>
				<ServiceDefinitions></ServiceDefinitions>
				<EventDefinitions></EventDefinitions>
				<ServiceMappings></ServiceMappings>
				<ServiceImplementations></ServiceImplementations>
				<Subscriptions></Subscriptions>
			</ThingShape>
			<ImplementedShapes>
                <ImplementedShape
                 name="KB_Logical_Root_ThingShape_V1"
                 type="ThingShape"></ImplementedShape>
			</ImplementedShapes>
			<SharedConfigurationTables></SharedConfigurationTables>
			<InstanceDesignTimePermissions>
				<Create></Create>
				<Read></Read>
				<Update></Update>
				<Delete></Delete>
				<Metadata></Metadata>
			</InstanceDesignTimePermissions>
			<InstanceRunTimePermissions></InstanceRunTimePermissions>
			<InstanceVisibilityPermissions>
				<Visibility></Visibility>
			</InstanceVisibilityPermissions>
		</ThingTemplate>
	</ThingTemplates>
</Entities>
