<?xml version="1.0" encoding="UTF-8" standalone="no"?>
<Entities build="b97" majorVersion="8" minorVersion="4"
	modelPersistenceProviderPackage="MssqlPersistenceProviderPackage"
	revision="11" schemaVersion="1044" universal="">
	<Users>
		<User description="" documentationContent="" enabled="true"
			homeMashup="" lastModifiedDate="2021-06-15T15:05:19.817+02:00"
			locked="false" lockedTime="1970-01-01T01:00:00.000+01:00"
			mobileMashup="" name="AtossUploadUser"
			passwordHash="100000:1e65a068efee205126ea445a4d950c0503d06fd3362fbdbf4051f2ce40357c719efe932fadde71b82cf4212a83bec38730232a6084551368d5ed25c73beda9c1:608fe8c3d84eedd4c0694fd4429dc8756ea5725bf5cbb776095c69fd16c5a65486e82be8337f47f6bcc73d91ed945086f3be51af1d3ad98eda2f74db7d93fab3"
			passwordHashAlgorithm="PBKDF2WithHmacSHA512"
			passwordHashIterationCount="100000" passwordHashSaltSizeInBytes="64"
			passwordHashSizeInBytes="64" projectName="KBsmartKPI" scimExternalId=""
			scimId="" tags="">
			<Owner name="adm-flassakm" type="User" />
			<avatar />
			<DesignTimePermissions>
				<Create />
				<Read />
				<Update />
				<Delete />
				<Metadata />
			</DesignTimePermissions>
			<RunTimePermissions />
			<VisibilityPermissions>
				<Visibility />
			</VisibilityPermissions>
			<ConfigurationTableDefinitions />
			<ConfigurationTables>
				<ConfigurationTable description="UserExtensions"
					isMultiRow="true" name="UserExtensions" ordinal="1">
					<DataShape>
						<FieldDefinitions>
							<FieldDefinition baseType="DATETIME"
								description="Last update time" name="lastUpdateTime" ordinal="3" />
							<FieldDefinition aspect.isPrimaryKey="true"
								baseType="STRING" description="Name" name="name" ordinal="1" />
							<FieldDefinition baseType="STRING"
								description="Value" name="value" ordinal="2" />
						</FieldDefinitions>
					</DataShape>
					<Rows>
					</Rows>
				</ConfigurationTable>
				<ConfigurationTable description="Settings"
					isMultiRow="false" name="Settings" ordinal="2">
					<DataShape>
						<FieldDefinitions>
							<FieldDefinition aspect.defaultValue=""
								aspect.isPrimaryKey="true" baseType="STRING"
								description="Primary language" name="language" ordinal="0" />
						</FieldDefinitions>
					</DataShape>
					<Rows>
						<Row>
							<language />
						</Row>
					</Rows>
				</ConfigurationTable>
			</ConfigurationTables>
			<PersistentValues />
		</User>
	</Users>
</Entities>